nch18_gm_Id (ll=2e-07) X,nch18_gm_Id (ll=2e-07) Y,nch18_gm_Id (ll=3e-07) X,nch18_gm_Id (ll=3e-07) Y,nch18_gm_Id (ll=4e-07) X,nch18_gm_Id (ll=4e-07) Y,nch18_gm_Id (ll=5e-07) X,nch18_gm_Id (ll=5e-07) Y,nch18_gm_Id (ll=6e-07) X,nch18_gm_Id (ll=6e-07) Y,nch18_gm_Id (ll=7e-07) X,nch18_gm_Id (ll=7e-07) Y,nch18_gm_Id (ll=8e-07) X,nch18_gm_Id (ll=8e-07) Y,nch18_gm_Id (ll=9e-07) X,nch18_gm_Id (ll=9e-07) Y,nch18_gm_Id (ll=1e-06) X,nch18_gm_Id (ll=1e-06) Y,nch18_gm_Id (ll=1.2e-06) X,nch18_gm_Id (ll=1.2e-06) Y,nch18_gm_Id (ll=1.4e-06) X,nch18_gm_Id (ll=1.4e-06) Y,nch18_gm_Id (ll=1.6e-06) X,nch18_gm_Id (ll=1.6e-06) Y,nch18_gm_Id (ll=1.8e-06) X,nch18_gm_Id (ll=1.8e-06) Y,nch18_gm_Id (ll=2e-06) X,nch18_gm_Id (ll=2e-06) Y,nch18_gm_Id (ll=2.2e-06) X,nch18_gm_Id (ll=2.2e-06) Y,nch18_gm_Id (ll=2.4e-06) X,nch18_gm_Id (ll=2.4e-06) Y
0,28.5784654474752,0,28.37843449339929,0,28.296980232247,0,28.25223502738905,0,28.06561376042433,0,27.93868598220215,0,27.84661670536516,0,27.77668778851147,0,27.72170835925206,0,27.64066166589616,0,27.27092747920799,0,27.00336110573849,0,26.80067444580308,0,26.64177029716938,0,26.51381214152017,0,26.40853985165206
0.01,28.5755427494416,0.01,28.37526476156246,0.01,28.29336660610494,0.01,28.24821909038745,0.01,28.061103945604,0.01,27.93374897448344,0.01,27.8413035518289,0.01,27.77103893070789,0.01,27.71575673286485,0.01,27.63418256779137,0.01,27.26401000425617,0.01,26.9960678257867,0.01,26.79305437262673,0.01,26.63386275587789,0.01,26.50564930667746,0.01,26.40014847301045
0.02,28.57217049833727,0.02,28.37161266516146,0.02,28.28920333760131,0.02,28.24359174831931,0.02,28.05591107973297,0.02,27.92806664641818,0.02,27.83519005436235,0.02,27.76454048644581,0.02,27.7089110121775,0.02,27.62673164689793,0.02,27.25607682546991,0.02,26.98772021870878,0.02,26.784345762344,0.02,26.62483617358274,0.02,26.49634005851195,0.02,26.39058597551275
0.03,28.56468216254636,0.03,28.36740176419008,0.03,28.28440351115901,0.03,28.23825636993946,0.03,28.04992796529653,0.03,27.92152259413313,0.03,27.82815166299234,0.03,27.75706061044167,0.03,27.70103275615917,0.03,27.618158944143,0.03,27.24697478996703,0.03,26.97816202694666,0.03,26.77438943975675,0.03,26.61452867039306,0.03,26.48572002317675,0.03,26.37968568905318
0.04,28.54642882449138,0.04,28.35815088566779,0.04,28.27886613683326,0.04,28.23210072668034,0.04,28.04303028257512,0.04,27.91398196592909,0.04,27.8200442106647,0.04,27.7484467968478,0.04,27.69196192317662,0.04,27.60829126689731,0.04,27.23652765101343,0.04,26.96721391948632,0.04,26.76300311725213,0.04,26.60275518507996,0.04,26.47360156198962,0.04,26.36725758902137
0.05,28.52750117315365,0.05,28.33888915946718,0.05,28.25959207596414,0.05,28.21488065569412,0.05,28.02493350466097,0.05,27.8951307604955,0.05,27.80053084947209,0.05,27.72834374012929,0.05,27.67132784013616,0.05,27.58673350719505,0.05,27.21386133634874,0.05,26.94365557828798,0.05,26.73870445256246,0.05,26.57782814650231,0.05,26.44813199113587,0.05,26.34131326767533
0.06,28.50778775670771,0.06,28.31878727071797,0.06,28.23861941837406,0.06,28.19310169377573,0.06,28.00227358803964,0.06,27.87169000389222,0.06,27.77639168595471,0.06,27.70357444685152,0.06,27.64598571719586,0.06,27.56038517846718,0.06,27.1870073099705,0.06,26.91633432124044,0.06,26.71095645769901,0.06,26.54969156047465,0.06,26.41964135722231,0.06,26.31249938482626
0.07000000000000001,28.48715898653401,0.07000000000000001,28.29770864576817,0.07000000000000001,28.21653264584237,0.07000000000000001,28.17008188818259,0.07000000000000001,27.97823280488125,0.07000000000000001,27.84674662085123,0.07000000000000001,27.75064231500633,0.07000000000000001,27.67709870857008,0.07000000000000001,27.61885021712356,0.07000000000000001,27.53209181650898,0.07000000000000001,27.15815257972189,0.07000000000000001,26.88696059342346,0.07000000000000001,26.68110858520668,0.07000000000000001,26.51941188365263,0.07000000000000001,26.38896825285222,0.07000000000000001,26.28146708613231
0.08,28.46546422389466,0.08,28.27549487518309,0.08,28.19315239761858,0.08,28.14562242840874,0.08,27.95259255878483,0.08,27.82006483595516,0.08,27.72303182077016,0.08,27.64865210490948,0.08,27.58964475832424,0.08,27.50155572126481,0.08,27.12699916778056,0.08,26.85523503819737,0.08,26.64885962827147,0.08,26.48668588335827,0.08,26.35580738971076,0.08,26.24790907113005
0.09,28.44252843021408,0.09,28.25196231940602,0.09,28.16827104408558,0.09,28.11949341922892,0.09,27.92510064870352,0.09,27.79137311125361,0.09,27.69327165011675,0.09,27.61793092952624,0.09,27.55805200873987,0.09,27.46843594743802,0.09,27.09320734668124,0.09,26.82081755931016,0.09,26.6138683692548,0.09,26.45117086899063,0.09,26.31981445779129,0.09,26.21147937276951
0.09999999999999999,28.41814832911732,0.09999999999999999,28.22689824125858,0.09999999999999999,28.14164845322522,0.09999999999999999,28.09142931645293,0.09999999999999999,27.89546649507676,0.09999999999999999,27.76035920676716,0.09999999999999999,27.66103054121725,0.09999999999999999,27.58458701284125,0.09999999999999999,27.5237086232562,0.09999999999999999,27.43234291718789,0.09999999999999999,27.05639077942369,0.09999999999999999,26.78332285505529,0.09999999999999999,26.57574942582862,0.09999999999999999,26.41248079518786,0.09999999999999999,26.28060244641759,0.09999999999999999,26.17178986702178
0.11,28.39208802772506,0.11,28.20005642141063,0.11,28.11300722556935,0.11,28.06112382268543,0.11,27.86335585200959,0.11,27.72666475577344,0.11,27.62592899728681,0.11,27.54822212120968,0.11,27.48619958914873,0.11,27.3928327037007,0.11,27.01611146328511,0.11,26.74231585917011,0.11,26.53406908791473,0.11,26.37018242670018,0.11,26.23773808818917,0.11,26.12840695914345
0.12,28.3640740466366,0.12,28.17115221795996,0.12,28.08202737132431,0.12,28.02822423035514,0.12,27.82838501435105,0.12,27.68987938425419,0.12,27.58753335437743,0.12,27.50838199992375,0.12,27.44505226454396,0.12,27.34940110312756,0.12,26.97187462005932,0.12,26.69730725127738,0.12,26.48834132491953,0.12,26.32379175870381,0.12,26.19073863194574,0.12,26.08084866358728
0.13,28.33378971396581,0.13,28.13985704107994,0.13,28.04834041971905,0.13,27.99232522225042,0.13,27.79011455942831,0.13,27.64953444200058,0.13,27.54534953681553,0.13,27.46455017820847,0.13,27.39973025119369,0.13,27.30147767858218,0.13,26.92312374343972,0.13,26.64774926922212,0.13,26.43802421359356,0.13,26.27277095820565,0.13,26.1390692236812,0.13,26.02858236814175
0.14,28.30086889036163,0.14,28.10579223025868,0.14,28.01152297592346,0.14,27.95296217384394,0.14,27.74804270720932,0.14,27.60509646583898,0.14,27.49881665490543,0.14,27.41614172269279,0.14,27.34962731780559,0.14,27.24842004638803,0.14,26.86923610108649,0.14,26.59303214280381,0.14,26.38251712427721,0.14,26.21652617980523,0.14,26.08214126204391,0.14,25.9710236605989
0.15,28.26488901154021,0.15,28.06852234744759,0.15,27.97108977810519,0.15,27.90960405020499,0.15,27.70159844341643,0.15,27.55596056696922,0.15,27.44730068059831,0.15,27.36249721540075,0.15,27.29406168731239,0.15,27.18950878474969,0.15,26.80951909659504,0.15,26.53248157434333,0.15,26.32115910771543,0.15,26.15440671210053,0.15,26.01931219672954,0.15,25.90753669659499
0.16,28.22536346533511,0.16,28.02754793753789,0.16,27.92648635995567,0.16,27.86164605731823,0.16,27.65013463170564,0.16,27.50144402850433,0.16,27.39008854170207,0.16,27.30287734652087,0.16,27.2322711237745,0.16,27.1239434805383,0.16,26.74320802561975,0.16,26.46535781541129,0.16,26.25322904409363,0.16,26.08570602651156,0.16,25.94988734987337,0.16,25.83743669560669
0.17,28.18173336534906,0.17,27.98229786181274,0.17,27.87708149657212,0.17,27.80840229764025,0.17,27.59292144761335,0.17,27.44078051960715,0.17,27.32638310689153,0.17,27.23645865332378,0.17,27.16340940352804,0.17,27.05084059049404,0.17,26.66946590815597,0.17,26.39085702646592,0.17,26.17794824448657,0.17,26.00966542088936,0.17,25.87312445388045,0.17,25.7599952586754
0.18,28.13335884740307,0.18,27.93212138475201,0.18,27.82215970853349,0.18,27.74909879724598,0.18,27.52914060222199,0.18,27.37311548166116,0.18,27.25529969344372,0.18,27.16233110431415,0.18,27.08654492885317,0.18,26.96923397381478,0.18,26.5873862375238,0.18,26.30811574676057,0.18,26.0944863200996,0.18,25.92548106173346,0.18,25.78824169808604,0.18,25.67444928887087
0.19,28.0795101032405,0.19,27.87628029464733,0.19,27.76091422494433,0.19,27.68286742083838,0.19,27.45788098937392,0.19,27.29750341944997,0.19,27.17586491464897,0.19,27.07949841691763,0.19,27.00066243320122,0.19,26.87807914101475,0.19,26.4959996394673,0.19,26.21621942619897,0.19,26.00197123441339,0.19,25.83231530671472,0.19,25.69443013472189,0.19,25.58001433543761
0.2,28.01935848388179,0.2,27.81394146869013,0.2,27.69244096478712,0.2,27.60874137302797,0.2,27.37813658518492,0.2,27.21290803102755,0.2,27.08701888500477,0.2,26.98688219450542,0.2,26.90466891770436,0.2,26.77626243423267,0.2,26.39428555284878,0.2,26.11421604612909,0.2,25.89950449182851,0.2,25.72931319502581,0.2,25.59087127099613,0.2,25.47590313196364
0.21,27.95196815789362,0.21,27.74417045732655,0.21,27.61573428828851,0.21,27.52565319727594,0.21,27.28880764450954,0.21,27.11820631985994,0.21,26.98762199863697,0.21,26.8833311485161,0.21,26.79740511773977,0.21,26.66261646445438,0.21,26.28119007980058,0.21,26.00113583174643,0.21,25.78618233981296,0.21,25.61562487024602,0.21,25.47676050967626,0.21,25.36134989669275
0.2200000000000001,27.87628900140158,0.2200000000000001,27.66592686195501,0.2200000000000001,27.52968549243744,0.2200000000000001,27.43243641780692,0.2200000000000001,27.18870645719773,0.2200000000000001,27.01219802440867,0.2200000000000001,26.87646765385124,0.2200000000000001,26.76763678960383,0.2200000000000001,26.67766387375171,0.2200000000000001,26.53594311538362,0.2200000000000001,26.15565103817471,0.2200000000000001,25.87601786200685,0.2200000000000001,25.66112359450254,0.2200000000000001,25.49043437142254,0.2200000000000001,25.35133671616301,0.2200000000000001,25.23564052859343
0.2300000000000001,27.79115162713655,0.2300000000000001,27.57806251053687,0.2300000000000001,27.43308526491198,0.2300000000000001,27.32783220237993,0.2300000000000001,27.07656911244282,0.2300000000000001,26.89362182642963,0.2300000000000001,26.75230235575735,0.2300000000000001,26.63855695912545,0.2300000000000001,26.54421669383745,0.2300000000000001,26.39504518720537,0.2300000000000001,26.01663088676532,0.2300000000000001,25.73794391689331,0.2300000000000001,25.52350414483005,0.2300000000000001,25.35299459540425,0.2300000000000001,25.21391748828542,0.2300000000000001,25.0981480690952
0.2400000000000001,27.69526572248549,0.2400000000000001,27.47932368441311,0.2400000000000001,27.32463154223526,0.2400000000000001,27.21050261411101,0.2400000000000001,26.9510748141625,0.2400000000000001,26.7611797862615,0.2400000000000001,26.61385450222575,0.2400000000000001,26.4948483297528,0.2400000000000001,26.39584943761349,0.2400000000000001,26.23876717174205,0.2400000000000001,25.86315746384118,0.2400000000000001,25.58607905016389,0.2400000000000001,25.37259723504297,0.2400000000000001,25.2026671885699,0.2400000000000001,25.06393858148154,0.2400000000000001,24.94837160619914
0.2500000000000001,27.58722314304224,0.2500000000000001,27.36835888909253,0.2500000000000001,27.20294439413424,0.2500000000000001,27.07905210146643,0.2500000000000001,26.81087420599546,0.2500000000000001,26.61357119565748,0.2500000000000001,26.45987272652974,0.2500000000000001,26.33530840145103,0.2500000000000001,26.23140728383704,0.2500000000000001,26.06604457807022,0.2500000000000001,25.69437125059498,0.2500000000000001,25.41971701934939,0.2500000000000001,25.20781716260695,0.2500000000000001,25.03896457289189,0.2500000000000001,24.90099431146542,0.2500000000000001,24.78597510041529
0.2600000000000001,27.46550746182506,0.2600000000000001,27.24373384300858,0.2600000000000001,27.06658960164046,0.2600000000000001,26.93205874657627,0.2600000000000001,26.65462777845676,0.2600000000000001,26.44953639815593,0.2600000000000001,26.28917378544695,0.2600000000000001,26.15882640506787,0.2600000000000001,26.04984781730406,0.2600000000000001,25.87595952560257,0.2600000000000001,25.50957603352118,0.2600000000000001,25.23832675994585,0.2600000000000001,25.02876199804981,0.2600000000000001,24.86158921232051,0.2600000000000001,24.72487360280643,0.2600000000000001,24.61082041480934
0.2700000000000001,27.32851184208402,0.2700000000000001,27.10395540286353,0.2700000000000001,26.9141124011702,0.2700000000000001,26.76811631559424,0.2700000000000001,26.48105458893606,0.2700000000000001,26.26790994420707,0.2700000000000001,26.10069848921197,0.2700000000000001,25.96444075715905,0.2700000000000001,25.85029905863767,0.2700000000000001,25.66779791461744,0.2700000000000001,25.3082873682988,0.2700000000000001,25.04159357665522,0.2700000000000001,24.83524839501761,0.2700000000000001,24.67046267807619,0.2700000000000001,24.53558380741099,0.2700000000000001,24.42298629954616
0.2800000000000001,27.17456708576626,0.2800000000000001,26.94750593771947,0.2800000000000001,26.74408228336087,0.2800000000000001,26.58588716240797,0.2800000000000001,26.28899006099233,0.2800000000000001,26.06768057568351,0.2800000000000001,25.8935719539601,0.2800000000000001,25.75139821263728,0.2800000000000001,25.63211653868488,0.2800000000000001,25.44110045750258,0.2800000000000001,25.09027030202951,0.2800000000000001,24.82944586633706,0.2800000000000001,24.62732879717719,0.2800000000000001,24.46573441425724,0.2800000000000001,24.33335187008317,0.2800000000000001,24.2227626487627
0.2900000000000001,27.00198137267214,0.2900000000000001,26.77288905460917,0.2900000000000001,26.5551485895998,0.2900000000000001,26.38416435479592,0.2900000000000001,26.07744941058636,0.2900000000000001,25.84805290361944,0.2900000000000001,25.66716152860311,0.2900000000000001,25.51920673497104,0.2900000000000001,25.39493027934908,0.2900000000000001,25.19569659058149,0.2900000000000001,24.85555486792067,0.2900000000000001,24.60205554514202,0.2900000000000001,24.4052789974169,0.2900000000000001,24.24775803783891,0.2900000000000001,24.1185906276614,0.2900000000000001,24.01060782572414
0.3000000000000001,26.8090923736609,0.3000000000000001,26.57868638873313,0.3000000000000001,26.34610477298346,0.3000000000000001,26.16193889975985,0.3000000000000001,25.84569026318204,0.3000000000000001,25.60850237681408,0.3000000000000001,25.42112237368735,0.3000000000000001,25.26767076204181,0.3000000000000001,25.13866934553078,0.3000000000000001,24.93170761911213,0.3000000000000001,24.60441585521021,0.3000000000000001,24.35979893724571,0.3000000000000001,24.16954314600132,0.3000000000000001,24.01702267190429,0.3000000000000001,23.89181818703473,0.3000000000000001,23.78705747737805
0.3100000000000001,26.59433090886976,0.3100000000000001,26.36362323477524,0.3100000000000001,26.11595649211577,0.3100000000000001,25.91846468014363,0.3100000000000001,25.5932645238013,0.3100000000000001,25.34881170496856,0.3100000000000001,25.15541753424659,0.3100000000000001,24.99689487724858,0.3100000000000001,24.86354955084658,0.3100000000000001,24.64950475432452,0.3100000000000001,24.33730371179534,0.3100000000000001,24.10316617371027,0.3100000000000001,23.92062544871504,0.3100000000000001,23.77402973868256,0.3100000000000001,23.6535219765336,0.3100000000000001,23.55257757415228
0.3200000000000001,26.3562929866673,0.3200000000000001,26.1266380321068,0.3200000000000001,25.86398528898173,0.3200000000000001,25.6533100284507,0.3200000000000001,25.32004621507209,0.3200000000000001,25.06907427142312,0.3200000000000001,24.87029768632658,0.3200000000000001,24.70724134987542,0.3200000000000001,24.5700105515063,0.3200000000000001,24.34961080680161,0.3200000000000001,24.05471793815,0.3200000000000001,23.83261287464406,0.3200000000000001,23.65892460776804,0.3200000000000001,23.51911342176285,0.3200000000000001,23.40396771776064,0.3200000000000001,23.30736384396256
0.3300000000000001,26.09381390656777,0.3300000000000001,25.86694725646879,0.3300000000000001,25.58979593000594,0.3300000000000001,25.36638159904762,0.3300000000000001,25.02622005057456,0.3300000000000001,24.7696498029436,0.3300000000000001,24.56622731685672,0.3300000000000001,24.39923047616232,0.3300000000000001,24.25859387697866,0.3300000000000001,24.03254301350908,0.3300000000000001,23.7570245665117,0.3300000000000001,23.54835941461272,0.3300000000000001,23.38451968620817,0.3300000000000001,23.25221657474555,0.3300000000000001,23.14296793498329,0.3300000000000001,23.05110482383069
0.3400000000000001,25.8060344483026,0.3400000000000001,25.58409362618962,0.3400000000000001,25.29333256238068,0.3400000000000001,25.05790481854049,0.3400000000000001,24.7122167765617,0.3400000000000001,24.45106163076691,0.3400000000000001,24.24375088123343,0.3400000000000001,24.0733819456659,0.3400000000000001,23.92976497875372,0.3400000000000001,23.69860962403364,0.3400000000000001,23.44423567593522,0.3400000000000001,23.25016036297172,0.3400000000000001,23.0969340774392,0.3400000000000001,22.97265237729072,0.3400000000000001,22.86964351324134,0.3400000000000001,22.78274489273603
0.3500000000000001,25.49244579367392,0.3500000000000001,25.2779627670906,0.3500000000000001,24.97484827979324,0.3500000000000001,24.72834769782715,0.3500000000000001,24.37858784145376,0.3500000000000001,24.11383507047112,0.3500000000000001,23.90330579150381,0.3500000000000001,23.73001127738327,0.3500000000000001,23.58370012613594,0.3500000000000001,23.34769294842602,0.3500000000000001,23.11578925090518,0.3500000000000001,22.93708704974052,0.3500000000000001,22.79492440567514,0.3500000000000001,22.67890180535457,0.3500000000000001,22.58223108331826,0.3500000000000001,22.50030233137764
0.3600000000000002,25.15289814561316,0.3600000000000002,24.94875328043686,0.3600000000000002,24.63481657828788,0.3600000000000002,24.37828322787714,0.3600000000000002,24.02582516583977,0.3600000000000002,23.75829324248391,0.3600000000000002,23.54500827555406,0.3600000000000002,23.36901590108668,0.3600000000000002,23.22007997826239,0.3600000000000002,22.97907155709604,0.3600000000000002,22.77038644067164,0.3600000000000002,22.60738349629197,0.3600000000000002,22.4763568776339,0.3600000000000002,22.36851101522651,0.3600000000000002,22.27800136238955,0.3600000000000002,22.20080813515767
0.3700000000000002,24.78755996088939,0.3700000000000002,24.59688960282139,0.3700000000000002,24.27378339973143,0.3700000000000002,24.00820098922248,0.3700000000000002,23.65415112364434,0.3700000000000002,23.38434774218534,0.3700000000000002,23.16845923142402,0.3700000000000002,22.98970523221908,0.3700000000000002,22.83794919919352,0.3700000000000002,22.59134576388005,0.3700000000000002,22.40595173016474,0.3700000000000002,22.25846133518375,0.3700000000000002,22.13823596064377,0.3700000000000002,22.03815217345119,0.3700000000000002,21.95335023450126,0.3700000000000002,21.88042534766307
0.3800000000000002,24.39682227273405,0.3800000000000002,24.22287789780388,0.3800000000000002,23.89217548485124,0.3800000000000002,23.61829948111076,0.3800000000000002,23.26332531410029,0.3800000000000002,22.99134081260844,0.3800000000000002,22.77263241727694,0.3800000000000002,22.59073924943837,0.3800000000000002,22.43570610446937,0.3800000000000002,22.18252394390989,0.3800000000000002,22.01977068826281,0.3800000000000002,21.88708438808706,0.3800000000000002,21.77693147602186,0.3800000000000002,21.68388897405017,0.3800000000000002,21.60409889313029,0.3800000000000002,21.53478036806516
0.3900000000000002,23.98115668540633,0.3900000000000002,23.82712263842843,0.3900000000000002,23.49010210834302,0.3900000000000002,23.2083116551358,0.3900000000000002,22.85253038972818,0.3900000000000002,22.57800370769657,0.3900000000000002,22.35590684933535,0.3900000000000002,22.17023116218943,0.3900000000000002,22.01126949732397,0.3900000000000002,21.75029703723425,0.3900000000000002,21.60882546071246,0.3900000000000002,21.48975524760819,0.3900000000000002,21.3886085724379,0.3900000000000002,21.30164366580141,0.3900000000000002,21.22599261421304,0.3900000000000002,21.15948899932249
0.4000000000000002,23.54095468568671,0.4000000000000002,23.40974255662456,0.4000000000000002,23.06720644900764,0.4000000000000002,22.77742808760824,0.4000000000000002,22.42039903708213,0.4000000000000002,22.1425834404794,0.4000000000000002,21.91628169043401,0.4000000000000002,21.72603685044523,0.4000000000000002,21.56242950658372,0.4000000000000002,21.29247841138947,0.4000000000000002,21.17029528882486,0.4000000000000002,21.06326142335839,0.4000000000000002,20.96980903319204,0.4000000000000002,20.88780572449436,0.4000000000000002,20.8153307983995,0.4000000000000002,20.75080317164363
0.4100000000000002,23.0763946039573,0.4100000000000002,22.97044228194439,0.4100000000000002,22.62263011462827,0.4100000000000002,22.3243750251784,0.4100000000000002,21.96522054763329,0.4100000000000002,21.6831533776634,0.4100000000000002,21.45176589225892,0.4100000000000002,21.25620185589845,0.4100000000000002,21.08733424072486,0.4100000000000002,20.80753104328053,0.4100000000000002,20.70213419460232,0.4100000000000002,20.60528459368248,0.4100000000000002,20.51808011821542,0.4100000000000002,20.43987221328122,0.4100000000000002,20.36961322090942,0.4100000000000002,20.30625908401015
0.4200000000000002,22.58739210126419,0.4200000000000002,22.5085004502181,0.4200000000000002,22.15514033768373,0.4200000000000002,21.84767257585788,0.4200000000000002,21.48531901540679,0.4200000000000002,21.19806917549425,0.4200000000000002,20.96087868810949,0.4200000000000002,20.75948211801297,0.4200000000000002,20.5850135514286,0.4200000000000002,20.29506547576734,0.4200000000000002,20.2036023420292,0.4200000000000002,20.11494480123956,0.4200000000000002,20.03251978048846,0.4200000000000002,19.95698694210613,0.4200000000000002,19.88806883642895,0.4200000000000002,19.82519307690983
0.4300000000000002,22.07368124928718,0.4300000000000002,22.02291770394461,0.4300000000000002,21.66343102443342,0.4300000000000002,21.34604630022577,0.4300000000000002,20.97953873282754,0.4300000000000002,20.68647850835915,0.4300000000000002,20.44315189807036,0.4300000000000002,20.23581958447786,0.4300000000000002,20.05581692203262,0.4300000000000002,19.75618844017059,0.4300000000000002,19.67562844645787,0.4300000000000002,19.59315744492145,0.4300000000000002,19.51411831310898,0.4300000000000002,19.44026170567467,0.4300000000000002,19.37195423328127,0.4300000000000002,19.30901646364891
0.4400000000000002,21.53504191747708,0.4400000000000002,21.51272736230766,0.4400000000000002,21.14655447940778,0.4400000000000002,20.81891016585634,0.4400000000000002,20.44772752928854,0.4400000000000002,20.1487634430371,0.4400000000000002,19.89951152905164,0.4400000000000002,19.68665546139211,0.4400000000000002,19.50165745968033,0.4400000000000002,19.19361773195762,0.4400000000000002,19.12092046625785,0.4400000000000002,19.0427250378571,0.4400000000000002,18.96582452803594,0.4400000000000002,18.89281437799424,0.4400000000000002,18.82456328825575,0.4400000000000002,18.76119750007335
0.4500000000000002,20.97164136505243,0.4500000000000002,20.97741774589593,0.4500000000000002,20.6043896533759,0.4500000000000002,20.26680342464482,0.4500000000000002,19.89109646637834,0.4500000000000002,19.58680345148095,0.4500000000000002,19.33244296905801,0.4500000000000002,19.11500429489165,0.4500000000000002,18.92600437975092,0.4500000000000002,18.61154094679398,0.4500000000000002,18.54380638999292,0.4500000000000002,18.46815215932471,0.4500000000000002,18.39233230155201,0.4500000000000002,18.31952713739903,0.4500000000000002,18.25095841290826,0.4500000000000002,18.18696752633855
0.4600000000000002,20.38441069686909,0.4600000000000002,20.41736849646085,0.4600000000000002,20.03802785582244,0.4600000000000002,19.69166632242493,0.4600000000000002,19.31236273954807,0.4600000000000002,19.00399370804794,0.4600000000000002,18.74590206026291,0.4600000000000002,18.52527617907326,0.4600000000000002,18.33363289102533,0.4600000000000002,18.01526031329804,0.4600000000000002,17.94985223605159,0.4600000000000002,17.87523669889135,0.4600000000000002,17.79964664447827,0.4600000000000002,17.72658966801998,0.4600000000000002,17.65749338441679,0.4600000000000002,17.59282584394382
0.4700000000000003,19.77535156997269,0.4700000000000003,19.8341853486628,0.4700000000000003,19.44997178408772,0.4700000000000003,19.09688148755481,0.4700000000000003,18.7156418553884,0.4700000000000003,18.40501949923989,0.4700000000000003,18.14500093108284,0.4700000000000003,17.92289759203161,0.4700000000000003,17.73019818391284,0.4700000000000003,17.4107106844088,0.4700000000000003,17.34534861659155,0.4700000000000003,17.2705325810412,0.4700000000000003,17.19452774226783,0.4700000000000003,17.12092843660563,0.4700000000000003,17.05123095599408,0.4700000000000003,16.98594813458259
0.4800000000000003,19.14767944078893,0.4800000000000003,19.23083956135103,0.4800000000000003,18.84409454950672,0.4800000000000003,18.4870731212354,0.4800000000000003,18.1061217944448,0.4800000000000003,17.79544795485486,0.4800000000000003,17.53554843707527,0.4800000000000003,17.31382212098321,0.4800000000000003,17.12173111142456,0.4800000000000003,16.80395156033859,0.4800000000000003,16.73677004022758,0.4800000000000003,16.66078965345891,0.4800000000000003,16.58391910447016,0.4800000000000003,16.50962796206452,0.4800000000000003,16.43936049045947,0.4800000000000003,16.37360268959113
0.4900000000000003,18.50575464191409,0.4900000000000003,18.6115725045822,0.4900000000000003,18.2253718856471,0.4900000000000003,17.86771896738884,0.4900000000000003,17.48960148679526,0.4900000000000003,17.18123295618076,0.4900000000000003,16.92354587826586,0.4900000000000003,16.70403135196968,0.4900000000000003,16.51415246385179,0.4900000000000003,16.20071927616184,0.4900000000000003,16.13029556043003,0.4900000000000003,16.05245925151966,0.4900000000000003,15.97444697022352,0.4900000000000003,15.89942921324928,0.4900000000000003,15.82869842773668,0.4900000000000003,15.76265480828038
0.5000000000000002,17.85481350938502,0.5000000000000002,17.98159087591253,0.5000000000000002,17.59945716483317,0.5000000000000002,17.24466858562395,0.5000000000000002,16.87199451461682,0.5000000000000002,16.5682315113895,0.5000000000000002,16.31472897955565,0.5000000000000002,16.09910776584236,0.5000000000000002,15.91287813661404,0.5000000000000002,15.60609380928871,0.5000000000000002,15.53144714090241,0.5000000000000002,15.4513210602582,0.5000000000000002,15.37204460652427,0.5000000000000002,15.29635624130378,0.5000000000000002,15.22531996453453,0.5000000000000002,15.15920499834947
0.5100000000000002,17.20056425860565,0.5100000000000002,17.34662882884347,0.5100000000000002,16.97219695560963,0.5100000000000002,16.62366714793015,0.5100000000000002,16.25888706738618,0.5100000000000002,15.96180681324901,0.5100000000000002,15.71421740760807,0.5100000000000002,15.50392815245787,0.5100000000000002,15.32255249988189,0.5100000000000002,15.02429962788183,0.5100000000000002,14.94486663447567,0.5100000000000002,14.86225144278026,0.5100000000000002,14.7817199437668,0.5100000000000002,14.70548735812186,0.5100000000000002,14.63433600890225,0.5100000000000002,14.56837282200082
0.5200000000000002,16.54873841261987,0.5200000000000002,16.71247434315214,0.5200000000000002,16.34918081693276,0.5200000000000002,16.00996244931641,0.5200000000000002,15.65520804504501,0.5200000000000002,15.36655817705251,0.5200000000000002,15.12629737947535,0.5200000000000002,14.92249132749263,0.5200000000000002,14.74691438787652,0.5200000000000002,14.45863164733699,0.5200000000000002,14.3742234331228,0.5200000000000002,14.28912485326522,0.5200000000000002,14.20745707873562,0.5200000000000002,14.13086004912928,0.5200000000000002,14.05980319813884,0.5200000000000002,13.99421281410229
0.5300000000000002,15.90468419875695,0.5300000000000002,16.08454746705409,0.5300000000000002,15.73539175117203,0.5300000000000002,15.40803771222507,0.5300000000000002,15.06503316383894,0.5300000000000002,14.78618422661548,0.5300000000000002,14.55433246815093,0.5300000000000002,14.35786712761712,0.5300000000000002,14.18877682364736,0.5300000000000002,13.91148015476335,0.5300000000000002,13.82222706856185,0.5300000000000002,13.73482242451961,0.5300000000000002,13.65222526211717,0.5300000000000002,13.57548266215589,0.5300000000000002,13.5047394358444,0.5300000000000002,13.43973437479804
0.5400000000000003,15.27306183802904,0.5400000000000003,15.46758812267732,0.5400000000000003,15.13498763601162,0.5400000000000003,14.82147794778914,0.5400000000000003,14.49151507625622,0.5400000000000003,14.22346125458026,0.5400000000000003,14.00077820199378,0.5400000000000003,13.81223838921711,0.5400000000000003,13.65008987715292,0.5400000000000003,13.38442224267951,0.5400000000000003,13.29071213613562,0.5400000000000003,13.2013150050451,0.5400000000000003,13.11806257386803,0.5400000000000003,13.04142003159059,0.5400000000000003,12.97121209372762,0.5400000000000003,12.90699279852093
0.5500000000000003,14.65766599884443,0.5500000000000003,14.86547541193022,0.5500000000000003,14.55121165929012,0.5500000000000003,14.25295210252483,0.5500000000000003,13.93691312205934,0.5500000000000003,13.6803060906352,0.5500000000000003,13.4672679724493,0.5500000000000003,13.28700299650944,0.5500000000000003,13.13205409347486,0.5500000000000003,12.87834897066707,0.5500000000000003,12.7807640922837,0.5500000000000003,12.6897890497002,0.5500000000000003,12.60620278583385,0.5500000000000003,12.52992175493103,0.5500000000000003,12.46046787747479,0.5500000000000003,12.39722075413873
0.5600000000000003,14.06137013383217,0.5600000000000003,14.28117036816528,0.5600000000000003,13.98640828864231,0.5600000000000003,13.70427989831839,0.5600000000000003,13.40268943045074,0.5600000000000003,13.15789039674349,0.5600000000000003,12.95473845109266,0.5600000000000003,12.78290592312764,0.5600000000000003,12.63525626633544,0.5600000000000003,12.39360359414253,0.5600000000000003,12.29286026166567,0.5600000000000003,12.20078944007698,0.5600000000000003,12.11721958451921,0.5600000000000003,12.04156756898829,0.5600000000000003,11.97307916586293,0.5600000000000003,11.91097542697286
0.5700000000000003,13.48616765571034,0.5700000000000003,13.71675554690573,0.5700000000000003,13.44211186301638,0.5700000000000003,13.17654960639346,0.5700000000000003,12.88963973994693,0.5700000000000003,12.65677755661193,0.5700000000000003,12.46356851806065,0.5700000000000003,12.30017790203084,0.5700000000000003,12.1598065529155,0.5700000000000003,11.93011377673881,0.5700000000000003,11.82700782125621,0.5700000000000003,11.73436063441641,0.5700000000000003,11.65116957386238,0.5700000000000003,11.57641146184188,0.5700000000000003,11.50908877333159,0.5700000000000003,11.44828363213469
0.5800000000000003,12.93327693538479,0.5800000000000003,13.17353797812602,0.5800000000000003,12.91917501058025,0.5800000000000003,12.67025735022557,0.5800000000000003,12.39803371419938,0.5800000000000003,12.17706067666651,0.5800000000000003,11.99371339635842,0.5800000000000003,11.83866507610961,0.5800000000000003,11.70546350103666,0.5800000000000003,11.48750778197412,0.5800000000000003,11.38286762711325,0.5800000000000003,11.29017458528445,0.5800000000000003,11.2077224282199,0.5800000000000003,11.13411300967442,0.5800000000000003,11.06814184027148,0.5800000000000003,11.00877386538248
0.5900000000000003,12.40327828623228,0.5900000000000003,12.65218384703653,0.5900000000000003,12.41790993659888,0.5900000000000003,12.18544616029176,0.5900000000000003,11.92774749639434,0.5900000000000003,11.71848800076341,0.5900000000000003,11.54482308203989,0.5900000000000003,11.39794091791121,0.5900000000000003,11.27174002977376,0.5900000000000003,11.06521025268546,0.5900000000000003,10.95985849830143,0.5900000000000003,10.86763961004467,0.5900000000000003,10.78627224968071,0.5900000000000003,10.71405002169754,0.5900000000000003,10.64959904881369,0.5900000000000003,10.59178964801507
0.6000000000000003,11.8962575484871,0.6000000000000003,12.15285994550037,0.6000000000000003,11.93822366804544,0.6000000000000003,11.72183108196788,0.6000000000000003,11.47837865572297,0.6000000000000003,11.28056870826094,0.6000000000000003,11.11634012433552,0.6000000000000003,10.97739704248129,0.6000000000000003,10.85798819068034,0.6000000000000003,10.66251708284701,0.6000000000000003,10.55724066795167,0.6000000000000003,10.46598854097007,0.6000000000000003,10.3860282988999,0.6000000000000003,10.31541062963033,0.6000000000000003,10.25262933722255,0.6000000000000003,10.19648241347002
0.6100000000000003,11.41193913828285,0.6100000000000003,11.67536512520012,0.6100000000000003,11.47973615307705,0.6100000000000003,11.27890352511443,0.6100000000000003,11.0493395023041,0.6100000000000003,10.86265699188685,0.6100000000000003,10.70757600129325,0.6100000000000003,10.57631312767127,0.6100000000000003,10.46346363346812,0.6100000000000003,10.27865123329156,0.6100000000000003,10.17417967606841,0.6100000000000003,10.08434712272102,0.6100000000000003,10.00608591471041,0.6100000000000003,9.937265573340337,0.6100000000000003,9.876282852228268,0.6100000000000003,9.821884692334518
0.6200000000000003,10.9497991456195,0.6200000000000003,11.21924252175999,0.6200000000000003,11.04187641219274,0.6200000000000003,10.85601308865981,0.6200000000000003,10.63992872722348,0.6200000000000003,10.46401548410126,0.6200000000000003,10.31776789028214,0.6200000000000003,10.19390822974002,0.6200000000000003,10.08737239461351,0.6200000000000003,9.912802488065696,0.6200000000000003,9.80979332850719,0.6200000000000003,9.721785062478515,0.6200000000000003,9.645479901856914,0.6200000000000003,9.578622892284608,0.6200000000000003,9.51954631333397,0.6200000000000003,9.466965754990566
0.6300000000000003,10.50915509265193,0.6300000000000003,10.78386916207955,0.6300000000000003,10.62395632909809,0.6300000000000003,10.45242829232225,0.6300000000000003,10.2493836576686,0.6300000000000003,10.08386081682069,0.6300000000000003,9.946118898885894,0.6300000000000003,9.829376712464363,0.6300000000000003,9.728903301830096,0.6300000000000003,9.564154467082053,0.6300000000000003,9.463184838946846,0.6300000000000003,9.37735271539586,0.6300000000000003,9.303223280269561,0.6300000000000003,9.238467856425988,0.6300000000000003,9.181383582212209,0.6300000000000003,9.130672476980481
0.6400000000000003,10.08923300807683,0.6400000000000003,10.36852348242677,0.6400000000000003,10.2252242943555,0.6400000000000003,10.06737932640971,0.6400000000000003,9.876916488729517,0.6400000000000003,9.72139475919313,0.6400000000000003,9.591825194323208,0.6400000000000003,9.481912174817207,0.6400000000000003,9.387249303305246,0.6400000000000003,9.231902027992398,0.6400000000000003,9.133465223022975,0.6400000000000003,9.050106413567093,0.6400000000000003,8.97833435291156,0.6400000000000003,8.915791051737619,0.6400000000000003,8.860764317725756,0.6400000000000003,8.811958278630918
0.6500000000000004,9.689214752318618,0.6500000000000004,9.972433502150226,0.6500000000000004,9.844902158251827,0.6500000000000004,9.700086518635219,0.6500000000000004,9.521738072661515,0.6500000000000004,9.37582436039688,0.6500000000000004,9.254093295494334,0.6500000000000004,9.150722482573796,0.6500000000000004,9.061620678108238,0.6500000000000004,8.915261751122458,0.6500000000000004,8.819767671459093,0.6500000000000004,8.739125161630344,0.6500000000000004,8.669854797883254,0.6500000000000004,8.609607303657986,0.6500000000000004,8.556683376310943,0.6500000000000004,8.509802775273849
0.6600000000000004,9.308269471510393,0.6600000000000004,9.59480933508538,0.6600000000000004,9.482209244875788,0.6600000000000004,9.349778116793297,0.6600000000000004,9.183072562498726,0.6600000000000004,9.046374132421066,0.6600000000000004,8.932150335966698,0.6600000000000004,8.835038516169156,0.6600000000000004,8.751252570166585,0.6600000000000004,8.613477672282349,0.6600000000000004,8.521256162776323,0.6600000000000004,8.443520996481167,0.6600000000000004,8.37686109136626,0.6600000000000004,8.318967740350933,0.6600000000000004,8.268173247815509,0.6600000000000004,8.223224412851071
0.6700000000000004,8.945573119935299,0.6700000000000004,9.234863811525015,0.6700000000000004,9.136376907631726,0.6700000000000004,9.015700517146112,0.6700000000000004,8.86016567997296,0.6700000000000004,8.732292756796877,0.6700000000000004,8.625249549595113,0.6700000000000004,8.534118694733028,0.6700000000000004,8.455408745205039,0.6700000000000004,8.325823910342304,0.6700000000000004,8.237130093290121,0.6700000000000004,8.162444851238295,0.6700000000000004,8.098471129228361,0.6700000000000004,8.04296687261145,0.6700000000000004,7.994311402261864,0.6700000000000004,7.951287957138603
0.6800000000000004,8.600319553591408,0.6800000000000004,8.891824591787243,0.6800000000000004,8.806656555391593,0.6800000000000004,8.697123454377911,0.6800000000000004,8.552288780828736,0.6800000000000004,8.43285622622375,0.6800000000000004,8.332672683395415,0.6800000000000004,8.247250814815796,0.6800000000000004,8.173382972918262,0.6800000000000004,8.05160538249481,0.6800000000000004,7.966626262194478,0.6800000000000004,7.895089336805717,0.6800000000000004,7.833847499503969,0.6800000000000004,7.78074616102889,0.6800000000000004,7.734224024672139,0.6800000000000004,7.693108313196457
0.6900000000000004,8.271726042120118,0.6900000000000004,8.56494054412655,0.6900000000000004,8.492323442150987,0.6900000000000004,8.39334204992622,0.6900000000000004,8.258740325956959,0.6900000000000004,8.147368813284217,0.6900000000000004,8.053730562772758,0.6900000000000004,7.973752296494193,0.6900000000000004,7.904499019923453,0.6900000000000004,7.79015743076768,0.6900000000000004,7.709019179411284,0.6900000000000004,7.640689487945052,0.6900000000000004,7.582198496620388,0.6900000000000004,7.531495185018801,0.6900000000000004,7.487087264265286,0.6900000000000004,7.447851805682348
0.7000000000000004,7.959035354051174,0.7000000000000004,8.253484508211903,0.7000000000000004,8.192677906984352,0.7000000000000004,8.103677067083447,0.7000000000000004,7.978845884927527,0.7000000000000004,7.875162828095633,0.7000000000000004,7.787762645052247,0.7000000000000004,7.712969574082515,0.7000000000000004,7.64810991159775,0.7000000000000004,7.540844899739145,0.7000000000000004,7.463620369953145,0.7000000000000004,7.398522223953693,0.7000000000000004,7.342777671902302,0.7000000000000004,7.29445123403584,0.7000000000000004,7.25212683278699,0.7000000000000004,7.214735762149115
0.7100000000000004,7.661515943486646,0.7100000000000004,7.956753969319784,0.7100000000000004,7.907045233280188,0.7100000000000004,7.827474275070353,0.7100000000000004,7.711957416371102,0.7100000000000004,7.615597792378327,0.7100000000000004,7.534136099912686,0.7100000000000004,7.464277100840284,0.7100000000000004,7.403596877119284,0.7100000000000004,7.303060998330064,0.7100000000000004,7.22977712571953,0.7100000000000004,7.16790504420763,0.7100000000000004,7.114882482379078,0.7100000000000004,7.068897908377425,0.7100000000000004,7.028616554646649,0.7100000000000004,6.993027010829883
0.7200000000000004,7.378461251044705,0.7200000000000004,7.674070673387186,0.7200000000000004,7.634774886584461,0.7200000000000004,7.56410348458652,0.7200000000000004,7.45745228424922,0.7200000000000004,7.368059411716923,0.7200000000000004,7.292244739852508,0.7200000000000004,7.22707624532097,0.7200000000000004,7.170368219347012,0.7200000000000004,7.076226134500015,0.7200000000000004,7.006870993498499,0.7200000000000004,6.94819430745904,0.7200000000000004,6.897852423979202,0.7200000000000004,6.854163139028662,0.7200000000000004,6.815876293021076,0.7200000000000004,6.782039726194739
0.7300000000000004,7.109188738385513,0.7300000000000004,7.404779830753568,0.7300000000000004,7.37523958621951,0.7300000000000004,7.312957573589195,0.7300000000000004,7.214732267383435,0.7300000000000004,7.1319585566123,0.7300000000000004,7.061507975590456,0.7300000000000004,7.000794226597258,0.7300000000000004,6.947858234951551,0.7300000000000004,6.85978681649612,0.7300000000000004,6.794316174436299,0.7300000000000004,6.738783320280201,0.7300000000000004,6.691066906200601,0.7300000000000004,6.649616904058151,0.7300000000000004,6.613269542709637,0.7300000000000004,6.58113292167029
0.7400000000000004,6.853038994145145,0.7400000000000004,7.148249279110549,0.7400000000000004,7.127834453068293,0.7400000000000004,7.07345165727614,0.7400000000000004,6.983222685077677,0.7400000000000004,6.906730350228291,0.7400000000000004,6.841369874952037,0.7400000000000004,6.784883151847445,0.7400000000000004,6.735526236415165,0.7400000000000004,6.653214655134994,0.7400000000000004,6.591557933878092,0.7400000000000004,6.539100373889559,0.7400000000000004,6.493943033471653,0.7400000000000004,6.454668823865357,0.7400000000000004,6.420200883415125,0.7400000000000004,6.389707790802982
0.7500000000000004,6.609375060646565,0.7500000000000004,6.903868787088492,0.7500000000000004,6.891976336198383,0.7500000000000004,6.845022452216044,0.7500000000000004,6.762371677778539,0.7500000000000004,6.691833391456027,0.7500000000000004,6.631298345416571,0.7500000000000004,6.578819169778074,0.7500000000000004,6.532855684083008,0.7500000000000004,6.456005467740683,0.7500000000000004,6.398071071336468,0.7500000000000004,6.348606810453151,0.7500000000000004,6.305933394826278,0.7500000000000004,6.268765750628199,0.7500000000000004,6.236113418113045,0.7500000000000004,6.207205027896062
0.7600000000000005,6.377582014020755,0.7600000000000005,6.671049559644521,0.7600000000000005,6.667103336104192,0.7600000000000005,6.627127824631013,0.7600000000000005,6.551649634015475,0.7600000000000005,6.486749103217644,0.7600000000000005,6.430784428533271,0.7600000000000005,6.382101726548029,0.7600000000000005,6.339353413676733,0.7600000000000005,6.267678467422876,0.7600000000000005,6.213358470368969,0.7600000000000005,6.166795162111374,0.7600000000000005,6.126523920757167,0.7600000000000005,6.091389421414091,0.7600000000000005,6.0604862732706,0.7600000000000005,6.033102209958042
0.7700000000000005,6.157066765510403,0.7700000000000005,6.449223936603459,0.7700000000000005,6.452674496261476,0.7700000000000005,6.419246483106412,0.7700000000000005,6.350548731635302,0.7700000000000005,6.290981177642451,0.7700000000000005,6.239341679864121,0.7700000000000005,6.19425289917611,0.7700000000000005,6.154548935232282,0.7700000000000005,6.087775515134116,0.7700000000000005,6.036949731162307,0.7700000000000005,5.993187382370166,0.7700000000000005,5.955231838274248,0.7700000000000005,5.9220542138121,0.7700000000000005,5.892832205235469,0.7700000000000005,5.866911288129742
0.7800000000000005,5.947258022099851,0.7800000000000005,6.237845240752813,0.7800000000000005,6.248169614494761,0.7800000000000005,6.220877765730798,0.7800000000000005,6.158582553668174,0.7800000000000005,6.104055084251869,0.7800000000000005,6.056505604320376,0.7800000000000005,6.014816778943827,0.7800000000000005,5.977993777983815,0.7800000000000005,5.915860411955488,0.7800000000000005,5.868399880061209,0.7800000000000005,5.827333175546349,0.7800000000000005,5.791603737737104,0.7800000000000005,5.760305023144444,0.7800000000000005,5.732695335721453,0.7800000000000005,5.708176214268218
0.7900000000000005,5.747606337280599,0.7900000000000005,6.036387719521931,0.7900000000000005,6.053089121569302,0.7900000000000005,6.031541472935466,0.7900000000000005,5.975285740590518,0.7900000000000005,5.925517609154133,0.7900000000000005,5.881833119044361,0.7900000000000005,5.843358879938056,0.7900000000000005,5.809260858618985,0.7900000000000005,5.751518212330824,0.7900000000000005,5.70728814691009,0.7900000000000005,5.668808422332238,0.7900000000000005,5.635213754589261,0.7900000000000005,5.605715267963184,0.7900000000000005,5.579649025642152,0.7900000000000005,5.55647071375953
0.8000000000000005,5.557584188260257,0.8000000000000005,5.844346525391677,0.8000000000000005,5.866953979408525,0.8000000000000005,5.850777704626128,0.8000000000000005,5.800213646860716,0.8000000000000005,5.754936398794136,0.8000000000000005,5.71490202121583,0.8000000000000005,5.679465552889371,0.8000000000000005,5.647943855179911,0.8000000000000005,5.59435454356237,0.8000000000000005,5.553216800682208,0.8000000000000005,5.517213695895857,0.8000000000000005,5.485661863286191,0.8000000000000005,5.457885023193084,0.8000000000000005,5.433293888137248,0.8000000000000005,5.411396206468931
0.8100000000000005,5.376686027737708,0.8100000000000005,5.661237688412284,0.8100000000000005,5.689305560655202,0.8100000000000005,5.67814666996228,0.8100000000000005,5.63294197752187,0.8100000000000005,5.591899488673988,0.8100000000000005,5.555310444342791,0.8100000000000005,5.522743390153457,0.8100000000000005,5.493656574196302,0.8100000000000005,5.443994921635559,0.8100000000000005,5.40581003500145,0.8100000000000005,5.372172861651668,0.8100000000000005,5.342572277780222,0.8100000000000005,5.31643927620269,0.8100000000000005,5.293255936739418,0.8100000000000005,5.272579872245575
0.8200000000000005,5.204428272277128,0.8200000000000005,5.486598045348525,0.8200000000000005,5.519705481904669,0.8200000000000005,5.513228448137871,0.8200000000000005,5.473066388663326,0.8200000000000005,5.436014804250757,0.8200000000000005,5.402676292579367,0.8200000000000005,5.372818613070925,0.8200000000000005,5.346032303573201,0.8200000000000005,5.300084057718989,0.8200000000000005,5.264712896911796,0.8200000000000005,5.23333175386548,0.8200000000000005,5.205591951760475,0.8200000000000005,5.181026299075832,0.8200000000000005,5.159184862008877,0.8200000000000005,5.139672854333543
0.8300000000000005,5.040349202804057,0.8300000000000005,5.319985101436479,0.8300000000000005,5.357735373057421,0.8300000000000005,5.355622687523705,0.8300000000000005,5.320202042660799,0.8300000000000005,5.286909627185174,0.8300000000000005,5.256636647785472,0.8300000000000005,5.229336437539436,0.8300000000000005,5.204723147909301,0.8300000000000005,5.162285153197663,0.8300000000000005,5.129590254088411,0.8300000000000005,5.100356922924624,0.8300000000000005,5.074389171683443,0.8300000000000005,5.051316129596982,0.8300000000000005,5.030752428770783,0.8300000000000005,5.012348592527306
0.8400000000000005,4.884008764481734,0.8400000000000005,5.160976811075897,0.8400000000000005,5.202996573955557,0.8400000000000005,5.204948237978141,0.8400000000000005,5.17398311494968,0.8400000000000005,5.144230024938051,0.8400000000000005,5.116847148173446,0.8400000000000005,5.091960417249124,0.8400000000000005,5.069399346151473,0.8400000000000005,5.030279183767849,0.8400000000000005,5.000125797329594,0.8400000000000005,4.972934448000899,0.8400000000000005,4.948652235986303,0.8400000000000005,4.926999153426334,0.8400000000000005,4.907650985761263,0.8400000000000005,4.890301277363503
0.8500000000000005,4.734988262656366,0.8500000000000005,5.009171272334,0.8500000000000005,5.055109756410447,0.8500000000000005,5.060842716868596,0.8500000000000005,5.0340622535296,0.8500000000000005,5.007640245335558,0.8500000000000005,4.982981340443056,0.8500000000000005,4.960371766677275,0.8500000000000005,4.939748573816993,0.8500000000000005,4.903764174994395,0.8500000000000005,4.876021076499318,0.8500000000000005,4.850768810738,0.8500000000000005,4.828088214455562,0.8500000000000005,4.807784780279726,0.8500000000000005,4.789592079648152,0.8500000000000005,4.773244416664798
0.8600000000000005,4.592889958622236,0.8600000000000005,4.864186336706357,0.8600000000000005,4.913714474892698,0.8600000000000005,4.922962013458888,0.8600000000000005,4.900109995537636,0.8600000000000005,4.876822080238979,0.8600000000000005,4.854730009391198,0.8600000000000005,4.834268667706023,0.8600000000000005,4.815475233543221,0.8600000000000005,4.782454472916124,0.8600000000000005,4.756994569075566,0.8600000000000005,4.733581826387939,0.8600000000000005,4.712421782359163,0.8600000000000005,4.693400207440504,0.8600000000000005,4.676305165807207,0.8600000000000005,4.660909506094589
0.8700000000000006,4.457336573844475,0.8700000000000006,4.725659140271333,0.8700000000000006,4.778468652698434,0.8700000000000006,4.79097973901446,0.8700000000000006,4.771814147240142,0.8700000000000006,4.751474204026677,0.8700000000000006,4.731800490246322,0.8700000000000006,4.713365564766395,0.8700000000000006,4.696299738592248,0.8700000000000006,4.66608001391148,0.8700000000000006,4.642780781126527,0.8700000000000006,4.62111162945951,0.8700000000000006,4.601394124546625,0.8700000000000006,4.583589264488295,0.8700000000000006,4.567536408762246,0.8700000000000006,4.553044795882605
0.8800000000000006,4.327970714332252,0.8800000000000006,4.593245565429547,0.8800000000000006,4.649048012590205,0.8800000000000006,4.664586631524223,0.8800000000000006,4.64887913489433,0.8800000000000006,4.631311493407215,0.8800000000000006,4.613915969589573,0.8800000000000006,4.597392453876988,0.8800000000000006,4.581957794293265,0.8800000000000006,4.554385598234007,0.8800000000000006,4.533129380931089,0.8800000000000006,4.513111711423016,0.8800000000000006,4.494761905243983,0.8800000000000006,4.478111333671338,0.8800000000000006,4.463047565750197,0.8800000000000006,4.449414146442857
0.8900000000000006,4.204454228433238,0.8900000000000006,4.466619644137546,0.8900000000000006,4.525145462013323,0.8900000000000006,4.543489924586499,0.8900000000000006,4.531025334330879,0.8900000000000006,4.516064335318047,0.8900000000000006,4.500814780844824,0.8900000000000006,4.486094170983717,0.8900000000000006,4.472199682378702,0.8900000000000006,4.447130171516391,0.8900000000000006,4.427804365642028,0.8900000000000006,4.409350008353655,0.8900000000000006,4.392296299701112,0.8900000000000006,4.376740340842068,0.8900000000000006,4.362614947407414,0.8900000000000006,4.349795966170666
0.9000000000000006,4.086467511792709,0.9000000000000006,4.345472914230051,0.9000000000000006,4.406470443272877,0.9000000000000006,4.427412689998894,0.9000000000000006,4.41798838699693,0.9000000000000006,4.405477929484072,0.9000000000000006,4.392249700091114,0.9000000000000006,4.37922968474268,0.9000000000000006,4.366789552883287,0.9000000000000006,4.34408611821943,0.9000000000000006,4.326583261412197,0.9000000000000006,4.309608036618524,0.9000000000000006,4.293782084198343,0.9000000000000006,4.279263812308916,0.9000000000000006,4.266028450067995,0.9000000000000006,4.253982225247307
0.9100000000000006,3.973708772886159,0.9100000000000006,4.229513740350868,0.9100000000000006,4.292748258760529,0.9100000000000006,4.31609316312641,0.9100000000000006,4.309518509738959,0.9100000000000006,4.299311591748113,0.9100000000000006,4.2879872474903,0.9100000000000006,4.276571398429547,0.9100000000000006,4.265504727816553,0.9100000000000006,4.245038570550626,0.9100000000000006,4.229256357318341,0.9100000000000006,4.213680074844285,0.9100000000000006,4.1990167811942,0.9100000000000006,4.185481993332155,0.9100000000000006,4.173090654611919,0.9100000000000006,4.161777539780742
0.9200000000000006,3.865893271667223,0.9200000000000006,4.118466610415207,0.9200000000000006,4.183719380629181,0.9200000000000006,4.209284059363214,0.9200000000000006,4.205379804922474,0.9200000000000006,4.197338063653822,0.9200000000000006,4.187806999024038,0.9200000000000006,4.177904465085875,0.9200000000000006,4.168135020267853,0.9200000000000006,4.149784735857634,0.9200000000000006,4.135625973259803,0.9200000000000006,4.1213723904722,0.9200000000000006,4.107809856614166,0.9200000000000006,4.095207024313687,0.9200000000000006,4.083615987199218,0.9200000000000006,4.072998321068469
0.9300000000000006,3.762752542673899,0.9300000000000006,4.012071417593639,0.9300000000000006,4.079138753390161,0.9300000000000006,4.10675188907722,0.9300000000000006,4.105349576685085,0.9300000000000006,4.099342833038381,0.9300000000000006,4.091500912567503,0.9300000000000006,4.083026119388357,0.9300000000000006,4.074482072012308,0.9300000000000006,4.058133244959902,0.9300000000000006,4.045505761818007,0.9300000000000006,4.032502509232254,0.9300000000000006,4.019981966453628,0.9300000000000006,4.008262171008616,0.9300000000000006,3.997429937581692,0.9300000000000006,3.987471985181825
0.9400000000000006,3.66403361256777,0.9400000000000006,3.910082736687697,0.9400000000000006,3.978775096858908,0.9400000000000006,4.008276277428429,0.9400000000000006,4.009217658271411,0.9400000000000006,4.00512346964273,0.9400000000000006,3.998872671646379,0.9400000000000006,3.991745029096713,0.9400000000000006,3.984358712094605,0.9400000000000006,3.969903523350803,0.9400000000000006,3.95872004385491,0.9400000000000006,3.946898525869735,0.9400000000000006,3.935364250009917,0.9400000000000006,3.924481105328513,0.9400000000000006,3.914368330999642,0.9400000000000006,3.905036218444776
0.9500000000000006,3.569498220658714,0.9500000000000006,3.812269102571169,0.9500000000000006,3.882410215794513,0.9500000000000006,3.91364929444784,0.9500000000000006,3.916785754558238,0.9500000000000006,3.914488979011635,0.9500000000000006,3.909737049561143,0.9500000000000006,3.90388066832999,0.9500000000000006,3.897588338305942,0.9500000000000006,3.884925186702662,0.9500000000000006,3.875103177426436,0.9500000000000006,3.864398454445502,0.9500000000000006,3.853797667177695,0.9500000000000006,3.84370723351976,0.9500000000000006,3.834276649955619,0.9500000000000006,3.825538294717854
0.9600000000000006,3.478922049570131,0.9600000000000006,3.718412297173356,0.9600000000000006,3.789838321519969,0.9600000000000006,3.8226747998033,0.9600000000000006,3.827866803079613,0.9600000000000006,3.82725917726343,0.9600000000000006,3.823919295946924,0.9600000000000006,3.819262714359296,0.9600000000000006,3.814004322950014,0.9600000000000006,3.80303746165216,0.9600000000000006,3.794498959397581,0.9600000000000006,3.78484961651666,0.9600000000000006,3.77513237734716,0.9600000000000006,3.765793068692453,0.9600000000000006,3.757009402413054,0.9600000000000006,3.748834440703936
0.9700000000000006,3.392093971888308,0.9700000000000006,3.628306650337644,0.9700000000000006,3.700865369814287,0.9700000000000006,3.735167805785365,0.9700000000000006,3.742284356127579,0.9700000000000006,3.743264088678139,0.9700000000000006,3.741254547275887,0.9700000000000006,3.737730469099507,0.9700000000000006,3.73344944383103,0.9700000000000006,3.724088632440669,0.9700000000000006,3.7167600589804,0.9700000000000006,3.70810806549275,0.9700000000000006,3.699227157541321,0.9700000000000006,3.690599644849742,0.9700000000000006,3.682429533201423,0.9700000000000006,3.674789245771485
0.9800000000000006,3.3088153174343,0.9800000000000006,3.541758358831293,0.9800000000000006,3.615308418459777,0.9800000000000006,3.650953861243267,0.9800000000000006,3.659871985845701,0.9800000000000006,3.6623433674891,0.9800000000000006,3.661587262315733,0.9800000000000006,3.659132306037447,0.9800000000000006,3.655775340990144,0.9800000000000006,3.647935513634487,0.9800000000000006,3.641747482272887,0.9800000000000006,3.634038045459119,0.9800000000000006,3.625948857520386,0.9800000000000006,3.617995969729776,0.9800000000000006,3.61040787562389,0.9800000000000006,3.603275113045822
0.9900000000000007,3.228899164724423,0.9900000000000007,3.458584826831131,0.9900000000000007,3.532995007016499,0.9900000000000007,3.569868458489696,0.9900000000000007,3.580472713655672,0.9900000000000007,3.584345744774116,0.9900000000000007,3.584770683127808,0.9900000000000007,3.583325142951534,0.9900000000000007,3.580841999369651,0.9900000000000007,3.574442948854081,0.9900000000000007,3.569330066762156,0.9900000000000007,3.562511482762797,0.9900000000000007,3.555171889670424,0.9900000000000007,3.54785851392326,0.9900000000000007,3.540822640461457,0.9900000000000007,3.534171748752907
1.000000000000001,3.152169659249963,1.000000000000001,3.37861403036911,1.000000000000001,3.453762560687673,1.000000000000001,3.491756464577327,1.000000000000001,3.503938464859458,1.000000000000001,3.509128500922163,1.000000000000001,3.510666321824988,1.000000000000001,3.510173940453857,1.000000000000001,3.50851725729235,1.000000000000001,3.503483335195006,1.000000000000001,3.499384004665101,1.000000000000001,3.493407508672313,1.000000000000001,3.48677775158338,1.000000000000001,3.480070733873001,1.000000000000001,3.473558939751141,1.000000000000001,3.467365687015845
1.010000000000001,3.078461360396934,1.010000000000001,3.301683907495943,1.010000000000001,3.377457819531179,1.010000000000001,3.416471577826188,1.010000000000001,3.430129548839923,1.010000000000001,3.436556963800164,1.010000000000001,3.439143473005891,1.010000000000001,3.439551226119051,1.010000000000001,3.438676340403814,1.010000000000001,3.434936172823981,1.010000000000001,3.431792393913521,1.010000000000001,3.426612011446842,1.010000000000001,3.420654579322607,1.010000000000001,3.414522626497475,1.010000000000001,3.408508342887831,1.010000000000001,3.402749847503455
1.020000000000001,3.007618618148401,1.020000000000001,3.227641775301955,1.020000000000001,3.303936293757757,1.020000000000001,3.343875810040533,1.020000000000001,3.35891416493263,1.020000000000001,3.36650403245414,1.020000000000001,3.370078751533211,1.020000000000001,3.371336643746689,1.020000000000001,3.371201420532385,1.020000000000001,3.368687639074389,1.020000000000001,3.366444815546748,1.020000000000001,3.362017216183562,1.020000000000001,3.356696729458362,1.020000000000001,3.35111031330954,1.020000000000001,3.34556846275884,1.020000000000001,3.340223123514326
1.030000000000001,2.939494980144268,1.030000000000001,3.15634377441604,1.030000000000001,3.233061745429386,1.030000000000001,3.273838994492115,1.030000000000001,3.290167933756607,1.030000000000001,3.298849725944511,1.030000000000001,3.303355655126278,1.030000000000001,3.305416527131673,1.030000000000001,3.305981198769682,1.030000000000001,3.304630186243826,1.030000000000001,3.303236936249544,1.030000000000001,3.29952129085337,1.030000000000001,3.294804388045036,1.030000000000001,3.289735652025433,1.030000000000001,3.28464256977102,1.030000000000001,3.279689998250534
1.040000000000001,2.873952629210679,1.040000000000001,3.087654341177073,1.040000000000001,3.164705696521054,1.040000000000001,3.206238319451892,1.040000000000001,3.223773453563043,1.040000000000001,3.233480756729853,1.040000000000001,3.23886415108188,1.040000000000001,3.241683497585286,1.040000000000001,3.242910511959933,1.040000000000001,3.242662162205088,1.040000000000001,3.24207013476416,1.040000000000001,3.239027976982698,1.040000000000001,3.234883204800308,1.040000000000001,3.230305873776181,1.040000000000001,3.225639231769947,1.040000000000001,3.221060187193167
1.050000000000001,2.810861851096919,1.050000000000001,3.021445707324037,1.050000000000001,3.098746963027845,1.050000000000001,3.14095788681958,1.050000000000001,3.159619880981625,1.050000000000001,3.17029012787014,1.050000000000001,3.176500286320422,1.050000000000001,3.18003608435016,1.050000000000001,3.18188996170094,1.050000000000001,3.182687452878282,1.050000000000001,3.18285115091043,1.050000000000001,3.180446243491366,1.050000000000001,3.176843950832928,1.050000000000001,3.172733244146042,1.050000000000001,3.168471977982297,1.050000000000001,3.164248304637869
1.060000000000001,2.750100531865006,1.060000000000001,2.957597426776865,1.060000000000001,3.035071214577995,1.060000000000001,3.077888295216958,1.060000000000001,3.097602535407817,1.060000000000001,3.109176753214101,1.060000000000001,3.116165819868668,1.060000000000001,3.120378366982219,1.060000000000001,3.122825564902095,1.060000000000001,3.124615145569904,1.060000000000001,3.125491755963805,1.060000000000001,3.123689962253045,1.060000000000001,3.120602198350512,1.060000000000001,3.116934746368549,1.060000000000001,3.113058985234718,1.060000000000001,3.109173552583989
1.070000000000001,2.691553684148968,1.070000000000001,2.895995928863568,1.070000000000001,2.973570558841421,1.070000000000001,3.016926246774573,1.070000000000001,3.037622526173522,1.070000000000001,3.050045099659211,1.070000000000001,3.057767876831488,1.070000000000001,3.06261963872741,1.070000000000001,3.065628424908339,1.070000000000001,3.0683592121616,1.070000000000001,3.069908443166355,1.070000000000001,3.068677604002649,1.070000000000001,3.066078020861784,1.070000000000001,3.062831785111168,1.070000000000001,3.059322784817288,1.070000000000001,3.055759430295619
1.080000000000001,2.635113001331786,1.080000000000001,2.836534097186592,1.080000000000001,2.914143149896604,1.080000000000001,2.957974176739592,1.080000000000001,2.979586401573779,1.080000000000001,2.992804850522736,1.080000000000001,3.001218622869253,1.080000000000001,3.006674089894213,1.080000000000001,3.010214422179815,1.080000000000001,3.013838211123253,1.080000000000001,3.016022137177099,1.080000000000001,3.015331953275218,1.080000000000001,3.013195712466677,1.080000000000001,3.010349909374436,1.080000000000001,3.007189988464261,1.080000000000001,3.003933462967071
1.090000000000001,2.580676438564812,1.090000000000001,2.779110873201083,1.090000000000001,2.856692819626941,1.090000000000001,2.900939904964193,1.090000000000001,2.923405818776686,1.090000000000001,2.937370589033071,1.090000000000001,2.946434958179171,1.090000000000001,2.952460510213348,1.090000000000001,2.956503923514249,1.090000000000001,2.960975007329068,1.090000000000001,2.963757921305535,1.090000000000001,2.963579841120133,1.090000000000001,2.961883524904654,1.090000000000001,2.959418553119422,1.090000000000001,2.956591032024134,1.090000000000001,2.95362694803097
1.100000000000001,2.528147819472492,1.100000000000001,2.723630883494973,1.100000000000001,2.801128731157441,1.100000000000001,2.845736308288939,1.100000000000001,2.868997233619108,1.100000000000001,2.883661500938709,1.100000000000001,2.893338229975831,1.100000000000001,2.899902009179437,1.100000000000001,2.904421508805576,1.100000000000001,2.909696508668518,1.100000000000001,2.913044781411426,1.100000000000001,2.913351894393552,1.100000000000001,2.912073421103435,1.100000000000001,2.909970792320575,1.100000000000001,2.907459935479903,1.100000000000001,2.904774717742628
1.110000000000001,2.477436467334062,1.110000000000001,2.670004089705979,1.110000000000001,2.747365053305456,1.110000000000001,2.792281012813047,1.110000000000001,2.816281609283241,1.110000000000001,2.831601095234352,1.110000000000001,2.841853962475083,1.110000000000001,2.848925753382262,1.110000000000001,2.85389571434991,1.110000000000001,2.859933418464716,1.110000000000001,2.86381536539721,1.110000000000001,2.864582300489624,1.110000000000001,2.863700844039288,1.110000000000001,2.861943117216539,1.110000000000001,2.85973407806332,1.110000000000001,2.857314916761321
1.120000000000001,2.428456859508759,1.120000000000001,2.618145459982455,1.120000000000001,2.695320655003198,1.120000000000001,2.740496105037191,1.120000000000001,2.765184142853677,1.120000000000001,2.78111694201593,1.120000000000001,2.791911603402967,1.120000000000001,2.79946271985718,1.120000000000001,2.804858791732887,1.120000000000001,2.811620002738231,1.120000000000001,2.816005757261555,1.120000000000001,2.817208586425714,1.120000000000001,2.816704499783224,1.120000000000001,2.81527521860209,1.120000000000001,2.813353987281392,1.120000000000001,2.811188793527062
1.130000000000001,2.381128303868114,1.130000000000001,2.567974660884503,1.130000000000001,2.644918818649107,1.130000000000001,2.690307860870444,1.130000000000001,2.715634008770944,1.130000000000001,2.732140426498352,1.130000000000001,2.743444286076601,1.130000000000001,2.751447464510802,1.130000000000001,2.75724648136173,1.130000000000001,2.764693871384078,1.130000000000001,2.769555264726268,1.130000000000001,2.771171411249933,1.130000000000001,2.771026153666752,1.130000000000001,2.769909787067808,1.130000000000001,2.76826314074036,1.130000000000001,2.766340504301326
1.140000000000001,2.335374636010662,1.140000000000001,2.519415768627059,1.140000000000001,2.596086971356685,1.140000000000001,2.641646491511292,1.140000000000001,2.667564118220562,1.140000000000001,2.684606518256707,1.140000000000001,2.696388606133797,1.140000000000001,2.704817904710402,1.140000000000001,2.710997799736816,1.140000000000001,2.719095772361212,1.140000000000001,2.724406219490513,1.140000000000001,2.726414370787705,1.140000000000001,2.726610438554635,1.140000000000001,2.725792324151108,1.140000000000001,2.724407779711804,1.140000000000001,2.72271692880063
1.150000000000001,2.291123936058737,1.150000000000001,2.472396998585054,1.150000000000001,2.548756433091228,1.150000000000001,2.594445905236949,1.150000000000001,2.620910893526653,1.150000000000001,2.638453554784251,1.150000000000001,2.650684412022291,1.150000000000001,2.659515115159417,1.150000000000001,2.666054839592886,1.150000000000001,2.674769398026483,1.150000000000001,2.680503789206848,1.150000000000001,2.68288381379008,1.150000000000001,2.683404674260662,1.150000000000001,2.682870964413158,1.150000000000001,2.681736733437386,1.150000000000001,2.680267496404677
1.160000000000001,2.248308263872737,1.160000000000001,2.426850452006922,1.160000000000001,2.502862180713806,1.160000000000001,2.548643484166458,1.160000000000001,2.575614056652731,1.160000000000001,2.593623038496223,1.160000000000001,2.606274608395423,1.160000000000001,2.615483136217863,1.160000000000001,2.622362582075094,1.160000000000001,2.631661202778524,1.160000000000001,2.637795800312226,1.160000000000001,2.640528668587582,1.160000000000001,2.641358697185482,1.160000000000001,2.641096307499411,1.160000000000001,2.640201253212489,1.160000000000001,2.638944021964223
1.170000000000001,2.206863411557639,1.170000000000001,2.382711878916469,1.170000000000001,2.458342626985729,1.170000000000001,2.504179875098213,1.170000000000001,2.531616430949414,1.170000000000001,2.550059446345785,1.170000000000001,2.56310497159929,1.170000000000001,2.572668793864191,1.170000000000001,2.579868720151908,1.170000000000001,2.589720231209388,1.170000000000001,2.596232570882122,1.170000000000001,2.599300279390264,1.170000000000001,2.60042469929259,1.170000000000001,2.600421259278859,1.170000000000001,2.59975485532487,1.170000000000001,2.59870055026878
1.180000000000001,2.166728672184274,1.180000000000001,2.339920456221977,1.180000000000001,2.415139413624928,1.180000000000001,2.460998793560483,1.180000000000001,2.488863755327327,1.180000000000001,2.5077100512574,1.180000000000001,2.521123976474113,1.180000000000001,2.531021530531925,1.180000000000001,2.538523492502628,1.180000000000001,2.54889795599336,1.180000000000001,2.55576675270901,1.180000000000001,2.559152251407152,1.180000000000001,2.560557075569832,1.180000000000001,2.560800881185982,1.180000000000001,2.560353171952316,1.180000000000001,2.559493208259915
1.190000000000001,2.127846623695106,1.190000000000001,2.298418580092842,1.190000000000001,2.373197217545744,1.190000000000001,2.419046840253287,1.190000000000001,2.447304510073191,1.190000000000001,2.466524754622446,1.190000000000001,2.480282633732047,1.190000000000001,2.490493246092258,1.190000000000001,2.498279527152596,1.190000000000001,2.509148124772025,1.190000000000001,2.516353181835279,1.190000000000001,2.520040303984951,1.190000000000001,2.521712279148095,1.190000000000001,2.522192246911508,1.190000000000001,2.52195380914197,1.190000000000001,2.521280064092029
1.200000000000001,2.090162927017425,1.200000000000001,2.258151671707936,1.200000000000001,2.332463569455759,1.200000000000001,2.378273329100689,1.200000000000001,2.406889753566957,1.200000000000001,2.426455929140098,1.200000000000001,2.440534337210175,1.200000000000001,2.451038148289288,1.200000000000001,2.45909169416359,1.200000000000001,2.470426615322766,1.200000000000001,2.477948736795783,1.200000000000001,2.481922130988224,1.200000000000001,2.483848683267296,1.200000000000001,2.484554305602074,1.200000000000001,2.484516211003976,1.200000000000001,2.4840209921483
1.210000000000001,2.053626137456009,1.210000000000001,2.219067995525686,1.210000000000001,2.292888684025077,1.210000000000001,2.338630126173074,1.210000000000001,2.367572969197715,1.210000000000001,2.387458271326383,1.210000000000001,2.401834720335856,1.210000000000001,2.412612611970653,1.210000000000001,2.420916966719122,1.210000000000001,2.432691298323115,1.210000000000001,2.440512203846943,1.210000000000001,2.444757267659257,1.210000000000001,2.446926449290295,1.210000000000001,2.447847750734238,1.210000000000001,2.448001529252556,1.210000000000001,2.447677543115156
1.220000000000001,2.01818752849066,1.220000000000001,2.181118489269472,1.220000000000001,2.254425300886157,1.220000000000001,2.300071498779677,1.220000000000001,2.32930992181469,1.220000000000001,2.349488663050256,1.220000000000001,2.364141521176384,1.220000000000001,2.375175046489204,1.220000000000001,2.383714289975895,1.220000000000001,2.395901907046414,1.220000000000001,2.404004148476061,1.220000000000001,2.408506963206463,1.220000000000001,2.410907399969206,1.220000000000001,2.412034893825219,1.220000000000001,2.412372497217578,1.220000000000001,2.412212818202127
1.230000000000001,1.983800927153616,1.230000000000001,2.144256604868392,1.230000000000001,2.217028535763637,1.230000000000001,2.262553974071145,1.230000000000001,2.29205852308788,1.230000000000001,2.312506041492801,1.230000000000001,2.327414455480023,1.230000000000001,2.338685770684072,1.230000000000001,2.347444457081257,1.230000000000001,2.360019913344347,1.230000000000001,2.368386792497496,1.230000000000001,2.373134058374731,1.230000000000001,2.375754897164802,1.230000000000001,2.377079542130588,1.230000000000001,2.377593307429658,1.230000000000001,2.377591346566559
1.240000000000001,1.950422560212056,1.240000000000001,2.108438159636062,1.240000000000001,2.180655741074322,1.240000000000001,2.22603620653029,1.240000000000001,2.25577870518925,1.240000000000001,2.276471276960784,1.240000000000001,2.291615097148082,1.240000000000001,2.303106894880089,1.240000000000001,2.31206999178443,1.240000000000001,2.325008409289806,1.240000000000001,2.333623896051171,1.240000000000001,2.338602867250042,1.240000000000001,2.341433723207913,1.240000000000001,2.342946879457306,1.240000000000001,2.34362949185055,1.240000000000001,2.34377896496208
1.250000000000001,1.918010910427646,1.250000000000001,2.073621197013681,1.250000000000001,2.145266375376808,1.250000000000001,2.190478853766607,1.250000000000001,2.220432302240798,1.250000000000001,2.241347058017999,1.250000000000001,2.256706765609642,1.250000000000001,2.268402209372693,1.250000000000001,2.277555037094119,1.250000000000001,2.290831993868393,1.250000000000001,2.299680643823114,1.250000000000001,2.304879062543109,1.250000000000001,2.307909965072882,1.250000000000001,2.309603349190053,1.250000000000001,2.310447803778482,1.250000000000001,2.310742698577132
1.260000000000001,1.886526582212274,1.260000000000001,2.039765856244085,1.260000000000001,2.110821881088162,1.260000000000001,2.155844460065637,1.260000000000001,2.185982939009409,1.260000000000001,2.207097783431023,1.260000000000001,2.222654419599408,1.260000000000001,2.234537078893579,1.260000000000001,2.243865249459181,1.260000000000001,2.25745666411992,1.260000000000001,2.266523534808994,1.260000000000001,2.271929563585023,1.260000000000001,2.275150900507112,1.260000000000001,2.277016538588972,1.260000000000001,2.278016100405903,1.260000000000001,2.278450641965582
1.270000000000001,1.855932176042212,1.270000000000001,2.006834250383871,1.270000000000001,2.077285569921484,1.270000000000001,2.122097347178552,1.270000000000001,2.152395926360311,1.270000000000001,2.173689460455517,1.270000000000001,2.189424556868449,1.270000000000001,2.201478342577076,1.270000000000001,2.210967697970828,1.270000000000001,2.22484971014266,1.270000000000001,2.234120274939762,1.270000000000001,2.239722426251084,1.270000000000001,2.243124885228959,1.270000000000001,2.245155063370617,1.270000000000001,2.246303224945917,1.270000000000001,2.246871838896606
1.280000000000001,1.826192171034844,1.280000000000001,1.974790352097446,1.280000000000001,2.04462251553247,1.280000000000001,2.089203511869475,1.280000000000001,2.119638163011762,1.280000000000001,2.141089609017847,1.280000000000001,2.156985119383578,1.280000000000001,2.16919421897212,1.280000000000001,2.178830768105785,1.280000000000001,2.192979613383843,1.280000000000001,2.202439671885325,1.280000000000001,2.208226734010197,1.280000000000001,2.211801240271129,1.280000000000001,2.213988451532382,1.280000000000001,2.215278887177164,1.280000000000001,2.21597615987014
1.290000000000001,1.79727281513209,1.290000000000001,1.943599886713526,1.290000000000001,2.01279945289633,1.290000000000001,2.057130529769279,1.290000000000001,2.087678043162099,1.290000000000001,2.109267171374479,1.290000000000001,2.125305403596736,1.290000000000001,2.137654215667224,1.290000000000001,2.147424069550081,1.290000000000001,2.161815947651329,1.290000000000001,2.171451531350107,1.290000000000001,2.177412489279247,1.290000000000001,2.18115013851207,1.290000000000001,2.183487025329827,1.290000000000001,2.184913541190282,1.290000000000001,2.185734175963024
1.300000000000001,1.769142022371236,1.300000000000001,1.913230232058278,1.300000000000001,1.981784683967272,1.300000000000001,2.025847465113297,1.300000000000001,2.056485369587558,1.300000000000001,2.078192426856564,1.300000000000001,2.09435597538974,1.300000000000001,2.106829043118652,1.300000000000001,2.116718347662447,1.300000000000001,2.131329282296269,1.300000000000001,2.141126554176449,1.300000000000001,2.147250504249175,1.300000000000001,2.151142489410013,1.300000000000001,2.153621780273591,1.300000000000001,2.155178259062369,1.300000000000001,2.15611702760119
1.310000000000001,1.741769276760223,1.310000000000001,1.883650324611448,1.310000000000001,1.951547989202157,1.310000000000001,1.99532478596815,1.310000000000001,2.026031271835389,1.310000000000001,2.047836911332238,1.310000000000001,2.064108589323439,1.310000000000001,2.076690532293455,1.310000000000001,2.086685398158074,1.310000000000001,2.101491087036984,1.310000000000001,2.111436233582948,1.310000000000001,2.117712290349954,1.310000000000001,2.121749820943386,1.310000000000001,2.124364259990365,1.310000000000001,2.12604459915345,1.310000000000001,2.127096286811939
1.320000000000001,1.715125542306703,1.320000000000001,1.854830571562239,1.320000000000001,1.922060544557906,1.320000000000001,1.965534284578553,1.320000000000001,1.996288129160354,1.320000000000001,2.01817334104205,1.320000000000001,2.034536111841874,1.320000000000001,2.047211555761673,1.320000000000001,2.057297984615647,1.320000000000001,2.072273637925603,1.320000000000001,2.082352751893691,1.320000000000001,2.088769945546181,1.320000000000001,2.092944157781745,1.320000000000001,2.095686425810422,1.320000000000001,2.097484467735154,1.320000000000001,2.098643811525838
1.330000000000001,1.689183178781128,1.330000000000001,1.826742768369629,1.330000000000001,1.893294843597722,1.330000000000001,1.936449002489492,1.330000000000001,1.967229497876422,1.330000000000001,1.989175540484849,1.330000000000001,2.005612448105494,1.330000000000001,2.018365951895696,1.330000000000001,2.028529758438088,1.330000000000001,2.043649924006763,1.330000000000001,2.053848876170189,1.330000000000001,2.060396038719701,1.330000000000001,2.06469789478644,1.330000000000001,2.067560520029898,1.330000000000001,2.069469972760734,1.330000000000001,2.070731590610859
1.340000000000001,1.663915862824114,1.340000000000001,1.799360021459731,1.340000000000001,1.865224624366183,1.340000000000001,1.908043160121939,1.340000000000001,1.938830042816455,1.340000000000001,1.960818374053349,1.340000000000001,1.977312472148978,1.340000000000001,1.990128451860013,1.340000000000001,2.000355180930343,1.340000000000001,2.015593554291298,1.340000000000001,2.025897852256419,1.340000000000001,2.03256349052419,1.340000000000001,2.036983665101127,1.340000000000001,2.039958921993331,1.340000000000001,2.041973268819418,1.340000000000001,2.043331578593497
1.350000000000001,1.639298514034701,1.350000000000001,1.772656675716139,1.350000000000001,1.837824800715613,1.350000000000001,1.88029209050157,1.350000000000001,1.911065472613564,1.350000000000001,1.933077681139055,1.350000000000001,1.949611960082965,1.350000000000001,1.962474609105214,1.350000000000001,1.972749447201267,1.350000000000001,1.98807866477776,1.350000000000001,1.998473296910943,1.350000000000001,2.005245450320774,1.350000000000001,2.009774202385273,1.350000000000001,2.012853996507121,1.350000000000001,2.014966392759459,1.350000000000001,2.016415519539428
1.360000000000001,1.615307225701297,1.360000000000001,1.746608246444326,1.360000000000001,1.811071397788192,1.360000000000001,1.853172176860259,1.360000000000001,1.883912478537072,1.360000000000001,1.905930214447241,1.360000000000001,1.922487526084321,1.360000000000001,1.935380731114919,1.360000000000001,1.945688411652474,1.360000000000001,1.961079825418091,1.360000000000001,1.971549087955618,1.360000000000001,1.978415169170707,1.360000000000001,1.983042197232716,1.360000000000001,1.986217934713251,1.360000000000001,1.988421090215465,1.360000000000001,1.989954760450866
1.370000000000001,1.591919199861833,1.370000000000001,1.721191355511866,1.370000000000001,1.784941491377402,1.370000000000001,1.826660793849139,1.370000000000001,1.857348676634754,1.370000000000001,1.879353581282716,1.370000000000001,1.895916560946807,1.370000000000001,1.908823813198751,1.370000000000001,1.91914851489478,1.370000000000001,1.934571947161032,1.370000000000001,1.945099252758496,1.370000000000001,1.952045869428644,1.370000000000001,1.956760148585194,1.370000000000001,1.960022588532799,1.370000000000001,1.962308634471706,1.370000000000001,1.963920055949808
1.380000000000001,1.569112686400542,1.380000000000001,1.69638367138705,1.380000000000001,1.759413150912245,1.380000000000001,1.800736252119226,1.380000000000001,1.831352552951012,1.380000000000001,1.853326187589738,1.380000000000001,1.86987717299603,1.380000000000001,1.882781474179599,1.380000000000001,1.89310671203527,1.380000000000001,1.908530189544472,1.380000000000001,1.919097855938497,1.380000000000001,1.926110612330303,1.380000000000001,1.930900212111593,1.380000000000001,1.934239301274668,1.380000000000001,1.936599640911116,1.380000000000001,1.938281368162451
1.390000000000001,1.546866925909996,1.390000000000001,1.672163852817969,1.390000000000001,1.734465385824115,1.390000000000001,1.775377746042815,1.390000000000001,1.805903411607606,1.390000000000001,1.827827184550314,1.390000000000001,1.844348131210144,1.390000000000001,1.857231893895227,1.390000000000001,1.867540402418425,1.390000000000001,1.882929869781685,1.390000000000001,1.893518887994889,1.390000000000001,1.900582166196501,1.390000000000001,1.905434049209669,1.390000000000001,1.908838739171562,1.390000000000001,1.911263882948811,1.390000000000001,1.913007668846545
1.400000000000001,1.525162096065593,1.400000000000001,1.64851149591121,1.400000000000001,1.710078095072945,1.400000000000001,1.750565304364356,1.400000000000001,1.780981325551294,1.400000000000001,1.802836417571509,1.400000000000001,1.819308810432626,1.400000000000001,1.832153752526462,1.400000000000001,1.842427361092674,1.400000000000001,1.857746374936014,1.400000000000001,1.868336157701957,1.400000000000001,1.875432879602184,1.400000000000001,1.880332682660034,1.400000000000001,1.883790731648504,1.400000000000001,1.886270119065005,1.400000000000001,1.888066755174711
1.410000000000001,1.503979261278089,1.410000000000001,1.625407084386201,1.410000000000001,1.68623201962482,1.410000000000001,1.726279743583976,1.410000000000001,1.756567089789202,1.410000000000001,1.778334377517697,1.410000000000001,1.794739138618535,1.410000000000001,1.807526171884349,1.410000000000001,1.817745672524804,1.410000000000001,1.832955079653033,1.410000000000001,1.843523192654079,1.410000000000001,1.850634566204065,1.410000000000001,1.855566368180364,1.410000000000001,1.859064132243079,1.410000000000001,1.861585945548343,1.410000000000001,1.863425096434775
1.420000000000001,1.483300325405762,1.420000000000001,1.602831942797001,1.420000000000001,1.662908697686551,1.420000000000001,1.702502623891536,1.420000000000001,1.732642176950352,1.420000000000001,1.754302154075901,1.420000000000001,1.770619546125088,1.420000000000001,1.783328658944725,1.420000000000001,1.793473667416159,1.420000000000001,1.808531273069758,1.420000000000001,1.819053154380409,1.420000000000001,1.826158410999446,1.420000000000001,1.831104495321537,1.420000000000001,1.834626717409498,1.420000000000001,1.837177695957307,1.420000000000001,1.839047736326664
1.430000000000001,1.463107987322918,1.430000000000001,1.580768192526728,1.430000000000001,1.640090422516694,1.430000000000001,1.679216207481872,1.430000000000001,1.709188695029413,1.430000000000001,1.730721391177155,1.430000000000001,1.746930917142179,1.430000000000001,1.759541052119612,1.430000000000001,1.769589863905999,1.430000000000001,1.784450099991879,1.430000000000001,1.794898777036379,1.430000000000001,1.801974911657734,1.430000000000001,1.806915536341742,1.430000000000001,1.810445146920556,1.430000000000001,1.813010415990618,1.430000000000001,1.81489828431324
1.440000000000001,1.443385699156673,1.440000000000001,1.559198710374573,1.440000000000001,1.617760202644615,1.440000000000001,1.656403419094692,1.440000000000001,1.686189347187914,1.440000000000001,1.707574244439972,1.440000000000001,1.72365454346648,1.440000000000001,1.736143471012493,1.440000000000001,1.746072915002206,1.440000000000001,1.760686523251726,1.440000000000001,1.771032341825334,1.440000000000001,1.778053873159137,1.440000000000001,1.782967067703424,1.440000000000001,1.78648501688059,1.440000000000001,1.789047950877458,1.440000000000001,1.790939038844809
1.450000000000001,1.42411762701568,1.450000000000001,1.538107089566167,1.450000000000001,1.595901724340258,1.450000000000001,1.634047808635502,1.450000000000001,1.663627393507758,1.450000000000001,1.684843340651182,1.450000000000001,1.700772080956864,1.450000000000001,1.713116270729987,1.450000000000001,1.722901564774125,1.450000000000001,1.737215316316282,1.450000000000001,1.747425702895745,1.450000000000001,1.754364479000745,1.450000000000001,1.759225895105091,1.450000000000001,1.762711043592064,1.450000000000001,1.765253190298302,1.450000000000001,1.767131293573431
1.460000000000001,1.4052886140483,1.460000000000001,1.517477603031022,1.460000000000001,1.574499316188849,1.460000000000001,1.612133515745345,1.460000000000001,1.641486614614773,1.460000000000001,1.662511739361067,1.460000000000001,1.67826550917529,1.460000000000001,1.69044000222953,1.460000000000001,1.700054616697081,1.460000000000001,1.714011097613865,1.460000000000001,1.724050384197252,1.460000000000001,1.730875467029985,1.460000000000001,1.735658318357756,1.460000000000001,1.739087422013273,1.460000000000001,1.74158852098071,1.460000000000001,1.743435882071014
1.470000000000001,1.386884145677756,1.470000000000001,1.497295168800544,1.470000000000001,1.553537915633867,1.470000000000001,1.590645236199107,1.470000000000001,1.619751277114251,1.470000000000001,1.640562896741722,1.470000000000001,1.65611709492419,1.470000000000001,1.66809538067936,1.470000000000001,1.677510918550297,1.470000000000001,1.691048420472431,1.470000000000001,1.700877770055941,1.470000000000001,1.707555441363995,1.470000000000001,1.712230575070352,1.470000000000001,1.715578403666672,1.470000000000001,1.7180165360853,1.470000000000001,1.719814012941822
1.480000000000001,1.368890316873109,1.480000000000001,1.47754531739065,1.480000000000001,1.533003037361713,1.480000000000001,1.56956819002444,1.480000000000001,1.598406100808627,1.480000000000001,1.618980631946713,1.480000000000001,1.634309360641098,1.480000000000001,1.646063264401706,1.480000000000001,1.655249369420787,1.480000000000001,1.668301934605787,1.480000000000001,1.67787941405297,1.480000000000001,1.684373352047924,1.480000000000001,1.688909499318409,1.480000000000001,1.692149132035536,1.480000000000001,1.69450103894875,1.480000000000001,1.696228430555772
1.490000000000001,1.351293801324789,1.490000000000001,1.458214161041931,1.490000000000001,1.512880743409637,1.490000000000001,1.548888091244581,1.490000000000001,1.577436227699824,1.490000000000001,1.597749096315058,1.490000000000001,1.612825058914037,1.490000000000001,1.624324647657759,1.490000000000001,1.633248955591195,1.490000000000001,1.645746636097087,1.490000000000001,1.655027489703604,1.490000000000001,1.661299168694734,1.490000000000001,1.665663419948565,1.490000000000001,1.668766754727978,1.490000000000001,1.671008352226782,1.490000000000001,1.672644902252067
1.5,1.334081822401716,1.5,1.439288364699082,1.5,1.493157614887469,1.5,1.528591119161417,1.5,1.55682719281542,1.5,1.576852745890736,1.5,1.591647154733985,1.5,1.602860671292726,1.5,1.611488823266905,1.5,1.623358221887305,1.5,1.632295400606756,1.5,1.63830476066996,1.5,1.642463299768489,1.5,1.645401797814444,1.5,1.647508899215223,1.5,1.649033978777665
