nch18_Vdsat  (ll=2e-07) X,nch18_Vdsat  (ll=2e-07) Y,nch18_Vdsat  (ll=3e-07) X,nch18_Vdsat  (ll=3e-07) Y,nch18_Vdsat  (ll=4e-07) X,nch18_Vdsat  (ll=4e-07) Y,nch18_Vdsat  (ll=5e-07) X,nch18_Vdsat  (ll=5e-07) Y,nch18_Vdsat  (ll=6e-07) X,nch18_Vdsat  (ll=6e-07) Y,nch18_Vdsat  (ll=7e-07) X,nch18_Vdsat  (ll=7e-07) Y,nch18_Vdsat  (ll=8e-07) X,nch18_Vdsat  (ll=8e-07) Y,nch18_Vdsat  (ll=9e-07) X,nch18_Vdsat  (ll=9e-07) Y,nch18_Vdsat  (ll=1e-06) X,nch18_Vdsat  (ll=1e-06) Y,nch18_Vdsat  (ll=1.2e-06) X,nch18_Vdsat  (ll=1.2e-06) Y,nch18_Vdsat  (ll=1.4e-06) X,nch18_Vdsat  (ll=1.4e-06) Y,nch18_Vdsat  (ll=1.6e-06) X,nch18_Vdsat  (ll=1.6e-06) Y,nch18_Vdsat  (ll=1.8e-06) X,nch18_Vdsat  (ll=1.8e-06) Y,nch18_Vdsat  (ll=2e-06) X,nch18_Vdsat  (ll=2e-06) Y,nch18_Vdsat  (ll=2.2e-06) X,nch18_Vdsat  (ll=2.2e-06) Y,nch18_Vdsat  (ll=2.4e-06) X,nch18_Vdsat  (ll=2.4e-06) Y
0,0.04210701242194399,0,0.04285138094060354,0,0.04296851545022681,0,0.04296543404454094,0,0.04293512004001779,0,0.0428990220366824,0,0.04286432621364918,0,0.04283296205555016,0,0.04280519242948919,0,0.04275923546692643,0,0.04223368503435329,0,0.04183886701307975,0,0.04153154108809838,0,0.04128560087481595,0,0.04108436675365019,0,0.04091668963600874
0.01,0.04210703391366369,0.01,0.04285140844985909,0.01,0.04296855230092204,0.01,0.04296548023308157,0.01,0.04293518012407622,0.01,0.04289909554040237,0.01,0.04286441259245834,0.01,0.04283306075256988,0.01,0.04280530289862988,0.01,0.0427593679311218,0.01,0.04223384385778561,0.01,0.041839050068529,0.01,0.04153174644354112,0.01,0.04128582679342786,0.01,0.04108461167845471,0.01,0.0409169521712155
0.02,0.04210706251090534,0.02,0.04285144498049826,0.02,0.04296860119549246,0.02,0.04296554148877767,0.02,0.0429352596575172,0.02,0.04289919271185277,0.02,0.04286452667745407,0.02,0.04283319101331152,0.02,0.04280544861392073,0.02,0.04275954251272511,0.02,0.04223405240169939,0.02,0.0418392897826214,0.02,0.04153201481010344,0.02,0.04128612155908756,0.02,0.04108493082853807,0.02,0.04091729390392543
0.03,0.04210710056021003,0.03,0.04285149348835742,0.03,0.04296866606616723,0.03,0.04296562272096311,0.03,0.04293536492776426,0.03,0.04289932116081071,0.03,0.04286467734126474,0.03,0.04283336291489831,0.03,0.04280564080080173,0.03,0.04275977257677467,0.03,0.04223432619782492,0.03,0.04183960365187107,0.03,0.04153236547525627,0.03,0.04128650609846573,0.03,0.04108534663866987,0.03,0.04091773865961378
0.04,0.04210715116303099,0.04,0.04285155789436774,0.04,0.04296875212676502,0.04,0.04296573043546373,0.04,0.04293550425045548,0.04,0.04289949093770507,0.04,0.04286487629047357,0.04,0.04283358974272548,0.04,0.04280589424889901,0.04,0.04276007571523292,0.04,0.04223468561253178,0.04,0.04184001455505219,0.04,0.04153282360571689,0.04,0.0412870076727682,0.04,0.04108588829385941,0.04,0.04091831739842321
0.05,0.04210721843963074,0.05,0.04285164336811093,0.05,0.04296886626097229,0.05,0.04296587323030676,0.05,0.04293568859236143,0.05,0.04289971527807433,0.05,0.04286513892498808,0.05,0.04283388895891811,0.05,0.04280622838502629,0.05,0.04276047501257891,0.05,0.04223515725669089,0.05,0.04184055229243893,0.05,0.04153342190368577,0.05,0.04128766163781203,0.05,0.04108659358675743,0.05,0.04091907015922945
0.06,0.04210730786468329,0.06,0.04285175676496208,0.06,0.04296901755640387,0.06,0.04296606243035402,0.06,0.04293593236868187,0.06,0.04290001155445463,0.06,0.04286548543691245,0.06,0.04283428344040404,0.06,0.04280666864304785,0.06,0.04276100066081846,0.06,0.04223577581003356,0.06,0.04184125560025568,0.06,0.04153420279517631,0.06,0.04128851379232779,0.06,0.04108751141389032,0.06,0.04092004869401148
0.07000000000000001,0.04210742670257829,0.07000000000000001,0.04285190717154035,0.07000000000000001,0.04296921806235299,0.07000000000000001,0.04296631304708615,0.07000000000000001,0.04293625464857229,0.07000000000000001,0.04290040271540512,0.07000000000000001,0.04286594247080475,0.07000000000000001,0.04283480334998917,0.07000000000000001,0.04280724853450533,0.07000000000000001,0.04276169240008588,0.07000000000000001,0.04223658674530079,0.07000000000000001,0.04184217512697756,0.07000000000000001,0.0415352216323979,0.07000000000000001,0.04128962378686577,0.07000000000000001,0.04108870536991564,0.07000000000000001,0.04092132023159705
0.08,0.04210758458903321,0.08,0.04285210661683321,0.08,0.04296948371410667,0.08,0.04296664492348116,0.08,0.042936680585166,0.08,0.04290091898620084,0.08,0.04286654508106524,0.08,0.04283548833589511,0.08,0.0428080120785563,0.08,0.04276260237494005,0.08,0.04223764949337562,0.08,0.04184337687775761,0.08,0.04153655039218953,0.08,0.04129106905148874,0.08,0.04109025788878088,0.08,0.04092297181506406
0.09,0.04210779430022386,0.09,0.04285237101824061,0.09,0.04296983557663881,0.09,0.04296708427294002,0.09,0.04293724333530596,0.09,0.04290160014915012,0.09,0.04286733935323953,0.09,0.04283639047631996,0.09,0.04280901705208403,0.09,0.0427637989494263,0.09,0.04223904166573816,0.09,0.04184494680108372,0.09,0.04153828259184482,0.09,0.04129295001374163,0.09,0.04109227573574986,0.09,0.04092511604564004
0.09999999999999999,0.04210807276895924,0.09999999999999999,0.04285272142911425,0.09999999999999999,0.04297030148203489,0.09999999999999999,0.04296766570554542,0.09999999999999999,0.04293798658030005,0.09999999999999999,0.04290249853211204,0.09999999999999999,0.04286838583446668,0.09999999999999999,0.04283757812767702,0.09999999999999999,0.04281033923365505,0.09999999999999999,0.04276537168225471,0.09999999999999999,0.04224086453302826,0.09999999999999999,0.04184699672046702,0.09999999999999999,0.04154053963150591,0.09999999999999999,0.04129539681303728,0.09999999999999999,0.04109489706311285,0.09999999999999999,0.0409278984531295
0.11,0.04210844242624225,0.11,0.04285318568190213,0.11,0.04297091818287679,0.11,0.04296843489012842,0.11,0.04293896782835505,0.11,0.04290368291567936,0.11,0.04286976401135072,0.11,0.04283914094084856,0.11,0.04281207792934744,0.11,0.0427674377910849,0.11,0.04224325011391161,0.11,0.04184967198450867,0.11,0.04154347895127111,0.11,0.04129857792057471,0.11,0.04109830045366299,0.11,0.0409315069269271
0.12,0.0421089329705524,0.12,0.04285380055000028,0.12,0.04297173418085973,0.12,0.04296945204615425,0.12,0.04294026273442468,0.12,0.04290524363290676,0.12,0.04287157814420036,0.12,0.04284119638867353,0.12,0.04281436315338807,0.12,0.04277015053786237,0.12,0.04224637032872122,0.12,0.04185316131133372,0.12,0.04154730450198255,0.12,0.04130271118033764,0.12,0.04110271648302567,0.12,0.04093618375789954
0.13,0.042109583698591,0.13,0.04285461458913243,0.13,0.04297281343721933,0.13,0.04297079651813779,0.13,0.04294197074116849,0.13,0.04290729921350955,0.13,0.04287396485400021,0.13,0.04284389823989983,0.13,0.04281736493973744,0.13,0.04277371007744838,0.13,0.04225044878910127,0.13,0.04185770942486304,0.13,0.04155228014875747,0.13,0.04130807791087809,0.13,0.04110844246023582,0.13,0.04094224096538079
0.14,0.04211044657159943,0.14,0.04285569186589722,0.14,0.04297424023231871,0.14,0.04297257275684928,0.14,0.04294422243127727,0.14,0.0429100050211921,0.14,0.04287710296595234,0.14,0.04284744753571877,0.14,0.04282130538406938,0.14,0.04277837745475355,0.14,0.04225577593790775,0.14,0.04186363322593693,0.14,0.04155874677600175,0.14,0.04131504086042798,0.14,0.04111586116067686,0.14,0.04095007974501032
0.15,0.04211159024335484,0.15,0.04285711684355398,0.15,0.04297612551844491,0.15,0.04297491812433438,0.15,0.04294718908741815,0.15,0.0429135644552139,0.15,0.04288122624596244,0.15,0.04285210676538126,0.15,0.04282647417182913,0.15,0.0427844926038923,0.15,0.04226272842600794,0.15,0.04187134241223766,0.15,0.04156714403465224,0.15,0.04132406698219902,0.15,0.04112546454088016,0.15,0.04096021504523754
0.16,0.04211310534189677,0.16,0.04285900077106675,0.16,0.04297861520700216,0.16,0.04297801305432687,0.16,0.04295109509071036,0.16,0.04291824343358986,0.16,0.04288663982934252,0.16,0.04285821811345537,0.16,0.04283324852845351,0.16,0.04279249740465712,0.16,0.04227179381323284,0.16,0.04188136566580068,0.16,0.041578037879754,0.16,0.04133575620135315,0.16,0.04113788362936234,0.16,0.04097330648943659
0.17,0.04211511138113759,0.17,0.04286149002075457,0.17,0.0429819009521475,0.17,0.04298209424274063,0.17,0.04295623394978391,0.17,0.0429243890569895,0.17,0.04289374133380604,0.17,0.04286622685534842,0.17,0.04284211874847206,0.17,0.04280296508498983,0.17,0.04228360190772285,0.17,0.04189438374986561,0.17,0.04159215526381942,0.17,0.04135087756278422,0.17,0.04115392600476549,0.17,0.04099019707334592
0.18,0.04211776578328121,0.18,0.04286477694038555,0.18,0.04298623414195404,0.18,0.04298747171501605,0.18,0.04296298894801127,0.18,0.0429324535630335,0.18,0.04290304787558912,0.18,0.04287671121625983,0.18,0.04285372070174921,0.18,0.04281663751354926,0.18,0.04229896431194563,0.18,0.04191127110382437,0.18,0.04161042759518185,0.18,0.04137041438766381,0.18,0.04117462250420606,0.18,0.04101196129705654
0.19,0.04212127562357609,0.19,0.04286911393600739,0.19,0.04299194398903022,0.19,0.04299455082549653,0.19,0.04297185962508976,0.19,0.04294302492620037,0.19,0.04291523046347896,0.19,0.04289042027289709,0.19,0.04286887698853192,0.19,0.04283447220499478,0.19,0.04231892400065287,0.19,0.04193314776890974,0.19,0.04163404480266771,0.19,0.04139562028855404,0.19,0.04120128501937491,0.19,0.04103996459184567
0.2,0.04212591286789651,0.2,0.04287483168342437,0.2,0.04299946082782105,0.2,0.04300386048675105,0.2,0.04298349557073689,0.2,0.04295686573037683,0.2,0.04293115752363971,0.2,0.04290832175613091,0.2,0.04288864869032313,0.2,0.04285770112331908,0.2,0.04234481700021295,0.2,0.04196144370351897,0.2,0.04166452205512212,0.2,0.04142808808065542,0.2,0.04123557740936353,0.2,0.04107593606359317
0.21,0.04213203406434254,0.21,0.04288236258100123,0.21,0.04300934597443868,0.21,0.04301608919864425,0.21,0.0429987392898212,0.21,0.04297496222585755,0.21,0.04295194958743386,0.21,0.04293166188311292,0.21,0.04291439992087141,0.21,0.04288790359519834,0.21,0.04237834842453841,0.21,0.04199797769814382,0.21,0.04170378130785258,0.21,0.0414698337274314,0.21,0.04127960163428731,0.21,0.04112205662617018
0.2200000000000001,0.04214010567314925,0.2200000000000001,0.04289227080499815,0.2200000000000001,0.04302232978313744,0.2200000000000001,0.0430321307427045,0.2200000000000001,0.04301868018966622,0.2200000000000001,0.0429985857553859,0.2200000000000001,0.04297904742416576,0.2200000000000001,0.04296203956699893,0.2200000000000001,0.04294787757009937,0.2200000000000001,0.04292709575551879,0.2200000000000001,0.04242168519133062,0.2200000000000001,0.04204505312557426,0.2200000000000001,0.04175424983141007,0.2200000000000001,0.04152339740229195,0.2200000000000001,0.04133600112348072,0.2200000000000001,0.04118106447243586
0.2300000000000001,0.04215073647021628,0.2300000000000001,0.04290529060400963,0.2300000000000001,0.04303935982633714,0.2300000000000001,0.04305314169854793,0.2300000000000001,0.04304472199921264,0.2300000000000001,0.0430293689523041,0.2300000000000001,0.04301429606693155,0.2300000000000001,0.04300149746381003,0.2300000000000001,0.04299130867977597,0.2300000000000001,0.04297783887527287,0.2300000000000001,0.04247756759630431,0.2300000000000001,0.04210557255603584,0.2300000000000001,0.0418189776178723,0.2300000000000001,0.04159196343643527,0.2300000000000001,0.04140808303205129,0.2300000000000001,0.04125637942758097
0.2400000000000001,0.04216471872871432,0.2400000000000001,0.04292237475532341,0.2400000000000001,0.0430616614070535,0.2400000000000001,0.04308061319130908,0.2400000000000001,0.04307866610967637,0.2400000000000001,0.04306939920533404,0.2400000000000001,0.0430600471777491,0.2400000000000001,0.04305263221299455,0.2400000000000001,0.04304751769531347,0.2400000000000001,0.04304336852058027,0.2400000000000001,0.04254944144887754,0.2400000000000001,0.04218317271557093,0.2400000000000001,0.04190177493623708,0.2400000000000001,0.04167950023406142,0.2400000000000001,0.04149996029055728,0.2400000000000001,0.04135224692664112
0.2500000000000001,0.04218308014840172,0.2500000000000001,0.04294475537753641,0.2500000000000001,0.04309081283914774,0.2500000000000001,0.0431164594271574,0.2500000000000001,0.04312281334092773,0.2500000000000001,0.04312133175440439,0.2500000000000001,0.04311928191735541,0.2500000000000001,0.04311872579821394,0.2500000000000001,0.04312006524771167,0.2500000000000001,0.04312774561852129,0.2500000000000001,0.04264161150338881,0.2500000000000001,0.04228238020702513,0.2500000000000001,0.04200737016649234,0.2500000000000001,0.04179092001498166,0.2500000000000001,0.04161671305302344,0.2500000000000001,0.04147390098085034
0.2600000000000001,0.04220714872401668,0.2600000000000001,0.04297401950036403,0.2600000000000001,0.04312883802904375,0.2600000000000001,0.04316312552234376,0.2600000000000001,0.04318008636757226,0.2600000000000001,0.04318852428692182,0.2600000000000001,0.04319575576371103,0.2600000000000001,0.04320389901162541,0.2600000000000001,0.04321340897209144,0.2600000000000001,0.04323602895170367,0.2600000000000001,0.04275941527359933,0.2600000000000001,0.04240878667213986,0.2600000000000001,0.04214158620481408,0.2600000000000001,0.04193225631560157,0.2600000000000001,0.04176456714303047,0.2600000000000001,0.04162774342833329
0.2700000000000001,0.04223863286035524,0.2700000000000001,0.04301220185913809,0.2700000000000001,0.04317831875868874,0.2700000000000001,0.04322371674685487,0.2700000000000001,0.04325417432714138,0.2700000000000001,0.04327519386614122,0.2700000000000001,0.0432941653748787,0.2700000000000001,0.04331328635873249,0.2700000000000001,0.04333308493798173,0.2700000000000001,0.04337446617272425,0.2700000000000001,0.04290941380839957,0.2700000000000001,0.04256923947126156,0.2700000000000001,0.04231153104125379,0.2700000000000001,0.04211085440660739,0.2700000000000001,0.04195108423832581,0.2700000000000001,0.04182153381326225
0.2800000000000001,0.04227971895752747,0.2800000000000001,0.04306189719913289,0.2800000000000001,0.04324252855515914,0.2800000000000001,0.04330215040658673,0.2800000000000001,0.0433496997756667,0.2800000000000001,0.04338659523262674,0.2800000000000001,0.04342033539329513,0.2800000000000001,0.04345322917361208,0.2800000000000001,0.04348590536166704,0.2800000000000001,0.04355069693111325,0.2800000000000001,0.04309959246608735,0.2800000000000001,0.04277204035298376,0.2800000000000001,0.04252579443965027,0.2800000000000001,0.04233556604152222,0.2800000000000001,0.04218535472831498,0.2800000000000001,0.0420645803895811
0.2900000000000001,0.04233318826961122,0.2900000000000001,0.04312639378795251,0.2900000000000001,0.04332558894819889,0.2900000000000001,0.04340332996206667,0.2900000000000001,0.04347240593205919,0.2900000000000001,0.04352921675251044,0.2900000000000001,0.04358141984449845,0.2900000000000001,0.04363148004230178,0.2900000000000001,0.04368016422874615,0.2900000000000001,0.04377395706479833,0.2900000000000001,0.04333956011409111,0.2900000000000001,0.04302713997443162,0.2900000000000001,0.0427946380154583,0.2900000000000001,0.04261693529643935,0.2900000000000001,0.04247817950048721,0.2900000000000001,0.04236791802922121
0.3000000000000001,0.04240255390730227,0.3000000000000001,0.04320982865042661,0.3000000000000001,0.04343264703527947,0.3000000000000001,0.04353333838793727,0.3000000000000001,0.04362935884172726,0.3000000000000001,0.04371098637053504,0.3000000000000001,0.04378610835653506,0.3000000000000001,0.0438574067930757,0.3000000000000001,0.04392583727704599,0.3000000000000001,0.04405526714430891,0.3000000000000001,0.04364072965474991,0.3000000000000001,0.04334631068783879,0.3000000000000001,0.04313016062965188,0.3000000000000001,0.0429673569317859,0.3000000000000001,0.04284222163057819,0.3000000000000001,0.04274445359115524
0.3100000000000001,0.04249221719203638,0.3100000000000001,0.04331736302667154,0.3100000000000001,0.043570070362814,0.3100000000000001,0.04369964400962366,0.3100000000000001,0.04382915456039949,0.3100000000000001,0.04394147480716318,0.3100000000000001,0.04404482187681583,0.3100000000000001,0.04414217845272656,0.3100000000000001,0.04423475672805352,0.3100000000000001,0.04440758243186011,0.3100000000000001,0.0440164568156736,0.3100000000000001,0.04374327426313324,0.3100000000000001,0.04354641544832847,0.3100000000000001,0.04340118330525186,0.3100000000000001,0.04329210369921304,0.3100000000000001,0.04320905418834189
0.3200000000000001,0.04260763994280136,0.3200000000000001,0.04345537348281687,0.3200000000000001,0.04374565100126375,0.3200000000000001,0.04391130701458286,0.3200000000000001,0.04408211575247183,0.3200000000000001,0.04423207712605331,0.3200000000000001,0.04436987624582774,0.3200000000000001,0.04449890920805332,0.3200000000000001,0.04462073487552212,0.3200000000000001,0.0448458754568249,0.3200000000000001,0.04448210868633834,0.3200000000000001,0.044233756109423,0.3200000000000001,0.04405945023376781,0.3200000000000001,0.04393475137749551,0.3200000000000001,0.04384442224548388,0.3200000000000001,0.04377854984045142
0.3300000000000001,0.04275552548954979,0.3300000000000001,0.04363164980066322,0.3300000000000001,0.04396880530156407,0.3300000000000001,0.04417916865444263,0.3300000000000001,0.04440045558906136,0.3300000000000001,0.04459614729115162,0.3300000000000001,0.04477558572178878,0.3300000000000001,0.04494273056094281,0.3300000000000001,0.04509960532008239,0.3300000000000001,0.04538711836880236,0.3300000000000001,0.04505502993501009,0.3300000000000001,0.04483543449832691,0.3300000000000001,0.04468723983468969,0.3300000000000001,0.04458629918540924,0.3300000000000001,0.0445176491154689,0.3300000000000001,0.0444716206328756
0.3400000000000001,0.04294399618153924,0.3400000000000001,0.04385558522967578,0.3400000000000001,0.04425074940195404,0.3400000000000001,0.04451599837112881,0.3400000000000001,0.04479838036814462,0.3400000000000001,0.04504905455861535,0.3400000000000001,0.0452782737020756,0.3400000000000001,0.04549075807985976,0.3400000000000001,0.0456891479935333,0.3400000000000001,0.04605013192506135,0.3400000000000001,0.0457543748377162,0.3400000000000001,0.04556775403716091,0.3400000000000001,0.04544948114121517,0.3400000000000001,0.04537574299595196,0.3400000000000001,0.04533189180698749,0.3400000000000001,0.04530854132752289
0.3500000000000001,0.04318274907485713,0.3500000000000001,0.04413833819622742,0.3500000000000001,0.04460462378682774,0.3500000000000001,0.04493656775397523,0.3500000000000001,0.0452920972935651,0.3500000000000001,0.04560812721834549,0.3500000000000001,0.045896156350786,0.3500000000000001,0.04616191944398236,0.3500000000000001,0.04640886621105352,0.3500000000000001,0.04685527344356134,0.3500000000000001,0.04660077906864211,0.3500000000000001,0.04645157896767532,0.3500000000000001,0.04636722764953057,0.3500000000000001,0.04632429378946423,0.3500000000000001,0.04630849288329728,0.3500000000000001,0.04631076484403335
0.3600000000000002,0.04348316494138583,0.3600000000000002,0.04449293789824748,0.3600000000000002,0.0450455343416185,0.3600000000000002,0.04545761606939597,0.3600000000000002,0.0458996923261364,0.3600000000000002,0.04629245042865382,0.3600000000000002,0.04664906875633955,0.3600000000000002,0.04697661692185707,0.3600000000000002,0.04727959276384669,0.3600000000000002,0.04782394885588099,0.3600000000000002,0.04761585804627396,0.3600000000000002,0.04750867501297051,0.3600000000000002,0.04746235434013545,0.3600000000000002,0.04745390570447298,0.3600000000000002,0.04746946294748249,0.3600000000000002,0.04750034086993439
0.3700000000000002,0.04385833991441179,0.3700000000000002,0.04493430073534575,0.3700000000000002,0.0455904742740405,0.3700000000000002,0.04609767229835344,0.3700000000000002,0.0466408472068541,0.3700000000000002,0.04712249278806652,0.3700000000000002,0.04755801445429511,0.3700000000000002,0.04795621150900125,0.3700000000000002,0.0483229186097996,0.3700000000000002,0.04897795436293421,0.3700000000000002,0.0488215386124455,0.3700000000000002,0.04876102843032429,0.3700000000000002,0.04875686360656609,0.3700000000000002,0.04878656929462172,0.3700000000000002,0.0488367620707976,0.3700000000000002,0.04889918643757954
0.3800000000000002,0.04432300578869199,0.3800000000000002,0.04547912221453019,0.3800000000000002,0.04625809328875813,0.3800000000000002,0.04687670548175896,0.3800000000000002,0.04753637655857566,0.3800000000000002,0.04811955219086401,0.3800000000000002,0.04864453832325875,0.3800000000000002,0.0491223376740185,0.3800000000000002,0.04956046137050665,0.3800000000000002,0.05033867925622792,0.3800000000000002,0.05023925606231138,0.3800000000000002,0.05023003570049152,0.3800000000000002,0.05027206743723552,0.3800000000000002,0.05034348666673644,0.3800000000000002,0.05043146859960907,0.3800000000000002,0.05052824917161702
0.3900000000000002,0.04489330651824398,0.3900000000000002,0.04614561217922626,0.3900000000000002,0.04706828972412073,0.3900000000000002,0.04781559035399285,0.3900000000000002,0.04860758605924088,0.3900000000000002,0.04930503504260642,0.3900000000000002,0.04992994864252474,0.3900000000000002,0.05049608474628217,0.3900000000000002,0.05101301852080376,0.3900000000000002,0.05192622884408617,0.3900000000000002,0.05188907489541512,0.3900000000000002,0.05193562276997207,0.3900000000000002,0.05202770580034105,0.3900000000000002,0.05214418966718046,0.3900000000000002,0.05227289775325104,0.3900000000000002,0.05240662683265978
0.4000000000000002,0.04558640709245854,0.4000000000000002,0.04695305206479976,0.4000000000000002,0.04804161923932977,0.4000000000000002,0.04893539872018299,0.4000000000000002,0.04987547951943729,0.4000000000000002,0.0506996112202974,0.4000000000000002,0.05143444252667112,0.4000000000000002,0.0520971086144831,0.4000000000000002,0.05269967639208354,0.4000000000000002,0.05375854885878097,0.4000000000000002,0.05378881318044573,0.4000000000000002,0.05389537327138153,0.4000000000000002,0.05404108065800167,0.4000000000000002,0.05420568074945483,0.4000000000000002,0.0543777499360934,0.4000000000000002,0.05455072337796259
0.4100000000000002,0.04641992813402187,0.4100000000000002,0.04792117237299306,0.4100000000000002,0.04919853934708907,0.4100000000000002,0.05025655620191802,0.4100000000000002,0.05135987203069169,0.4100000000000002,0.05232231479385437,0.4100000000000002,0.05317621381845904,0.4100000000000002,0.0539427589450546,0.4100000000000002,0.05463696408518324,0.4100000000000002,0.05585064355921396,0.4100000000000002,0.05595326089755524,0.4100000000000002,0.05612375473651072,0.4100000000000002,0.05632629356506132,0.4100000000000002,0.05654168358246219,0.4100000000000002,0.05675937500854004,0.4100000000000002,0.05697352701894898
0.4200000000000002,0.04741122470042685,0.4200000000000002,0.04906937546846946,0.4200000000000002,0.05055853910193428,0.4200000000000002,0.05179793338999261,0.4200000000000002,0.05307849156480792,0.4200000000000002,0.05418968041508525,0.4200000000000002,0.0551706367759861,0.4200000000000002,0.05604731587234899,0.4200000000000002,0.05683814496726486,0.4200000000000002,0.05821397430904758,0.4200000000000002,0.05839357758852583,0.4200000000000002,0.05863152635421207,0.4200000000000002,0.05889366856464783,0.4200000000000002,0.05916208328392816,0.4200000000000002,0.05942723062499727,0.4200000000000002,0.05968408666910784
0.4300000000000002,0.04857655749574148,0.4300000000000002,0.05041585903621822,0.4300000000000002,0.05213923131442105,0.4300000000000002,0.05357596265743531,0.4300000000000002,0.05504616512867037,0.4300000000000002,0.05631501078066196,0.4300000000000002,0.0574296169752283,0.4300000000000002,0.05842142175024072,0.4300000000000002,0.0593127245522465,0.4300000000000002,0.06085610300533522,0.4300000000000002,0.06111693337584727,0.4300000000000002,0.06142539073362425,0.4300000000000002,0.06174942071502711,0.4300000000000002,0.0620726143021121,0.4300000000000002,0.06238659031463119,0.4300000000000002,0.06268724015074913
0.4400000000000002,0.04993023271042168,0.4400000000000002,0.05197672234012689,0.4400000000000002,0.05395550303159714,0.4400000000000002,0.05560387959731425,0.4400000000000002,0.05727418218552815,0.4400000000000002,0.05870785802994263,0.4400000000000002,0.05996118105174365,0.4400000000000002,0.06107176814415689,0.4400000000000002,0.06206622389968422,0.4400000000000002,0.06378060955930814,0.4400000000000002,0.06412642369233554,0.4400000000000002,0.06450791908021616,0.4400000000000002,0.064895597815065,0.4400000000000002,0.0652748212744383,0.4400000000000002,0.06563852425105944,0.4400000000000002,0.06598361471469889
0.4500000000000002,0.05148380506155089,0.4500000000000002,0.05376515294286023,0.4500000000000002,0.05601882195485273,0.4500000000000002,0.0578911768498512,0.4500000000000002,0.0597699061254152,0.4500000000000002,0.06137377255933341,0.4500000000000002,0.06276934260595668,0.4500000000000002,0.0640010608819893,0.4500000000000002,0.06510022858067949,0.4500000000000002,0.06698727269866055,0.4500000000000002,0.06742124932904719,0.4500000000000002,0.06787774135603028,0.4500000000000002,0.06833028571996001,0.4500000000000002,0.06876628155279918,0.4500000000000002,0.06918013948924415,0.4500000000000002,0.06956988467911185
0.4600000000000002,0.05324544026827097,0.4600000000000002,0.05579078948526429,0.4600000000000002,0.05833677896934707,0.4600000000000002,0.06044332870455237,0.4600000000000002,0.06253666809963764,0.4600000000000002,0.06431433282341145,0.4600000000000002,0.06585424059107678,0.4600000000000002,0.06720824536222567,0.4600000000000002,0.06841268392593307,0.4600000000000002,0.0704724679487054,0.4600000000000002,0.07099711842134891,0.4600000000000002,0.07152995871291987,0.4600000000000002,0.07204803416210029,0.4600000000000002,0.07254104541234158,0.4600000000000002,0.07300503453532121,0.4600000000000002,0.07343923982226665
0.4700000000000003,0.0552195150287042,0.4700000000000003,0.05805933450501079,0.4700000000000003,0.06091291263062424,0.4700000000000003,0.06326180360780889,0.4700000000000003,0.06557393503132118,0.4700000000000003,0.06752742873719293,0.4700000000000003,0.0692125085008016,0.4700000000000003,0.07068893988498359,0.4700000000000003,0.07199837659362912,0.4700000000000003,0.07422971319891027,0.4700000000000003,0.07484680299890374,0.4700000000000003,0.07545671178037867,0.4700000000000003,0.07604043689875523,0.4700000000000003,0.07659022762974103,0.4700000000000003,0.07710390162481419,0.4700000000000003,0.07758199749721754
0.4800000000000003,0.05740649730912338,0.4800000000000003,0.0605724539452341,0.4800000000000003,0.06374681816836521,0.4800000000000003,0.06634433859303815,0.4800000000000003,0.06887770527743579,0.4800000000000003,0.07100773878018077,0.4800000000000003,0.07283780602687637,0.4800000000000003,0.07443600360466457,0.4800000000000003,0.07584952626451448,0.4800000000000003,0.07825028424377545,0.4800000000000003,0.07896077338626505,0.4800000000000003,0.07964782880745799,0.4800000000000003,0.08029679071534766,0.4800000000000003,0.08090267536785488,0.4800000000000003,0.08146520196980775,0.4800000000000003,0.08198628402278875
0.4900000000000003,0.0598031057393294,0.4900000000000003,0.06332795583088244,0.4900000000000003,0.06683450194955928,0.4900000000000003,0.06968541495369093,0.4900000000000003,0.07244105967690116,0.4900000000000003,0.07474732320708961,0.4900000000000003,0.07672143399041147,0.4900000000000003,0.07844016050663381,0.4900000000000003,0.07995641073861078,0.4900000000000003,0.08252382909774938,0.4900000000000003,0.08332783850295573,0.4900000000000003,0.08409148182869472,0.4900000000000003,0.08480476192440223,0.4900000000000003,0.08546564162193843,0.4900000000000003,0.08607584392052361,0.4900000000000003,0.08663871601092948
0.5000000000000002,0.06240270528117679,0.5000000000000002,0.06632020049302309,0.5000000000000002,0.07016891205933322,0.5000000000000002,0.07327685527096342,0.5000000000000002,0.07625478664409792,0.5000000000000002,0.07873625447630145,0.5000000000000002,0.08085295792985568,0.5000000000000002,0.08269060978413249,0.5000000000000002,0.08430795995986395,0.5000000000000002,0.08703892639609369,0.5000000000000002,0.08793573518194135,0.5000000000000002,0.08877479338206035,0.5000000000000002,0.0895510030603108,0.5000000000000002,0.09026540749306398,0.5000000000000002,0.09092180806274566,0.5000000000000002,0.09152502649744178
0.5100000000000002,0.06519586704995943,0.5100000000000002,0.06954066782737638,0.5100000000000002,0.07374056225455865,0.5100000000000002,0.0771084601203411,0.5100000000000002,0.08030800661202231,0.5100000000000002,0.08296321825555182,0.5100000000000002,0.08522078162939604,0.5100000000000002,0.08717557123187232,0.5100000000000002,0.08889227418799055,0.5100000000000002,0.09178355415069953,0.5100000000000002,0.09277162970370539,0.5100000000000002,0.09368435582379268,0.5100000000000002,0.09452168164270087,0.5100000000000002,0.0952878154986004,0.5100000000000002,0.09598868207748949,0.5100000000000002,0.0966305994694988
0.5200000000000002,0.06817100860866827,0.5200000000000002,0.07297859781540608,0.5200000000000002,0.07753817019705887,0.5200000000000002,0.08116861544662735,0.5200000000000002,0.084588738775266,0.5200000000000002,0.08741603857721898,0.5200000000000002,0.08981263322131691,0.5200000000000002,0.0918827359111799,0.5200000000000002,0.09369704295788567,0.5200000000000002,0.09674545539380956,0.5200000000000002,0.09782251483395007,0.5200000000000002,0.09880664510263171,0.5200000000000002,0.09970290242493036,0.5200000000000002,0.1005186954348497,0.5200000000000002,0.1012620872719201,0.5200000000000002,0.1019408952499347
0.5300000000000002,0.07131503684348339,0.5300000000000002,0.07662162787274862,0.5300000000000002,0.08154924729251586,0.5300000000000002,0.08544482277166139,0.5300000000000002,0.08908437548443557,0.5300000000000002,0.09208210288681029,0.5300000000000002,0.09461594774675865,0.5300000000000002,0.09679961237081504,0.5300000000000002,0.09870986018705753,0.5300000000000002,0.1019124033883902,0.5300000000000002,0.1030755022314964,0.5300000000000002,0.104128327494821,0.5300000000000002,0.1050810210769803,0.5300000000000002,0.1059441806512407,0.5300000000000002,0.1067279948183678,0.5300000000000002,0.1074417651017354
0.5400000000000003,0.07461393370129735,0.5400000000000003,0.08045636937888161,0.5400000000000003,0.08576060017824071,0.5400000000000003,0.08992412761562817,0.5400000000000003,0.09378205115189731,0.5400000000000003,0.09694868212747439,0.5400000000000003,0.09961814733696499,0.5400000000000003,0.1019137740158661,0.5400000000000003,0.103918444313169,0.5400000000000003,0.107272379641974,0.5400000000000003,0.1085180214744823,0.5400000000000003,0.109636469484415,0.5400000000000003,0.1106428589896437,0.5400000000000003,0.1115509242550467,0.5400000000000003,0.112372941247846,0.5400000000000003,0.1131196647487308
0.5500000000000003,0.07805324866236761,0.5500000000000003,0.08446888922336251,0.5500000000000003,0.09015872668203123,0.5500000000000003,0.09459344171148273,0.5500000000000003,0.0986689094319176,0.5500000000000003,0.1020031549957592,0.5500000000000003,0.1048068317095596,0.5500000000000003,0.1072130226876103,0.5500000000000003,0.1093107801082822,0.5500000000000003,0.112813683080163,0.5500000000000003,0.1141379430303531,0.5500000000000003,0.115318667506159,0.5500000000000003,0.1163758355850594,0.5500000000000003,0.1173262314878644,0.5500000000000003,0.1181841594075699,0.5500000000000003,0.1189617830423546
0.5600000000000003,0.08161848446557653,0.5600000000000003,0.08864508438710599,0.5600000000000003,0.09473010754682541,0.5600000000000003,0.09943976898656058,0.5600000000000003,0.1037322832100577,0.5600000000000003,0.1072331534674785,0.5600000000000003,0.1101698974568637,0.5600000000000003,0.1126854876018711,0.5600000000000003,0.1148752015500552,0.5600000000000003,0.1185249895404099,0.5600000000000003,0.119923644203292,0.5600000000000003,0.1211631164357161,0.5600000000000003,0.1222680369219966,0.5600000000000003,0.1232581269970861,0.5600000000000003,0.12414964356912,0.5600000000000003,0.1249561044606732
0.5700000000000003,0.08529538013550114,0.5700000000000003,0.09297095461334795,0.5700000000000003,0.09946140738323041,0.5700000000000003,0.1044503532739983,0.5700000000000003,0.1089598068562839,0.5700000000000003,0.1126266494201156,0.5700000000000003,0.1156956057499658,0.5700000000000003,0.118319678776263,0.5700000000000003,0.1206004342550849,0.5700000000000003,0.1243953787229161,0.5700000000000003,0.1258640357686866,0.5700000000000003,0.1271586348048088,0.5700000000000003,0.1283082386904484,0.5700000000000003,0.1293353751529994,0.5700000000000003,0.1302581668537219,0.5700000000000003,0.1310914235857138
0.5800000000000003,0.08907010618622507,0.5800000000000003,0.09743278869365571,0.5800000000000003,0.1043396042058522,0.5800000000000003,0.1096127682114689,0.5800000000000003,0.1143394805653473,0.5800000000000003,0.118172001157627,0.5800000000000003,0.1213726161357142,0.5800000000000003,0.1241045115080398,0.5800000000000003,0.126475612983017,0.5800000000000003,0.1304143422538324,0.5800000000000003,0.1319485640074435,0.5800000000000003,0.1332946620068221,0.5800000000000003,0.1344858991655904,0.5800000000000003,0.1355474691366363,0.5800000000000003,0.1364992667746266,0.5800000000000003,0.1373573273909173
0.5900000000000003,0.0929293914370551,0.5900000000000003,0.1020172842658401,0.5900000000000003,0.1093520678065852,0.5900000000000003,0.1149149684173422,0.5900000000000003,0.1198597040889464,0.5900000000000003,0.123857975463315,0.5900000000000003,0.1271900005542379,0.5900000000000003,0.1300293147195022,0.5900000000000003,0.1324902858873401,0.5900000000000003,0.136571782678355,0.5900000000000003,0.1381671992482601,0.5900000000000003,0.1395612393346663,0.5900000000000003,0.1407911343832575,0.5900000000000003,0.1418846013013594,0.5900000000000003,0.1428632115287008,0.5900000000000003,0.143744158020807
0.6000000000000003,0.0968606007477366,0.6000000000000003,0.1067116208151657,0.6000000000000003,0.1144866048657483,0.6000000000000003,0.1203453175097445,0.6000000000000003,0.1255092932683988,0.6000000000000003,0.1296737567949045,0.6000000000000003,0.1331372477085445,0.6000000000000003,0.136083832072503,0.6000000000000003,0.1386344133903199,0.6000000000000003,0.1428580096648366,0.6000000000000003,0.1445104185533194,0.6000000000000003,0.145948983280557,0.6000000000000003,0.1472146844391524,0.6000000000000003,0.1483376239964446,0.6000000000000003,0.1493409563881059,0.6000000000000003,0.1502429655125984
0.6100000000000003,0.1008517800525239,0.6100000000000003,0.1115035025926789,0.6100000000000003,0.1197314847519164,0.6100000000000003,0.125892604260184,0.6100000000000003,0.1312774886420409,0.6100000000000003,0.135608951316721,0.6100000000000003,0.1392042642354262,0.6100000000000003,0.1422582213067583,0.6100000000000003,0.1448983663283916,0.6100000000000003,0.1492637368564269,0.6100000000000003,0.1509691872535741,0.6100000000000003,0.1524490565696872,0.6100000000000003,0.1537478768622847,0.6100000000000003,0.154898007095175,0.6100000000000003,0.1559240966198446,0.6100000000000003,0.1568454569883291
0.6200000000000003,0.1048916809890685,0.6200000000000003,0.1163811840110984,0.6200000000000003,0.1250754556729855,0.6200000000000003,0.1315460540983324,0.6200000000000003,0.137153961736154,0.6200000000000003,0.1416535901647895,0.6200000000000003,0.1453813761472001,0.6200000000000003,0.1485430545524433,0.6200000000000003,0.1512729255527685,0.6200000000000003,0.1557800807307917,0.6200000000000003,0.1575349417971891,0.6200000000000003,0.1590531400804864,0.6200000000000003,0.1603825906447078,0.6200000000000003,0.1615577960874998,0.6200000000000003,0.1626048209680787,0.6200000000000003,0.1635439464655125
0.6300000000000003,0.1089697733470613,0.6300000000000003,0.1213334858874859,0.6300000000000003,0.1305077570098176,0.6300000000000003,0.1372953398386653,0.6300000000000003,0.1431288217841798,0.6300000000000003,0.1477981338690325,0.6300000000000003,0.1516593318617714,0.6300000000000003,0.1549293204779268,0.6300000000000003,0.1577492834964707,0.6300000000000003,0.1623985614909159,0.6300000000000003,0.1641995748300736,0.6300000000000003,0.1657534071321557,0.6300000000000003,0.1671112227794412,0.6300000000000003,0.1683095728306154,0.6300000000000003,0.1693758679493929,0.6300000000000003,0.1703313076397202
0.6400000000000003,0.1130762501626491,0.6400000000000003,0.1263498073449572,0.6400000000000003,0.1360181306754762,0.6400000000000003,0.1431305930640899,0.6400000000000003,0.1491926236328168,0.6400000000000003,0.1540334782117865,0.6400000000000003,0.1580293067603755,0.6400000000000003,0.1614084279660894,0.6400000000000003,0.1643190472193891,0.6400000000000003,0.1691111052683466,0.6400000000000003,0.1709554224632762,0.6400000000000003,0.1725425005372762,0.6400000000000003,0.1739266579852869,0.6400000000000003,0.1751464198256585,0.6400000000000003,0.1762304859578943,0.6400000000000003,0.1772009307218106
0.6500000000000004,0.1172020278123258,0.6500000000000004,0.1314201355390315,0.6500000000000004,0.141596832283971,0.6500000000000004,0.1490424160496755,0.6500000000000004,0.1553363763915435,0.6500000000000004,0.1603509608615309,0.6500000000000004,0.164482908467346,0.6500000000000004,0.1679722104209926,0.6500000000000004,0.1709742419766423,0.6500000000000004,0.1759100466246612,0.6500000000000004,0.1777952531805334,0.6500000000000004,0.1794135121751118,0.6500000000000004,0.1808222415876921,0.6500000000000004,0.1820618881287351,0.6500000000000004,0.1831623973854118,0.6500000000000004,0.1841466835949706
0.6600000000000004,0.1213387418988014,0.6600000000000004,0.1365350536506091,0.6600000000000004,0.147234641691378,0.6600000000000004,0.1550218932903683,0.6600000000000004,0.1615515518030984,0.6600000000000004,0.1667423677148777,0.6600000000000004,0.1710121817711034,0.6600000000000004,0.1746129296270169,0.6600000000000004,0.1777073142448071,0.6600000000000004,0.182788130332334,0.6600000000000004,0.1847122576494863,0.6600000000000004,0.1863599645464585,0.6600000000000004,0.187791755142894,0.6600000000000004,0.1890499685748648,0.6600000000000004,0.1901657664915053,0.6600000000000004,0.191162877076425
0.6700000000000004,0.1254787389111608,0.6700000000000004,0.1416857466490407,0.6700000000000004,0.1529228719107408,0.6700000000000004,0.1610606014138271,0.6700000000000004,0.1678300911716736,0.6700000000000004,0.1731999378385348,0.6700000000000004,0.1776096121335886,0.6700000000000004,0.1813232781630199,0.6700000000000004,0.1845111332618909,0.6700000000000004,0.1897385115868238,0.6700000000000004,0.1917000387226864,0.6700000000000004,0.1933757936898401,0.6700000000000004,0.1948293942517144,0.6700000000000004,0.1961050658052982,0.6700000000000004,0.1972351705492677,0.6700000000000004,0.1982442338223133
0.6800000000000004,0.1296150633686512,0.6800000000000004,0.1468640039748167,0.6800000000000004,0.1586533752996373,0.6800000000000004,0.167150616334218,0.6800000000000004,0.1741644098208944,0.6800000000000004,0.1797163660807795,0.6800000000000004,0.18426812694115,0.6800000000000004,0.1880963795976714,0.6800000000000004,0.1913789903723726,0.6800000000000004,0.1967547540484202,0.6800000000000004,0.1987526010383023,0.6800000000000004,0.2004553328851366,0.6800000000000004,0.201929748004045,0.6800000000000004,0.2032219745480342,0.6800000000000004,0.2043655737186719,0.6800000000000004,0.2053858603327682
0.6900000000000004,0.1337414402198786,0.6900000000000004,0.1520622183233214,0.6900000000000004,0.1644185460978227,0.6900000000000004,0.1732845167705432,0.6900000000000004,0.1805473983286414,0.6900000000000004,0.1862848026998797,0.6900000000000004,0.1909810939290783,0.6900000000000004,0.1949257859689075,0.6900000000000004,0.1983045957391572,0.6900000000000004,0.203830825373923,0.6900000000000004,0.2058643398091234,0.6900000000000004,0.2075932966918084,0.6900000000000004,0.2090877795745139,0.6900000000000004,0.2103958576512913,0.6900000000000004,0.2115523031335581,0.6900000000000004,0.2125832215313331
0.7000000000000004,0.1378522524982037,0.7000000000000004,0.1572733799571473,0.7000000000000004,0.170211318709401,0.7000000000000004,0.1794553836023497,0.7000000000000004,0.1869724201113487,0.7000000000000004,0.1928988496638102,0.7000000000000004,0.1977423165001664,0.7000000000000004,0.2018054723235103,0.7000000000000004,0.2052820722467436,0.7000000000000004,0.2109610901345178,0.7000000000000004,0.2130300285641009,0.7000000000000004,0.2147847650075202,0.7000000000000004,0.2162988075958011,0.7000000000000004,0.2176222254591168,0.7000000000000004,0.2187910267585661,0.7000000000000004,0.21983211744831
0.7100000000000004,0.141942514511089,0.7100000000000004,0.1624910663038243,0.7100000000000004,0.1760251614750232,0.7100000000000004,0.1856567948815572,0.7100000000000004,0.19343330523498,0.7100000000000004,0.1995525535506294,0.7100000000000004,0.2045460259112242,0.7100000000000004,0.2087298283284282,0.7100000000000004,0.2123059466375565,0.7100000000000004,0.2181403002126151,0.7100000000000004,0.2202448057675543,0.7100000000000004,0.2220251669593491,0.7100000000000004,0.2235584880525017,0.7100000000000004,0.224896916216157,0.7100000000000004,0.2260777326650091,0.7100000000000004,0.2271286616282755
0.7200000000000004,0.1460078410915163,0.7200000000000004,0.1677094269252386,0.7200000000000004,0.181854066003656,0.7200000000000004,0.1918828166210952,0.7200000000000004,0.1999243405925582,0.7200000000000004,0.2062403952104278,0.7200000000000004,0.2113868705086073,0.7200000000000004,0.2156936471504487,0.7200000000000004,0.2193711380922609,0.7200000000000004,0.2253635829084588,0.7200000000000004,0.2275041603625542,0.7200000000000004,0.2293102645595919,0.7200000000000004,0.2308627965438244,0.7200000000000004,0.2322160772885352,0.7200000000000004,0.2334087094663294,0.7200000000000004,0.2344692609639131
0.7300000000000004,0.1500444136237974,0.7300000000000004,0.1729231642216705,0.7300000000000004,0.1876925323937366,0.7300000000000004,0.1981279897114328,0.7300000000000004,0.2064402567774105,0.7300000000000004,0.2129572765120392,0.7300000000000004,0.218259902333058,0.7300000000000004,0.2226921119261752,0.7300000000000004,0.2264729445774251,0.7300000000000004,0.2326264270825472,0.7300000000000004,0.2348039163778073,0.7300000000000004,0.2366361361385375,0.7300000000000004,0.2382080108365334,0.7300000000000004,0.2395761470639142,0.7300000000000004,0.2407805277268995,0.7300000000000004,0.2418505967373106
0.7400000000000004,0.1540489436629562,0.7400000000000004,0.1781275104351981,0.7400000000000004,0.1935355508582074,0.7400000000000004,0.2043873134738945,0.7400000000000004,0.2129762121129028,0.7400000000000004,0.2196985046063485,0.7400000000000004,0.2251605615093631,0.7400000000000004,0.2297207802239252,0.7400000000000004,0.2336070273510818,0.7400000000000004,0.2399246677082253,0.7400000000000004,0.2421402167917257,0.7400000000000004,0.2439991596285782,0.7400000000000004,0.2455906937051402,0.7400000000000004,0.2469738374584283,0.7400000000000004,0.2481900222283087,0.7400000000000004,0.2492696067101301
0.7500000000000004,0.1580186349992063,0.7500000000000004,0.1833182016418161,0.7500000000000004,0.1993785803793568,0.7500000000000004,0.2106562264485469,0.7500000000000004,0.2195277743666316,0.7500000000000004,0.2264597741925603,0.7500000000000004,0.2320846588753701,0.7500000000000004,0.2367755669303282,0.7500000000000004,0.2407693940425208,0.7500000000000004,0.2472544692250912,0.7500000000000004,0.2495095068767588,0.7500000000000004,0.2513959958117416,0.7500000000000004,0.253007676085197,0.7500000000000004,0.2544061170053568,0.7500000000000004,0.2556342750186102,0.7500000000000004,0.2567234681598379
0.7600000000000005,0.1619511449910543,0.7600000000000005,0.1884914494738605,0.7600000000000005,0.205217525065361,0.7600000000000005,0.2169305850453352,0.7600000000000005,0.2260909006995644,0.7600000000000005,0.2332371482846671,0.7600000000000005,0.2390283573129456,0.7600000000000005,0.2438527259956682,0.7600000000000005,0.2479563807171296,0.7600000000000005,0.254612308070959,0.7600000000000005,0.2569085172540567,0.7600000000000005,0.2588235716569739,0.7600000000000005,0.2604560405978842,0.7600000000000005,0.2618701945237542,0.7600000000000005,0.2631105992069793,0.7600000000000005,0.2642095817881406
0.7700000000000005,0.16584454591787,0.7700000000000005,0.1936439113114241,0.7700000000000005,0.2110487088772066,0.7700000000000005,0.2232066406768537,0.7700000000000005,0.2326619163836549,0.7700000000000005,0.2400270379586416,0.7700000000000005,0.2459881522200659,0.7700000000000005,0.2509488314483198,0.7700000000000005,0.2551646333145288,0.7700000000000005,0.2619949547433688,0.7700000000000005,0.2643342468777512,0.7700000000000005,0.2662790638788819,0.7700000000000005,0.2679331055123638,0.7700000000000005,0.2693635033908916,0.7700000000000005,0.2706165234874268,0.7700000000000005,0.2717255564582622
0.7800000000000005,0.1696972870024242,0.7800000000000005,0.1987726596340012,0.7800000000000005,0.2168688493532788,0.7800000000000005,0.2294810159455707,0.7800000000000005,0.2392374927830127,0.7800000000000005,0.2468261815198583,0.7800000000000005,0.2529608515257797,0.7800000000000005,0.2580607580494633,0.7800000000000005,0.2623910888049937,0.7800000000000005,0.2693994557031413,0.7800000000000005,0.2717839461497297,0.7800000000000005,0.2737598828413169,0.7800000000000005,0.2754364092136272,0.7800000000000005,0.2768836864409685,0.7800000000000005,0.2781497773860021,0.7800000000000005,0.2792691947299543
0.7900000000000005,0.173508157639202,0.7900000000000005,0.2038751511509755,0.7900000000000005,0.2226750308943826,0.7900000000000005,0.2357506803986847,0.7900000000000005,0.2458146250366677,0.7900000000000005,0.2536316234792824,0.7900000000000005,0.2599435555998674,0.7900000000000005,0.2651856619103988,0.7900000000000005,0.2696329563670564,0.7900000000000005,0.2768231153849931,0.7900000000000005,0.2792551003390558,0.7900000000000005,0.2812636569156504,0.7900000000000005,0.2829636952381718,0.7900000000000005,0.2844285815219206,0.7900000000000005,0.2857082772300321,0.7900000000000005,0.2868384791736138
0.8000000000000005,0.1772762522477692,0.8000000000000005,0.2089491962394984,0.8000000000000005,0.228464678094324,0.8000000000000005,0.2420129262887549,0.8000000000000005,0.2523906098168731,0.8000000000000005,0.2604406936677967,0.8000000000000005,0.2669336373517864,0.8000000000000005,0.2723209613450128,0.8000000000000005,0.2768876988354892,0.8000000000000005,0.2842634785370561,0.8000000000000005,0.2867454134503681,0.8000000000000005,0.2887882173842912,0.8000000000000005,0.2905128979319606,0.8000000000000005,0.2919962077289053,0.8000000000000005,0.2932901128447011,0.8000000000000005,0.294431559442346
0.8100000000000005,0.1810009370585421,0.8100000000000005,0.2139929291244418,0.8100000000000005,0.2342355295184937,0.8100000000000005,0.2482653447043315,0.8100000000000005,0.2589630234727586,0.8100000000000005,0.2672509867599417,0.8100000000000005,0.2739287227643675,0.8100000000000005,0.2794643181765189,0.8100000000000005,0.2841530146239386,0.8100000000000005,0.2917183130662896,0.8100000000000005,0.294252792658133,0.8100000000000005,0.2963315839627887,0.8100000000000005,0.2980821287684882,0.8100000000000005,0.2995847523365854,0.8100000000000005,0.3008935349719809,0.8100000000000005,0.3020467400918322
0.8200000000000005,0.1846818190375087,0.8200000000000005,0.2190047791421453,0.8200000000000005,0.2399856122515461,0.8200000000000005,0.2545058023609331,0.8200000000000005,0.2655297008052893,0.8200000000000005,0.2740603424211892,0.8200000000000005,0.2809266720507111,0.8200000000000005,0.2866136196728318,0.8200000000000005,0.2914268202792047,0.8200000000000005,0.2991855935243546,0.8200000000000005,0.3017753333946264,0.8200000000000005,0.3038919509969331,0.8200000000000005,0.3056696633603423,0.8200000000000005,0.307192558435905,0.8200000000000005,0.3085169434071372,0.8200000000000005,0.309682469125
0.8300000000000005,0.1883187170688642,0.8300000000000005,0.2239834433424741,0.8300000000000005,0.2457132174603677,0.8300000000000005,0.2607324192746183,0.8300000000000005,0.2720887146615165,0.8300000000000005,0.2808668262420894,0.8300000000000005,0.2879255615796591,0.8300000000000005,0.2937669612379307,0.8300000000000005,0.2987072337854254,0.8300000000000005,0.3066634853335876,0.8300000000000005,0.3093113051543911,0.8300000000000005,0.3114676743665479,0.8300000000000005,0.3132739291770109,0.8300000000000005,0.3148181132806261,0.8300000000000005,0.3161588758442521,0.8300000000000005,0.3173373272469417
0.8400000000000005,0.1919116354413875,0.8400000000000005,0.2289278606080941,0.8400000000000005,0.251416877149009,0.8400000000000005,0.2669435474799686,0.8400000000000005,0.2786383564833321,0.8400000000000005,0.2876687115756631,0.8400000000000005,0.2949236666716726,0.8400000000000005,0.3009226299506769,0.8400000000000005,0.3059925586979154,0.8400000000000005,0.3141503298204637,0.8400000000000005,0.3168591380559126,0.8400000000000005,0.3190572591212304,0.8400000000000005,0.3208934939764266,0.8400000000000005,0.3224600373333642,0.8400000000000005,0.3238179974155708,0.8400000000000005,0.3250100178054919
0.8500000000000005,0.1954607396260007,0.8500000000000005,0.2338371874020728,0.8500000000000005,0.2570953422257556,0.8500000000000005,0.2731377509024149,0.8500000000000005,0.2851771179040797,0.8500000000000005,0.2944644623564327,0.8500000000000005,0.30191944533208,0.8500000000000005,0.3080790890099986,0.8500000000000005,0.3132812691597388,0.8500000000000005,0.3216446300965783,0.8500000000000005,0.324417410182486,0.8500000000000005,0.3266593478540123,0.8500000000000005,0.3285270549475099,0.8500000000000005,0.3301170740042761,0.8500000000000005,0.3314930909036963,0.8500000000000005,0.3326993573922798
0.8600000000000005,0.1989663342858777,0.8600000000000005,0.2387107752005233,0.8600000000000005,0.2627475619510631,0.8600000000000005,0.2793137864496311,0.8600000000000005,0.2917036734451707,0.8600000000000005,0.3012527169453019,0.8600000000000005,0.3089115229585998,0.8600000000000005,0.3152349631163662,0.8600000000000005,0.3205719958259619,0.8600000000000005,0.3291450378071383,0.8600000000000005,0.3319848357081562,0.8600000000000005,0.3342727098065157,0.8600000000000005,0.3361734285488735,0.8600000000000005,0.3377880800593454,0.8600000000000005,0.3391830476060314,0.8600000000000005,0.3404042670811818
0.8700000000000006,0.2024288434278447,0.8700000000000006,0.2435481496220546,0.8700000000000006,0.2683726647956775,0.8700000000000006,0.2854705863523189,0.8700000000000006,0.298216864337567,0.8700000000000006,0.3080322730188161,0.8700000000000006,0.3158986780376828,0.8700000000000006,0.3223890248004542,0.8700000000000006,0.3278635127026955,0.8700000000000006,0.3366503407455017,0.8700000000000006,0.3395602538013706,0.8700000000000006,0.3418962306966251,0.8700000000000006,0.3438315410287859,0.8700000000000006,0.3454720166786192,0.8700000000000006,0.346886858824864,0.8700000000000006,0.3481237642711159
0.8800000000000006,0.2058487925791798,0.8800000000000006,0.2483489912302955,0.8800000000000006,0.273969940705707,0.8800000000000006,0.291607241754918,0.8800000000000006,0.304715683466636,0.8800000000000006,0.3148020734989185,0.8800000000000006,0.3228798288223255,0.8800000000000006,0.3295401816900282,0.8800000000000006,0.3351547248900572,0.8800000000000006,0.3441594513234844,0.8800000000000006,0.3471426182906086,0.8800000000000006,0.3495289032445553,0.8800000000000006,0.3515004195998505,0.8800000000000006,0.3531679411379014,0.8800000000000006,0.3546036079553573,0.8800000000000006,0.3558569551062973
0.8900000000000006,0.2092267928600355,0.8900000000000006,0.2531131179598215,0.8900000000000006,0.2795388247468319,0.8900000000000006,0.2977229875345763,0.8900000000000006,0.3111992614204446,0.8900000000000006,0.3215611935031748,0.8900000000000006,0.3298540209716027,0.8900000000000006,0.3366874646933762,0.8900000000000006,0.3424446572076728,0.8900000000000006,0.3516713958719934,0.8900000000000006,0.3547309880663636,0.8900000000000006,0.3571698183729036,0.8900000000000006,0.3591791842432029,0.8900000000000006,0.360874999084298,0.8900000000000006,0.3623324631389929,0.8900000000000006,0.3636030274429862
0.9000000000000006,0.2125635268126072,0.9000000000000006,0.2578404690959551,0.9000000000000006,0.2850788820811472,0.9000000000000006,0.303817188310739,0.9000000000000006,0.3176668536075241,0.9000000000000006,0.3283088282835806,0.9000000000000006,0.3368204161199932,0.9000000000000006,0.3438300170689403,0.9000000000000006,0.3497324436709796,0.9000000000000006,0.3591853047412396,0.9000000000000006,0.3623245181909059,0.9000000000000006,0.3648181570517391,0.9000000000000006,0.3668670401110369,0.9000000000000006,0.3685924173771603,0.9000000000000006,0.3700726704578077,0.9000000000000006,0.3713612443312727
0.9100000000000006,0.2158597358457672,0.9100000000000006,0.2625310907264609,0.9100000000000006,0.2905897942164137,0.9100000000000006,0.3098893255949281,0.9100000000000006,0.3241178283997131,0.9100000000000006,0.3350442821116587,0.9100000000000006,0.3437782813365657,0.9100000000000006,0.3509670843417305,0.9100000000000006,0.357017317780504,0.9100000000000006,0.3667004031642188,0.9100000000000006,0.3699224516809052,0.9100000000000006,0.3724731827551467,0.9100000000000006,0.3745632704966226,0.9100000000000006,0.3763194974602592,0.9100000000000006,0.3778235476318531,0.9100000000000006,0.3791309379812792
0.9200000000000006,0.2191162091547456,0.9200000000000006,0.2671851225737228,0.9200000000000006,0.2960713464599481,0.9200000000000006,0.3159389860226128,0.9200000000000006,0.3305516562482508,0.9200000000000006,0.3417669580632118,0.9200000000000006,0.3507269794299332,0.9200000000000006,0.3580980050236345,0.9200000000000006,0.3642986035829762,0.9200000000000006,0.3742160028425391,0.9200000000000006,0.3775241119273462,0.9200000000000006,0.3801342344953683,0.9200000000000006,0.3822672303389286,0.9200000000000006,0.384055609238368,0.9200000000000006,0.3855844781943501,0.9200000000000006,0.3869115041847125
0.9300000000000006,0.2223337739798733,0.9300000000000006,0.2718027861133215,0.9300000000000006,0.3015234165025077,0.9300000000000006,0.3219658506037995,0.9300000000000006,0.3369678997181651,0.9300000000000006,0.3484763486509473,0.9300000000000006,0.3576659600495241,0.9300000000000006,0.3652222020917691,0.9300000000000006,0.3715757074584928,0.9300000000000006,0.381731494212628,0.9300000000000006,0.3851288957156158,0.9300000000000006,0.3878007204015747,0.9300000000000006,0.3899783402297352,0.9300000000000006,0.3918001854221021,0.9300000000000006,0.3933549061110966,0.9300000000000006,0.3947023971599853
0.9400000000000006,0.2255132870742283,0.9400000000000006,0.2763843738824153,0.9400000000000006,0.3069459640564716,0.9400000000000006,0.3279696849262258,0.9400000000000006,0.3433662043819049,0.9400000000000006,0.3551720272523819,0.9400000000000006,0.3645947515344198,0.9400000000000006,0.3723391751771915,0.9400000000000006,0.3788481105894931,0.9400000000000006,0.3892463393497053,0.9400000000000006,0.392736266807438,0.9400000000000006,0.3954721118075941,0.9400000000000006,0.3976960808905593,0.9400000000000006,0.3995527163141623,0.9400000000000006,0.4011343308168224,0.9400000000000006,0.4025031247968924
0.9500000000000006,0.2286556272579895,0.9500000000000006,0.2809302398830228,0.9500000000000006,0.3123390214711509,0.9500000000000006,0.3339503302453873,0.9500000000000006,0.3497462905145955,0.9500000000000006,0.3618536402785394,0.9500000000000006,0.3715129534595583,0.9500000000000006,0.3794484934162219,0.9500000000000006,0.386115362065042,0.9500000000000006,0.396760065466011,0.9500000000000006,0.4003457500471195,0.9500000000000006,0.4031479378136473,0.9500000000000006,0.4054199880882339,0.9500000000000006,0.4073127450055527,0.9500000000000006,0.4089223026395072,0.9500000000000006,0.4103132442679161
0.9600000000000006,0.2317616889455095,0.9600000000000006,0.2854407909880609,0.9600000000000006,0.3177026852495782,0.9600000000000006,0.3399076953941425,0.9600000000000006,0.3561079455320731,0.9600000000000006,0.3685209000317787,0.9600000000000006,0.378420229828644,0.9600000000000006,0.3865497889180602,0.9600000000000006,0.3933770725754747,0.9600000000000006,0.4042722589616842,0.9600000000000006,0.4079569259571277,0.9600000000000006,0.4108277802924793,0.9600000000000006,0.4131496479593925,0.9600000000000006,0.415079862952816,0.9600000000000006,0.4167184185846429,0.9600000000000006,0.4181323579845712
0.9700000000000006,0.2348323765399581,0.9700000000000006,0.289916479262071,0.9700000000000006,0.3230371083943666,0.9700000000000006,0.3458417494497256,0.9700000000000006,0.362451017115691,0.9700000000000006,0.3751735781996122,0.9700000000000006,0.3853163028674922,0.9700000000000006,0.3936427508025722,0.9700000000000006,0.4006329086547072,0.9700000000000006,0.4117825599871526,0.9700000000000006,0.4155694257854177,0.9700000000000006,0.4185112693051215,0.9700000000000006,0.4208846927128089,0.9700000000000006,0.4228537059112933,0.9700000000000006,0.4245223184549567,0.9700000000000006,0.4259601098735014
0.9800000000000006,0.2378685995989695,0.9800000000000006,0.2943577951131434,0.9800000000000006,0.3283424935120326,0.9800000000000006,0.3517525150953003,0.9800000000000006,0.3687754069697191,0.9800000000000006,0.3818114999363379,0.9800000000000006,0.3922009473694991,0.9800000000000006,0.4007271197646852,0.9800000000000006,0.4078825874271158,0.9800000000000006,0.4192906574789347,0.9800000000000006,0.4231829269718686,0.9800000000000006,0.4261980788962927,0.9800000000000006,0.4286247966834384,0.9800000000000006,0.4306339501956445,0.9800000000000006,0.4323336812810979,0.9800000000000006,0.433796181946427
0.9900000000000007,0.2408712686840646,0.9900000000000007,0.2987652611978141,0.9900000000000007,0.3336190866102583,0.9900000000000007,0.3576400626182854,0.9900000000000007,0.3750810651590725,0.9900000000000007,0.3884345384842462,0.9900000000000007,0.3990739855511529,0.9900000000000007,0.4078026831232469,0.9900000000000007,0.4151258718201257,0.9900000000000007,0.4267962846306503,0.9900000000000007,0.4307971490030234,0.9900000000000007,0.4338879232429807,0.9900000000000007,0.4363696727127189,0.9900000000000007,0.4384203092449602,0.9900000000000007,0.4401522220386251,0.9900000000000007,0.4416402911456181
1.000000000000001,0.2438412918139735,1.000000000000001,0.3031394270068326,1.000000000000001,0.3388671715254902,1.000000000000001,0.3635045044910934,1.000000000000001,0.3813679849791868,1.000000000000001,0.3950426102904687,1.000000000000001,0.4059352823746269,1.000000000000001,0.4148692703166224,1.000000000000001,0.422362566204567,1.000000000000001,0.4342992147653119,1.000000000000001,0.4384118496220473,1.000000000000001,0.4415805531268266,1.000000000000001,0.4441190688264808,1.000000000000001,0.4462125304701151,1.000000000000001,0.447977688632319,1.000000000000001,0.4494921864417125
1.010000000000001,0.2467795714505517,1.010000000000001,0.3074808640640081,1.010000000000001,0.3440870649241026,1.010000000000001,0.3693459904818895,1.010000000000001,0.3876361983122058,1.010000000000001,0.4016356705771988,1.010000000000001,0.4127847412986083,1.010000000000001,0.4219267488059858,1.010000000000001,0.4295925124280686,1.010000000000001,0.4417992575753198,1.010000000000001,0.4460268213679762,1.010000000000001,0.449275752705899,1.010000000000001,0.4518727651925326,1.010000000000001,0.4540103923583029,1.010000000000001,0.4558098591248481,1.010000000000001,0.4573516461663776
1.020000000000001,0.2496870019532515,1.020000000000001,0.3117901616772714,1.020000000000001,0.3492791118222712,1.020000000000001,0.3751647032486254,1.020000000000001,0.3938857714269001,1.020000000000001,0.4082137093264828,1.020000000000001,0.419622300421842,1.020000000000001,0.4289750203528442,1.020000000000001,0.4368155862072819,1.020000000000001,0.4492962557004636,1.020000000000001,0.4536418884165227,1.020000000000001,0.4569733365615924,1.020000000000001,0.4596305713324579,1.020000000000001,0.4618137018199568,1.020000000000001,0.4636485391934354,1.020000000000001,0.4652184755612027
1.030000000000001,0.252564467444478,1.030000000000001,0.316067923184999,1.030000000000001,0.3544436815767662,1.030000000000001,0.3809608543713023,1.030000000000001,0.4001168011825951,1.030000000000001,0.4147767476432823,1.030000000000001,0.4264479289843181,1.030000000000001,0.4360140176391987,1.030000000000001,0.4440316938501107,1.030000000000001,0.4567900816141738,1.030000000000001,0.4612569036976739,1.030000000000001,0.4646731469992937,1.030000000000001,0.467392323567763,1.030000000000001,0.4696222917545919,1.030000000000001,0.4714935597948126,1.030000000000001,0.4730925045253182
1.040000000000001,0.2554128400346712,1.040000000000001,0.3203147626466954,1.040000000000001,0.359581164299796,1.040000000000001,0.3867346807827435,1.040000000000001,0.4063294116010321,1.040000000000001,0.4213248344632358,1.040000000000001,0.4332616241951203,1.040000000000001,0.4430437012001182,1.040000000000001,0.4512407692779252,1.040000000000001,0.4642806347926905,1.040000000000001,0.4688717462674961,1.040000000000001,0.4723750515811855,1.040000000000001,0.4751578826840879,1.040000000000001,0.4774360188199891,1.040000000000001,0.4793447750230126,1.040000000000001,0.4809735855482226
1.050000000000001,0.2582329783618449,1.050000000000001,0.3245313019310458,1.050000000000001,0.3646919676577711,1.050000000000001,0.3924864415594079,1.050000000000001,0.4125237507722735,1.050000000000001,0.4278580435740489,1.050000000000001,0.4400634083587463,1.050000000000001,0.4500640566403485,1.050000000000001,0.4584427713225523,1.050000000000001,0.4717678391426777,1.050000000000001,0.4764863189125831,1.050000000000001,0.4800789408734361,1.050000000000001,0.4829271317917783,1.050000000000001,0.485254761389552,1.050000000000001,0.4872020601445078,1.050000000000001,0.4888615918117169
1.060000000000001,0.2610257264049791,1.060000000000001,0.3287181681595999,1.060000000000001,0.3697765140153298,1.060000000000001,0.398216415038913,1.060000000000001,0.4186999880635779,1.060000000000001,0.4343764709225392,1.060000000000001,0.4468533262714814,1.060000000000001,0.4570750921119969,1.060000000000001,0.4656376812735813,1.060000000000001,0.4792516406640889,1.060000000000001,0.4841005459673455,1.060000000000001,0.4877847263882603,1.060000000000001,0.4906999743721632,1.060000000000001,0.4930784176801938,1.060000000000001,0.4950653097989359,1.060000000000001,0.4967564154487145
1.070000000000001,0.2637919125355784,1.070000000000001,0.3328759914674259,1.070000000000001,0.374835237890759,1.070000000000001,0.4039248962324776,1.070000000000001,0.4248583116039566,1.070000000000001,0.4408802321804047,1.070000000000001,0.4536314428656253,1.070000000000001,0.4640768360277087,1.070000000000001,0.4728255006531135,1.070000000000001,0.4867320053276414,1.070000000000001,0.4917143713263453,1.070000000000001,0.4954923387063306,1.070000000000001,0.4984763324883357,1.070000000000001,0.5009069040401889,1.070000000000001,0.5029344363456461,1.070000000000001,0.5046579659448792
1.080000000000001,0.2665323487759078,1.080000000000001,0.3370054030467904,1.080000000000001,0.3798685836909901,1.080000000000001,0.4096121945040382,1.080000000000001,0.4309989260171304,1.080000000000001,0.4473694605457674,1.080000000000001,0.4603978410770898,1.080000000000001,0.4710693349889927,1.080000000000001,0.4800062491993223,1.080000000000001,0.4942089171492498,1.080000000000001,0.4993277566346726,1.080000000000001,0.5032017257636052,1.080000000000001,0.5062561451521503,1.080000000000001,0.5087401533805085,1.080000000000001,0.5108093683543593,1.080000000000001,0.5125661686744454
1.090000000000001,0.2692478302360655,1.090000000000001,0.3411070334428279,1.090000000000001,0.3848770036985217,1.090000000000001,0.4152786314897016,1.090000000000001,0.4371220503806337,1.090000000000001,0.4538443047579702,1.090000000000001,0.4671526199170589,1.090000000000001,0.4780526519111593,1.090000000000001,0.4871799630376846,1.090000000000001,0.5016823764418086,1.090000000000001,0.5069406796408746,1.090000000000001,0.5109128512881386,1.090000000000001,0.5140393668310654,1.090000000000001,0.5165781137410261,1.090000000000001,0.5186900492183745,1.090000000000001,0.5204809635569416
1.100000000000001,0.2719391347053141,1.100000000000001,0.3451815110732187,1.100000000000001,0.389860956283938,1.100000000000001,0.4209245392347721,1.100000000000001,0.4432279163889465,1.100000000000001,0.46030492730608,1.100000000000001,0.4738958927283579,1.100000000000001,0.4850268643248052,1.100000000000001,0.4943466930253009,1.100000000000001,0.5091523982305034,1.100000000000001,0.5145531326992475,1.100000000000001,0.518625693375824,1.100000000000001,0.521825966085012,1.100000000000001,0.5244207469786104,1.100000000000001,0.526576435886988,1.100000000000001,0.5284023038265159
1.110000000000001,0.2746070223760254,1.110000000000001,0.3492294609473721,1.110000000000001,0.3948209043214362,1.110000000000001,0.426550258526236,1.110000000000001,0.4493167667011337,1.110000000000001,0.4667515028123764,1.110000000000001,0.4806277856098992,1.110000000000001,0.4919920628399559,1.110000000000001,0.5015065032503151,1.110000000000001,0.5166190108151257,1.110000000000001,0.5221651214063576,1.110000000000001,0.5263402431910924,1.110000000000001,0.5296159243215144,1.110000000000001,0.5322680275676135,1.110000000000001,0.5344684977053975,1.110000000000001,0.5363301549043886
1.120000000000001,0.2772522356817075,1.120000000000001,0.3532515035624599,1.120000000000001,0.3997573137863255,1.120000000000001,0.4321561374015153,1.120000000000001,0.4553888534555873,1.120000000000001,0.4731842165754419,1.120000000000001,0.4873484359931078,1.120000000000001,0.4989483497557392,1.120000000000001,0.5086594696744169,1.120000000000001,0.5240822544674367,1.120000000000001,0.5297766633633574,1.120000000000001,0.5340565037847806,1.120000000000001,0.5374092346595951,1.120000000000001,0.5401199415045354,1.120000000000001,0.5423662153520483,1.120000000000001,0.5442644933663676
1.130000000000001,0.27987549923206,1.130000000000001,0.3572482539563572,1.130000000000001,0.4046706525151688,1.130000000000001,0.4377425298162743,1.130000000000001,0.4614444369356372,1.130000000000001,0.4796032632564802,1.130000000000001,0.4940579913563652,1.130000000000001,0.5058958378045411,1.130000000000001,0.5158056789034343,1.130000000000001,0.5315421802514755,1.130000000000001,0.5373877870493706,1.130000000000001,0.5417744890149242,1.130000000000001,0.5452059008931932,1.130000000000001,0.5479764853054786,1.130000000000001,0.550269579867367,1.130000000000001,0.5522053059977154
1.140000000000001,0.2824775198308686,1.140000000000001,0.3612203208999076,1.140000000000001,0.4095613891122228,1.140000000000001,0.4433097944553062,1.140000000000001,0.467483784370926,1.140000000000001,0.4860088456961406,1.140000000000001,0.5007566080649449,1.140000000000001,0.5128346490158291,1.140000000000001,0.5229452270758372,1.140000000000001,0.5389988489538736,1.140000000000001,0.5449985307993708,1.140000000000001,0.5494942225670937,1.140000000000001,0.5530059365461083,1.140000000000001,0.5558376650929947,1.140000000000001,0.5581785917666804,1.140000000000001,0.5601525889278567
1.150000000000001,0.2850589865639551,1.150000000000001,0.3651683062122041,1.150000000000001,0.4144299919867208,1.150000000000001,0.448858293671777,1.150000000000001,0.4735071688623967,1.150000000000001,0.4924011738490761,1.150000000000001,0.507444450323794,1.150000000000001,0.5197649136898336,1.150000000000001,0.5300782188570673,1.150000000000001,0.5464523301165531,1.150000000000001,0.5526089418754943,1.150000000000001,0.5572157370602752,1.150000000000001,0.5608093640099135,1.150000000000001,0.5637034957601271,1.150000000000001,0.5660932602277539,1.150000000000001,0.5681063468397789
1.160000000000001,0.2876205709459407,1.160000000000001,0.3690928041848486,1.160000000000001,0.4192769285068865,1.160000000000001,0.454388392542686,1.160000000000001,0.4795148684179079,1.160000000000001,0.4987804638250882,1.160000000000001,0.5141216892333995,1.160000000000001,0.5266867694713302,1.160000000000001,0.537204766530706,1.160000000000001,0.5539027011611023,1.160000000000001,0.5602190756239109,1.160000000000001,0.5649390732347211,1.160000000000001,0.5686162137586618,1.160000000000001,0.5715740002094718,1.160000000000001,0.574013602350137,1.160000000000001,0.5760665922455411
1.170000000000001,0.2901629271165593,1.170000000000001,0.3729944011025722,1.170000000000001,0.4241026642588295,1.170000000000001,0.4599004580281346,1.170000000000001,0.4855071650882513,1.170000000000001,0.5051469370266838,1.170000000000001,0.5207885019382532,1.170000000000001,0.5336003605125607,1.170000000000001,0.544324989177347,1.170000000000001,0.5613500465968483,1.170000000000001,0.5678289947103075,1.170000000000001,0.5726642792142602,1.170000000000001,0.5764265236339767,1.170000000000001,0.5794492086576395,1.170000000000001,0.5819396424778092,1.170000000000001,0.5840333448259362
1.180000000000001,0.2926866920775837,1.180000000000001,0.3768736748485185,1.180000000000001,0.428907662398769,1.180000000000001,0.4653948582243673,1.180000000000001,0.4914843441933212,1.180000000000001,0.5115008193737192,1.180000000000001,0.5274450708606555,1.180000000000001,0.5405058367189857,1.180000000000001,0.551439011933039,1.180000000000001,0.5687944573045796,1.180000000000001,0.5754387684265614,1.180000000000001,0.5803914098337508,1.180000000000001,0.5842403381934314,1.180000000000001,0.5873291580028112,1.180000000000001,0.5898714115820428,1.180000000000001,0.592006630826505
1.190000000000001,0.2951924859636115,1.190000000000001,0.3807311945845449,1.190000000000001,0.4336923830891984,1.190000000000001,0.4708719617010222,1.190000000000001,0.4974466936300513,1.190000000000001,0.5178423406068827,1.190000000000001,0.534091583009042,1.190000000000001,0.5474033530678422,1.190000000000001,0.5585469653199708,1.190000000000001,0.5762360298901638,1.190000000000001,0.5830484720623712,1.190000000000001,0.5881205260306968,1.190000000000001,0.5920577081189066,1.190000000000001,0.5952138912471686,1.190000000000001,0.5978089466976753,1.190000000000001,0.5999864825058553
1.200000000000001,0.2976809123398356,1.200000000000001,0.3845675204974565,1.200000000000001,0.4384572830091705,1.200000000000001,0.476332136913702,1.200000000000001,0.5033945032537857,1.200000000000001,0.5241717336627626,1.200000000000001,0.5407282293575462,1.200000000000001,0.5542930689956752,1.200000000000001,0.5656489846427818,1.200000000000001,0.5836748661007399,1.200000000000001,0.5906581863367221,1.200000000000001,0.5958516942914274,1.200000000000001,0.5998786896778669,1.200000000000001,0.6031034569725461,1.200000000000001,0.6057522904105113,1.200000000000001,0.6079729376336962
1.210000000000001,0.3001525585217799,1.210000000000001,0.3883832036027235,1.210000000000001,0.4432028149316435,1.210000000000001,0.481775751684714,1.210000000000001,0.5093280643260242,1.210000000000001,0.5304892341125448,1.210000000000001,0.5473552042863948,1.210000000000001,0.5611751478451485,1.210000000000001,0.5727452094443926,1.210000000000001,0.5911110722984773,1.210000000000001,0.598267996883052,1.210000000000001,0.6035849861502859,1.210000000000001,0.6077033442346012,1.210000000000001,0.6109979088626663,1.210000000000001,0.6137014903897139,1.210000000000001,0.6159660390323141
1.220000000000001,0.3026079959118695,1.220000000000001,0.3921787855994529,1.220000000000001,0.4479294273599146,1.220000000000001,0.4872031727447573,1.220000000000001,0.5152476690218737,1.220000000000001,0.5367950796594276,1.220000000000001,0.5539727050798943,1.220000000000001,0.5680497563682217,1.220000000000001,0.5798357830161252,1.220000000000001,0.5985447589856466,1.220000000000001,0.6058779937842389,1.220000000000001,0.611320477735073,1.220000000000001,0.6155317378072024,1.220000000000001,0.6188973052694505,1.220000000000001,0.6216565989634322,1.220000000000001,0.6239658341597316
1.230000000000001,0.3050477803490317,1.230000000000001,0.3959547987693198,1.230000000000001,0.452637564217257,1.230000000000001,0.4926147653292072,1.230000000000001,0.5211536099912677,1.230000000000001,0.5430895096893169,1.230000000000001,0.5605809314756248,1.230000000000001,0.5749170642796296,1.230000000000001,0.5869208519569359,1.230000000000001,0.6059760403785327,1.230000000000001,0.6134882711534545,1.230000000000001,0.6190582493569512,1.230000000000001,0.6233639406650821,1.230000000000001,0.6268017088200656,1.230000000000001,0.6296176727323503,1.230000000000001,0.6319723747310936
1.240000000000001,0.3074724524674988,1.240000000000001,0.3997117659146798,1.240000000000001,0.4573276645833658,1.240000000000001,0.4980108928236333,1.240000000000001,0.5270461799693018,1.240000000000001,0.549372764867239,1.240000000000001,0.5671800852603948,1.240000000000001,0.5817772438548627,1.240000000000001,0.5940005657771527,1.240000000000001,0.6134050340236786,1.240000000000001,0.6210989267556535,1.240000000000001,0.6267983851392233,1.240000000000001,0.6312000269665946,1.240000000000001,0.6347111860605796,1.240000000000001,0.637584772221344,1.240000000000001,0.639985716374473
1.250000000000001,0.3098825380622003,1.250000000000001,0.4034502003302968,1.250000000000001,0.4620001624732128,1.250000000000001,0.5033919164535513,1.250000000000001,0.5329256714296161,1.250000000000001,0.5556450867789674,1.250000000000001,0.5737703699073528,1.250000000000001,0.5886304695709713,1.250000000000001,0.6010750765434529,1.250000000000001,0.6208318604543144,1.250000000000001,0.6287100616681256,1.250000000000001,0.6345409726835815,1.250000000000001,0.6390400744310281,1.250000000000001,0.642625807133912,1.250000000000001,0.6455579615618631,1.250000000000001,0.6480059183201694
1.260000000000001,0.3122785484577353,1.260000000000001,0.4071706058045949,1.260000000000001,0.4666554866529197,1.260000000000001,0.5087581950134854,1.260000000000001,0.5387923762779286,1.260000000000001,0.5619067176100661,1.260000000000001,0.5803519902530143,1.260000000000001,0.5954769177837501,1.260000000000001,0.6081445385603966,1.260000000000001,0.6282566428829354,1.260000000000001,0.6363217799753503,1.260000000000001,0.6422861027702224,1.260000000000001,0.6468841640437064,1.260000000000001,0.6505456454908228,1.260000000000001,0.6535373082076292,1.260000000000001,0.6560330431193487
1.270000000000001,0.314660980878952,1.270000000000001,0.4108734766463814,1.270000000000001,0.471294060488829,1.270000000000001,0.5141100846317519,1.270000000000001,0.5446465855806615,1.270000000000001,0.5681578998606579,1.270000000000001,0.5869251522074878,1.270000000000001,0.6023167664401222,1.270000000000001,0.6152091080861437,1.270000000000001,0.6356795069271158,1.270000000000001,0.6439341884965368,1.270000000000001,0.6500338690888022,1.270000000000001,0.6547323797913573,1.270000000000001,0.6584707776289531,1.270000000000001,0.6615228826777626,1.270000000000001,0.6640671563915038
1.280000000000001,0.3170303188212277,1.280000000000001,0.4145592977335988,1.280000000000001,0.4759163018263269,1.280000000000001,0.5194479385668593,1.280000000000001,0.5504885893261421,1.280000000000001,0.5743988760920525,1.280000000000001,0.5934900624969959,1.280000000000001,0.6091501948208202,1.280000000000001,0.6222689430789761,1.280000000000001,0.6431005803655836,1.280000000000001,0.6515473965430947,1.280000000000001,0.6577843679990839,1.280000000000001,0.6625848084261438,1.280000000000001,0.666401282860323,1.280000000000001,0.6695147583275822,1.280000000000001,0.6721083265976131
1.290000000000001,0.3193870324189219,1.290000000000001,0.4182285445810019,1.290000000000001,0.4805226228942668,1.290000000000001,0.5247721070324826,1.290000000000001,0.5563186762141463,1.290000000000001,0.58062988870189,1.290000000000001,0.6000469284345646,1.290000000000001,0.6159773833124473,1.290000000000001,0.6293242029717165,1.290000000000001,0.6505199929232778,1.290000000000001,0.6591615157039793,1.290000000000001,0.6655376983183809,1.290000000000001,0.6704415392561027,1.290000000000001,0.6743372431045814,1.290000000000001,0.6775130111451675,1.290000000000001,0.6801566248392334
1.300000000000001,0.3217315788104463,1.300000000000001,0.4218816834241251,1.300000000000001,0.4851134302331486,1.300000000000001,0.5300829370482222,1.300000000000001,0.5621371334722154,1.300000000000001,0.5868511797260492,1.300000000000001,0.6065959577175323,1.300000000000001,0.6227985132043736,1.300000000000001,0.6363750484730362,1.300000000000001,0.6579378760816633,1.300000000000001,0.6667766596558073,1.300000000000001,0.6732939611341381,1.300000000000001,0.6783026639608242,1.300000000000001,0.6822787427071711,1.300000000000001,0.6855177195706599,1.300000000000001,0.688212124680525
1.310000000000001,0.324064402499268,1.310000000000001,0.4255191713169645,1.310000000000001,0.4896891246433436,1.310000000000001,0.5353807723129833,1.310000000000001,0.567944246694796,1.310000000000001,0.5930629906636135,1.310000000000001,0.6131373582475425,1.310000000000001,0.6296137665105572,1.310000000000001,0.6434216413914933,1.310000000000001,0.6653543629139541,1.310000000000001,0.6743929439988365,1.310000000000001,0.6810532596412572,1.310000000000001,0.6861682764302595,1.310000000000001,0.6902258682810709,1.310000000000001,0.6935289643400888,1.310000000000001,0.6962749019926623
1.320000000000001,0.3263859357093713,1.320000000000001,0.4291414562413022,1.320000000000001,0.494250101151651,1.320000000000001,0.5406659530990328,1.320000000000001,0.5737402997042773,1.320000000000001,0.599265562323668,1.320000000000001,0.6196713379734886,1.320000000000001,0.6364233258122638,1.320000000000001,0.6504641444823922,1.320000000000001,0.6727695879422129,1.320000000000001,0.6820104861148939,1.320000000000001,0.6888156990018653,1.320000000000001,0.6940384726262525,1.320000000000001,0.6981787085684537,1.320000000000001,0.7015468283499167,1.320000000000001,0.7043450348210103
1.330000000000001,0.3286965987349807,1.330000000000001,0.4327489772261839,1.330000000000001,0.498796748993644,1.330000000000001,0.5459388161644956,1.330000000000001,0.5795255744308232,1.330000000000001,0.6054591346913063,1.330000000000001,0.6261981047531163,1.330000000000001,0.6432273741208679,1.330000000000001,0.65750272131432,1.330000000000001,0.6801836870168531,1.330000000000001,0.6896294050465821,1.330000000000001,0.6965813862272757,1.330000000000001,0.7019133504667212,1.330000000000001,0.7061373543282686,1.330000000000001,0.7095713965442433,1.330000000000001,0.7124226032725217
1.340000000000001,0.330996800283642,1.340000000000001,0.4363421644750769,1.340000000000001,0.5033294516102733,1.340000000000001,0.5511996946821226,1.340000000000001,0.5853003508095631,1.340000000000001,0.6116439468117599,1.340000000000001,0.6327178662333294,1.340000000000001,0.6500260947600681,1.340000000000001,0.6645375361555166,1.340000000000001,0.6875967972154212,1.340000000000001,0.6972498213980551,1.340000000000001,0.7043504300793644,1.340000000000001,0.7097930097294194,1.340000000000001,0.714101898240615,1.340000000000001,0.7176027558216469,1.340000000000001,0.7205076894234201
1.350000000000001,0.3332869378120307,1.350000000000001,0.4399214394999891,1.350000000000001,0.5078485866569197,1.350000000000001,0.5564489181829907,1.350000000000001,0.5910649066935817,1.350000000000001,0.6178202366907264,1.350000000000001,0.6392308297469714,1.350000000000001,0.6568196712637648,1.350000000000001,0.6715687538768312,1.350000000000001,0.69500905676052,1.350000000000001,0.7048718572555135,1.350000000000001,0.7121229409952343,1.350000000000001,0.717677551978985,1.350000000000001,0.7220724348358111,1.350000000000001,0.7256409949651711,1.350000000000001,0.7286003772503714
1.360000000000001,0.3355673978547108,1.360000000000001,0.4434872152610669,1.360000000000001,0.5123545260228646,1.360000000000001,0.5616868125133496,1.360000000000001,0.596819517780847,1.360000000000001,0.623988241208738,1.360000000000001,0.6457372022248983,1.360000000000001,0.6636082872910248,1.360000000000001,0.6785965398722964,1.360000000000001,0.7024206049569067,1.360000000000001,0.712495636126901,1.360000000000001,0.7198990310293881,1.360000000000001,0.7255670805107516,1.360000000000001,0.7300490604409053,1.360000000000001,0.733686204589803,1.360000000000001,0.7367007525796637
1.370000000000001,0.3378385563448321,1.370000000000001,0.4470398963101903,1.370000000000001,0.5168476358610066,1.370000000000001,0.5669136998033706,1.370000000000001,0.6025644575543823,1.370000000000001,0.6301481960501273,1.370000000000001,0.6522371901218241,1.370000000000001,0.6703921265550918,1.370000000000001,0.6856210599947106,1.370000000000001,0.7098315821451998,1.370000000000001,0.7201212829013678,1.370000000000001,0.7276788138180931,1.370000000000001,0.7334617003196243,1.370000000000001,0.7380318731493798,1.370000000000001,0.7417384771145652,1.370000000000001,0.7448089030579099
1.380000000000001,0.3401007789270135,1.380000000000001,0.4505798789382163,1.380000000000001,0.521328276625163,1.380000000000001,0.5721298984462025,1.380000000000001,0.6082999972334424,1.380000000000001,0.6363003356431242,1.380000000000001,0.6587309993560363,1.380000000000001,0.6771713727666362,1.380000000000001,0.6926424805059573,1.380000000000001,0.7172421296739314,1.380000000000001,0.7277489238263081,1.380000000000001,0.7354624045611178,1.380000000000001,0.7413615180856161,1.380000000000001,0.7460209728111916,1.380000000000001,0.7497979067529607,1.380000000000001,0.7529249181455044
1.390000000000001,0.3423544212622301,1.390000000000001,0.4541075513243984,1.390000000000001,0.5257968031150226,1.390000000000001,0.5773357230869642,1.390000000000001,0.6140264057359114,1.390000000000001,0.6424448931125992,1.390000000000001,0.6652188352604804,1.390000000000001,0.6839462095903069,1.390000000000001,0.6996609680421206,1.390000000000001,0.7246523898872161,1.390000000000001,0.7353786865036654,1.390000000000001,0.7432499200258695,1.390000000000001,0.7492666421826418,1.390000000000001,0.7540164610432835,1.390000000000001,0.7578645895267399,1.390000000000001,0.7610488891301612
1.400000000000001,0.3445998293245562,1.400000000000001,0.4576232936875348,1.400000000000001,0.5302535645274394,1.400000000000001,0.5825314846197341,1.400000000000001,0.6197439496497916,1.400000000000001,0.6485821002420532,1.400000000000001,0.671700902545131,1.400000000000001,0.6907168206127448,1.400000000000001,0.7066766895916656,1.400000000000001,0.7320625061293724,1.400000000000001,0.7430106999050973,1.400000000000001,0.7510414785694296,1.400000000000001,0.7571771827061071,1.400000000000001,0.7620184412622649,1.400000000000001,0.7659386233001581,1.400000000000001,0.7691809091628478
1.410000000000001,0.3468373396897181,1.410000000000001,0.4611274784382895,1.410000000000001,0.5346989045127609,1.410000000000001,0.5877174901925278,1.410000000000001,0.6254528932136689,1.410000000000001,0.6547121874461191,1.410000000000001,0.6781774052709868,1.410000000000001,0.6974833893234654,1.410000000000001,0.7136898124868161,1.410000000000001,0.7394726227654693,1.410000000000001,0.7506450944033334,1.410000000000001,0.7588372001796876,1.410000000000001,0.7650932515217821,1.410000000000001,0.7700270187370311,1.410000000000001,0.7740201078353164,1.410000000000001,0.7773210733135872
1.420000000000001,0.3490672798155114,1.420000000000001,0.4646204703316391,1.420000000000001,0.5391331612362781,1.420000000000001,0.592894043218957,1.420000000000001,0.6311534983051413,1.420000000000001,0.660835383751374,1.420000000000001,0.6846485468328386,1.420000000000001,0.7042460991060345,1.420000000000001,0.7207005044068814,1.420000000000001,0.7468828852162728,1.420000000000001,0.7582820018213989,1.420000000000001,0.7666372065366295,1.420000000000001,0.773014962333989,1.420000000000001,0.7780423006614018,1.420000000000001,0.78210914486757,1.420000000000001,0.7854694786486057
1.430000000000001,0.3512899683142349,1.430000000000001,0.4681026266197587,1.430000000000001,0.543556667443518,1.430000000000001,0.5980614433957032,1.430000000000001,0.6368460244366482,1.430000000000001,0.6669519167863288,1.430000000000001,0.6911145299521994,1.430000000000001,0.7110051332403753,1.430000000000001,0.7277089333948106,1.430000000000001,0.7542934400082408,1.430000000000001,0.7659215554992462,1.430000000000001,0.7744416210890021,1.430000000000001,0.7809424307699591,1.430000000000001,0.786064396244916,1.430000000000001,0.7902058381978802,1.430000000000001,0.793626224323207
1.440000000000001,0.3535057152169327,1.440000000000001,0.4715742972038218,1.440000000000001,0.5479697505287089,1.440000000000001,0.6032199867261528,1.440000000000001,0.6425307287575168,1.440000000000001,0.6730620127780527,1.440000000000001,0.6975755566789187,1.440000000000001,0.717760674914756,1.440000000000001,0.7347152678833323,1.440000000000001,0.7617044348362561,1.440000000000001,0.7735638903719454,1.440000000000001,0.7822505691463207,1.440000000000001,0.7888757744809329,1.440000000000001,0.7940934168163281,1.440000000000001,0.7983102937993304,1.440000000000001,0.8017914116872722
1.450000000000001,0.3557148222300451,1.450000000000001,0.4750358247855001,1.450000000000001,0.5523727326065693,1.450000000000001,0.6083699655482253,1.450000000000001,0.6482078660628721,1.450000000000001,0.6791658965570277,1.450000000000001,0.7040318284007502,1.450000000000001,0.7245129072480542,1.450000000000001,0.7417196767332525,1.450000000000001,0.7691160186367098,1.450000000000001,0.7812091430615904,1.450000000000001,0.7900641779815695,1.450000000000001,0.7968151132504123,1.450000000000001,0.8021294759359071,1.450000000000001,0.8064226199294999,1.450000000000001,0.8099651443969568
1.460000000000001,0.3579175829839917,1.460000000000001,0.4784875450170006,1.460000000000001,0.5567659305862306,1.460000000000001,0.613511668567025,1.460000000000001,0.6538776888076979,1.460000000000001,0.6852637915680951,1.460000000000001,0.7104835458619198,1.460000000000001,0.7312620133199257,1.460000000000001,0.748722329280237,1.460000000000001,0.776528341669299,1.460000000000001,0.7888574519734279,1.460000000000001,0.7978825769379976,1.460000000000001,0.8047605691067483,1.460000000000001,0.8101726895087821,1.460000000000001,0.8145429272401068,1.460000000000001,0.8181475285205522
1.470000000000001,0.3601142832742923,1.470000000000001,0.481929786649742,1.470000000000001,0.5611496562471613,1.470000000000001,0.6186453808913497,1.470000000000001,0.6595404471261161,1.470000000000001,0.6913559198883487,1.470000000000001,0.716930909187498,1.470000000000001,0.7380081762097771,1.470000000000001,0.755723395390548,1.470000000000001,0.7839415556022498,1.470000000000001,0.7965089573953072,1.470000000000001,0.8057058975331665,1.470000000000001,0.8127122664256463,1.470000000000001,0.8182231758834493,1.470000000000001,0.8226713288723202,1.470000000000001,0.8263386726265861
1.480000000000001,0.3623052012952301,1.480000000000001,0.4853628716813846,1.480000000000001,0.5655242163168135,1.480000000000001,0.6237713840737951,1.480000000000001,0.6651963888559651,1.480000000000001,0.6974425022500779,1.480000000000001,0.7233741179162522,1.480000000000001,0.7447515790429657,1.480000000000001,0.762723045522145,1.480000000000001,0.7913558135957549,1.480000000000001,0.8041638015864525,1.480000000000001,0.8135342735476138,1.480000000000001,0.8206703320135262,1.480000000000001,0.8262810559261546,1.480000000000001,0.8308079405187654,1.480000000000001,0.8345386878358454
1.490000000000001,0.3644906078661612,1.490000000000001,0.4887871155008775,1.490000000000001,0.5698899125496685,1.490000000000001,0.6288899561542195,1.490000000000001,0.6708457595671913,1.490000000000001,0.7035237580701837,1.490000000000001,0.7298133710379441,1.490000000000001,0.7514924050422026,1.490000000000001,0.7697214507907775,1.490000000000001,0.7987712703766532,1.490000000000001,0.8118221288490503,1.490000000000001,0.8213678410838058,1.490000000000001,0.8286348951513854,1.490000000000001,0.8343464530474083,1.490000000000001,0.8389528804348303,1.490000000000001,0.8427476878160038
1.5,0.3666707666507766,1.5,0.4922028270319566,1.5,0.5742470418070376,1.5,0.634001371705688,1.5,0.6764888025950646,1.5,0.709599905483825,1.5,0.7362488670369832,1.5,0.7582308375836635,1.5,0.7767187830361741,1.5,0.8061880822933926,1.5,0.8194840855658529,1.5,0.8292067385796476,1.5,0.836606087580873,1.5,0.8424194931634253,1.5,0.8471062693762125,1.5,0.8509657887018828
