nch18_ft  (ll=2e-07) X,nch18_ft  (ll=2e-07) Y,nch18_ft  (ll=3e-07) X,nch18_ft  (ll=3e-07) Y,nch18_ft  (ll=4e-07) X,nch18_ft  (ll=4e-07) Y,nch18_ft  (ll=5e-07) X,nch18_ft  (ll=5e-07) Y,nch18_ft  (ll=6e-07) X,nch18_ft  (ll=6e-07) Y,nch18_ft  (ll=7e-07) X,nch18_ft  (ll=7e-07) Y,nch18_ft  (ll=8e-07) X,nch18_ft  (ll=8e-07) Y,nch18_ft  (ll=9e-07) X,nch18_ft  (ll=9e-07) Y,nch18_ft  (ll=1e-06) X,nch18_ft  (ll=1e-06) Y,nch18_ft  (ll=1.2e-06) X,nch18_ft  (ll=1.2e-06) Y,nch18_ft  (ll=1.4e-06) X,nch18_ft  (ll=1.4e-06) Y,nch18_ft  (ll=1.6e-06) X,nch18_ft  (ll=1.6e-06) Y,nch18_ft  (ll=1.8e-06) X,nch18_ft  (ll=1.8e-06) Y,nch18_ft  (ll=2e-06) X,nch18_ft  (ll=2e-06) Y,nch18_ft  (ll=2.2e-06) X,nch18_ft  (ll=2.2e-06) Y,nch18_ft  (ll=2.4e-06) X,nch18_ft  (ll=2.4e-06) Y
0,-77450.8618163838,0,-47052.9360598316,0,-40611.3516469976,0,-37323.40654390056,0,-37920.89058990163,0,-37990.58740564519,0,-37745.88864579806,0,-37308.11562641974,0,-36749.80211330374,0,-35436.98396955566,0,-35365.22700347193,0,-34771.63384287602,0,-33892.09590055327,0,-32860.65718135609,0,-31756.39400832931,0,-30627.09777590087
0.01,-102757.4110314519,0.01,-62280.72465638333,0.01,-53688.44594239115,0.01,-49298.29447762336,0.01,-49969.71077308794,0.01,-49973.75671018589,0.01,-49582.2591568939,0.01,-48949.56811693509,0.01,-48167.7912651743,0.01,-46366.47805680537,0.01,-46057.3871576067,0.01,-45122.00380361555,0.01,-43853.29987602378,0.01,-42415.74530727807,0.01,-40905.16466399254,0.01,-39378.65521053314
0.02,-136334.944363526,0.02,-82435.20541350034,0.02,-70972.44532152869,0.02,-65109.20652643924,0.02,-65838.57621515014,0.02,-65726.46165353952,0.02,-65118.36785177984,0.02,-64210.24414562466,0.02,-63118.79164436592,0.02,-60650.5419458074,0.02,-59964.95431674039,0.02,-58535.72510105998,0.02,-56724.51339774247,0.02,-54731.69901084922,0.02,-52672.41355110915,0.02,-50614.13846850784
0.03,-180879.5163761187,0.03,-109108.9709218618,0.03,-93814.58840957595,0.03,-85982.24442958133,0.03,-86735.21976605592,0.03,-86430.5477337637,0.03,-85506.30542405571,0.03,-84210.65623981609,0.03,-82691.08910311165,0.03,-79313.56201247009,0.03,-78049.70468543275,0.03,-75914.36707495783,0.03,-73350.90170248681,0.03,-70601.43879705489,0.03,-67802.91092338596,0.03,-65034.02708277197
0.04,-239931.6097026155,0.04,-144414.0253824907,0.04,-123998.9778264733,0.04,-113534.116078957,0.04,-114247.7244867213,0.04,-113636.7756196278,0.04,-112255.1948698818,0.04,-110416.4277316947,0.04,-108306.3463682886,0.04,-103690.8360839614,0.04,-101559.1930902983,0.04,-98422.91770812871,0.04,-94821.14231951622,0.04,-91043.61939282398,0.04,-87251.22409087463,0.04,-83534.25692995302
0.05,-318213.9951913431,0.05,-191130.9303293033,0.05,-163932.4290970346,0.05,-149963.4740139499,0.05,-150560.5082932986,0.05,-149504.0121611637,0.05,-147491.9318519359,0.05,-144918.892325231,0.05,-142018.4136943053,0.05,-135759.1760700179,0.05,-132402.3729662117,0.05,-127904.2359102407,0.05,-122914.6567699082,0.05,-117777.0701126806,0.05,-112678.3919097557,0.05,-107720.7597188368
0.06,-421967.917834432,0.06,-252908.0678137834,0.06,-216676.3076013871,0.06,-198058.0850068116,0.06,-198395.5376545005,0.06,-196677.3126142411,0.06,-193779.7293276061,0.06,-190197.9612352005,0.06,-186224.3980683532,0.06,-177755.5460214611,0.06,-172612.3988078618,0.06,-166205.6363023824,0.06,-159310.8981196305,0.06,-152330.1308404386,0.06,-145476.8178408714,0.06,-138863.591835539
0.07000000000000001,-559450.309457503,0.07000000000000001,-334578.4811115048,0.07000000000000001,-286313.1847640288,0.07000000000000001,-261495.7291487948,0.07000000000000001,-261337.3029393857,0.07000000000000001,-258636.4528738302,0.07000000000000001,-254489.0581749183,0.07000000000000001,-249514.0690424001,0.07000000000000001,-244076.1217434802,0.07000000000000001,-232623.0811870209,0.07000000000000001,-224910.4747020974,0.07000000000000001,-215850.2953692131,0.07000000000000001,-206355.9855245052,0.07000000000000001,-196890.0024706682,0.07000000000000001,-187690.4801198863,0.07000000000000001,-178877.1509286785
0.08,-741579.9335929198,0.08,-442516.3514207843,0.08,-378221.8666862278,0.08,-345138.3933559765,0.08,-344120.7258292111,0.08,-339977.3562398637,0.08,-334072.5132931795,0.08,-327176.4975867791,0.08,-319741.9858616192,0.08,-304260.4150045862,0.08,-292882.2252563389,0.08,-280146.9249450751,0.08,-267112.4688973346,0.08,-254299.2705217988,0.08,-241964.4683485101,0.08,-230228.4490041305
0.09,-982788.222182624,0.09,-585123.7432953503,0.09,-499479.6144868228,0.09,-455374.3032319193,0.09,-452948.8896279285,0.09,-446707.317411886,0.09,-438339.0639418858,0.09,-428798.0428516904,0.09,-418643.3334223003,0.09,-397724.8955206561,0.09,-381152.4560712739,0.09,-363342.5608183746,0.09,-345494.4977842327,0.09,-328176.5514079584,0.09,-311653.415400765,0.09,-296035.1140586292
0.09999999999999999,-1302138.381316394,0.09999999999999999,-773468.7170155585,0.09999999999999999,-659391.5676544871,0.09999999999999999,-600589.911800115,0.09999999999999999,-595940.2510285185,0.09999999999999999,-586669.5261837154,0.09999999999999999,-574857.4916342153,0.09999999999999999,-561678.7359574346,0.09999999999999999,-547819.6716438293,0.09999999999999999,-519564.0320835662,0.09999999999999999,-495671.4534405818,0.09999999999999999,-470871.8195904199,0.09999999999999999,-446485.8855051068,0.09999999999999999,-423107.8518266415,0.09999999999999999,-400989.741608526,0.09999999999999999,-380213.4731652089
0.11,-1724795.408317271,0.11,-1022120.618375825,0.11,-870181.5632190261,0.11,-791783.9924124766,0.11,-783707.5807040337,0.11,-770090.1386888627,0.11,-753474.0255503581,0.11,-735296.0640914965,0.11,-716393.2439246983,0.11,-678233.3736468715,0.11,-644070.2960844121,0.11,-609661.0442940205,0.11,-576401.320916562,0.11,-544871.1811676843,0.11,-515276.7520388258,0.11,-487644.3307587774
0.12,-2283954.066075082,0.12,-1350241.516113858,0.12,-1147891.514958489,0.12,-1043364.372265144,0.12,-1030104.722772863,0.12,-1010280.071761184,0.12,-986972.7955830805,0.12,-961927.033301282,0.12,-936155.2477443565,0.12,-884617.6214613466,0.12,-836094.9633640413,0.12,-788491.486488107,0.12,-743190.2913457061,0.12,-700690.2481542355,0.12,-661099.395030454,0.12,-624346.8249252747
0.13,-3023362.87840159,0.13,-1783009.28453595,0.13,-1513549.091179215,0.13,-1374178.015257665,0.13,-1353185.410015902,0.13,-1324530.025027935,0.13,-1291912.379124225,0.13,-1257430.516599844,0.13,-1222297.648422333,0.13,-1152670.833340546,0.13,-1084125.199281812,0.13,-1018419.645060732,0.13,-956775.6080679776,0.13,-899504.2242193981,0.13,-846535.8568155429,0.13,-797640.650900878
0.14,-4000621.287163857,0.14,-2353468.327175294,0.14,-1994678.59362426,0.14,-1808836.964826987,0.14,-1776427.149984855,0.14,-1735243.277558441,0.14,-1689675.23442109,0.14,-1642219.503925384,0.14,-1594313.538492966,0.14,-1500186.721568616,0.14,-1403775.337358822,0.14,-1313241.324120257,0.14,-1229404.974441858,0.14,-1152225.966957231,0.14,-1081338.056750071,0.14,-1016261.801922263
0.15,-5291475.786583841,0.15,-3104928.936544635,0.15,-2627247.698045994,0.15,-2379415.658906485,0.15,-2330281.659989004,0.15,-2271355.13951973,0.15,-2207767.339725137,0.15,-2142449.884952083,0.15,-2077082.782735829,0.15,-1949698.240381738,0.15,-1814557.509594634,0.15,-1689966.020621683,0.15,-1575972.401542732,0.15,-1471938.974697805,0.15,-1377027.430442204,0.15,-1290376.443328144
0.16,-6995400.588122866,0.16,-4094066.071440739,0.16,-3458162.606534878,0.16,-3127608.221598879,0.16,-3054119.595024452,0.16,-2970087.991282974,0.16,-2881399.720713982,0.16,-2791441.580052291,0.16,-2702144.205493801,0.16,-2529482.371478262,0.16,-2340558.726231559,0.16,-2169236.649062904,0.16,-2014234.377761309,0.16,-1873952.95024638,0.16,-1746824.788578009,0.16,-1631413.58123207
0.17,-9242820.244970251,0.17,-5394902.648665189,0.17,-4548444.854689969,0.17,-4107445.237624757,0.17,-3998637.978737709,0.17,-3879082.253728158,0.17,-3755366.623158527,0.17,-3631323.50044494,0.17,-3509124.776842776,0.17,-3274605.09592828,0.17,-3011037.587156463,0.17,-2775583.888244254,0.17,-2564803.547029642,0.17,-2375601.697331144,0.17,-2205304.336472238,0.17,-2051616.613936266
0.18,-12204415.79733638,0.18,-7103899.982470086,0.18,-5977241.68181332,0.18,-5388674.017289862,0.18,-5228788.057384569,0.18,-5058919.44692468,0.18,-4886199.102420555,0.18,-4714847.78354026,0.18,-4547241.940170298,0.18,-4227875.839424809,0.18,-3860780.522438139,0.18,-3537345.700503403,0.18,-3250755.773848816,0.18,-2995634.577938954,0.18,-2767644.619992208,0.18,-2563211.264905892
0.19,-16103050.60968565,0.19,-9346415.59107176,0.19,-7846833.202313483,0.19,-7060897.2459466,0.19,-6827250.085043935,0.19,-6586003.312412762,0.19,-6344506.89699613,0.19,-6107240.45718593,0.19,-5876707.853308611,0.19,-5440484.456961143,0.19,-4929973.551900507,0.19,-4486020.673532259,0.19,-4096651.189953689,0.19,-3753044.767532611,0.19,-3448366.457930376,0.19,-3177126.392679629
0.2,-21228951.97422168,0.2,-12284819.93526331,0.2,-10288794.42887767,0.2,-9238530.553878933,0.2,-8898416.155496802,0.2,-8555674.548548564,0.2,-8217312.253235702,0.2,-7887833.984987648,0.2,-7569736.120877794,0.2,-6971968.569279958,0.2,-6263258.734693006,0.2,-5654784.802604457,0.2,-5126778.725712214,0.2,-4665228.577515805,0.2,-4259532.17949704,0.2,-3901311.833667117
0.21,-27958878.85371435,0.21,-16128577.51364394,0.21,-13471433.58889407,0.21,-12066562.36676433,0.21,-11572723.96047552,0.21,-11085287.03803846,0.21,-10610014.09590444,0.21,-10151055.61760893,0.21,-9710684.094792295,0.21,-8889024.468796737,0.21,-7907593.628497822,0.21,-7075934.019977173,0.21,-6362535.722814549,0.21,-5745521.219251755,0.21,-5208559.492565584,0.21,-4738885.757141736
0.2200000000000001,-36780074.85750818,0.2200000000000001,-21146575.40333163,0.2200000000000001,-17608537.4358751,0.2200000000000001,-15726954.90401381,0.2200000000000001,-15010991.07643308,0.2200000000000001,-14316753.47316793,0.2200000000000001,-13647395.63928657,0.2200000000000001,-13006133.96871722,0.2200000000000001,-12394681.97006131,0.2200000000000001,-11262584.88044713,0.2200000000000001,-9908588.710573852,0.2200000000000001,-8777187.584320815,0.2200000000000001,-7819098.799145143,0.2200000000000001,-7000427.03465368,0.2200000000000001,-6296068.795129228,0.2200000000000001,-5686577.992450329
0.2300000000000001,-48319815.04164977,0.2300000000000001,-27681894.58108823,0.2300000000000001,-22969277.29942924,0.2300000000000001,-20445283.13996244,0.2300000000000001,-19408111.43981319,0.2300000000000001,-18417774.49996391,0.2300000000000001,-17472824.58309554,0.2300000000000001,-16574680.66033316,0.2300000000000001,-15723972.87667716,0.2300000000000001,-14162644.71135745,0.2300000000000001,-12305259.29369339,0.2300000000000001,-10777159.45712525,0.2300000000000001,-9501935.421924679,0.2300000000000001,-8427211.449510174,0.2300000000000001,-7514450.232748806,0.2300000000000001,-6734107.054779707
0.2400000000000001,-63381252.3775475,0.2400000000000001,-36169023.51653229,0.2400000000000001,-29888825.74735865,0.2400000000000001,-26496839.48167229,0.2400000000000001,-24995090.98938376,0.2400000000000001,-23580632.25764096,0.2400000000000001,-22244565.42346577,0.2400000000000001,-20985211.65990371,0.2400000000000001,-19801248.71685718,0.2400000000000001,-17650667.81474585,0.2400000000000001,-15123673.47096213,0.2400000000000001,-13080859.24125201,0.2400000000000001,-11404146.83691154,0.2400000000000001,-10012794.33773683,0.2400000000000001,-8847935.349379119,0.2400000000000001,-7865077.361915211
0.2500000000000001,-82985976.44314423,0.2500000000000001,-47153152.45597132,0.2500000000000001,-38778760.46038841,0.2500000000000001,-34210924.29781953,0.2500000000000001,-32037962.04991561,0.2500000000000001,-30017160.44707545,0.2500000000000001,-28128082.33973546,0.2500000000000001,-26363878.59444487,0.2500000000000001,-24719704.51299968,0.2500000000000001,-21770182.29260533,0.2500000000000001,-18370767.14427482,0.2500000000000001,-15676643.88069219,0.2500000000000001,-13505879.46138849,0.2500000000000001,-11734843.38428575,0.2500000000000001,-10274704.85254807,0.2500000000000001,-9059601.88301616
0.2600000000000001,-108423105.8957424,0.2600000000000001,-61310593.62585569,0.2600000000000001,-50135663.98940808,0.2600000000000001,-43971436.67128264,0.2600000000000001,-40831758.86573925,0.2600000000000001,-37948506.86221596,0.2600000000000001,-35283602.07659005,0.2600000000000001,-32821414.23310054,0.2600000000000001,-30550521.3806604,0.2600000000000001,-26537337.0636577,0.2600000000000001,-22030357.71001029,0.2600000000000001,-18536247.74533749,0.2600000000000001,-15776790.66713363,0.2600000000000001,-13565437.50514959,0.2600000000000001,-11770926.16317929,0.2600000000000001,-10298228.31081552
0.2700000000000001,-141303715.7765338,0.2700000000000001,-79468488.01302025,0.2700000000000001,-64545496.77359376,0.2700000000000001,-56211322.10932468,0.2700000000000001,-51687724.9725081,0.2700000000000001,-47588892.73219635,0.2700000000000001,-43849297.50197228,0.2700000000000001,-40437704.17161924,0.2700000000000001,-37329999.57582138,0.2700000000000001,-31934373.16850226,0.2700000000000001,-26063599.72743685,0.2700000000000001,-21618991.08136433,0.2700000000000001,-18181676.50273961,0.2700000000000001,-15476753.24465034,0.2700000000000001,-13315837.62396402,0.2700000000000001,-11566180.70698397
0.2800000000000001,-183617816.1817851,0.2800000000000001,-102620771.9174433,0.2800000000000001,-82680478.83931409,0.2800000000000001,-71398237.52988547,0.2800000000000001,-64912653.54217038,0.2800000000000001,-59124062.0138665,0.2800000000000001,-53922341.87254892,0.2800000000000001,-49247292.85623077,0.2800000000000001,-45050140.96850456,0.2800000000000001,-37909396.74668781,0.2800000000000001,-30415275.72410152,0.2800000000000001,-24879942.47443042,0.2800000000000001,-20688146.57612599,0.2800000000000001,-17447358.43589756,0.2800000000000001,-14896516.12192292,0.2800000000000001,-12856770.79044538
0.2900000000000001,-237788868.009103,0.2900000000000001,-131935995.4788504,0.2900000000000001,-105284717.0921854,0.2900000000000001,-90009458.33864865,0.2900000000000001,-80781135.97000839,0.2900000000000001,-72687557.81840552,0.2900000000000001,-65542385.58297024,0.2900000000000001,-59230757.78036641,0.2900000000000001,-53657162.40344822,0.2900000000000001,-44384720.42537117,0.2900000000000001,-35025387.2025217,0.2900000000000001,-28280207.59543298,0.2900000000000001,-23274314.93765172,0.2900000000000001,-19467402.95993795,0.2900000000000001,-16511093.05564747,0.2900000000000001,-14173192.86259881
0.3000000000000001,-306718019.1246612,0.3000000000000001,-168751346.332413,0.3000000000000001,-133145261.9043836,0.3000000000000001,-112496144.5360069,0.3000000000000001,-99504587.06994781,0.3000000000000001,-88340772.39556368,0.3000000000000001,-78683629.36797352,0.3000000000000001,-70316991.41059552,0.3000000000000001,-63061146.23702257,0.3000000000000001,-51273249.46084731,0.3000000000000001,-39843309.70466039,0.3000000000000001,-31796537.05174978,0.3000000000000001,-25934443.70470684,0.3000000000000001,-21541473.86354742,0.3000000000000001,-18169840.95564977,0.3000000000000001,-15528565.39711545
0.3100000000000001,-393807263.4390102,0.3100000000000001,-214546798.0473771,0.3100000000000001,-167047422.2794423,0.3100000000000001,-139240864.5381938,0.3100000000000001,-121204498.2348716,0.3100000000000001,-106064448.3389142,0.3100000000000001,-93261090.67651977,0.3100000000000001,-82398989.70174864,0.3100000000000001,-73156555.41466065,0.3100000000000001,-58499049.41294924,0.3100000000000001,-44840570.47217376,0.3100000000000001,-35427721.05990186,0.3100000000000001,-28681352.7049537,0.3100000000000001,-23688824.14243113,0.3100000000000001,-19894332.77326943,0.3100000000000001,-16944644.77194668
0.3200000000000001,-502948460.8570085,0.3200000000000001,-270894663.6641032,0.3200000000000001,-207717535.2869532,0.3200000000000001,-170517096.0620334,0.3200000000000001,-145899648.8007956,0.3200000000000001,-125768133.6061933,0.3200000000000001,-109152965.5008472,0.3200000000000001,-95361067.51748645,0.3200000000000001,-83848969.90489799,0.3200000000000001,-66016253.13903404,0.3200000000000001,-50018877.8998437,0.3200000000000001,-39196585.48631158,0.3200000000000001,-31545635.64597867,0.3200000000000001,-25941536.65741971,0.3200000000000001,-21715371.57736716,0.3200000000000001,-18449869.90403455
0.3300000000000001,-638465091.9799242,0.3300000000000001,-339384019.3929646,0.3300000000000001,-255762552.3045699,0.3300000000000001,-206463246.9446405,0.3300000000000001,-173515691.44772,0.3300000000000001,-147319138.5767202,0.3300000000000001,-126235102.8316867,0.3300000000000001,-109110619.6721948,0.3300000000000001,-95080553.16893338,0.3300000000000001,-73821126.99923466,0.3300000000000001,-55411994.54189894,0.3300000000000001,-43147979.82309823,0.3300000000000001,-34572623.49106932,0.3300000000000001,-28341566.56552924,0.3300000000000001,-23670457.94602842,0.3300000000000001,-20077304.69327646
0.3400000000000001,-804997592.3831437,0.3400000000000001,-421526821.9043156,0.3400000000000001,-311621695.6554169,0.3400000000000001,-247083563.0578074,0.3400000000000001,-203919477.1484766,0.3400000000000001,-170585283.7233151,0.3400000000000001,-144418418.0091806,0.3400000000000001,-123605408.4623266,0.3400000000000001,-106847215.2469726,0.3400000000000001,-81954966.42521703,0.3400000000000001,-61082183.1534875,0.3400000000000001,-47344136.42961992,0.3400000000000001,-37818287.59944115,0.3400000000000001,-30937502.71685443,0.3400000000000001,-25801328.22746037,0.3400000000000001,-21862788.57640624
0.3500000000000001,-1007332470.6888,0.3500000000000001,-518661704.6302938,0.3500000000000001,-375547436.292266,0.3500000000000001,-292281982.241606,0.3500000000000001,-236971427.4110675,0.3500000000000001,-195479809.3318383,0.3500000000000001,-163678634.4925901,0.3500000000000001,-138869203.428202,0.3500000000000001,-119203861.2791566,0.3500000000000001,-90498743.51512255,0.3500000000000001,-67113204.30658171,0.3500000000000001,-51858920.88460271,0.3500000000000001,-41345003.66406876,0.3500000000000001,-33781532.52473707,0.3500000000000001,-28151777.13264472,0.3500000000000001,-23843352.78683476
0.3600000000000002,-1250189590.070669,0.3600000000000002,-631878669.5488319,0.3600000000000002,-447627755.5061654,0.3600000000000002,-341923699.7223558,0.3600000000000002,-272581645.7935133,0.3600000000000002,-221995707.0221801,0.3600000000000002,-184070888.1375201,0.3600000000000002,-154993177.5894632,0.3600000000000002,-132258352.8260251,0.3600000000000002,-99562439.27497013,0.3600000000000002,-73601950.19014858,0.3600000000000002,-56772058.49273635,0.3600000000000002,-45217636.87384577,0.3600000000000002,-36926740.92792524,0.3600000000000002,-30765736.7119543,0.3600000000000002,-26055805.88592139
0.3700000000000002,-1537997096.044394,0.3700000000000002,-761988027.6766253,0.3700000000000002,-527848904.6421977,0.3700000000000002,-395907988.4751931,0.3700000000000002,-310753644.612084,0.3700000000000002,-250220990.1125638,0.3700000000000002,-205727402.0688835,0.3700000000000002,-172125072.282568,0.3700000000000002,-146157694.9258287,0.3700000000000002,-109272304.6647421,0.3700000000000002,-80650196.63366376,0.3700000000000002,-62163856.93888443,0.3700000000000002,-49500039.95330896,0.3700000000000002,-40424667.40296102,0.3700000000000002,-33685483.10390001,0.3700000000000002,-28535354.95529939
0.3800000000000002,-1874692453.120965,0.3800000000000002,-909546488.2410533,0.3800000000000002,-616182490.3184392,0.3800000000000002,-454230821.7737077,0.3800000000000002,-351604479.1333047,0.3800000000000002,-280333342.6319031,0.3800000000000002,-228841497.3184221,0.3800000000000002,-190450739.9204881,0.3800000000000002,-161070727.0170918,0.3800000000000002,-119758504.4263891,0.3800000000000002,-88357240.50658235,0.3800000000000002,-68110558.65759885,0.3800000000000002,-54251896.2320393,0.3800000000000002,-44323009.5375352,0.3800000000000002,-36949868.08937061,0.3800000000000002,-31314181.64700537
0.3900000000000002,-2263583768.744557,0.3900000000000002,-1074934135.589294,0.3900000000000002,-712670494.4005402,0.3900000000000002,-517019848.597935,0.3900000000000002,-395358639.9306191,0.3900000000000002,-312578517.3020685,0.3900000000000002,-253643716.6563091,0.3900000000000002,-210172968.5102554,0.3900000000000002,-177170846.832168,0.3900000000000002,-131144565.1662139,0.3900000000000002,-96813726.58572155,0.3900000000000002,-74680332.66547443,0.3900000000000002,-59525867.95424687,0.3900000000000002,-48663447.27483485,0.3900000000000002,-40592573.66825423,0.3900000000000002,-34419991.7283851
0.4000000000000002,-2707286110.548281,0.4000000000000002,-1258456272.813317,0.4000000000000002,-817482397.0951364,0.4000000000000002,-584534682.5138122,0.4000000000000002,-442320792.3415697,0.4000000000000002,-347239736.961497,0.4000000000000002,-280375858.5460247,0.4000000000000002,-231491425.5682472,0.4000000000000002,-194621069.9503698,0.4000000000000002,-143539295.6338402,0.4000000000000002,-106096811.3754956,0.4000000000000002,-81929978.15246111,0.4000000000000002,-65365134.80523503,0.4000000000000002,-53479692.34172717,0.4000000000000002,-44640505.93534649,0.4000000000000002,-37874658.50154423
0.4100000000000002,-3207719926.550611,0.4100000000000002,-1460433928.400001,0.4100000000000002,-930929353.416465,0.4100000000000002,-657136674.9969285,0.4100000000000002,-492836628.5890117,0.4100000000000002,-384605363.6439194,0.4100000000000002,-309267401.5793531,0.4100000000000002,-254586199.1738649,0.4100000000000002,-213562701.7419057,0.4100000000000002,-157031448.8777748,0.4100000000000002,-116266826.4585661,0.4100000000000002,-89902526.37230949,0.4100000000000002,-71801528.2555145,0.4100000000000002,-58795971.01615281,0.4100000000000002,-49112528.31894119,0.4100000000000002,-41693146.93829855
0.4200000000000002,-3766136880.838287,0.4200000000000002,-1681251803.248879,0.4200000000000002,-1053435505.518298,0.4200000000000002,-735239806.3608165,0.4200000000000002,-547251593.1956578,0.4200000000000002,-424940525.6611032,0.4200000000000002,-340517216.8703883,0.4200000000000002,-279606299.6638676,0.4200000000000002,-234108214.6904972,0.4200000000000002,-171687183.8586827,0.4200000000000002,-127365619.0134033,0.4200000000000002,-98625977.18338428,0.4200000000000002,-78854509.13428982,0.4200000000000002,-64626176.07352221,0.4200000000000002,-54018749.85717183,0.4200000000000002,-45882912.06320321
0.4300000000000002,-4383134999.713413,0.4300000000000002,-1921349938.402202,0.4300000000000002,-1185479214.724433,0.4300000000000002,-819256637.0465319,0.4300000000000002,-605875395.5716599,0.4300000000000002,-468466369.0097052,0.4300000000000002,-374282076.561889,0.4300000000000002,-306663643.7010209,0.4300000000000002,-256338424.9706957,0.4300000000000002,-187550176.7002249,0.4300000000000002,-139416654.2253654,0.4300000000000002,-108113335.133644,0.4300000000000002,-86531168.75723097,0.4300000000000002,-70973859.02921219,0.4300000000000002,-59360522.35537618,0.4300000000000002,-50443906.75075932
0.4400000000000002,-5058642585.635132,0.4400000000000002,-2181166749.23512,0.4400000000000002,-1327523318.430052,0.4400000000000002,-909551454.0237554,0.4400000000000002,-668957388.9558991,0.4400000000000002,-515348634.8483294,0.4400000000000002,-410672276.4532946,0.4400000000000002,-335832314.1006313,0.4400000000000002,-280303583.2605579,0.4400000000000002,-204643961.4372613,0.4400000000000002,-152426753.908502,0.4400000000000002,-118363929.2767659,0.4400000000000002,-94827276.16590844,0.4400000000000002,-77833095.5969954,0.4400000000000002,-65131178.86448625,0.4400000000000002,-55369227.03475616
0.4500000000000002,-5791879234.86516,0.4500000000000002,-2461057142.653008,0.4500000000000002,-1479953055.707205,0.4500000000000002,-1006408604.194149,0.4500000000000002,-736674867.1325346,0.4500000000000002,-565695471.5230411,0.4500000000000002,-449753618.7326937,0.4500000000000002,-367152199.2328995,0.4500000000000002,-306027513.2982675,0.4500000000000002,-222975799.7331343,0.4500000000000002,-166389088.2778741,0.4500000000000002,-129365775.659115,0.4500000000000002,-103729200.5530489,0.4500000000000002,-85190091.69987836,0.4500000000000002,-71317403.80913004,0.4500000000000002,-60646300.38345827
0.4600000000000002,-6581326367.533103,0.4600000000000002,-2761214922.243134,0.4600000000000002,-1643034867.642947,0.4600000000000002,-1110019052.8239,0.4600000000000002,-809133527.6307445,0.4600000000000002,-619562846.6748935,0.4600000000000002,-491554096.850385,0.4600000000000002,-400635546.5699344,0.4600000000000002,-333513552.6125599,0.4600000000000002,-242541195.9402533,0.4600000000000002,-181286834.762585,0.4600000000000002,-141098555.0680904,0.4600000000000002,-113216376.1538267,0.4600000000000002,-93025259.25829995,0.4600000000000002,-77901007.53712605,0.4600000000000002,-66258422.0518402
0.4700000000000003,-7424745908.918978,0.4700000000000003,-3081623363.713072,0.4700000000000003,-1816901422.659475,0.4700000000000003,-1220483578.371654,0.4700000000000003,-886377125.081115,0.4700000000000003,-676964824.8930248,0.4700000000000003,-536073057.354396,0.4700000000000003,-436274669.8872165,0.4700000000000003,-362750905.0092683,0.4700000000000003,-263328170.5228781,0.4700000000000003,-197096847.3732519,0.4700000000000003,-153536695.8282672,0.4700000000000003,-123263898.8708444,0.4700000000000003,-101315422.4498363,0.4700000000000003,-84860819.44556148,0.4700000000000003,-72186394.98260698
0.4800000000000003,-8319271208.253461,0.4800000000000003,-3422045355.378071,0.4800000000000003,-2001560451.384522,0.4800000000000003,-1337827600.244073,0.4800000000000003,-968402043.162887,0.4800000000000003,-737885534.4876466,0.4800000000000003,-583290532.6213645,0.4800000000000003,-474049128.68913,0.4800000000000003,-393720164.3834682,0.4800000000000003,-285320591.0243658,0.4800000000000003,-213792764.1340072,0.4800000000000003,-166652093.3160298,0.4800000000000003,-133844867.606942,0.4800000000000003,-110035830.754156,0.4800000000000003,-92174425.80796091,0.4800000000000003,-78410039.04508215
0.4900000000000003,-9261566836.813354,0.4900000000000003,-3782050266.8907,0.4900000000000003,-2196919324.090972,0.4900000000000003,-1462021020.963443,0.4900000000000003,-1055172350.230105,0.4900000000000003,-802289937.7817223,0.4900000000000003,-633174853.4366122,0.4900000000000003,-513931123.5397673,0.4900000000000003,-426397165.2939129,0.4900000000000003,-308500172.9548762,0.4900000000000003,-231347181.6808575,0.4900000000000003,-180416139.7266405,0.4900000000000003,-144932190.3200357,0.4900000000000003,-119161740.1476745,0.4900000000000003,-99819548.59726237,0.4900000000000003,-84909394.90208012
0.5000000000000002,-10248027139.1808,0.5000000000000002,-4161063784.927089,0.5000000000000002,-2402814922.789952,0.5000000000000002,-1592996765.156044,0.5000000000000002,-1146631776.601556,0.5000000000000002,-870131397.4269098,0.5000000000000002,-685687408.3852497,0.5000000000000002,-555888477.5200943,0.5000000000000002,-460754827.3001596,0.5000000000000002,-332847104.6105017,0.5000000000000002,-249732774.4284319,0.5000000000000002,-194800926.203379,0.5000000000000002,-156499723.5113491,0.5000000000000002,-128669444.6056336,0.5000000000000002,-107774962.0347766,0.5000000000000002,-91665532.8504727
0.5100000000000002,-11274969109.4584,0.5100000000000002,-4558422347.223301,0.5100000000000002,-2619039291.963413,0.5100000000000002,-1730663496.176826,0.5100000000000002,-1242710575.132688,0.5100000000000002,-941355185.5104431,0.5100000000000002,-740784273.7032943,0.5100000000000002,-599885211.7033254,0.5100000000000002,-496763139.3206455,0.5100000000000002,-358339529.8097658,0.5100000000000002,-268922458.9276608,0.5100000000000002,-209779657.9479184,0.5100000000000002,-168522758.6925024,0.5100000000000002,-138536759.4771386,0.5100000000000002,-116020943.5154861,0.5100000000000002,-98660961.7013305
0.5200000000000002,-12338777934.25253,0.5200000000000002,-4973415771.88528,0.5200000000000002,-2845354840.533171,0.5200000000000002,-1874910505.566489,0.5200000000000002,-1343326884.913232,0.5200000000000002,-1015898169.946666,0.5200000000000002,-798415161.706185,0.5200000000000002,-645880213.8195127,0.5200000000000002,-534387768.7888648,0.5200000000000002,-384952288.8655502,0.5200000000000002,-288888854.4206362,0.5200000000000002,-225326451.0529739,0.5200000000000002,-180977976.9609275,0.5200000000000002,-148743048.6773784,0.5200000000000002,-124539331.9263467,0.5200000000000002,-105879697.7844042
0.5300000000000002,-13435979989.18669,0.5300000000000002,-5405308172.306008,0.5300000000000002,-3081497045.263009,0.5300000000000002,-2025605174.74222,0.5300000000000002,-1448383564.120605,0.5300000000000002,-1093685684.796938,0.5300000000000002,-858520587.4012135,0.5300000000000002,-693824765.2319744,0.5300000000000002,-573587935.575965,0.5300000000000002,-412655363.1909884,0.5300000000000002,-309603353.0093544,0.5300000000000002,-241415741.785695,0.5300000000000002,-193843048.8800929,0.5300000000000002,-159268936.6603299,0.5300000000000002,-133313308.7134787,0.5300000000000002,-113307090.6290314
0.5400000000000003,-14563240024.79902,0.5400000000000003,-5853335198.91025,0.5400000000000003,-3327166299.527236,0.5400000000000003,-2182585114.589768,0.5400000000000003,-1557762245.936709,0.5400000000000003,-1174626949.925389,0.5400000000000003,-921028301.7503401,0.5400000000000003,-743659734.2893851,0.5400000000000003,-614314179.5344965,0.5400000000000003,-441412417.8901581,0.5400000000000003,-331035099.0889574,0.5400000000000003,-258021540.702958,0.5400000000000003,-207096064.4593773,0.5400000000000003,-170095855.5598158,0.5400000000000003,-142327026.5295978,0.5400000000000003,-120929510.6743973
0.5500000000000003,-15717298402.3171,0.5500000000000003,-6316682332.816195,0.5500000000000003,-3582012912.046134,0.5500000000000003,-2345647870.230596,0.5500000000000003,-1671316575.062236,0.5500000000000003,-1258610389.08145,0.5500000000000003,-985849942.1577165,0.5500000000000003,-795313120.8566768,0.5500000000000003,-656506525.1569461,0.5500000000000003,-471179729.0724403,0.5500000000000003,-353150113.9465303,0.5500000000000003,-275116723.6619575,0.5500000000000003,-220714950.7649436,0.5500000000000003,-181205558.2776669,0.5500000000000003,-151565195.4099095,0.5500000000000003,-128733992.5454134
0.5600000000000003,-16894875383.22173,0.5600000000000003,-6794452837.770813,0.5600000000000003,-3845620073.909216,0.5600000000000003,-2514541025.024578,0.5600000000000003,-1788866332.287227,0.5600000000000003,-1345499921.971445,0.5600000000000003,-1052878602.423184,0.5600000000000003,-848698423.8937173,0.5600000000000003,-700093367.7289518,0.5600000000000003,-501905656.8170757,0.5600000000000003,-375910716.1045001,0.5600000000000003,-292672490.9969842,0.5600000000000003,-234676989.3091098,0.5600000000000003,-192579693.0471876,0.5600000000000003,-161012708.1442503,0.5600000000000003,-136707904.1424503
0.5700000000000003,-18092571562.70267,0.5700000000000003,-7285634830.077131,0.5700000000000003,-4117489150.950435,0.5700000000000003,-2688954919.934887,0.5700000000000003,-1910193645.783102,0.5700000000000003,-1435132911.819928,0.5700000000000003,-1121987722.091205,0.5700000000000003,-903714070.5203933,0.5700000000000003,-744991223.0009009,0.5700000000000003,-533530709.0175045,0.5700000000000003,-399275303.8348703,0.5700000000000003,-310658062.9536559,0.5700000000000003,-248958496.3828303,0.5700000000000003,-204199495.9395346,0.5700000000000003,-170654354.6197661,0.5700000000000003,-144838685.235224
0.5800000000000003,-19306788546.08763,0.5800000000000003,-7789075444.569949,0.5800000000000003,-4397030423.878083,0.5800000000000003,-2868519330.618238,0.5800000000000003,-2035041904.09983,0.5800000000000003,-1527320048.994094,0.5800000000000003,-1193031411.684598,0.5800000000000003,-960243939.2331491,0.5800000000000003,-791105329.4510764,0.5800000000000003,-565988151.6663581,0.5800000000000003,-423198497.3612262,0.5800000000000003,-329040625.7162904,0.5800000000000003,-263534686.708285,0.5800000000000003,-216045623.0435513,0.5800000000000003,-180474646.2038881,0.5800000000000003,-153113675.1632848
0.5900000000000003,-20533685181.5599,0.5900000000000003,-8303467318.116439,0.5900000000000003,-4683560895.944438,0.5900000000000003,-3052804568.050185,0.5900000000000003,-2163117459.368813,0.5900000000000003,-1621847116.536727,0.5900000000000003,-1265846107.869914,0.5900000000000003,-1018158856.778946,0.5900000000000003,-838330983.6652796,0.5900000000000003,-599205062.8016028,0.5900000000000003,-447631590.5117779,0.5900000000000003,-347785503.556004,0.5900000000000003,-278379709.0464795,0.5900000000000003,-228098117.8035215,0.5900000000000003,-190457749.2778583,0.5900000000000003,-161520030.66163
0.6000000000000003,-21769175188.38055,0.6000000000000003,-8827349568.372004,0.6000000000000003,-4976309395.997337,0.6000000000000003,-3241326748.548816,0.6000000000000003,-2294093811.401597,0.6000000000000003,-1718478348.130057,0.6000000000000003,-1340253306.349195,0.6000000000000003,-1077318853.898369,0.6000000000000003,-886555426.8790396,0.6000000000000003,-633103698.4087925,0.6000000000000003,-472523234.9574526,0.6000000000000003,-366856509.4934334,0.6000000000000003,-293466822.6739425,0.6000000000000003,-240336492.2451434,0.6000000000000003,-200587512.7538588,0.6000000000000003,-170044722.5939959
0.6100000000000003,-23008964004.83869,0.6100000000000003,-9359122803.528923,0.6100000000000003,-5274428137.90897,0.6100000000000003,-3433556485.274366,0.6100000000000003,-2427617715.407634,0.6100000000000003,-1816960956.425745,0.6100000000000003,-1416063046.798186,0.6100000000000003,-1137575923.937163,0.6100000000000003,-935660077.9600555,0.6100000000000003,-667603033.3220562,0.6100000000000003,-497820271.2011406,0.6100000000000003,-386216417.2365351,0.6100000000000003,-308768674.5030515,0.6100000000000003,-252739892.5502343,0.6100000000000003,-210847567.071289,0.6100000000000003,-178674593.9135514
0.6200000000000003,-24248617164.19231,0.6200000000000003,-9897075807.982603,0.6200000000000003,-5577009227.93863,0.6200000000000003,-3628929989.126006,0.6200000000000003,-2563316545.932339,0.6200000000000003,-1917030365.265807,0.6200000000000003,-1493077809.915351,0.6200000000000003,-1198777028.450557,0.6200000000000003,-985522915.1204897,0.6200000000000003,-702620351.5602109,0.6200000000000003,-523468624.342163,0.6200000000000003,-405827497.5740334,0.6200000000000003,-324257635.5044627,0.6200000000000003,-265287317.6880378,0.6200000000000003,-221221470.2088183,0.6200000000000003,-187396459.2110871
0.6300000000000003,-25483649644.51459,0.6300000000000003,-10439420484.99974,0.6300000000000003,-5883104315.386255,0.6300000000000003,-3826861497.192863,0.6300000000000003,-2700806248.31741,0.6300000000000003,-2018415700.673891,0.6300000000000003,-1571096514.425163,0.6300000000000003,-1260767122.097972,0.6300000000000003,-1036020835.019748,0.6300000000000003,-738072781.8827465,0.6300000000000003,-549414194.4922619,0.6300000000000003,-425652069.2862006,0.6300000000000003,-339906159.2464949,0.6300000000000003,-277957862.4081069,0.6300000000000003,-231692877.9196833,0.6300000000000003,-196197227.3135279
0.6400000000000003,-26709625038.80706,0.6400000000000003,-10984331303.17261,0.6400000000000003,-6191745583.532606,0.6400000000000003,-4026756019.919441,0.6400000000000003,-2839699282.378681,0.6400000000000003,-2120845159.184867,0.6400000000000003,-1649918355.042977,0.6400000000000003,-1323392013.144941,0.6400000000000003,-1087031854.466655,0.6400000000000003,-773878700.1102781,0.6400000000000003,-575603687.4739499,0.6400000000000003,-445653024.8754718,0.6400000000000003,-355687132.3783253,0.6400000000000003,-290730960.9195778,0.6400000000000003,-242245719.1304434,0.6400000000000003,-205064031.2623663
0.6500000000000004,-27922254424.12839,0.6500000000000004,-11529985708.78937,0.6500000000000004,-6501966484.87928,0.6500000000000004,-4228021560.876159,0.6500000000000004,-2979612079.126765,0.6500000000000004,-2224050957.52732,0.6500000000000004,-1729346287.012329,0.6500000000000004,-1386500925.92101,0.6500000000000004,-1138437059.496286,0.6500000000000004,-809958945.8188652,0.6500000000000004,-601985348.0251473,0.6500000000000004,-465794302.6631143,0.6500000000000004,-371574194.8986387,0.6500000000000004,-303586613.5353224,0.6500000000000004,-252864362.0193751,0.6500000000000004,-213984353.6193645
0.6600000000000004,-29117486814.71109,0.6600000000000004,-12074602533.69765,0.6600000000000004,-6812820949.02814,0.6600000000000004,-4430080169.353079,0.6600000000000004,-3120171664.098472,0.6600000000000004,-2327773658.843653,0.6600000000000004,-1809190028.438643,0.6600000000000004,-1449948680.523541,0.6600000000000004,-1190122244.160844,0.6600000000000004,-846237824.6758075,0.6600000000000004,-628509573.1249363,0.6600000000000004,-486041287.4613984,0.6600000000000004,-387542015.8074143,0.6600000000000004,-316505584.4253228,0.6600000000000004,-263533760.8683919,0.6600000000000004,-222946138.7132831
0.6700000000000004,-30291585498.60523,0.6700000000000004,-12616476170.74753,0.6700000000000004,-7123400160.493706,0.6700000000000004,-4632377400.273985,0.6700000000000004,-3261021231.108513,0.6700000000000004,-2431765756.351447,0.6700000000000004,-1889268511.306093,0.6700000000000004,-1513597448.369296,0.6700000000000004,-1241979213.871572,0.6700000000000004,-882643887.4137721,0.6700000000000004,-655129396.083239,0.6700000000000004,-506361131.1919377,0.6700000000000004,-403566516.4936882,0.6700000000000004,-329469563.7920026,0.6700000000000004,-274239577.8563556,0.6700000000000004,-231937886.7306332
0.6800000000000004,-31441186957.3826,0.6800000000000004,-13154005067.60656,0.6800000000000004,-7432846363.897738,0.6800000000000004,-4834389953.605498,0.6800000000000004,-3401824565.608113,0.6800000000000004,-2535794468.83234,0.6800000000000004,-1969411761.829259,0.6800000000000004,-1577318077.483017,0.6800000000000004,-1293906754.064932,0.6800000000000004,-919110491.6417469,0.6800000000000004,-681800842.2122647,0.6800000000000004,-526722992.0716088,0.6800000000000004,-419625039.6214055,0.6800000000000004,-342461291.960798,0.6800000000000004,-284968277.2840521,0.6800000000000004,-240948727.2550371
0.6900000000000004,-32563341179.16037,0.6900000000000004,-13685713808.3708,0.6900000000000004,-7740363470.818657,0.6900000000000004,-5035631431.9224,0.6900000000000004,-3542269310.712441,0.6900000000000004,-2639643760.36022,0.6900000000000004,-2049462229.061956,0.6900000000000004,-1640991007.907948,0.6900000000000004,-1345811284.014585,0.6900000000000004,-955576163.4162515,0.6900000000000004,-708483164.2051175,0.6900000000000004,-547098196.2770439,0.6900000000000004,-435696465.2745506,0.6900000000000004,-355464646.004388,0.6900000000000004,-295707192.2280639,0.6900000000000004,-249968471.9137071
0.7000000000000004,-33655533851.2925,0.7000000000000004,-14210268653.80702,0.7000000000000004,-8045224497.698801,0.7000000000000004,-5235656283.613557,0.7000000000000004,-3682069139.131496,0.7000000000000004,-2743115638.679056,0.7000000000000004,-2129275607.551678,0.7000000000000004,-1704506815.684358,0.7000000000000004,-1397607228.229561,0.7000000000000004,-991984782.2085172,0.7000000000000004,-735138970.0595419,0.7000000000000004,-567460329.495575,0.7000000000000004,-451761278.8191401,0.7000000000000004,-368464691.6601187,0.7000000000000004,-306444565.3603181,0.7000000000000004,-258987647.2296644
0.7100000000000004,-34715692115.63366,0.7100000000000004,-14726486870.08941,0.7100000000000004,-8346776051.851055,0.7100000000000004,-5434062089.848939,0.7100000000000004,-3820964941.58738,0.7100000000000004,-2846030813.793016,0.7100000000000004,-2208721216.449806,0.7100000000000004,-1767766434.512774,0.7100000000000004,-1449217144.975741,0.7100000000000004,-1028285616.283157,0.7100000000000004,-761734258.9335264,0.7100000000000004,-587785267.7598552,0.7100000000000004,-467801596.5336038,0.7100000000000004,-381447704.6024621,0.7100000000000004,-317169566.7524533,0.7100000000000004,-267997509.6906469
0.7200000000000004,-35742176310.80586,0.7200000000000004,-15233340490.99076,0.7200000000000004,-8644440205.768221,0.7200000000000004,-5630490409.321444,0.7200000000000004,-3958725169.645348,0.7200000000000004,-2948228812.856153,0.7200000000000004,-2287682005.604414,0.7200000000000004,-1830681108.878366,0.7200000000000004,-1500571654.14679,0.7200000000000004,-1064433236.301425,0.7200000000000004,-788238381.1806114,0.7200000000000004,-608051157.7728647,0.7200000000000004,-483801155.7835388,0.7200000000000004,-394401165.7701887,0.7200000000000004,-327872292.0426757,0.7200000000000004,-276990045.5349959
0.7300000000000004,-36733760478.36793,0.7300000000000004,-15729955343.54162,0.7300000000000004,-8937714167.034149,0.7300000000000004,-5824626421.567107,0.7300000000000004,-4095145481.969763,0.7300000000000004,-3049567651.971247,0.7300000000000004,-2366054260.696568,0.7300000000000004,-1893172132.518084,0.7300000000000004,-1551609206.120283,0.7300000000000004,-1100387333.90344,0.7300000000000004,-814623938.4521264,0.7300000000000004,-628238356.874807,0.7300000000000004,-499745276.5997582,0.7300000000000004,-407313735.5920085,0.7300000000000004,-338543744.510258,0.7300000000000004,-285957957.927455
0.7400000000000004,-37689604458.21899,0.7400000000000004,-16215606244.58405,0.7400000000000004,-9226168173.225769,0.7400000000000004,-6016197613.862984,0.7400000000000004,-4230047841.853192,0.7400000000000004,-3149923162.700322,0.7400000000000004,-2443747076.311537,0.7400000000000004,-1955170423.034626,0.7400000000000004,-1602275730.402741,0.7400000000000004,-1136112469.746922,0.7400000000000004,-840866638.5775728,0.7400000000000004,-648329342.1657569,0.7400000000000004,-515620801.1655129,0.7400000000000004,-420175211.75883,0.7400000000000004,-349175804.4991571,0.7400000000000004,-294894644.1485803
0.7500000000000004,-38609220230.48657,0.7500000000000004,-16689709270.97174,0.7500000000000004,-9509442029.903961,0.7500000000000004,-6204971744.722676,0.7500000000000004,-4363279204.20593,0.7500000000000004,-3249188063.355269,0.7500000000000004,-2520681659.600029,0.7500000000000004,-2016615978.375373,0.7500000000000004,-1652524198.666991,0.7500000000000004,-1171577772.508671,0.7500000000000004,-866945118.2791179,0.7500000000000004,-668308597.30802,0.7500000000000004,-531416017.0939837,0.7500000000000004,-432976474.7816652,0.7500000000000004,-359761189.3551303,0.7500000000000004,-303794165.2296365
0.7600000000000005,-39492434856.20488,0.7600000000000005,-17151811944.24571,0.7600000000000005,-9787240675.934469,0.7600000000000005,-6390754294.564758,0.7600000000000005,-4494709915.284079,0.7600000000000005,-3347270854.502851,0.7600000000000005,-2596790519.242103,0.7600000000000005,-2077457254.755315,0.7600000000000005,-1702314131.91168,0.7600000000000005,-1206756607.093697,0.7600000000000005,-892840744.8999468,0.7600000000000005,-688162484.3678516,0.7600000000000005,-547120569.6136954,0.7600000000000005,-445709425.0497792,0.7600000000000005,-370293406.6682158,0.7600000000000005,-312651210.1918187
0.7700000000000005,-40339351993.23539,0.7700000000000005,-17601582073.36168,0.7700000000000005,-10059329113.19736,0.7700000000000005,-6573385585.954788,0.7700000000000005,-4624231930.87051,0.7700000000000005,-3444094606.172418,0.7700000000000005,-2672016585.809885,0.7700000000000005,-2137650499.122432,0.7700000000000005,-1751611076.440828,0.7700000000000005,-1241626227.036072,0.7700000000000005,-918537406.415387,0.7700000000000005,-707879106.8483082,0.7700000000000005,-562725366.9700991,0.7700000000000005,-458366914.5371711,0.7700000000000005,-380766703.2005497,0.7700000000000005,-321461056.7403766
0.7800000000000005,-41150313567.5376,0.7800000000000005,-18038795884.19537,0.7800000000000005,-10325526984.53078,0.7800000000000005,-6752737725.526042,0.7800000000000005,-4751756940.366894,0.7800000000000005,-3539595692.155979,0.7800000000000005,-2746312301.083757,0.7800000000000005,-2197159062.948012,0.7800000000000005,-1800386068.522878,0.7800000000000005,-1276167423.009604,0.7800000000000005,-944021297.1772037,0.7800000000000005,-727448168.9002681,0.7800000000000005,-578222482.5618123,0.7800000000000005,-470942675.7448749,0.7800000000000005,-391176011.4674162,0.7800000000000005,-330219529.952004
0.7900000000000005,-41925862798.37368,0.7900000000000005,-18463325945.5244,0.7900000000000005,-10585703029.9052,0.7900000000000005,-6928711489.888216,0.7900000000000005,-4877214466.652136,0.7900000000000005,-3633722515.329421,0.7900000000000005,-2819638705.89895,0.7900000000000005,-2255952718.295147,0.7900000000000005,-1848615103.171343,0.7900000000000005,-1310364176.609524,0.7900000000000005,-969280705.1907092,0.7900000000000005,-746860834.6323923,0.7900000000000005,-593605056.6006018,0.7900000000000005,-483431249.9451366,0.7900000000000005,-401516895.5524805,0.7900000000000005,-338922960.1983903
0.8000000000000005,-42666709431.60405,0.8000000000000005,-18875129287.23352,0.8000000000000005,-10839769599.98585,0.8000000000000005,-7101233250.209853,0.8000000000000005,-5000549995.47889,0.8000000000000005,-3726434257.577957,0.8000000000000005,-2891964548.972394,0.8000000000000005,-2314006991.960496,0.8000000000000005,-1896278618.607138,0.8000000000000005,-1344203326.176711,0.8000000000000005,-994305805.2809134,0.8000000000000005,-766109590.5010359,0.8000000000000005,-608867199.4369727,0.8000000000000005,-495827916.3270305,0.8000000000000005,-411785497.3906107,0.8000000000000005,-347568141.2815283
0.8100000000000005,-43373697739.63419,0.8100000000000005,-19274236003.45496,0.8100000000000005,-11087677360.6299,0.8100000000000005,-7270252005.708858,0.8100000000000005,-5121723174.082673,0.8100000000000005,-3817699678.923962,0.8100000000000005,-2963265433.024796,0.8100000000000005,-2371302529.070512,0.8100000000000005,-1943361004.66489,0.8100000000000005,-1377674249.42574,0.8100000000000005,-1019088461.280478,0.8100000000000005,-785188112.9593753,0.8100000000000005,-624003898.1372106,0.8100000000000005,-508128623.2411309,0.8100000000000005,-421978484.4495718,0.8100000000000005,-356152289.523672
0.8200000000000005,-44047777603.87868,0.8200000000000005,-19660738544.27319,0.8200000000000005,-11329410282.58005,0.8200000000000005,-7435736575.42069,0.8200000000000005,-5240706106.737017,0.8200000000000005,-3907495982.900821,0.8200000000000005,-3033523009.382802,0.8200000000000005,-2427824493.851393,0.8200000000000005,-1989850140.681224,0.8200000000000005,-1410768565.992631,0.8200000000000005,-1043622039.362457,0.8200000000000005,-804091142.8789251,0.8200000000000005,-639010927.4336592,0.8200000000000005,-520329922.4022409,0.8200000000000005,-432092999.4871992,0.8200000000000005,-364673004.356883
0.8300000000000005,-44689978804.47652,0.8300000000000005,-20034781825.51474,0.8300000000000005,-11564980977.9634,0.8300000000000005,-7597672980.388195,0.8300000000000005,-5357481765.18457,0.8300000000000005,-3995807759.050058,0.8300000000000005,-3102724228.087038,0.8300000000000005,-2483562012.33132,0.8300000000000005,-2035736966.213776,0.8300000000000005,-1443479861.707053,0.8300000000000005,-1067901233.828272,0.8300000000000005,-822814367.7158571,0.8300000000000005,-653884765.7906351,0.8300000000000005,-532428906.6323162,0.8300000000000005,-442126612.8507379,0.8300000000000005,-373128230.7939612
0.8400000000000005,-45301388497.90012,0.8400000000000005,-20396554226.68511,0.8400000000000005,-11794426418.91568,0.8400000000000005,-7756062034.62377,0.8400000000000005,-5472042524.052407,0.8400000000000005,-4082626008.52207,0.8400000000000005,-3170860647.242021,0.8400000000000005,-2538507659.40818,0.8400000000000005,-2081015086.22443,0.8400000000000005,-1475803435.375011,0.8400000000000005,-1091921906.023631,0.8400000000000005,-841354311.9679902,0.8400000000000005,-668622517.0267727,0.8400000000000005,-544423151.5029769,0.8400000000000005,-452077277.6156987,0.8400000000000005,-381516224.029852
0.8500000000000005,-45883131759.73273,0.8500000000000005,-20746279501.02926,0.8500000000000005,-12017804053.18505,0.8500000000000005,-7910917152.481864,0.8500000000000005,-5584388825.307496,0.8500000000000005,-4167947254.9865,0.8500000000000005,-3237927802.820158,0.8500000000000005,-2592656990.937082,0.8500000000000005,-2125680411.056795,0.8500000000000005,-1507736068.088963,0.8500000000000005,-1115680936.567039,0.8500000000000005,-859708236.1372993,0.8500000000000005,-683221837.6993209,0.8500000000000005,-556310661.063138,0.8500000000000005,-461943287.7279618,0.8500000000000005,-389835516.3176808
0.8600000000000005,-46436355000.34457,0.8600000000000005,-21084209587.35335,0.8600000000000005,-12235188316.14278,0.8600000000000005,-8062262372.023872,0.8600000000000005,-5694527971.256869,0.8600000000000005,-4251772740.233036,0.8600000000000005,-3303924638.251989,0.8600000000000005,-2646008120.173566,0.8600000000000005,-2169730830.574754,0.8600000000000005,-1539275814.520899,0.8600000000000005,-1139176090.712665,0.8600000000000005,-877874044.1638578,0.8600000000000005,-697680870.2765514,0.8600000000000005,-568089817.7028589,0.8600000000000005,-471723239.2098618,0.8600000000000005,-398084886.1819949
0.8700000000000006,-46962212018.80793,0.8700000000000006,-21410618288.77149,0.8700000000000006,-12446667527.4778,0.8700000000000006,-8210130588.134583,0.8700000000000006,-5802473042.316381,0.8700000000000006,-4334107701.811027,0.8700000000000006,-3368852991.788678,0.8700000000000006,-2698561336.96967,0.8700000000000006,-2213165921.147211,0.8700000000000006,-1570421815.258774,0.8700000000000006,-1162405896.408555,0.8700000000000006,-895850199.1159629,0.8700000000000006,-711998181.9924617,0.8700000000000006,-579759336.1048379,0.8700000000000006,-481415994.4128129,0.8700000000000006,-406263329.969341
0.8800000000000006,-47461852438.85482,0.8800000000000006,-21725795767.11609,0.8800000000000006,-12652341153.17504,0.8800000000000006,-8354561985.129251,0.8800000000000006,-5908241933.502815,0.8800000000000006,-4414960728.65812,0.8800000000000006,-3432717138.701022,0.8800000000000006,-2750318767.482225,0.8800000000000006,-2255986683.704519,0.8800000000000006,-1601174128.987179,0.8800000000000006,-1185369534.432424,0.8800000000000006,-913635646.7925124,0.8800000000000006,-726172709.1823905,0.8800000000000006,-591318221.1619779,0.8800000000000006,-491020649.2418408,0.8800000000000006,-414370035.6903159
0.8900000000000006,-47936412264.81188,0.8900000000000006,-22030043791.70466,0.8900000000000006,-12852317408.47592,0.8900000000000006,-8495602656.012242,0.8900000000000006,-6011856502.147326,0.8900000000000006,-4494343189.775327,0.8900000000000006,-3495523384.79786,0.8900000000000006,-2801284071.7532,0.8900000000000006,-2298195310.808375,0.8900000000000006,-1631533583.154319,0.8900000000000006,-1208066739.872137,0.8900000000000006,-931229746.8088146,0.8900000000000006,-740203706.8335718,0.8900000000000006,-602765729.6883897,0.8900000000000006,-500536503.2362756,0.8900000000000006,-422404359.0737829
0.9000000000000006,-48387006300.64773,0.9000000000000006,-22323671675.98248,0.9000000000000006,-13046711174.75476,0.9000000000000006,-8633303394.079153,0.9000000000000006,-6113341818.495547,0.9000000000000006,-4572268730.499952,0.9000000000000006,-3557279707.420922,0.9000000000000006,-2851462176.304952,0.9000000000000006,-2339794980.524941,0.9000000000000006,-1661501641.689095,0.9000000000000006,-1230497714.152695,0.9000000000000006,-948632210.6845785,0.9000000000000006,-754090703.0423526,0.9000000000000006,-614101335.717484,0.9000000000000006,-509963032.3634933,0.9000000000000006,-430365801.7306708
0.9100000000000006,-48814722188.029,0.9100000000000006,-22606992834.0444,0.9100000000000006,-13235642202.09424,0.9100000000000006,-8767718641.920364,0.9100000000000006,-6212725510.495515,0.9100000000000006,-4648752830.712608,0.9100000000000006,-3617995439.943027,0.9100000000000006,-2900859038.810904,0.9100000000000006,-2380789674.839802,0.9100000000000006,-1691080288.311222,0.9100000000000006,-1252663046.782461,0.9100000000000006,-965843046.4253953,0.9100000000000006,-767833458.0460615,0.9100000000000006,-625324699.1598065,0.9100000000000006,-519299864.3641841,0.9100000000000006,-438253991.3094993
0.9200000000000006,-49220615836.73675,0.9200000000000006,-22880321890.10106,0.9200000000000006,-13419233569.37676,0.9200000000000006,-8898905582.86343,0.9200000000000006,-6310037194.056998,0.9200000000000006,-4723812419.315453,0.9200000000000006,-3677680995.808106,0.9200000000000006,-2949481441.919949,0.9200000000000006,-2421184020.373923,0.9200000000000006,-1720271923.998271,0.9200000000000006,-1274563645.990391,0.9200000000000006,-982862509.0802903,0.9200000000000006,-781431927.4866611,0.9200000000000006,-636435637.5830364,0.9200000000000006,-528546756.4781565,0.9200000000000006,-446068663.5166466
0.9300000000000006,-49605708040.86601,0.9300000000000006,-23143972276.84321,0.9300000000000006,-13597610374.55291,0.9300000000000006,-9026923360.301357,0.9300000000000006,-6405307980.291912,0.9300000000000006,-4797465539.467172,0.9300000000000006,-3736347628.261325,0.9300000000000006,-2997336813.400513,0.9300000000000006,-2460983149.229956,0.9300000000000006,-1749079277.22412,0.9300000000000006,-1296200677.443743,0.9300000000000006,-999691056.7631733,0.9300000000000006,-794886229.5626736,0.9300000000000006,-647434100.8727229,0.9300000000000006,-537703575.3749702,0.9300000000000006,-453809645.8695618
0.9400000000000006,-49970982095.29472,0.9400000000000006,-23398254262.65163,0.9400000000000006,-13770898629.16036,0.9400000000000006,-9151832411.053829,0.9400000000000006,-6498570051.634642,0.9400000000000006,-4869731059.314918,0.9400000000000006,-3794007222.097854,0.9400000000000006,-3044433069.903474,0.9400000000000006,-2500192577.904321,0.9400000000000006,-1777505325.652925,0.9400000000000006,-1317575510.266899,0.9400000000000006,-1016329311.639866,0.9400000000000006,-808196615.7319897,0.9400000000000006,-658320148.5349591,0.9400000000000006,-546770279.113925,0.9400000000000006,-461476843.0502257
0.9500000000000006,-50317382247.92496,0.9500000000000006,-23643473352.28466,0.9500000000000006,-13939224332.90573,0.9500000000000006,-9273693899.793747,0.9500000000000006,-6589856299.238974,0.9500000000000006,-4940628423.277937,0.9500000000000006,-3850672113.979156,0.9500000000000006,-3090778481.807189,0.9500000000000006,-2538818102.325054,0.9500000000000006,-1805553228.053667,0.9500000000000006,-1338689669.621842,0.9500000000000006,-1032778025.40328,0.9500000000000006,-821363444.6393787,0.9500000000000006,-669093929.4078424,0.9500000000000006,-555746900.9607599,0.9500000000000006,-469070223.7270249
0.9600000000000006,-50645812843.35013,0.9600000000000006,-23879929010.64964,0.9600000000000006,-14102712706.05079,0.9600000000000006,-9392569242.549269,0.9600000000000006,-6679200014.600183,0.9600000000000006,-5010177439.295077,0.9600000000000006,-3906354938.110124,0.9600000000000006,-3136381556.787166,0.9600000000000006,-2576865707.213255,0.9600000000000006,-1833226265.287995,0.9600000000000006,-1359544795.155972,0.9600000000000006,-1049038048.784497,0.9600000000000006,-834387158.9568884,0.9600000000000006,-679755663.5570694,0.9600000000000006,-564633534.8935015,0.9600000000000006,-476589808.7165919
0.9700000000000006,-50957138032.50814,0.9700000000000006,-24107913664.28404,0.9700000000000006,-14261487559.34293,0.9700000000000006,-9508519708.323868,0.9700000000000006,-6766634628.932994,0.9700000000000006,-5078398097.814195,0.9700000000000006,-3961068494.327288,0.9700000000000006,-3181250939.939046,0.9700000000000006,-2614341488.107434,0.9700000000000006,-1860527789.313113,0.9700000000000006,-1380142604.669494,0.9700000000000006,-1065110304.673884,0.9700000000000006,-847268264.8412793,0.9700000000000006,-690305626.1414026,0.9700000000000006,-573430322.6364905,0.9700000000000006,-484035660.3611604
0.9800000000000006,-51252181940.15231,0.9800000000000006,-24327711940.06342,0.9800000000000006,-14415670783.2023,0.9800000000000006,-9621606088.892302,0.9800000000000006,-6852193494.416267,0.9800000000000006,-5145310418.675716,0.9800000000000006,-4014825635.901251,0.9800000000000006,-3225395328.469253,0.9800000000000006,-2651251584.530412,0.9800000000000006,-1887461179.230011,0.9800000000000006,-1400484862.403206,0.9800000000000006,-1080995764.454459,0.9800000000000006,-860007313.7301911,0.9800000000000006,-700744133.0443391,0.9800000000000006,-582137442.0688013,0.9800000000000006,-491407873.0018215
0.9900000000000007,-51531729197.63663,0.9900000000000007,-24539600105.28783,0.9900000000000007,-14565381939.79815,0.9900000000000007,-9731888427.827957,0.9900000000000007,-6935909701.981465,0.9900000000000007,-5210934322.400955,0.9900000000000007,-4067639174.607746,0.9900000000000007,-3268823399.148367,0.9900000000000007,-2687602122.915479,0.9900000000000007,-1914029803.492039,0.9900000000000007,-1420573351.394145,0.9900000000000007,-1096695427.177995,0.9900000000000007,-872604886.2160525,0.9900000000000007,-711071528.0800792,0.9900000000000007,-590755096.8608692,0.9900000000000007,-498706564.4335783
1.000000000000001,-51796525762.42247,1.000000000000001,-24743845677.62625,1.000000000000001,-14710737943.44156,1.000000000000001,-9839425800.759125,1.000000000000001,-7017815930.862206,1.000000000000001,-5275289522.742534,1.000000000000001,-4119521800.85648,1.000000000000001,-3311543746.894899,1.000000000000001,-2723399168.038306,1.000000000000001,-1940236987.470259,1.000000000000001,-1440409849.391141,1.000000000000001,-1112210301.240696,1.000000000000001,-885061577.7535261,1.000000000000001,-721288171.5931146,1.000000000000001,-599283507.2011243,1.000000000000001,-505931868.2333121
1.010000000000001,-52047279957.99915,1.010000000000001,-24940707177.34896,1.010000000000001,-14851852816.41246,1.010000000000001,-9944276139.730213,1.010000000000001,-7097944325.629052,1.010000000000001,-5338395437.677696,1.010000000000001,-4170486016.891413,1.010000000000001,-3353564833.017808,1.010000000000001,-2758648681.823389,1.010000000000001,-1966085985.646943,1.010000000000001,-1459996107.865689,1.010000000000001,-1127541388.241516,1.010000000000001,-897377985.973537,1.010000000000001,-731394430.2814916,1.010000000000001,-607722901.4816896,1.010000000000001,-513083926.8572708
1.020000000000001,-52284663678.66933,1.020000000000001,-25130433997.88284,1.020000000000001,-14988837508.86519,1.020000000000001,-10046496095.36135,1.020000000000001,-7176326396.903027,1.020000000000001,-5400271116.325815,1.020000000000001,-4220544081.283867,1.020000000000001,-3394894941.79727,1.020000000000001,-2793356488.506306,1.020000000000001,-1991579957.77896,1.020000000000001,-1479333833.69257,1.020000000000001,-1142689668.730184,1.020000000000001,-909554699.3917094,1.020000000000001,-741390668.0847845,1.020000000000001,-616073508.8197043,1.020000000000001,-520162885.4097106
1.030000000000001,-52509313712.94334,1.030000000000001,-25313266373.93766,1.030000000000001,-15121799772.87386,1.030000000000001,-10146140931.24018,1.030000000000001,-7252992942.372196,1.030000000000001,-5460935179.549872,1.030000000000001,-4269707963.128857,1.030000000000001,-3435542144.221708,1.030000000000001,-2827528245.238309,1.030000000000001,-2016721948.435977,1.030000000000001,-1498424673.111406,1.030000000000001,-1157656089.574472,1.030000000000001,-921592287.3137455,1.030000000000001,-751277237.9868166,1.030000000000001,-624335552.297258,1.030000000000001,-527168885.9890389
1.040000000000001,-52721833147.33661,1.040000000000001,-25489435429.34131,1.040000000000001,-15250844081.92634,1.040000000000001,-10243264445.65799,1.040000000000001,-7327973985.130121,1.040000000000001,-5520405772.252919,1.040000000000001,-4317989304.530933,1.040000000000001,-3475514267.824371,1.040000000000001,-2861169417.313115,1.040000000000001,-2041514869.376963,1.040000000000001,-1517270197.613484,1.040000000000001,-1172441552.696379,1.040000000000001,-933491290.7536467,1.040000000000001,-761054474.5923433,1.040000000000001,-632509242.8090802,1.040000000000001,-534102062.5222127
1.050000000000001,-52922792819.23159,1.050000000000001,-25659163289.24369,1.050000000000001,-15376071588.32205,1.050000000000001,-10337918916.40544,1.050000000000001,-7401298726.70835,1.050000000000001,-5578700525.610479,1.050000000000001,-4365399390.12354,1.050000000000001,-3514818871.677099,1.050000000000001,-2894285257.282785,1.050000000000001,-2065961484.280035,1.050000000000001,-1535871891.428067,1.050000000000001,-1187046904.945421,1.050000000000001,-945252214.191673,1.050000000000001,-770722687.3446653,1.050000000000001,-640594773.4124604,1.050000000000001,-540962536.001649
1.060000000000001,-53112732793.33053,1.060000000000001,-25822663243.61626,1.060000000000001,-15497580111.92622,1.060000000000001,-10430155064.89282,1.060000000000001,-7472995512.496133,1.060000000000001,-5635836527.686793,1.060000000000001,-4411949122.507359,1.060000000000001,-3553463225.703708,1.060000000000001,-2926880787.305842,1.060000000000001,-2090064395.386941,1.060000000000001,-1554231140.308761,1.060000000000001,-1201472928.892921,1.060000000000001,-956875518.0101254,1.060000000000001,-780282154.2574894,1.060000000000001,-648592314.0783634,1.060000000000001,-547750410.0420307
1.070000000000001,-53292163841.18298,1.070000000000001,-25980139950.90471,1.070000000000001,-15615464154.63432,1.070000000000001,-10520022036.34105,1.070000000000001,-7543091807.527986,1.070000000000001,-5691830301.067314,1.070000000000001,-4457649002.623125,1.070000000000001,-3591454293.565071,1.070000000000001,-2958960784.13964,1.070000000000001,-2113826031.664255,1.070000000000001,-1572349221.343931,1.070000000000001,-1215720334.345589,1.070000000000001,-968361611.4524643,1.070000000000001,-789733116.040331,1.070000000000001,-656502006.7457634,1.070000000000001,-554465766.6765745
1.080000000000001,-53461568907.47552,1.080000000000001,-26131789672.42813,1.080000000000001,-15729814935.68302,1.080000000000001,-10607567393.22386,1.080000000000001,-7611614180.872191,1.080000000000001,-5746697786.30682,1.080000000000001,-4502509114.186373,1.080000000000001,-3628798718.451999,1.080000000000001,-2990529766.250831,1.080000000000001,-2137248638.119309,1.080000000000001,-1590227293.534849,1.080000000000001,-1229789750.387885,1.080000000000001,-979710845.9594572,1.080000000000001,-799075770.5003999,1.080000000000001,-664323960.5847368,1.080000000000001,-561108662.3138984
1.090000000000001,-53621404550.27425,1.090000000000001,-26277800529.58563,1.090000000000001,-15840720443.64553,1.090000000000001,-10692837119.52072,1.090000000000001,-7678588297.084281,1.090000000000001,-5800454330.138967,1.090000000000001,-4546539111.414748,1.090000000000001,-3665502811.195041,1.090000000000001,-3021591982.5696,1.090000000000001,-2160334265.938285,1.090000000000001,-1607866388.901926,1.090000000000001,-1243681717.772166,1.090000000000001,-990923508.7403735,1.090000000000001,-808310267.1072747,1.090000000000001,-672058247.3739576,1.090000000000001,-567679123.7768728
1.100000000000001,-53772102345.35781,1.100000000000001,-26418352777.22639,1.100000000000001,-15948265501.54927,1.100000000000001,-10775875633.6799,1.100000000000001,-7744038913.387376,1.100000000000001,-5853114677.524031,1.100000000000001,-4589748209.36763,1.100000000000001,-3701572540.162276,1.100000000000001,-3052151402.462328,1.100000000000001,-2183084763.140752,1.100000000000001,-1625267403.89315,1.100000000000001,-1257396681.482792,1.100000000000001,-1001999816.441207,1.100000000000001,-817436701.6076356,1.100000000000001,-679704896.8994136,1.100000000000001,-574177144.3444146
1.110000000000001,-53914070247.21298,1.110000000000001,-26553619087.6469,1.110000000000001,-16052531842.09251,1.110000000000001,-10856725808.48304,1.110000000000001,-7807989881.420796,1.110000000000001,-5904692966.727085,1.110000000000001,-4632145176.297036,1.110000000000001,-3737013522.474888,1.110000000000001,-3082211706.535298,1.110000000000001,-2205501765.464602,1.110000000000001,-1642431090.878263,1.110000000000001,-1270934983.304553,1.110000000000001,-1012939908.773085,1.110000000000001,-826455110.5772479,1.110000000000001,-687263892.2794003,1.110000000000001,-580602679.7153081
1.120000000000001,-54047693901.3027,1.120000000000001,-26683764840.62928,1.120000000000001,-16153598190.39698,1.120000000000001,-10935428996.26478,1.120000000000001,-7870464152.553117,1.120000000000001,-5955202726.721167,1.120000000000001,-4673738327.478145,1.120000000000001,-3771831016.116261,1.120000000000001,-3111776277.918722,1.120000000000001,-2227586687.212953,1.120000000000001,-1659358049.520463,1.120000000000001,-1284296854.228359,1.120000000000001,-1023743841.963595,1.120000000000001,-835365465.7953871,1.120000000000001,-694735165.1180525,1.120000000000001,-586955643.8100226
1.130000000000001,-54173337903.84937,1.130000000000001,-26808948415.7588,1.130000000000001,-16251540352.13273,1.130000000000001,-11012025058.16704,1.130000000000001,-7931483785.894813,1.130000000000001,-6004656876.297051,1.130000000000001,-4714535520.047402,1.130000000000001,-3806029912.554314,1.130000000000001,-3140848193.706683,1.130000000000001,-2249340711.80608,1.130000000000001,-1676048717.819669,1.130000000000001,-1297482406.525698,1.130000000000001,-1034411581.890757,1.130000000000001,-844167668.3225653,1.130000000000001,-702118590.3853832,1.130000000000001,-593235904.3217256
1.140000000000001,-54291347006.76991,1.140000000000001,-26929321483.95345,1.140000000000001,-16346431305.20854,1.140000000000001,-11086552396.30564,1.140000000000001,-7991069958.26182,1.140000000000001,-6053067724.340743,1.140000000000001,-4754544148.429569,1.140000000000001,-3839614729.529579,1.140000000000001,-3169430216.254091,1.140000000000001,-2270764781.788915,1.140000000000001,-1692503362.622981,1.140000000000001,-1310491625.321034,1.140000000000001,-1044942996.754152,1.140000000000001,-852861542.1568372,1.140000000000001,-709413980.9152037,1.140000000000001,-599443277.9212574
1.150000000000001,-54402047266.46177,1.150000000000001,-27045029295.73652,1.150000000000001,-16438341293.51533,1.150000000000001,-11159047987.897,1.150000000000001,-8049242975.450916,1.150000000000001,-6100446970.805991,1.150000000000001,-4793771139.977672,1.150000000000001,-3872589603.692634,1.150000000000001,-3197524784.048244,1.150000000000001,-2291859588.049217,1.150000000000001,-1708722069.393878,1.150000000000001,-1323324359.483448,1.150000000000001,-1055337849.129427,1.150000000000001,-861446827.3345044,1.150000000000001,-716621081.403325,1.150000000000001,-605577525.0123022
1.160000000000001,-54505747136.05613,1.160000000000001,-27156210964.28793,1.160000000000001,-16527337921.47323,1.160000000000001,-11229547420.54572,1.160000000000001,-8106022284.273524,1.160000000000001,-6146805707.967649,1.160000000000001,-4832222950.489445,1.160000000000001,-3904958282.797926,1.160000000000001,-3225134001.88755,1.160000000000001,-2312625557.999749,1.160000000000001,-1724704731.025141,1.160000000000001,-1335980311.650087,1.160000000000001,-1065595787.241464,1.160000000000001,-869923172.3302933,1.160000000000001,-723739561.777562,1.160000000000001,-611638343.9219638
1.170000000000001,-54602738501.44565,1.170000000000001,-27262999741.74076,1.170000000000001,-16613486248.3572,1.170000000000001,-11298084928.01794,1.170000000000001,-8161426484.875798,1.170000000000001,-6192154421.591224,1.170000000000001,-4869905559.293774,1.170000000000001,-3936724117.17868,1.170000000000001,-3252259630.108055,1.170000000000001,-2333062842.47316,1.170000000000001,-1740451035.469651,1.170000000000001,-1348459027.179874,1.170000000000001,-1075716335.276885,1.170000000000001,-878290125.5968283,1.170000000000001,-730769009.7963114,1.170000000000001,-617625364.3985051
1.180000000000001,-54693297661.94332,1.180000000000001,-27365523287.54527,1.180000000000001,-16696848881.56557,1.180000000000001,-11364693425.94038,1.180000000000001,-8215473342.939335,1.180000000000001,-6236502991.69641,1.180000000000001,-4906824463.628379,1.180000000000001,-3967890050.243025,1.180000000000001,-3278903072.603502,1.180000000000001,-2353171301.068439,1.180000000000001,-1755960451.947886,1.180000000000001,-1360759881.817934,1.180000000000001,-1085698882.537851,1.180000000000001,-886547126.0653687,1.180000000000001,-737708922.7151157,1.180000000000001,-623538140.2708594
1.190000000000001,-54777686256.86655,1.190000000000001,-27463903928.03404,1.190000000000001,-16777486068.16264,1.190000000000001,-11429404546.95839,1.190000000000001,-8268179801.415444,1.190000000000001,-6279860692.628024,1.190000000000001,-4942984672.047115,1.190000000000001,-3998458607.73901,1.190000000000001,-3305065363.384478,1.190000000000001,-2372950485.673988,1.190000000000001,-1771232215.471299,1.190000000000001,-1372882067.830126,1.190000000000001,-1095542671.216769,1.190000000000001,-894693492.406719,1.190000000000001,-744558697.8385478,1.190000000000001,-629376141.103976
1.200000000000001,-54856152139.66515,1.200000000000001,-27558258906.56691,1.200000000000001,-16855455784.16013,1.200000000000001,-11492248674.96739,1.200000000000001,-8319561991.493767,1.200000000000001,-6322236192.177089,1.200000000000001,-4978390696.616249,1.200000000000001,-4028431885.543672,1.200000000000001,-3330747151.418742,1.200000000000001,-2392399621.872654,1.200000000000001,-1786265309.396053,1.200000000000001,-1384824578.33847,1.200000000000001,-1105246782.543076,1.200000000000001,-902728410.8243313,1.200000000000001,-751317621.7487264,1.200000000000001,-635138742.6591191
1.210000000000001,-54928930201.43979,1.210000000000001,-27648700623.84948,1.210000000000001,-16930813821.12916,1.210000000000001,-11553254978.10354,1.210000000000001,-8369635242.549282,1.210000000000001,-6363637549.518448,1.210000000000001,-5013046543.66434,1.210000000000001,-4057811535.729034,1.210000000000001,-3355948683.486105,1.210000000000001,-2411517587.910391,1.210000000000001,-1801058445.691122,1.210000000000001,-1396586189.556458,1.210000000000001,-1114810121.020191,1.210000000000001,-910650921.1182402,1.210000000000001,-757984857.9697109,1.210000000000001,-640825215.937827
1.220000000000001,-54996243145.87499,1.220000000000001,-27735336868.19329,1.220000000000001,-17003613869.82437,1.220000000000001,-11612451440.23673,1.220000000000001,-8418414090.845033,1.220000000000001,-6404072211.751633,1.220000000000001,-5046955702.862703,1.220000000000001,-4086598750.658242,1.220000000000001,-3380669784.769696,1.220000000000001,-2430302890.880085,1.220000000000001,-1815610042.568835,1.220000000000001,-1408165440.583183,1.220000000000001,-1124231396.430556,1.220000000000001,-918459900.7193948,1.220000000000001,-764559432.7894596,1.220000000000001,-646434714.5524333
1.230000000000001,-55058302217.71582,1.230000000000001,-27818271035.62368,1.230000000000001,-17073907600.59453,1.230000000000001,-11669864890.75848,1.230000000000001,-8465912286.797941,1.230000000000001,-6443547008.846268,1.230000000000001,-5080121134.414118,1.230000000000001,-4114794244.85631,1.230000000000001,-3404909836.888258,1.230000000000001,-2448753639.738108,1.230000000000001,-1829918199.083166,1.230000000000001,-1419560610.369527,1.230000000000001,-1133509103.23934,1.230000000000001,-926154046.347437,1.230000000000001,-771040218.9158235,1.230000000000001,-651966260.1231114
1.240000000000001,-55115307886.98515,1.240000000000001,-27897602339.8641,1.240000000000001,-17141744740.41654,1.240000000000001,-11725521032.49979,1.240000000000001,-8512142800.63896,1.240000000000001,-6482068146.801177,1.240000000000001,-5112545254.128318,1.240000000000001,-4142398234.39001,1.240000000000001,-3428667753.054543,1.240000000000001,-2466867514.728773,1.240000000000001,-1843980666.251161,1.240000000000001,-1430769691.415258,1.240000000000001,-1142641496.972613,1.240000000000001,-933731852.8901713,1.240000000000001,-777425916.5905517,1.240000000000001,-657418725.3507829
1.250000000000001,-55167450491.1569,1.250000000000001,-27973426012.31317,1.250000000000001,-17207173146.45472,1.250000000000001,-11779444467.64868,1.250000000000001,-8557117826.31545,1.250000000000001,-6519641198.840141,1.250000000000001,-5144229916.158832,1.250000000000001,-4169410413.478992,1.250000000000001,-3451941950.020114,1.250000000000001,-2484641732.746816,1.250000000000001,-1857794814.196604,1.250000000000001,-1441790359.694046,1.250000000000001,-1151626567.081279,1.250000000000001,-941191589.0396957,1.250000000000001,-783715031.7230531,1.250000000000001,-662790814.3563706
1.260000000000001,-55214910837.50115,1.260000000000001,-28045833492.20534,1.260000000000001,-17270238876.08908,1.260000000000001,-11831658721.56272,1.260000000000001,-8600848783.503155,1.260000000000001,-6556271094.463876,1.260000000000001,-5175176393.172073,1.260000000000001,-4195829928.041986,1.260000000000001,-3474730316.438962,1.260000000000001,-2502073008.11477,1.260000000000001,-1871357594.750032,1.260000000000001,-1452619940.232464,1.260000000000001,-1160462005.729188,1.260000000000001,-948531269.1471658,1.260000000000001,-789905850.5352098,1.260000000000001,-668081039.8082565
1.270000000000001,-55257860767.78802,1.270000000000001,-28114912607.21023,1.270000000000001,-17330986253.39949,1.270000000000001,-11882186264.39993,1.270000000000001,-8643346317.600807,1.270000000000001,-6591962106.185017,1.270000000000001,-5205385353.70718,1.270000000000001,-4221655345.863848,1.270000000000001,-3497030177.251097,1.270000000000001,-2519157508.195378,1.270000000000001,-1884665498.868485,1.270000000000001,-1463255367.689547,1.270000000000001,-1169145171.861083,1.270000000000001,-955748620.6750337,1.270000000000001,-795996410.1269674,1.270000000000001,-673287696.2820917
1.280000000000001,-55296463687.48851,1.280000000000001,-28180747744.75996,1.280000000000001,-17389457932.12434,1.280000000000001,-11931048530.50309,1.280000000000001,-8684620297.595215,1.280000000000001,-6626717833.769146,1.280000000000001,-5234856836.47828,1.280000000000001,-4246884623.046343,1.280000000000001,-3518838253.653165,1.280000000000001,-2535890803.197831,1.280000000000001,-1897714508.160287,1.280000000000001,-1473693141.196687,1.280000000000001,-1177673049.814665,1.280000000000001,-962841046.5340886,1.280000000000001,-801984464.2825471,1.280000000000001,-678408829.2096851
1.290000000000001,-55330875061.561,1.290000000000001,-28243420014.43278,1.290000000000001,-17445694955.13224,1.290000000000001,-11978265935.49452,1.290000000000001,-8724679811.683601,1.290000000000001,-6660541185.803118,1.290000000000001,-5263590221.355673,1.290000000000001,-4271515066.383439,1.290000000000001,-3540150618.187231,1.290000000000001,-2552267809.473855,1.290000000000001,-1910500039.718785,1.290000000000001,-1483929272.624211,1.290000000000001,-1186042201.642622,1.290000000000001,-969805581.4926898,1.290000000000001,-807867443.7388681,1.290000000000001,-683442198.6790227
1.300000000000001,-55361242878.80716,1.300000000000001,-28303007401.74656,1.300000000000001,-17499736810.4751,1.300000000000001,-12023857891.04373,1.300000000000001,-8763533160.550545,1.300000000000001,-6693434358.407562,1.300000000000001,-5291584196.751275,1.300000000000001,-4295543291.276189,1.300000000000001,-3560962644.442985,1.300000000000001,-2568282725.537302,1.300000000000001,-1923016883.385989,1.300000000000001,-1493959227.345925,1.300000000000001,-1194248712.208845,1.300000000000001,-976638841.7423383,1.300000000000001,-813642410.0355742,1.300000000000001,-688385237.2482175
1.310000000000001,-55387708086.76426,1.310000000000001,-28359584913.72206,1.310000000000001,-17551621484.09344,1.310000000000001,-12067842817.28063,1.310000000000001,-8801187848.192287,1.310000000000001,-6725398810.904516,1.310000000000001,-5318836723.117628,1.310000000000001,-4318965174.78116,1.310000000000001,-3581268950.833786,1.310000000000001,-2583928959.98619,1.310000000000001,-1935259130.49086,1.310000000000001,-1503777856.481886,1.310000000000001,-1202288126.024768,1.310000000000001,-983336966.6031828,1.310000000000001,-819306001.9668247,1.310000000000001,-693235000.8397951
1.320000000000001,-55410404998.94627,1.320000000000001,-28413224716.59537,1.320000000000001,-17601385509.26792,1.320000000000001,-12110238152.83331,1.320000000000001,-8837650570.186699,1.320000000000001,-6756435238.247203,1.320000000000001,-5345344992.260329,1.320000000000001,-4341775803.363091,1.320000000000001,-3601063337.878569,1.320000000000001,-2599199050.464344,1.320000000000001,-1947220093.043298,1.320000000000001,-1513379319.52294,1.320000000000001,-1210155374.708104,1.320000000000001,-989895551.2667831,1.320000000000001,-824854373.5694126,1.320000000000001,-697988111.6993527
1.330000000000001,-55429461676.2124,1.330000000000001,-28463996266.05519,1.330000000000001,-17649064012.90887,1.330000000000001,-12151060362.47289,1.330000000000001,-8872927199.303711,1.330000000000001,-6786543540.011917,1.330000000000001,-5371105382.15066,1.330000000000001,-4363969414.909279,1.330000000000001,-3620338718.401515,1.330000000000001,-2614084572.784948,1.330000000000001,-1958892212.331985,1.330000000000001,-1522756996.195419,1.330000000000001,-1217844693.894936,1.330000000000001,-996309569.420977,1.330000000000001,-830283122.529869,1.330000000000001,-702640692.3526438
1.340000000000001,-55445000283.93773,1.340000000000001,-28511966430.382,1.340000000000001,-17694690758.78957,1.340000000000001,-12190324942.34989,1.340000000000001,-8907022768.351217,1.340000000000001,-6815722785.750496,1.340000000000001,-5396113406.92138,1.340000000000001,-4385539334.555987,1.340000000000001,-3639087040.058638,1.340000000000001,-2628576039.36395,1.340000000000001,-1970266955.890694,1.340000000000001,-1531903386.434292,1.340000000000001,-1225349528.443685,1.340000000000001,-1002573284.608606,1.340000000000001,-835587207.9025593,1.340000000000001,-707188289.5073271
1.350000000000001,-55457137426.55992,1.350000000000001,-28557199606.85971,1.350000000000001,-17738298187.82504,1.350000000000001,-12228046422.80737,1.350000000000001,-8939941450.151484,1.350000000000001,-6843971176.499553,1.350000000000001,-5420363661.728869,1.350000000000001,-4406477903.88402,1.350000000000001,-3657299199.622319,1.350000000000001,-2642662786.204416,1.350000000000001,-1981334701.895286,1.350000000000001,-1540809997.436733,1.350000000000001,-1232662424.877812,1.350000000000001,-1008680149.285252,1.350000000000001,-840760856.1466768,1.350000000000001,-711625786.9633974
1.360000000000001,-55465984461.01402,1.360000000000001,-28599757831.83192,1.360000000000001,-17779917455.5011,1.360000000000001,-12264238368.75662,1.360000000000001,-8971686534.54195,1.360000000000001,-6871286002.245811,1.360000000000001,-5443849762.177203,1.360000000000001,-4426776403.071512,1.360000000000001,-3674964948.514961,1.360000000000001,-2656332847.863902,1.360000000000001,-1992084610.276613,1.360000000000001,-1549467217.01455,1.360000000000001,-1239774910.279073,1.360000000000001,-1014622690.817805,1.360000000000001,-845797454.7739612,1.360000000000001,-715947306.8825881
1.370000000000001,-55471647790.45953,1.370000000000001,-28639700884.75099,1.370000000000001,-17819578466.56126,1.370000000000001,-12298913377.60228,1.370000000000001,-9002260402.297901,1.370000000000001,-6897663595.158072,1.370000000000001,-5466564278.025505,1.370000000000001,-4446424965.649099,1.370000000000001,-3692072789.198286,1.370000000000001,-2669572820.171583,1.370000000000001,-2002504480.244457,1.370000000000001,-1557864172.931859,1.370000000000001,-1246677357.35089,1.370000000000001,-1020392384.19782,1.370000000000001,-850689433.4429581,1.370000000000001,-720146099.3133332
1.380000000000001,-55474229139.63588,1.380000000000001,-28677086386.57097,1.380000000000001,-17857309907.05079,1.380000000000001,-12332083074.69737,1.380000000000001,-9031664495.876614,1.380000000000001,-6923099278.413051,1.380000000000001,-5488498660.949411,1.380000000000001,-4465412485.606053,1.380000000000001,-3708609862.217134,1.380000000000001,-2682367711.002504,1.380000000000001,-2012580594.596786,1.380000000000001,-1565988578.699174,1.380000000000001,-1253358836.228878,1.380000000000001,-1025979512.145422,1.380000000000001,-855428133.2577618,1.380000000000001,-724214420.7932907
1.390000000000001,-55473825813.10346,1.390000000000001,-28711969892.81725,1.390000000000001,-17893139273.82054,1.390000000000001,-12363758106.31737,1.390000000000001,-9059899286.893002,1.390000000000001,-6947587310.473562,1.390000000000001,-5509643166.202197,1.390000000000001,-4483726516.756699,1.390000000000001,-3724561823.999425,1.390000000000001,-2694700780.240411,1.390000000000001,-2022297552.248405,1.390000000000001,-1573826567.533931,1.390000000000001,-1259806954.975091,1.390000000000001,-1031373014.708548,1.390000000000001,-860003666.4891942,1.390000000000001,-728143404.3119724
1.400000000000001,-55470530937.53302,1.400000000000001,-28744404981.65224,1.400000000000001,-17927092901.58495,1.400000000000001,-12393948130.13335,1.400000000000001,-9086964240.248035,1.400000000000001,-6971120824.723863,1.400000000000001,-5529986768.138821,1.400000000000001,-4501353164.517367,1.400000000000001,-3739912715.962448,1.400000000000001,-2706553371.273317,1.400000000000001,-2031638091.991695,1.400000000000001,-1581362518.052499,1.400000000000001,-1266007692.731703,1.400000000000001,-1036560332.606118,1.400000000000001,-864404771.1211311,1.400000000000001,-731922925.0973011
1.410000000000001,-55464433689.15775,1.410000000000001,-28774443337.24642,1.410000000000001,-17959195987.6273,1.410000000000001,-12422661803.17138,1.410000000000001,-9112857774.852121,1.410000000000001,-6993691764.435781,1.410000000000001,-5549517069.733403,1.410000000000001,-4518276970.595242,1.410000000000001,-3754644826.125525,1.410000000000001,-2717904738.089429,1.410000000000001,-2040582912.768652,1.410000000000001,-1588578877.930174,1.410000000000001,-1271945232.442234,1.410000000000001,-1041527251.634551,1.410000000000001,-868618667.74216,1.410000000000001,-735541469.7870406
1.420000000000001,-55455619507.41677,1.420000000000001,-28802134828.74783,1.420000000000001,-17989472614.23944,1.420000000000001,-12449906767.246,1.420000000000001,-9137577220.91432,1.420000000000001,-7015290813.134297,1.420000000000001,-5568220206.456567,1.420000000000001,-4534480791.580883,1.420000000000001,-3768738545.340227,1.420000000000001,-2728731874.423841,1.420000000000001,-2049110498.87753,1.420000000000001,-1595455995.461439,1.420000000000001,-1277601804.083814,1.420000000000001,-1046257759.657206,1.420000000000001,-872630930.5363113,1.420000000000001,-738986020.7228347
1.430000000000001,-55444170295.75,1.430000000000001,-28827527585.12988,1.430000000000001,-18017945768.97788,1.430000000000001,-12475689631.85988,1.430000000000001,-9161118773.808168,1.430000000000001,-7035907320.565159,1.430000000000001,-5586080745.20572,1.430000000000001,-4549945673.115555,1.430000000000001,-3782172221.500863,1.430000000000001,-2739009354.603297,1.430000000000001,-2057196962.741995,1.430000000000001,-1601971973.856289,1.430000000000001,-1282957554.653885,1.430000000000001,-1050733933.14967,1.430000000000001,-876425389.5607041,1.430000000000001,-742241972.405748
1.440000000000001,-55430164610.45928,1.440000000000001,-28850668066.18467,1.440000000000001,-18044637362.81397,1.440000000000001,-12500015954.57116,1.440000000000001,-9183477444.580526,1.440000000000001,-7055529224.645,1.440000000000001,-5603081579.42136,1.440000000000001,-4564650722.219634,1.440000000000001,-3794922016.777838,1.440000000000001,-2748709199.887749,1.440000000000001,-2064815923.270191,1.440000000000001,-1608102569.30452,1.440000000000001,-1287990467.729218,1.440000000000001,-1054935876.912073,1.440000000000001,-879984087.9905382,1.440000000000001,-745293103.3713981
1.450000000000001,-55413677838.47239,1.450000000000001,-28871601129.91469,1.450000000000001,-18069568246.2506,1.450000000000001,-12522890218.83996,1.450000000000001,-9204647007.244287,1.450000000000001,-7074142970.014007,1.450000000000001,-5619203822.108336,1.450000000000001,-4578572981.583292,1.450000000000001,-3806961775.122255,1.450000000000001,-2757800789.299976,1.450000000000001,-2071938444.424249,1.450000000000001,-1613821161.187381,1.450000000000001,-1292676362.970356,1.450000000000001,-1058841747.946355,1.450000000000001,-883287325.0044965,1.450000000000001,-748121633.2280653
1.460000000000001,-55394782364.80179,1.460000000000001,-28890370096.56145,1.460000000000001,-18092758223.47346,1.460000000000001,-12544315809.38358,1.460000000000001,-9224619943.091917,1.460000000000001,-7091733424.123409,1.460000000000001,-5634426699.249917,1.460000000000001,-4591687311.20188,1.460000000000001,-3818262910.114506,1.460000000000001,-2766250840.11846,1.460000000000001,-2078533066.138824,1.460000000000001,-1619098830.775345,1.460000000000001,-1296989013.675227,1.460000000000001,-1062427901.601102,1.460000000000001,-886313821.2791978,1.460000000000001,-750708400.0391206
1.470000000000001,-55373547730.43341,1.470000000000001,-28907016809.49742,1.470000000000001,-18114226064.59711,1.470000000000001,-12564294985.08996,1.470000000000001,-9243387382.394688,1.470000000000001,-7108283792.196075,1.470000000000001,-5648727447.093559,1.470000000000001,-4603966284.756678,1.470000000000001,-3828794326.74544,1.470000000000001,-2774023490.098215,1.470000000000001,-2084565967.464646,1.470000000000001,-1623904592.15711,1.470000000000001,-1300900426.830118,1.470000000000001,-1065669203.056762,1.470000000000001,-889041047.6179477,1.470000000000001,-753033195.4810947
1.480000000000001,-55350040781.3326,1.480000000000001,-28921581693.19661,1.480000000000001,-18133989516.06742,1.480000000000001,-12582828849.57254,1.480000000000001,-9260939044.016047,1.480000000000001,-7123775532.918564,1.480000000000001,-5662081218.050009,1.480000000000001,-4615380110.657034,1.480000000000001,-3838522394.938234,1.480000000000001,-2781080520.405718,1.480000000000001,-2090001308.408831,1.480000000000001,-1628205823.990018,1.480000000000001,-1304381332.572949,1.480000000000001,-1068539547.272781,1.480000000000001,-891445755.1398325,1.480000000000001,-755075291.3465424
1.490000000000001,-55324325809.21788,1.490000000000001,-28934103808.48094,1.490000000000001,-18152065309.271,1.490000000000001,-12599917319.4848,1.490000000000001,-9277263173.67482,1.490000000000001,-7138188277.381157,1.490000000000001,-5674461001.523503,1.490000000000001,-4625896590.712857,1.490000000000001,-3847410997.455108,1.490000000000001,-2787381763.981526,1.490000000000001,-2094801800.212821,1.490000000000001,-1631968949.994124,1.490000000000001,-1307401925.180537,1.490000000000001,-1071012622.117472,1.490000000000001,-893504734.2564278,1.490000000000001,-756814177.7599256
1.5,-55296464684.68624,1.5,-28944620905.2379,1.5,-18168469167.40564,1.5,-12615559090.76616,1.5,-9292346481.857422,1.5,-7151499754.607091,1.5,-5685837567.923865,1.5,-4635481132.982403,1.5,-3855421680.014115,1.5,-2792885746.655933,1.5,-2098929550.698579,1.5,-1635160406.238341,1.5,-1309932881.825567,1.5,-1073062929.045506,1.5,-895195806.358892,1.5,-758230508.5137835
