nch18_Cdd_Cgg (ll=2e-07) X,nch18_Cdd_Cgg (ll=2e-07) Y,nch18_Cdd_Cgg (ll=3e-07) X,nch18_Cdd_Cgg (ll=3e-07) Y,nch18_Cdd_Cgg (ll=4e-07) X,nch18_Cdd_Cgg (ll=4e-07) Y,nch18_Cdd_Cgg (ll=5e-07) X,nch18_Cdd_Cgg (ll=5e-07) Y,nch18_Cdd_Cgg (ll=6e-07) X,nch18_Cdd_Cgg (ll=6e-07) Y,nch18_Cdd_Cgg (ll=7e-07) X,nch18_Cdd_Cgg (ll=7e-07) Y,nch18_Cdd_Cgg (ll=8e-07) X,nch18_Cdd_Cgg (ll=8e-07) Y,nch18_Cdd_Cgg (ll=9e-07) X,nch18_Cdd_Cgg (ll=9e-07) Y,nch18_Cdd_Cgg (ll=1e-06) X,nch18_Cdd_Cgg (ll=1e-06) Y,nch18_Cdd_Cgg (ll=1.2e-06) X,nch18_Cdd_Cgg (ll=1.2e-06) Y,nch18_Cdd_Cgg (ll=1.4e-06) X,nch18_Cdd_Cgg (ll=1.4e-06) Y,nch18_Cdd_Cgg (ll=1.6e-06) X,nch18_Cdd_Cgg (ll=1.6e-06) Y,nch18_Cdd_Cgg (ll=1.8e-06) X,nch18_Cdd_Cgg (ll=1.8e-06) Y,nch18_Cdd_Cgg (ll=2e-06) X,nch18_Cdd_Cgg (ll=2e-06) Y,nch18_Cdd_Cgg (ll=2.2e-06) X,nch18_Cdd_Cgg (ll=2.2e-06) Y,nch18_Cdd_Cgg (ll=2.4e-06) X,nch18_Cdd_Cgg (ll=2.4e-06) Y
0,0.3209140925998479,0,0.262024509712564,0,0.2214227060168397,0,0.1917204354431457,0,0.1691085964442431,0,0.1512655946977346,0,0.1368268073846535,0,0.1249030502200479,0,0.1148900110107875,0,0.09901311521407453,0,0.08698791546054474,0,0.07756605810205805,0,0.06998501516545556,0,0.06375347614531038,0,0.05854064391714178,0,0.0541156480356491
0.01,0.3213445314719167,0.01,0.262640109977881,0.01,0.222093160456517,0.01,0.1923949616083499,0.01,0.1697639014298887,0.01,0.1518941137736427,0.01,0.1374262079760205,0.01,0.1254734141470563,0.01,0.1154325204115812,0.01,0.09950499429975027,0.01,0.08743519816882371,0.01,0.07797553397630322,0.01,0.07036222978881061,0.01,0.06410293603609507,0.01,0.05886602560346058,0.01,0.05441997308183999
0.02,0.3217752926426157,0.02,0.2632501507941559,0.02,0.2227559300406034,0.02,0.1930611626308047,0.02,0.1704109087014797,0.02,0.1525146207014947,0.02,0.1380179803675789,0.02,0.1260365602800349,0.02,0.115968216135496,0.02,0.09999080026171316,0.02,0.08787712084596218,0.02,0.07838022874137458,0.02,0.07073513678321233,0.02,0.06444848024163871,0.02,0.0591878202169276,0.02,0.05472098993066041
0.03,0.3222187015984186,0.03,0.2638550462424904,0.03,0.2234113304369184,0.03,0.193719290409586,0.03,0.171049843786513,0.03,0.1531273197077599,0.03,0.1386023109954096,0.03,0.1265926599003702,0.03,0.1164972563749382,0.03,0.1004706698034865,0.03,0.08831380594318362,0.03,0.07878024783779754,0.03,0.07110382505775766,0.03,0.06479018270174872,0.03,0.05950608853982858,0.03,0.05501874795135413
0.04,0.3226963391345046,0.04,0.2644722124654225,0.04,0.2240596481280933,0.04,0.1943695858797641,0.04,0.1716809300760253,0.04,0.1537324168410402,0.04,0.1391793895877719,0.04,0.127141887756226,0.04,0.1170198022925733,0.04,0.1009447407920745,0.04,0.08874536954968372,0.04,0.07917568448971467,0.04,0.07146836682129563,0.04,0.06512809722823644,0.04,0.05982086860499924,0.04,0.0553132717608457
0.05,0.3231750621567669,0.05,0.2651205755043526,0.05,0.2247526594108883,0.05,0.1950520277736515,0.05,0.1723429547438953,0.05,0.1543671055374398,0.05,0.1397846946420868,0.05,0.1277180176073832,0.05,0.1175679935162509,0.05,0.1014421808586712,0.05,0.08919994212588114,0.05,0.07959336972725803,0.05,0.07185423700855305,0.05,0.06548637672703186,0.05,0.06015506377037669,0.05,0.05562630140609015
0.06,0.3236551537062529,0.06,0.2657641759733526,0.06,0.2254416494630916,0.06,0.1957405299466812,0.06,0.1730101830841402,0.06,0.1550064316615072,0.06,0.1403942304863749,0.06,0.1282980667594906,0.06,0.1181198534025325,0.06,0.1019429007183595,0.06,0.08965601045145735,0.06,0.08001140361684232,0.06,0.07223969255177416,0.06,0.06584372133072598,0.06,0.06048796379248008,0.06,0.05593778431382872
0.07000000000000001,0.3241368033575141,0.07000000000000001,0.2664032420229305,0.07000000000000001,0.2261238844288602,0.07000000000000001,0.1964215705111726,0.07000000000000001,0.1736699813726437,0.07000000000000001,0.1556385847545344,0.07000000000000001,0.1409969333254161,0.07000000000000001,0.128871643136435,0.07000000000000001,0.1186655930020464,0.07000000000000001,0.1024381420035306,0.07000000000000001,0.09010717246465876,0.07000000000000001,0.08042496963745083,0.07000000000000001,0.07262102759040795,0.07000000000000001,0.066197228635581,0.07000000000000001,0.06081726301791525,0.07000000000000001,0.05624586790777646
0.08,0.3246201147110376,0.08,0.2670379520390852,0.08,0.2267995594447889,0.08,0.1970953357443184,0.08,0.174322514909551,0.08,0.1562637013195451,0.08,0.1415929096094566,0.08,0.1294388245395668,0.08,0.1192052638633513,0.08,0.1029279116754512,0.08,0.09055336265328429,0.08,0.08083394237418444,0.08,0.07299806851203285,0.08,0.06654668669707293,0.08,0.06114271921175998,0.08,0.05655028614201378
0.09,0.3251051110509488,0.09,0.267668431984344,0.09,0.2274688242689898,0.09,0.1977619662414689,0.09,0.1749678926731844,0.09,0.156881851759272,0.09,0.1421821911690551,0.09,0.1299996068979523,0.09,0.1197388295644699,0.09,0.1034121194267414,0.09,0.09099439865706765,0.09,0.08123806541171062,0.09,0.07337050051355203,0.09,0.06689173514222342,0.09,0.06146393670013463,0.09,0.05685061621544999
0.09999999999999999,0.3255917380931193,0.09999999999999999,0.2682947486620959,0.09999999999999999,0.228131768452996,0.09999999999999999,0.1984215363091146,0.09999999999999999,0.1756061409131986,0.09999999999999999,0.1574930095257097,0.09999999999999999,0.1427647008785591,0.09999999999999999,0.1305538671687504,0.09999999999999999,0.12026612641667,0.09999999999999999,0.1038905352669963,0.09999999999999999,0.09142993407681291,0.09999999999999999,0.08163690078857481,0.09999999999999999,0.07373781479412145,0.09999999999999999,0.06723181092812804,0.09999999999999999,0.06178031131442088,0.09999999999999999,0.05714622316472588
0.11,0.3260798627590754,0.11,0.2689168977984622,0.11,0.2287884000726951,0.11,0.1990740257755552,0.11,0.1762371677614334,0.11,0.1580970100147593,0.11,0.1433402069736371,0.11,0.1311013139862565,0.11,0.1207868111813332,0.11,0.1043627330720582,0.11,0.09185939591978083,0.11,0.08202976228533844,0.11,0.07409923915492805,0.11,0.06756607734185216,0.11,0.06209095859167312,0.11,0.05743618785153479
0.12,0.326569266829807,0.12,0.2695347855532532,0.12,0.229438616120613,0.12,0.1997192818067721,0.12,0.1768607158135394,0.12,0.1586934956626821,0.12,0.1439082621055975,0.12,0.1316414218670234,0.12,0.1213002914092949,0.12,0.1048280154768814,0.12,0.09228190191735977,0.12,0.08241562779982552,0.12,0.07445364736551073,0.12,0.06789333175640608,0.12,0.06239462092578798,0.12,0.05771921422937427
0.13,0.3270596341104515,0.13,0.2701482015949652,0.13,0.2300821619140146,0.13,0.2003569673767031,0.13,0.1774762985476717,0.13,0.1592818425312581,0.13,0.1444681220028665,0.13,0.1321733435499402,0.13,0.1218056327850699,0.13,0.1052853143007168,0.13,0.09269615188685582,0.13,0.0827930251359712,0.13,0.07479944186625716,0.13,0.06821188699785556,0.13,0.06268954882569049,0.13,0.05799351134759292
0.14,0.3275505293335289,0.14,0.2707567811750639,0.14,0.2307185758818522,0.14,0.2009864918549747,0.14,0.1780831151274009,0.14,0.1598610622840919,0.14,0.1450186372032236,0.14,0.1326957936495784,0.14,0.1223014364832425,0.14,0.1057330594035935,0.14,0.09310028623828459,0.14,0.08315988468536016,0.14,0.07513440374395128,0.14,0.06851942074494091,0.14,0.06297335118389991,0.14,0.05825664545976487
0.15,0.3280413664197965,0.15,0.2713599526957822,0.15,0.2313471148472166,0.15,0.2016069177349138,0.15,0.1786799365877143,0.15,0.1604296718742282,0.15,0.1455581097526055,0.15,0.1332068952801509,0.15,0.122785678091486,0.15,0.1061690075918302,0.15,0.09349170381101971,0.15,0.0835133519213484,0.15,0.07545550368935985,0.15,0.06881278745337081,0.15,0.0632428097940754,0.15,0.05850535817003755
0.16,0.328531362887395,0.16,0.2719568660730685,0.16,0.2319666534165546,0.16,0.2022168358361175,0.16,0.1792649546533503,0.16,0.1609855215395091,0.16,0.1460841051260553,0.16,0.1337039797878499,0.16,0.1232554982785671,0.16,0.1065900221324342,0.16,0.09386683076001234,0.16,0.08384955271615488,0.16,0.07575866823488714,0.16,0.06908778832191083,0.16,0.06349365475604891,0.16,0.05873534826997166
0.17,0.3290194761447962,0.17,0.2725462957490455,0.17,0.2325755493328106,0.17,0.20281419941318,0.17,0.179835582567505,0.17,0.1615255699706623,0.17,0.1465932081037876,0.17,0.1341833284566687,0.17,0.1237069343844818,0.17,0.106991792993082,0.17,0.09422083270023805,0.17,0.08416330581771776,0.17,0.07603849762053719,0.17,0.06933889747844367,0.17,0.06372030057517485,0.17,0.05894101850280768
0.18,0.3295043161209255,0.18,0.2731265105165108,0.18,0.2331714646896751,0.18,0.203396105578729,0.18,0.1803881954947821,0.18,0.1620455940487716,0.18,0.1470807102927394,0.18,0.1346398444759217,0.18,0.1241345820116941,0.18,0.107368488758307,0.18,0.09454726456288334,0.18,0.08444778027738058,0.18,0.07628793609023464,0.18,0.06955894782411434,0.18,0.0639155486605416,0.18,0.05911519488549361
0.19,0.3299840271888512,0.19,0.2736951004211947,0.19,0.2337511308483148,0.19,0.2039585105103341,0.19,0.1809177966549388,0.19,0.1625398198401368,0.19,0.1475402170569149,0.19,0.135066644338181,0.19,0.1245311773740545,0.19,0.1077123343334196,0.19,0.09483765781310925,0.19,0.08469410246285865,0.19,0.07649790354589456,0.19,0.0697387890659599,0.19,0.06407027172552267,0.19,0.05924883651443104
0.2,0.3304561306677876,0.2,0.274248749007057,0.2,0.2343100429804764,0.2,0.2044958634557874,0.2,0.181417594969819,0.2,0.1630004624323662,0.2,0.1479631638494851,0.2,0.1354545613844793,0.2,0.1248870959643016,0.2,0.1080131155884634,0.2,0.09508105447087031,0.2,0.08489092913741891,0.2,0.0766569107879401,0.2,0.06986694473985912,0.2,0.06417311045781612,0.2,0.05933076894871081
0.21,0.3309173174393106,0.21,0.2747829372813979,0.21,0.234842068827636,0.21,0.2050006442889139,0.21,0.1818784817093902,0.21,0.1634171660412795,0.21,0.1483382379229399,0.21,0.135791562224755,0.21,0.1251897729748816,0.21,0.108257625121013,0.21,0.09526351377241941,0.21,0.08502402168449223,0.21,0.07675070044736799,0.21,0.06992931548800695,0.21,0.06421023337402577,0.21,0.05934749454644117
0.2200000000000001,0.3313631785902619,0.2200000000000001,0.2752915644103026,0.2200000000000001,0.2353389562935732,0.2200000000000001,0.2054627914743447,0.2200000000000001,0.1822883990353981,0.2200000000000001,0.1637763446148075,0.2200000000000001,0.1486507134017591,0.2200000000000001,0.1360620916806257,0.2200000000000001,0.1254230683832519,0.2200000000000001,0.1084290848335116,0.2200000000000001,0.09536764228681506,0.2200000000000001,0.08507588317508401,0.2200000000000001,0.0767619826700106,0.2200000000000001,0.06990900226579973,0.2200000000000001,0.06416523607320201,0.2200000000000001,0.05928315697708394
0.2300000000000001,0.3317878608760906,0.2300000000000001,0.2757664700295888,0.2300000000000001,0.235789727150565,0.2300000000000001,0.2058690135997268,0.2300000000000001,0.1826316048339914,0.2300000000000001,0.1640604396417327,0.2300000000000001,0.1488817286484631,0.2300000000000001,0.1362463866550172,0.2300000000000001,0.1255666275059494,0.2300000000000001,0.1085066133266909,0.2300000000000001,0.09537223282177305,0.2300000000000001,0.08502555414526212,0.2300000000000001,0.07667036682928921,0.2300000000000001,0.06978635250370202,0.2300000000000001,0.06401928214583656,0.2300000000000001,0.05911975972296438
0.2400000000000001,0.3321836338401289,0.2400000000000001,0.2761968453481859,0.2400000000000001,0.2361799513853182,0.2400000000000001,0.2062019907596001,0.2400000000000001,0.1828878589404217,0.2400000000000001,0.1642471393350087,0.2400000000000001,0.149007567879301,0.2400000000000001,0.1363198366687336,0.2400000000000001,0.1255953282946849,0.2400000000000001,0.1084648498889281,0.2400000000000001,0.0952521396217009,0.2400000000000001,0.08484870042303351,0.2400000000000001,0.07645262182397704,0.2400000000000001,0.06953935684415428,0.2400000000000001,0.0637516059938987,0.2400000000000001,0.05883775019177734
0.2500000000000001,0.3325403576866647,0.2500000000000001,0.2765685267318253,0.2500000000000001,0.2364909113027892,0.2500000000000001,0.2064394954689804,0.2500000000000001,0.1830315893723602,0.2500000000000001,0.1643086449229459,0.2500000000000001,0.1489990562855184,0.2500000000000001,0.1362525196725412,0.2500000000000001,0.1254789592236841,0.2500000000000001,0.1082738986333899,0.2500000000000001,0.09497855966771597,0.2500000000000001,0.08451815653865014,0.2500000000000001,0.07608341521924776,0.2500000000000001,0.06914453007372595,0.2500000000000001,0.06334049342335221,0.2500000000000001,0.05841706773296477
0.2600000000000001,0.3328448470918887,0.2600000000000001,0.2768631787478426,0.2600000000000001,0.2366986899762898,0.2600000000000001,0.2065535002895968,0.2600000000000001,0.1830311464725984,0.2600000000000001,0.1642111266423716,0.2600000000000001,0.148821238350163,0.2600000000000001,0.1360091024037868,0.2600000000000001,0.1251823299162048,0.2600000000000001,0.1078998048504666,0.2600000000000001,0.09451991625588022,0.2600000000000001,0.08400509248633516,0.2600000000000001,0.0755366661160719,0.2600000000000001,0.06857837823610233,0.2600000000000001,0.06276481131785985,0.2600000000000001,0.05783869937220326
0.2700000000000001,0.3330801382914002,0.2700000000000001,0.2770573970220585,0.2700000000000001,0.2367732587703156,0.2700000000000001,0.2065093939567319,0.2700000000000001,0.1828483179679483,0.2700000000000001,0.1639145802371229,0.2700000000000001,0.1484335742869442,0.2700000000000001,0.1355493524013906,0.2700000000000001,0.1246660642059111,0.2700000000000001,0.1073057984544382,0.2700000000000001,0.09384352584121206,0.2700000000000001,0.08328092479575053,0.2700000000000001,0.07478757592099788,0.2700000000000001,0.0678194663729101,0.2700000000000001,0.0620060591509703,0.2700000000000001,0.05708668201921951
0.2800000000000001,0.3332246878291699,0.2800000000000001,0.2771217982924396,0.2800000000000001,0.2366776960894023,0.2800000000000001,0.2062654989810664,0.2800000000000001,0.1824383520680238,0.2800000000000001,0.1633733605841858,0.2800000000000001,0.1477909393803562,0.2800000000000001,0.1348295382863188,0.2800000000000001,0.1238883325837588,0.2800000000000001,0.1064545029062453,0.2800000000000001,0.09291814213370078,0.2800000000000001,0.08231997225638665,0.2800000000000001,0.07381526129612957,0.2800000000000001,0.06685095283391178,0.2800000000000001,0.06105076534473423,0.2800000000000001,0.05615034372972011
0.2900000000000001,0.3332515642457562,0.2900000000000001,0.2770202183609795,0.2900000000000001,0.236367742798562,0.2900000000000001,0.2057731630212177,0.2900000000000001,0.1817507999888462,0.2900000000000001,0.1625377043809548,0.2900000000000001,0.1468457106220228,0.2900000000000001,0.1338049573468676,0.2900000000000001,0.1228077080613301,0.2900000000000001,0.1053111761602629,0.2900000000000001,0.09171729234593,0.2900000000000001,0.08110265899342445,0.2900000000000001,0.0726057162791876,0.2900000000000001,0.06566327025645695,0.2900000000000001,0.05989288283951071,0.2900000000000001,0.05502642753491637
0.3000000000000001,0.3331277406351927,0.3000000000000001,0.2767092073357251,0.3000000000000001,0.235791978866508,0.3000000000000001,0.2049777618155446,0.3000000000000001,0.1807315086521594,0.3000000000000001,0.1613565156738868,0.3000000000000001,0.1455511293055346,0.3000000000000001,0.13243368252478,0.3000000000000001,0.121387140525534,0.3000000000000001,0.1038478060638607,0.3000000000000001,0.09022306245358229,0.3000000000000001,0.0796188293237004,0.3000000000000001,0.07115462749239665,0.3000000000000001,0.06425647011485444,0.3000000000000001,0.05853571395710391,0.3000000000000001,0.0537206524375323
0.3100000000000001,0.3328136549950599,0.3100000000000001,0.276138087055722,0.3100000000000001,0.2348929665908162,0.3100000000000001,0.2038209637309062,0.3100000000000001,0.1793260198317393,0.3100000000000001,0.159781528909118,0.3100000000000001,0.143865899882545,0.3100000000000001,0.1306813429350371,0.3100000000000001,0.1195987361411388,0.3100000000000001,0.1020475584890016,0.3100000000000001,0.08842971824195248,0.3100000000000001,0.07787054324741759,0.3100000000000001,0.06946944408668959,0.3100000000000001,0.06264168902111092,0.3100000000000001,0.05699288761152922,0.3100000000000001,0.05224829961078449
0.3200000000000001,0.3322632683856609,0.3200000000000001,0.2752498967074789,0.3200000000000001,0.2336097070653844,0.3200000000000001,0.2022445120261395,0.3200000000000001,0.1774844168164798,0.3200000000000001,0.1577726587390064,0.3200000000000001,0.1417596279881382,0.3200000000000001,0.1285263768202056,0.3200000000000001,0.1174286613924047,0.3200000000000001,0.09990877324742302,0.3200000000000001,0.08634638236285722,0.3200000000000001,0.07587367472580372,0.3200000000000001,0.06757014857852835,0.3200000000000001,0.06084130367123133,0.3200000000000001,0.05528806319016701,0.3200000000000001,0.05063358952936266
0.3300000000000001,0.3314248991100039,0.3300000000000001,0.2739835625030436,0.3300000000000001,0.2318816456970536,0.3300000000000001,0.2001955334458889,0.3300000000000001,0.1751672923236085,0.3300000000000001,0.1553039291468856,0.3300000000000001,0.1392182929326519,0.3300000000000001,0.1259648361913484,0.3300000000000001,0.1148812012085457,0.3300000000000001,0.09744756984601796,0.3300000000000001,0.08399804134127326,0.3300000000000001,0.07365780888588677,0.3300000000000001,0.0654884161836853,0.3300000000000001,0.05888761425448429,0.3300000000000001,0.05345331712276204,0.3300000000000001,0.04890789267051145
0.3400000000000001,0.3302431129753483,0.3400000000000001,0.2722775377803037,0.3400000000000001,0.2296541970192269,0.3400000000000001,0.1976329765570309,0.3400000000000001,0.1723520563178111,0.3400000000000001,0.1523689690598347,0.3400000000000001,0.1362486503062265,0.3400000000000001,0.1230136494946705,0.3400000000000001,0.1119809534281236,0.3400000000000001,0.09469828672771505,0.3400000000000001,0.0814244725779059,0.3400000000000001,0.07126430741162856,0.3400000000000001,0.06326522583892352,0.3400000000000001,0.0568202472789619,0.3400000000000001,0.05152648360226769,0.3400000000000001,0.04710709325136774
0.3500000000000001,0.3286618664185855,0.3500000000000001,0.2700749300038541,0.3500000000000001,0.2268853442598524,0.3500000000000001,0.1945343006699138,0.3500000000000001,0.1690384159854074,0.3500000000000001,0.1489848558184398,0.3500000000000001,0.1328804494392229,0.3500000000000001,0.1197114101633554,0.3500000000000001,0.1087724396934148,0.3500000000000001,0.09171144058771408,0.3500000000000001,0.07867717596906651,0.3500000000000001,0.06874285760867538,0.3500000000000001,0.06094735860384614,0.3500000000000001,0.05468276629313439,0.3500000000000001,0.0495479514019872,0.3500000000000001,0.04526859931722968
0.3600000000000002,0.3266289013475608,0.3600000000000002,0.2673297602635971,0.3600000000000002,0.2235523961334568,0.3600000000000002,0.1909011513717676,0.3600000000000002,0.1652517455678738,0.3600000000000002,0.1451932471799933,0.3600000000000002,0.1291657233575333,0.3600000000000002,0.116116272547312,0.3600000000000002,0.1053170036667677,0.3600000000000002,0.08854950731316091,0.3600000000000002,0.07581488327665918,0.3600000000000002,0.06614716896058309,0.3600000000000002,0.05858344831289083,0.3600000000000002,0.05251911591264832,0.3600000000000002,0.04755748717883793,0.3600000000000002,0.04342851119547648
0.3700000000000002,0.3241010846315054,0.3700000000000002,0.2640135630353606,0.3700000000000002,0.2196576302269568,0.3700000000000002,0.186762683472528,0.3700000000000002,0.1610433609919682,0.3700000000000002,0.1410582927348618,0.3700000000000002,0.1251750843385105,0.3700000000000002,0.1123012414674757,0.3700000000000002,0.1016875405315,0.3700000000000002,0.08528135300921166,0.3700000000000002,0.07289851385479749,0.3700000000000002,0.06353060895663837,0.3700000000000002,0.05622026687848461,0.3700000000000002,0.0503704726986297,0.3700000000000002,0.04559156185149592,0.3700000000000002,0.04161934243465854
0.3800000000000002,0.3210500379274866,0.3800000000000002,0.2601211826253941,0.3800000000000002,0.2152315185274102,0.3800000000000002,0.1821755543052584,0.3800000000000002,0.156487387368919,0.3800000000000002,0.1366615873414194,0.3800000000000002,0.1209916907665217,0.3800000000000002,0.1083477662780745,0.3800000000000002,0.0979620943404494,0.3800000000000002,0.0819763855468509,0.3800000000000002,0.06998645982013695,0.3800000000000002,0.06094246319324219,0.3800000000000002,0.05389976157174776,0.3800000000000002,0.04827288803543176,0.3800000000000002,0.04368146368150103,0.3800000000000002,0.03986849951931573
0.3900000000000002,0.3174671380432241,0.3900000000000002,0.255674537704291,0.3900000000000002,0.2103326191994772,0.3900000000000002,0.1772203445604967,0.3900000000000002,0.1516747260448449,0.3900000000000002,0.132095129081876,0.3900000000000002,0.1167040588906036,0.3900000000000002,0.1043388630830132,0.3900000000000002,0.09421750349028744,0.3900000000000002,0.07869940333436751,0.3900000000000002,0.06713086025663423,0.3900000000000002,0.05842524532770174,0.3900000000000002,0.05165710678512056,0.3900000000000002,0.04625587367788535,0.3900000000000002,0.04185227219015473,0.3900000000000002,0.03819754199515213
0.4000000000000002,0.3133669161388631,0.4000000000000002,0.2507234124735245,0.4000000000000002,0.2050439443864046,0.4000000000000002,0.1719950119889963,0.4000000000000002,0.1467052802416285,0.4000000000000002,0.1274536156706697,0.4000000000000002,0.1123990127578432,0.4000000000000002,0.1003529179884712,0.4000000000000002,0.09052407305937422,0.4000000000000002,0.07550678576539704,0.4000000000000002,0.06437518839612333,0.4000000000000002,0.05601318793638461,0.4000000000000002,0.04951978697022581,0.4000000000000002,0.04434187935595302,0.4000000000000002,0.0401226032340037,0.4000000000000002,0.03662211137211648
0.4100000000000002,0.3087881111401067,0.4100000000000002,0.24534294002775,0.4100000000000002,0.1994664211115461,0.4100000000000002,0.1666066264127183,0.4100000000000002,0.1416798622015827,0.4100000000000002,0.1228273684148624,0.4100000000000002,0.1081558204055673,0.4100000000000002,0.09645896786860413,0.4100000000000002,0.08694184639484438,0.4100000000000002,0.07244426302636156,0.4100000000000002,0.0617531578975974,0.4100000000000002,0.05373180846835347,0.4100000000000002,0.04750755362239391,0.4100000000000002,0.04254648490424422,0.4100000000000002,0.03850494313192456,0.4100000000000002,0.03515235013768818
0.4200000000000002,0.3037920865506362,0.4200000000000002,0.2396281656240095,0.4200000000000002,0.1937106583687241,0.4200000000000002,0.1611628652862475,0.4200000000000002,0.136693050418675,0.4200000000000002,0.1182968073699786,0.4200000000000002,0.1040421143162399,0.4200000000000002,0.09271379426997986,0.4200000000000002,0.08351861450026458,0.4200000000000002,0.06954616108196818,0.4200000000000002,0.05928873438384418,0.4200000000000002,0.05159830649239889,0.4200000000000002,0.04563301482301063,0.4200000000000002,0.0408790801383755,0.4200000000000002,0.03700636368270909,0.4200000000000002,0.03379362162577512
0.4300000000000002,0.2984588489648717,0.4300000000000002,0.2336866620002401,0.4300000000000002,0.1878884406768982,0.4300000000000002,0.1557645600195659,0.4300000000000002,0.1318278313557801,0.4300000000000002,0.113928905777168,0.4300000000000002,0.1001117272439173,0.4300000000000002,0.08916076249961523,0.4300000000000002,0.08028946894071919,0.4300000000000002,0.06683580904774257,0.4300000000000002,0.05699693585791597,0.4300000000000002,0.04962250523150638,0.4300000000000002,0.0439026060294533,0.4300000000000002,0.03934381475757619,0.4300000000000002,0.03562942958241468,0.4300000000000002,0.03254736696277505
0.4400000000000002,0.2928813395638334,0.4400000000000002,0.2276304436826446,0.4400000000000002,0.1821051908271046,0.4400000000000002,0.1505001264324718,0.4400000000000002,0.1271523463095662,0.4400000000000002,0.1097756025087204,0.4400000000000002,0.09640422157142226,0.4400000000000002,0.08583007760036408,0.4400000000000002,0.07727752130988931,0.4400000000000002,0.06432672198575666,0.4400000000000002,0.05488509864622214,0.4400000000000002,0.04780807383350578,0.4400000000000002,0.04231772746554043,0.4400000000000002,0.03794064214723373,0.4400000000000002,0.03437315224639943,0.4400000000000002,0.03141197676682099
0.4500000000000002,0.2871588967323085,0.4500000000000002,0.2215683659672043,0.4500000000000002,0.1764542228884468,0.4500000000000002,0.1454421894119287,0.4500000000000002,0.1227186322464202,0.4500000000000002,0.1058738476621284,0.4500000000000002,0.09294569848135648,0.4500000000000002,0.08274002173806035,0.4500000000000002,0.07449536561838686,0.4500000000000002,0.06202419563985329,0.4500000000000002,0.05295433656488683,0.4500000000000002,0.04615382444698378,0.4500000000000002,0.04087588981248624,0.4500000000000002,0.03666633328001875,0.4500000000000002,0.0332338916283036,0.4500000000000002,0.03038359821661142
0.4600000000000002,0.2813907913318989,0.4600000000000002,0.2155998905940451,0.4600000000000002,0.1710131201074397,0.4600000000000002,0.1406462778164761,0.4600000000000002,0.1185629735231418,0.4600000000000002,0.1022468173694923,0.4600000000000002,0.0897504251944178,0.4600000000000002,0.07989874732832061,0.4600000000000002,0.07194690474395633,0.4600000000000002,0.0599270251167433,0.4600000000000002,0.05120099533301046,0.4600000000000002,0.04465494432095622,0.4600000000000002,0.03957176703276042,0.4600000000000002,0.0355153859189818,0.4600000000000002,0.03220614974552569,0.4600000000000002,0.02945683450741772
0.4700000000000003,0.275670569178707,0.4700000000000003,0.2098106947275334,0.4700000000000003,0.1658421599292684,0.4700000000000003,0.1361511934906785,0.4700000000000003,0.1147073723068811,0.4700000000000003,0.098905826256646,0.4700000000000003,0.08682286705877076,0.4700000000000003,0.07730627701064449,0.4700000000000003,0.06962925099482693,0.4700000000000003,0.05802914989170285,0.4700000000000003,0.04961797796333076,0.4700000000000003,0.04330408232298629,0.4700000000000003,0.03839810289953267,0.4700000000000003,0.03448079327281289,0.4700000000000003,0.03128323180182618,0.4700000000000003,0.02862532064024001
0.4800000000000003,0.2700816784876661,0.4800000000000003,0.2042702155209243,0.4800000000000003,0.1609844378987739,0.4800000000000003,0.1319805485483003,0.4800000000000003,0.1111616591008161,0.4800000000000003,0.09585253837242472,0.4800000000000003,0.08415980674749537,0.4800000000000003,0.07495646218221162,0.4800000000000003,0.06753450812398257,0.4800000000000003,0.05632110978401461,0.4800000000000003,0.04819587748620612,0.4800000000000003,0.0420922547521412,0.4800000000000003,0.0373464526709939,0.4800000000000003,0.03355466354660695,0.4800000000000003,0.03045777257096924,0.4800000000000003,0.02788217715432012
0.4900000000000003,0.2646945880524177,0.4900000000000003,0.1990309335045161,0.4900000000000003,0.1564672195515517,0.4900000000000003,0.1281449779514179,0.4900000000000003,0.1079258490277233,0.4900000000000003,0.09308118281948637,0.4900000000000003,0.08175233766791309,0.4900000000000003,0.07283874783232711,0.4900000000000003,0.06565132700557054,0.4900000000000003,0.05479126037576311,0.4900000000000003,0.04692389699394686,0.4900000000000003,0.04100956621166309,0.4900000000000003,0.03640776389802817,0.4900000000000003,0.03272869872754914,0.4900000000000003,0.029722138646837,0.4900000000000003,0.02722035351133127
0.5000000000000002,0.2595653678476497,0.5000000000000002,0.1941290290989275,0.5000000000000002,0.1523040435543872,0.5000000000000002,0.1246446187190963,0.5000000000000002,0.1049924597568416,0.5000000000000002,0.09058058603447033,0.5000000000000002,0.0795876107933064,0.5000000000000002,0.07093966876081417,0.5000000000000002,0.06396619122425892,0.5000000000000002,0.05342673995793788,0.5000000000000002,0.04579056473655153,0.5000000000000002,0.04004575972382052,0.5000000000000002,0.03557281298927732,0.5000000000000002,0.03199454983408822,0.5000000000000002,0.02906872353659696,0.5000000000000002,0.02663287746577391
0.5100000000000002,0.2547355363496114,0.5100000000000002,0.1895859872015304,0.5100000000000002,0.148497166569188,0.5100000000000002,0.1214715586509629,0.5100000000000002,0.1023486132923064,0.5100000000000002,0.08833592102813317,0.5100000000000002,0.07765028426475203,0.5100000000000002,0.06924405709260753,0.5100000000000002,0.06246443155598696,0.5100000000000002,0.05221420622087531,0.5100000000000002,0.04478426716491212,0.5100000000000002,0.03919061937893027,0.5100000000000002,0.03483251971444036,0.5100000000000002,0.03134406922891171,0.5100000000000002,0.02849015455078077,0.5100000000000002,0.02611302781732672
0.5200000000000002,0.2502328857044371,0.5200000000000002,0.1854107462070202,0.5200000000000002,0.1450400402825539,0.5200000000000002,0.1186120661958266,0.5200000000000002,0.09997783084071141,0.5200000000000002,0.08633013877714033,0.5200000000000002,0.07592367245782987,0.5200000000000002,0.06773597535688594,0.5200000000000002,0.06113099322595377,0.5200000000000002,0.05114037392478463,0.5200000000000002,0.04389362913311196,0.5200000000000002,0.03843425168696755,0.5200000000000002,0.03417816283360262,0.5200000000000002,0.03076948054685322,0.5200000000000002,0.02797942978502041,0.5200000000000002,0.02565444692770741
0.5300000000000002,0.246072968851855,0.5300000000000002,0.1816020567959159,0.5300000000000002,0.1419196143805252,0.5300000000000002,0.1160485030694193,0.5300000000000002,0.09786149289793038,0.5300000000000002,0.08454508928018753,0.5300000000000002,0.07439061926247179,0.5300000000000002,0.06639940778143923,0.5300000000000002,0.05995099164838203,0.5300000000000002,0.05019238900302143,0.5300000000000002,0.04310777119172605,0.5300000000000002,0.03776727093566348,0.5300000000000002,0.03360151844636135,0.5300000000000002,0.03026348487482926,0.5300000000000002,0.02753000145904898,0.5300000000000002,0.02525120734526233
0.5400000000000003,0.2422609547715771,0.5400000000000003,0.1781508035832583,0.5400000000000003,0.139118348749378,0.5400000000000003,0.1137608871172287,0.5400000000000003,0.09597997716291511,0.5400000000000003,0.08296236379394122,0.5400000000000003,0.07303413402672662,0.5400000000000003,0.0652187497100009,0.5400000000000003,0.05891009553950162,0.5400000000000003,0.04935807348237698,0.5400000000000003,0.04241647149640301,0.5400000000000003,0.03718091105108362,0.5400000000000003,0.03309493981307063,0.5400000000000003,0.02981931909035868,0.5400000000000003,0.02713581931100216,0.5400000000000003,0.02489784448823034
0.5500000000000003,0.238793609427663,0.5500000000000003,0.1750421288808933,0.5500000000000003,0.1366158866523883,0.5500000000000003,0.1117281159408605,0.5500000000000003,0.09431350940214893,0.5500000000000003,0.08156390054117153,0.5500000000000003,0.07183783271866111,0.5500000000000003,0.06417913533804105,0.5500000000000003,0.05799477439731299,0.5500000000000003,0.04862607179165084,0.5500000000000003,0.04181025600896487,0.5500000000000003,0.03666708288515408,0.5500000000000003,0.0326513941697151,0.5500000000000003,0.02943077936288762,0.5500000000000003,0.02679134513664203,0.5500000000000003,0.02458936498515901
0.5600000000000003,0.2356612230932757,0.5600000000000003,0.1722572707606795,0.5600000000000003,0.1343903875631497,0.5600000000000003,0.1099288862642919,0.5600000000000003,0.09284277207521358,0.5600000000000003,0.08033239834764616,0.5600000000000003,0.07078622520757047,0.5600000000000003,0.06326664040303932,0.5600000000000003,0.05719244288178927,0.5600000000000003,0.04798592413819314,0.5600000000000003,0.04128043643498117,0.5600000000000003,0.03621839222406324,0.5600000000000003,0.03226446893010636,0.5600000000000003,0.02909222010406695,0.5600000000000003,0.02649154717849946,0.5600000000000003,0.02432123815940011
0.5700000000000003,0.2328493665627077,0.5700000000000003,0.1697750827636407,0.5700000000000003,0.1324195468207499,0.5700000000000003,0.1083423550070155,0.5700000000000003,0.09154931693740485,0.5700000000000003,0.07925157982397618,0.5700000000000003,0.069864884930309,0.5700000000000003,0.06246839118179266,0.5700000000000003,0.05649152924069661,0.5700000000000003,0.0474280876541865,0.5700000000000003,0.04081911131407485,0.5700000000000003,0.03582813049548377,0.5700000000000003,0.03192835688990719,0.5700000000000003,0.0287985362855571,0.5700000000000003,0.02623188102386122,0.5700000000000003,0.02408937635413912
0.5800000000000003,0.2303404115610959,0.5800000000000003,0.1675732401474272,0.5800000000000003,0.13068134372906,0.5800000000000003,0.1069485901842085,0.5800000000000003,0.09041582447996019,0.5800000000000003,0.07830634040716089,0.5800000000000003,0.0690605314155416,0.5800000000000003,0.06177260545693267,0.5800000000000003,0.05588148956893101,0.5800000000000003,0.04694392147364161,0.5800000000000003,0.04041914214194082,0.5800000000000003,0.03549024731211524,0.5800000000000003,0.03163782770814946,0.5800000000000003,0.02854513507675675,0.5800000000000003,0.02600826198879691,0.5800000000000003,0.02389010833491017
0.5900000000000003,0.2281147911874883,0.5900000000000003,0.1656291601913856,0.5900000000000003,0.129154564515268,0.5900000000000003,0.1057288567179657,0.5900000000000003,0.08942624741834523,0.5900000000000003,0.07748281345218241,0.5900000000000003,0.06836105028082635,0.5900000000000003,0.06116858575212894,0.5900000000000003,0.05535278485943208,0.5900000000000003,0.0465256480208792,0.5900000000000003,0.04007411345281135,0.5900000000000003,0.03519931165941007,0.5900000000000003,0.03138819104722812,0.5900000000000003,0.0283279011771096,0.5900000000000003,0.02581703262609698,0.5900000000000003,0.02372014885134889
0.6000000000000003,0.2261520043544229,0.6000000000000003,0.163920675377924,0.6000000000000003,0.1278191453342364,0.6000000000000003,0.1046657766164537,0.6000000000000003,0.08856586907463115,0.6000000000000003,0.07676837557459076,0.6000000000000003,0.06775546997541815,0.6000000000000003,0.06064668044891402,0.6000000000000003,0.05489683370365729,0.6000000000000003,0.04616629961875149,0.6000000000000003,0.03977828341897197,0.6000000000000003,0.03495046668466244,0.6000000000000003,0.0311752552608931,0.6000000000000003,0.0281431589845942,0.6000000000000003,0.0256549279543648,0.6000000000000003,0.02357656654671529
0.6100000000000003,0.224431385581684,0.6100000000000003,0.1624265017419769,0.6100000000000003,0.1266563759795119,0.6100000000000003,0.1037433964536404,0.6100000000000003,0.08782130134037891,0.6100000000000003,0.07615161108162202,0.6100000000000003,0.06723390996623467,0.6100000000000003,0.06019822450003329,0.6100000000000003,0.0545059501602806,0.6100000000000003,0.0458596570136804,0.6100000000000003,0.03952652966915842,0.6100000000000003,0.03473938161077305,0.6100000000000003,0.03099528437244281,0.6100000000000003,0.02798763379892111,0.6100000000000003,0.02551904021339993,0.6100000000000003,0.02345675172656101
0.6200000000000003,0.2229326705508794,0.6200000000000003,0.1611265432509171,0.6200000000000003,0.1256489990031743,0.6200000000000003,0.1029471886671943,0.6200000000000003,0.087180441418216,0.6200000000000003,0.07562224978691424,0.6200000000000003,0.06678751131001338,0.6200000000000003,0.0598154683252454,0.6200000000000003,0.05417327367380596,0.6200000000000003,0.04560018447689496,0.6200000000000003,0.03931429360995438,0.6200000000000003,0.03456220321004961,0.6200000000000003,0.03084495521994626,0.6200000000000003,0.02785841355013645,0.6200000000000003,0.025406784358974,0.6200000000000003,0.02335838499361831
0.6300000000000003,0.2216363909510356,0.6300000000000003,0.1600020689457964,0.6300000000000003,0.1247812327261508,0.6300000000000003,0.1022640074135523,0.6300000000000003,0.0866324019036455,0.6300000000000003,0.07517108880443495,0.6300000000000003,0.06640835757050816,0.6300000000000003,0.05949150103185746,0.6300000000000003,0.05389269589308324,0.6300000000000003,0.04538296467770923,0.6300000000000003,0.03913752547182824,0.6300000000000003,0.034415508463215,0.6300000000000003,0.03072131600429978,0.6300000000000003,0.02775291202139275,0.6300000000000003,0.02531586507527668,0.6300000000000003,0.02327940738690045
0.6400000000000003,0.2205241314320638,0.6400000000000003,0.159035794262685,0.6400000000000003,0.1240387408021443,0.6400000000000003,0.1016820147958413,0.6400000000000003,0.08616742499697969,0.6400000000000003,0.0747899059926187,0.6400000000000003,0.06608939172685066,0.6400000000000003,0.05922017223663337,0.6400000000000003,0.05365878770693053,0.6400000000000003,0.04520363544041935,0.6400000000000003,0.03899263151977762,0.6400000000000003,0.03429625943629083,0.6400000000000003,0.03062174700957166,0.6400000000000003,0.02766883415668212,0.6400000000000003,0.02524424576972675,0.6400000000000003,0.0232179923978261
0.6500000000000004,0.219578678555703,0.6500000000000004,0.1582118924285323,0.6500000000000004,0.1234085659035117,0.6500000000000004,0.1011905892477332,0.6500000000000004,0.08577678865521016,0.6500000000000004,0.07447137046284884,0.6500000000000004,0.06582433296508847,0.6500000000000004,0.05899601536969652,0.6500000000000004,0.0534667286798099,0.6500000000000004,0.04505832970821663,0.6500000000000004,0.03887642430424809,0.6500000000000004,0.03420176098294805,0.6500000000000004,0.03054392393241732,0.6500000000000004,0.02760414377610875,0.6500000000000004,0.02519011979338053,0.6500000000000004,0.02317252004973151
0.6600000000000004,0.2187840876532201,0.6600000000000004,0.1575159566483817,0.6600000000000004,0.1228790408330205,0.6600000000000004,0.1007802246513665,0.6600000000000004,0.08545271019471715,0.6600000000000004,0.0742089538612149,0.6600000000000004,0.06560759594053603,0.6600000000000004,0.05881417431644675,0.6600000000000004,0.05331224024728543,0.6600000000000004,0.04494361947610552,0.6600000000000004,0.03878607642915564,0.6600000000000004,0.03412962158168793,0.6600000000000004,0.03048578402556288,0.6600000000000004,0.02755703383561669,0.6600000000000004,0.02515188397782181,0.6600000000000004,0.0231415530996261
0.6700000000000004,0.2181256892340059,0.6700000000000004,0.1569349292477764,0.6700000000000004,0.1224396869143128,0.6700000000000004,0.1004424262826518,0.6700000000000004,0.08518825111948845,0.6700000000000004,0.07399684486949122,0.6700000000000004,0.06543421414764608,0.6700000000000004,0.05867033451663372,0.6700000000000004,0.05319152344610562,0.6700000000000004,0.04485646406448412,0.6700000000000004,0.03871907803924526,0.6700000000000004,0.03407771741386837,0.6700000000000004,0.03044549510380331,0.6700000000000004,0.02752589924384403,0.6700000000000004,0.02512811447836881,0.6700000000000004,0.0231238153372008
0.6800000000000004,0.2175900525051946,0.6800000000000004,0.156457010103954,0.6800000000000004,0.1220811067956762,0.6800000000000004,0.1001696077925511,0.6800000000000004,0.08497722566464351,0.6800000000000004,0.0738298684548301,0.6800000000000004,0.06529976835570533,0.6800000000000004,0.05856065912207627,0.6800000000000004,0.05310120154875891,0.6800000000000004,0.04479416284203457,0.6800000000000004,0.03867319804656594,0.6800000000000004,0.03404415965540473,0.6800000000000004,0.03042142735989975,0.6800000000000004,0.02750931216972185,0.6800000000000004,0.0251175448500663,0.6800000000000004,0.02311817190427083
0.6900000000000004,0.2171649199094073,0.6900000000000004,0.1560715535836911,0.6900000000000004,0.1217948767102603,0.6900000000000004,0.09995499203295195,0.6900000000000004,0.08481411461418679,0.6900000000000004,0.07370341074784151,0.6900000000000004,0.06520032059709244,0.6900000000000004,0.05848173046149992,0.6900000000000004,0.05303826770133321,0.6900000000000004,0.04475431233717101,0.6900000000000004,0.03864644900092783,0.6900000000000004,0.03402726487308018,0.6900000000000004,0.0304121278771722,0.6900000000000004,0.02750599972827945,0.6900000000000004,0.02511904624693725,0.6900000000000004,0.02312361152923027
0.7000000000000004,0.2168391234708527,0.7000000000000004,0.1557689607396957,0.7000000000000004,0.1215734416612021,0.7000000000000004,0.09979251751815135,0.7000000000000004,0.08469398529355859,0.7000000000000004,0.07361334998081621,0.7000000000000004,0.06513235387798758,0.7000000000000004,0.0584304968299138,0.7000000000000004,0.05300003749093833,0.7000000000000004,0.04473476757579446,0.7000000000000004,0.03863705544315519,0.7000000000000004,0.03402552837150855,0.7000000000000004,0.03041629769411744,0.7000000000000004,0.02751482390957952,0.7000000000000004,0.02513160961859319,0.7000000000000004,0.02313923055910174
0.7100000000000004,0.2166024911739099,0.7100000000000004,0.155540571611672,0.7100000000000004,0.121410015839812,0.7100000000000004,0.09967675159091754,0.7100000000000004,0.08461241818548541,0.7100000000000004,0.07355599362048147,0.7100000000000004,0.06509271757857951,0.7100000000000004,0.0584042244778908,0.7100000000000004,0.05298410626762172,0.7100000000000004,0.04473360743006019,0.7100000000000004,0.03864342554862762,0.7100000000000004,0.0340376003181169,0.7100000000000004,0.0304327712654805,0.7100000000000004,0.02753476360979084,0.7100000000000004,0.02515432977568718,0.7100000000000004,0.0231642186713899
0.7200000000000004,0.2164457495452864,0.7200000000000004,0.1553785610370268,0.7200000000000004,0.1212984897491112,0.7200000000000004,0.09960281086417833,0.7200000000000004,0.0845654403189411,0.7200000000000004,0.07352802164256149,0.7200000000000004,0.06507857838942792,0.7200000000000004,0.05840045459772748,0.7200000000000004,0.05298831099483976,0.7200000000000004,0.0447491037435414,0.7200000000000004,0.03866412586131626,0.7200000000000004,0.03406226447286111,0.7200000000000004,0.03046049816735828,0.7200000000000004,0.02756489862878373,0.7200000000000004,0.02518639120237824,0.7200000000000004,0.02319784615538439
0.7300000000000004,0.2163604270064981,0.7300000000000004,0.1552758403083604,0.7300000000000004,0.1212333449174093,0.7300000000000004,0.09956628917786174,0.7300000000000004,0.0845494653939094,0.7300000000000004,0.07352643578713811,0.7300000000000004,0.06508737656830718,0.7300000000000004,0.05841696506926511,0.7300000000000004,0.05301069638623903,0.7300000000000004,0.04477969400135638,0.7300000000000004,0.03869785892706704,0.7300000000000004,0.03409841936045865,0.7300000000000004,0.03049852690608762,0.7300000000000004,0.02760439551117048,0.7300000000000004,0.02522705550648449,0.7300000000000004,0.02323945266482547
0.7400000000000004,0.2163387613327994,0.7400000000000004,0.1552259662382063,0.7400000000000004,0.1212095766841365,0.7400000000000004,0.09956319309909162,0.7400000000000004,0.0845612404961178,0.7400000000000004,0.07354851457978849,0.7400000000000004,0.0651167872785962,0.7400000000000004,0.05845173672303147,0.7400000000000004,0.05304948509241013,0.7400000000000004,0.04482395733080258,0.7400000000000004,0.03874344365284604,0.7400000000000004,0.03414506174074142,0.7400000000000004,0.03054599070786334,0.7400000000000004,0.02765249512409628,0.7400000000000004,0.02527565041352454,0.7400000000000004,0.023288437358525
0.7500000000000004,0.2163736136219417,0.7500000000000004,0.1552230586345556,0.7500000000000004,0.1212226252710341,0.7500000000000004,0.09958988486590013,0.7500000000000004,0.0845977991999172,0.7500000000000004,0.07359177388437728,0.7500000000000004,0.06516468677115166,0.7500000000000004,0.05850292389042649,0.7500000000000004,0.05310305171968577,0.7500000000000004,0.04488059364191932,0.7500000000000004,0.03879979824088189,0.7500000000000004,0.03420127225324805,0.7500000000000004,0.03060209518495112,0.7500000000000004,0.02770850188255744,0.7500000000000004,0.02533156022703015,0.7500000000000004,0.02334425036057486
0.7600000000000005,0.2164583904698486,0.7600000000000005,0.1552617267928915,0.7600000000000005,0.1212683151740175,0.7600000000000005,0.09964303260043368,0.7600000000000005,0.08465642083327124,0.7600000000000005,0.07365393275379238,0.7600000000000005,0.06522912318468858,0.7600000000000005,0.05856882903036796,0.7600000000000005,0.05316990048611815,0.7600000000000005,0.04494840574254735,0.7600000000000005,0.03886592556883646,0.7600000000000005,0.03426620313198069,0.7600000000000005,0.03066610779218784,0.7600000000000005,0.02777177454920148,0.7600000000000005,0.02539421769229503,0.7600000000000005,0.02340638548536859
0.7700000000000005,0.2165869755065765,0.7700000000000005,0.155337005321241,0.7700000000000005,0.1213428027905444,0.7700000000000005,0.09971956757375038,0.7700000000000005,0.08473459566983248,0.7700000000000005,0.07373288435249352,0.7700000000000005,0.06530829175538194,0.7700000000000005,0.0586478812414243,0.7700000000000005,0.05324864634110283,0.7700000000000005,0.0450262842842295,0.7700000000000005,0.03894090090571309,0.7700000000000005,0.03433906790242868,0.7700000000000005,0.03073734900176693,0.7700000000000005,0.02784171854836218,0.7700000000000005,0.02546309721228925,0.7700000000000005,0.0234743741831952
0.7800000000000005,0.2167536710099378,0.7800000000000005,0.1554442993929415,0.7800000000000005,0.1214425321070779,0.7800000000000005,0.0998166482721948,0.7800000000000005,0.08482999580620636,0.7800000000000005,0.0738266717296867,0.7800000000000005,0.06540051423702979,0.7800000000000005,0.0587386184817589,0.7800000000000005,0.0533379993895429,0.7800000000000005,0.0451131954098884,0.7800000000000005,0.03902386186516407,0.7800000000000005,0.03441913298305395,0.7800000000000005,0.03081518513300735,0.7800000000000005,0.02791777974170478,0.7800000000000005,0.02553770937123073,0.7800000000000005,0.02354778066822868
0.7900000000000005,0.2169531499413772,0.7900000000000005,0.1555793393350266,0.7900000000000005,0.1215641981903944,0.7900000000000005,0.09993163098081871,0.7900000000000005,0.08494045146778484,0.7900000000000005,0.07393346821677818,0.7900000000000005,0.06550422233282419,0.7900000000000005,0.05883967332145579,0.7900000000000005,0.05343675246500547,0.7900000000000005,0.04520817097869143,0.7900000000000005,0.03911400050086091,0.7900000000000005,0.03450571111550956,0.7900000000000005,0.03089902277526017,0.7900000000000005,0.02799943961387727,0.7900000000000005,0.02561759672200963,0.7900000000000005,0.02362619819120376
0.8000000000000005,0.2171804184058074,0.8000000000000005,0.1557381442846359,0.8000000000000005,0.1217047181401668,0.8000000000000005,0.1000620465525236,0.8000000000000005,0.08506393245710761,0.8000000000000005,0.07405156220244696,0.8000000000000005,0.06561794492465407,0.8000000000000005,0.05894976203983877,0.8000000000000005,0.0535437716864099,0.8000000000000005,0.0453103012359714,0.8000000000000005,0.03921055744112827,0.8000000000000005,0.0345981565406804,0.8000000000000005,0.03098830473526386,0.8000000000000005,0.02808621181006348,0.8000000000000005,0.0257023307874924,0.8000000000000005,0.0237092464132111
0.8100000000000005,0.2174307882029611,0.8100000000000005,0.1559169944666125,0.8100000000000005,0.1218612090596155,0.8100000000000005,0.1002055829670425,0.8100000000000005,0.08519853441106692,0.8100000000000005,0.07417934600079021,0.8100000000000005,0.065740298854174,0.8100000000000005,0.05906767685294677,0.8100000000000005,0.05365798980841435,0.8100000000000005,0.04541872977588154,0.8100000000000005,0.03931281794165435,0.8100000000000005,0.03469586182083313,0.8100000000000005,0.03108250742482467,0.8100000000000005,0.02817763995307891,0.8100000000000005,0.0257915102124959,0.8100000000000005,0.0237965698246943
0.8200000000000005,0.2176998588039171,0.8200000000000005,0.1561124114562834,0.8200000000000005,0.1220309724834151,0.8200000000000005,0.1003600732006873,0.8200000000000005,0.08534246946747136,0.8200000000000005,0.07431530847305826,0.8200000000000005,0.06586998296235271,0.8200000000000005,0.05919228101421867,0.8200000000000005,0.05377840213770477,0.8200000000000005,0.04553265061250293,0.8200000000000005,0.03942010970657676,0.8200000000000005,0.03479825618247629,0.8200000000000005,0.03118113958134957,0.8200000000000005,0.0282732966462551,0.8200000000000005,0.02588475998348436,0.8200000000000005,0.02388783713541552
0.8300000000000005,0.2179835077568044,0.8300000000000005,0.1563211455948197,0.8300000000000005,0.122211484570955,0.8300000000000005,0.1005234878297596,0.8300000000000005,0.08549406086130619,0.8300000000000005,0.07445803099509281,0.8300000000000005,0.06600577503422667,0.8300000000000005,0.05932250647781042,0.8300000000000005,0.05390406473876395,0.8300000000000005,0.04565130713393872,0.8300000000000005,0.03953180229181389,0.8300000000000005,0.03490480522191011,0.8300000000000005,0.03128374218423974,0.8300000000000005,0.02837278354140887,0.8300000000000005,0.02598173160825235,0.8300000000000005,0.02398274153820729
0.8400000000000005,0.2182778882154594,0.8400000000000005,0.1565401695308944,0.8400000000000005,0.1224003912376884,0.8400000000000005,0.1006939316858581,0.8400000000000005,0.08565174088377259,0.8400000000000005,0.07460618628726197,0.8400000000000005,0.06614653122903061,0.8400000000000005,0.05945735375417608,0.8400000000000005,0.0540340945983172,0.8400000000000005,0.04577399266771281,0.8400000000000005,0.03964730786377998,0.8400000000000005,0.03501501177906392,0.8400000000000005,0.03138988939729185,0.8400000000000005,0.0284757323212366,0.8400000000000005,0.02608210412033652,0.8400000000000005,0.02408100172387753
0.8500000000000005,0.2185794320175639,0.8500000000000005,0.1567666766881672,0.8500000000000005,0.1225955072713667,0.8500000000000005,0.1008696437817205,0.8500000000000005,0.08581405155305091,0.8500000000000005,0.07475853955043006,0.8500000000000005,0.06629118751077306,0.8500000000000005,0.05959589352882588,0.8500000000000005,0.05416767136408962,0.8500000000000005,0.04590005234011049,0.8500000000000005,0.03976608304637399,0.8500000000000005,0.0351284177492757,0.8500000000000005,0.03149919033479603,0.8500000000000005,0.0285818064158883,0.8500000000000005,0.02618558574572033,0.8500000000000005,0.02418236349950278
0.8600000000000005,0.21888485654224,0.8600000000000005,0.1569980833234751,0.8600000000000005,0.1227948183798168,0.8600000000000005,0.1010489996455216,0.8600000000000005,0.08597964727657018,0.8600000000000005,0.07491395129069529,0.8600000000000005,0.06643876253991625,0.8600000000000005,0.05973726956584431,0.8600000000000005,0.05430404022833484,0.8600000000000005,0.04602888587334259,0.8600000000000005,0.03988763155486101,0.8600000000000005,0.0352446065719825,0.8600000000000005,0.03161129142125196,0.8600000000000005,0.02869070324812623,0.8600000000000005,0.02629191604608045,0.8600000000000005,0.02428660184076282
0.8700000000000006,0.219191173477662,0.8700000000000006,0.157232032765567,0.8700000000000006,0.1229964850589688,0.8700000000000006,0.1012305151535237,0.8700000000000006,0.08614729874228226,0.8700000000000006,0.07507138117771714,0.8700000000000006,0.06658836145237441,0.8700000000000006,0.05988070238614955,0.8700000000000006,0.05444251549737559,0.8700000000000006,0.04615995093898785,0.8700000000000006,0.04001150729248168,0.8700000000000006,0.03536320611469759,0.8700000000000006,0.03172587909585942,0.8700000000000006,0.02880215678424985,0.8700000000000006,0.02640086833691413,0.8700000000000006,0.0243935231941913
0.8800000000000006,0.219495697646642,0.8800000000000006,0.157466400425015,0.8800000000000006,0.1231988471676818,0.8800000000000006,0.1014128509472339,0.8800000000000006,0.08631589727104504,0.8800000000000006,0.0752298922752208,0.8800000000000006,0.06673917994540914,0.8800000000000006,0.0600254932036773,0.8800000000000006,0.05458248438157918,0.8800000000000006,0.04629276667952579,0.8800000000000006,0.04013731757903352,0.8800000000000006,0.03548389166428849,0.8800000000000006,0.03184268260687004,0.8800000000000006,0.02891594016220319,0.8800000000000006,0.02651225217341785,0.8800000000000006,0.02450296784003048
0.8900000000000006,0.2197960541802446,0.8900000000000006,0.1576992982513809,0.8900000000000006,0.1234004281575869,0.8900000000000006,0.1015948165688715,0.8900000000000006,0.08648445890000001,0.8900000000000006,0.07538865501332824,0.8900000000000006,0.06689050811621725,0.8900000000000006,0.06017102762525588,0.8900000000000006,0.05472341055995684,0.8900000000000006,0.04642691702549132,0.8900000000000006,0.04026472619336762,0.8900000000000006,0.03560638874817134,0.8900000000000006,0.03196147664995523,0.8900000000000006,0.02903186817618582,0.8900000000000006,0.0266259157039844,0.8900000000000006,0.02461481213264505
0.9000000000000006,0.220090182589569,0.9000000000000006,0.157929077482862,0.9000000000000006,0.1235999380322247,0.9000000000000006,0.1017753735490605,0.9000000000000006,0.0866521275489822,0.9000000000000006,0.07554695034192244,0.9000000000000006,0.06704173355925226,0.9000000000000006,0.06031677867302788,0.9000000000000006,0.05486483712100327,0.9000000000000006,0.04656205347482507,0.9000000000000006,0.04039345594459442,0.9000000000000006,0.03573047553637818,0.9000000000000006,0.03208208362965857,0.9000000000000006,0.02914979941931244,0.9000000000000006,0.02674174771124001,0.9000000000000006,0.0247289704537229
0.9100000000000006,0.2203763366421885,0.9100000000000006,0.1581543287748573,0.9100000000000006,0.1237962742925445,0.9100000000000006,0.1019536368275437,0.9100000000000006,0.0868181767440374,0.9100000000000006,0.07570417160859866,0.9100000000000006,0.0671923433194382,0.9100000000000006,0.06046230876912476,0.9100000000000006,0.05500638855404446,0.9100000000000006,0.04669789706138541,0.9100000000000006,0.04052329053813039,0.9100000000000006,0.03585598462009752,0.9100000000000006,0.03220437536249821,0.9100000000000006,0.02926963792127907,0.9100000000000006,0.026859679192643,0.9100000000000006,0.02484539674284443
0.9200000000000006,0.2206530793682716,0.9200000000000006,0.158373879086227,0.9200000000000006,0.1239885203501927,0.9200000000000006,0.1021288740695354,0.9200000000000006,0.08698200952429853,0.9200000000000006,0.07585982483561861,0.9200000000000006,0.0673419244132183,0.9200000000000006,0.06060727042452754,0.9200000000000006,0.0551477715575133,0.9200000000000006,0.04683423931657067,0.9200000000000006,0.04065407556847999,0.9200000000000006,0.03598280401969399,0.9200000000000006,0.03232827409122017,0.9200000000000006,0.02939133416377813,0.9200000000000006,0.02697968437424515,0.9200000000000006,0.0249640855080894
0.9300000000000006,0.2209192729606181,0.9300000000000006,0.1585867850180005,0.9300000000000006,0.1241759411354708,0.9300000000000006,0.1023005026406816,0.9300000000000006,0.08714315632712998,0.9300000000000006,0.07601352721592512,0.9300000000000006,0.06749016275755521,0.9300000000000006,0.06075140548850662,0.9300000000000006,0.05528877453397468,0.9300000000000006,0.04697094211467984,0.9300000000000006,0.04078571854493398,0.9300000000000006,0.03611087734021334,0.9300000000000006,0.03245375273749151,0.9300000000000006,0.02951488540842472,0.9300000000000006,0.02710178109852405,0.9300000000000006,0.02508507226273058
0.9400000000000006,0.2211740637501869,0.9400000000000006,0.158792322609203,0.9400000000000006,0.1243579758706102,0.9400000000000006,0.1024680842040336,0.9400000000000006,0.08730127081606336,0.9400000000000006,0.07616500379530654,0.9400000000000006,0.06763684047676945,0.9400000000000006,0.06089454293118297,0.9400000000000006,0.05542926574685244,0.9400000000000006,0.04710793638102756,0.9400000000000006,0.04091818793230101,0.9400000000000006,0.03624020305895129,0.9400000000000006,0.03258083437959332,0.9400000000000006,0.02964033532537807,0.9400000000000006,0.02722603057582183,0.9400000000000006,0.02520843337869235
0.9500000000000006,0.2214168627967836,0.9500000000000006,0.1589899738706844,0.9500000000000006,0.1245342281994608,0.9500000000000006,0.1026313170851902,0.9500000000000006,0.08745612377155584,0.9500000000000006,0.07631408244312986,0.9500000000000006,0.06778183167689754,0.9500000000000006,0.06103659523922125,0.9500000000000006,0.05556919021126284,0.9500000000000006,0.04724521972399378,0.9500000000000006,0.04105151125954665,0.9500000000000006,0.03637083299180358,0.9500000000000006,0.0327095909970765,0.9500000000000006,0.02976777296083359,0.9500000000000006,0.02735253653447609,0.9500000000000006,0.02533428538929011
0.9600000000000006,0.2216473229062472,0.9600000000000006,0.159179410558664,0.9600000000000006,0.1247044540443333,0.9600000000000006,0.1027900267022194,0.9600000000000006,0.08760759529349409,0.9600000000000006,0.07646068732674838,0.9600000000000006,0.06792509687734782,0.9600000000000006,0.06117755359470715,0.9600000000000006,0.05570856547318344,0.9600000000000006,0.0473828531214063,0.9600000000000006,0.04118577240897252,0.9600000000000006,0.03650287003769857,0.9600000000000006,0.03284014157129664,0.9600000000000006,0.02989733112397971,0.9600000000000006,0.02748144384341744,0.9600000000000006,0.02546278380933418
0.9700000000000006,0.2218653130564727,0.9700000000000006,0.1593604758418496,0.9700000000000006,0.1248685476882819,0.9700000000000006,0.1029441544654839,0.9700000000000006,0.08775566565821966,0.9700000000000006,0.0766048311872923,0.9700000000000006,0.06806667636335642,0.9700000000000006,0.06131748207382173,0.9700000000000006,0.05584747649185789,0.9700000000000006,0.04752095684320581,0.9700000000000006,0.04132110824322398,0.9700000000000006,0.03663646533980518,0.9700000000000006,0.03297264966598897,0.9700000000000006,0.03002918430590858,0.9700000000000006,0.02761293671013995,0.9700000000000006,0.02559412156749491
0.9800000000000006,0.2220708912838769,0.9800000000000006,0.1595331645953808,0.9800000000000006,0.1250265266523303,0.9800000000000006,0.1030937456150681,0.9800000000000006,0.08790040522801822,0.9800000000000006,0.07674660676371149,0.9800000000000006,0.06820668276702888,0.9800000000000006,0.0614565111421843,0.9800000000000006,0.05598606987722751,0.9800000000000006,0.04765970582394942,0.9800000000000006,0.04145770475495738,0.9800000000000006,0.03677181502661444,0.9800000000000006,0.03310732063395934,0.9800000000000006,0.03016354626285833,0.9800000000000006,0.02774723657516012,0.9800000000000006,0.02572852716262271
0.9900000000000007,0.2222642770597449,0.9900000000000007,0.1596976030658637,0.9900000000000007,0.1251785159544102,0.9900000000000007,0.1032389364816285,0.9900000000000007,0.08804196382845041,0.9900000000000007,0.0768861777283367,0.9900000000000007,0.06834529320006257,0.9900000000000007,0.06159483073802788,0.9900000000000007,0.05612454774755131,0.9900000000000007,0.04779932471050737,0.9900000000000007,0.0415957929344925,0.9900000000000007,0.03690915670543485,0.9900000000000007,0.03324439860454481,0.9900000000000007,0.03030066740402552,0.9900000000000007,0.02788459983133786,0.9900000000000007,0.02586626266245826
1.000000000000001,0.2224458240905721,1.000000000000001,0.1598540286052543,1.000000000000001,0.1253247323077605,1.000000000000001,0.1033799416360224,1.000000000000001,0.08818055999335613,1.000000000000001,0.07702376948481356,1.000000000000001,0.06848274125099445,1.000000000000001,0.06173268322568606,1.000000000000001,0.05626316146487335,1.000000000000001,0.04794008280446961,1.000000000000001,0.04173564454604702,1.000000000000001,0.0370487658768934,1.000000000000001,0.03338416340312588,1.000000000000001,0.03044083212125715,1.000000000000001,0.02802531549385251,1.000000000000001,0.0260076216608717
1.010000000000001,0.2226159943304016,1.010000000000001,0.160002770082122,1.010000000000001,0.1254654687522207,1.010000000000001,0.1035170413427882,1.010000000000001,0.08831647043608351,1.010000000000001,0.0771596601442439,1.010000000000001,0.06861930912940663,1.010000000000001,0.0618703564749962,1.010000000000001,0.05640220548192821,1.010000000000001,0.04808228909887959,1.010000000000001,0.04187756798625226,1.010000000000001,0.03719095242435415,1.010000000000001,0.03352692754100428,1.010000000000001,0.03058435618632214,1.010000000000001,0.02816970293612392,1.010000000000001,0.02615292730018421
1.020000000000001,0.222775333819117,1.020000000000001,0.160144229462943,1.020000000000001,0.1256010801246036,1.020000000000001,0.1036505696624468,1.020000000000001,0.08845002004688333,1.020000000000001,0.0772941719449778,1.020000000000001,0.06875532019531359,1.020000000000001,0.06200817728284405,1.020000000000001,0.05654201149857023,1.020000000000001,0.04822628757925122,1.020000000000001,0.04202190437325442,1.020000000000001,0.03733605730997423,1.020000000000001,0.03367303339425425,1.020000000000001,0.03073158432374796,1.020000000000001,0.02831810979088529,1.020000000000001,0.02630253045040197
1.030000000000001,0.2229244507791141,1.030000000000001,0.1602788649287486,1.030000000000001,0.1257319696760712,1.030000000000001,0.1037809034674897,1.030000000000001,0.08858157264878315,1.030000000000001,0.07742766332295159,1.030000000000001,0.06889113206032264,1.030000000000001,0.06214650530688665,1.030000000000001,0.05668294308402955,1.030000000000001,0.04837245292373834,1.030000000000001,0.04216902398455898,1.030000000000001,0.03748444958269074,1.030000000000001,0.03382285066663947,1.030000000000001,0.03088288804602884,1.030000000000001,0.02847091009635082,1.030000000000001,0.02645680811953101
1.040000000000001,0.2230639962300314,1.040000000000001,0.1604071757664148,1.040000000000001,0.125858577045424,1.040000000000001,0.103908452555342,1.040000000000001,0.08871152267489817,1.040000000000001,0.0775605217791259,1.040000000000001,0.06902713039374703,1.040000000000001,0.06228572763357879,1.040000000000001,0.05682539087785877,1.040000000000001,0.04852118670072456,1.040000000000001,0.04231932313023874,1.040000000000001,0.03763652377573498,1.040000000000001,0.03397677420699999,1.040000000000001,0.03103866381574626,1.040000000000001,0.02862850274715353,1.040000000000001,0.02661616215054512
1.050000000000001,0.2231946472286062,1.050000000000001,0.1605296891586474,1.050000000000001,0.1259813677052632,1.050000000000001,0.1040336509651588,1.050000000000001,0.08884028786477022,1.050000000000001,0.07769315763346894,1.050000000000001,0.06916372351614482,1.050000000000001,0.06242625405703173,1.050000000000001,0.05696976844101119,1.050000000000001,0.0486729141270969,1.050000000000001,0.04247322151790686,1.050000000000001,0.03779269774468852,1.050000000000001,0.0341352222277925,1.050000000000001,0.0311993315777336,1.050000000000001,0.02879131029021978,1.050000000000001,0.02678101824266528
1.060000000000001,0.2233170927147763,1.060000000000001,0.1606469488983489,1.060000000000001,0.1261008239183376,1.060000000000001,0.1041569495385252,1.060000000000001,0.08896830301987624,1.060000000000001,0.07782599870453627,1.060000000000001,0.06930133781787953,1.060000000000001,0.06256851310478805,1.060000000000001,0.05711650879168954,1.060000000000001,0.04882808141929039,1.060000000000001,0.04263116013888445,1.060000000000001,0.03795341097333717,1.060000000000001,0.03429863495024266,1.060000000000001,0.03136533368524043,1.060000000000001,0.02895977808826697,1.060000000000001,0.02695182531855328
1.070000000000001,0.2234320218482648,1.070000000000001,0.1607595059745512,1.070000000000001,0.1262174371767734,1.070000000000001,0.1042788097094654,1.070000000000001,0.0890960148111338,1.070000000000001,0.0779594859120203,1.070000000000001,0.06944041400307048,1.070000000000001,0.06271294881296934,1.070000000000001,0.05726606162994499,1.070000000000001,0.04898715374315023,1.070000000000001,0.04279359968242261,1.070000000000001,0.03811912335466958,1.070000000000001,0.03446747368376592,1.070000000000001,0.03153713422795925,1.070000000000001,0.02913437385893097,1.070000000000001,0.0271290552455316
1.080000000000001,0.223540114651323,1.080000000000001,0.160867910918909,1.080000000000001,0.1263317020480689,1.080000000000001,0.1043996984674015,1.080000000000001,0.0892238775948235,1.080000000000001,0.07809406976741406,1.080000000000001,0.06958140413040882,1.080000000000001,0.0628600182270834,1.080000000000001,0.05741889123110398,1.080000000000001,0.04915061374830113,1.080000000000001,0.04296101946715697,1.080000000000001,0.03829031443874784,1.080000000000001,0.03464222033333124,1.080000000000001,0.0317152187571285,1.080000000000001,0.02931558758598754,1.080000000000001,0.02731320290833047
1.090000000000001,0.2236420347301666,1.090000000000001,0.1609727077625367,1.090000000000001,0.1264441113179215,1.090000000000001,0.1045200844073439,1.090000000000001,0.08935235016750587,1.090000000000001,0.07823020769490596,1.090000000000001,0.06972476940157894,1.090000000000001,0.06301018958593593,1.090000000000001,0.05757547497084282,1.090000000000001,0.04931896065796872,1.090000000000001,0.04313391686613093,1.090000000000001,0.03846748312781461,1.090000000000001,0.03482337731826015,1.090000000000001,0.03190009439370819,1.090000000000001,0.02950393179071642,1.090000000000001,0.02750478662312889
1.100000000000001,0.2237384238258968,1.100000000000001,0.1610744294302676,1.100000000000001,0.1265551522994161,1.100000000000001,0.1046404347633158,1.100000000000001,0.08948189337415825,1.100000000000001,0.07836836210990233,1.100000000000001,0.06987097863467395,1.100000000000001,0.06316394113389695,1.100000000000001,0.05773630243352504,1.100000000000001,0.04949270987557697,1.100000000000001,0.04331280719331519,1.100000000000001,0.03865114779154217,1.100000000000001,0.0350114678792608,1.100000000000001,0.03209229029956052,1.100000000000001,0.02969994214592111,1.100000000000001,0.02770434887756498
1.110000000000001,0.2238298979408269,1.110000000000001,0.1611735943902041,1.110000000000001,0.1266653041685754,1.110000000000001,0.1047612133119974,1.110000000000001,0.08961296847540448,1.110000000000001,0.07850899917488656,1.110000000000001,0.0700205073529164,1.110000000000001,0.0633217605002412,1.110000000000001,0.05790187504936707,1.110000000000001,0.04967239306420897,1.110000000000001,0.04349822401494189,1.110000000000001,0.03884184677122535,1.110000000000001,0.03520703674680509,1.110000000000001,0.03229235848822226,1.110000000000001,0.02990417841206016,1.110000000000001,0.02791245737858392
1.120000000000001,0.2239170447937863,1.120000000000001,0.1612707043775911,1.120000000000001,0.1267750361853588,1.120000000000001,0.1048828790318928,1.120000000000001,0.08974603617771418,1.120000000000001,0.07865258815024583,1.120000000000001,0.07017383741694212,1.120000000000001,0.06348414458229903,1.120000000000001,0.0580727062041093,1.120000000000001,0.04985855865332662,1.120000000000001,0.0436907198474407,1.120000000000001,0.0390401392403348,1.120000000000001,0.03541065114270341,1.120000000000001,0.03250087495071365,1.120000000000001,0.03011722567390608,1.120000000000001,0.02812970638904107
1.130000000000001,0.2240004223741968,1.130000000000001,0.1613662430206718,1.130000000000001,0.1268848066645981,1.130000000000001,0.1050058854070578,1.130000000000001,0.08988155623320275,1.130000000000001,0.07879960125984027,1.130000000000001,0.07033145713064476,1.130000000000001,0.06365159987061544,1.130000000000001,0.05824932176612797,1.130000000000001,0.05005177272814378,1.130000000000001,0.04389086720457946,1.130000000000001,0.03924660638954296,1.130000000000001,0.03562290208734092,1.130000000000001,0.03271844107238031,1.130000000000001,0.03033969585665438,1.130000000000001,0.02835671833444713
1.140000000000001,0.2240805583862326,1.140000000000001,0.1614606752097338,1.140000000000001,0.1269950625710397,1.140000000000001,0.1051306802719125,1.140000000000001,0.09001998752172388,1.140000000000001,0.07895051399618896,1.140000000000001,0.07049386175498817,1.140000000000001,0.0638246431582082,1.140000000000001,0.0584322609794212,1.140000000000001,0.0502526202599719,1.140000000000001,0.04409925995890622,1.140000000000001,0.03946185290651578,1.140000000000001,0.03584440598698767,1.140000000000001,0.03294568531852679,1.140000000000001,0.0305722295020178,1.140000000000001,0.0285941456627365
1.150000000000001,0.2241579503985326,1.150000000000001,0.1615544470669393,1.150000000000001,0.1271062396249394,1.150000000000001,0.1052577061034534,1.150000000000001,0.09016178853608672,1.150000000000001,0.0791058057971246,1.150000000000001,0.07066155437031503,1.150000000000001,0.06400380258148188,1.150000000000001,0.05862207767584508,1.150000000000001,0.05046170664002672,1.150000000000001,0.04431651498617792,1.150000000000001,0.03968650872392176,1.150000000000001,0.03607580647841763,1.150000000000001,0.03318326516915911,1.150000000000001,0.03081549778718439,1.150000000000001,0.0288426729420987
1.160000000000001,0.224233066539806,1.160000000000001,0.1616479863921393,1.160000000000001,0.1272187628181737,1.160000000000001,0.105387400678166,1.160000000000001,0.0903074182004697,1.160000000000001,0.07926596103376481,1.160000000000001,0.07083504703474347,1.160000000000001,0.06418961894668891,1.160000000000001,0.05881934176573086,1.160000000000001,0.0506796594840636,1.160000000000001,0.04454327406567373,1.160000000000001,0.03992123101282286,1.160000000000001,0.03631777651139629,1.160000000000001,0.03343186928616459,1.160000000000001,0.03107020477227201,1.160000000000001,0.02910301918445608
1.170000000000001,0.2243063466048281,1.170000000000001,0.1617417034775101,1.170000000000001,0.1273330472546134,1.170000000000001,0.1055201980222407,1.170000000000001,0.09045733696169811,1.170000000000001,0.0794314702579995,1.170000000000001,0.07101486219364911,1.170000000000001,0.06438264730249636,1.170000000000001,0.05902464097208304,1.170000000000001,0.05090713068036652,1.170000000000001,0.04478020601375655,1.170000000000001,0.0401667064025517,1.170000000000001,0.03657102065312594,1.170000000000001,0.03369221989945542,1.170000000000001,0.03133708986483431,1.170000000000001,0.02937594038485866
1.180000000000001,0.2243782034578808,1.180000000000001,0.1618359922006964,1.180000000000001,0.1274494992418242,1.180000000000001,0.1056565295947257,1.180000000000001,0.09061200810246413,1.180000000000001,0.07960283166592158,1.180000000000001,0.07120153430255594,1.180000000000001,0.06458345872582573,1.180000000000001,0.05923858277958445,1.180000000000001,0.05114479865874859,1.180000000000001,0.0450280090324914,1.180000000000001,0.04042365341210462,1.180000000000001,0.03683627760224929,1.180000000000001,0.03396507540178057,1.180000000000001,0.0316169304928765,1.180000000000001,0.02966223226973694
1.190000000000001,0.2244490246411079,1.190000000000001,0.1619312313216852,1.190000000000001,0.127568517573578,1.190000000000001,0.1057968256535931,1.190000000000001,0.09077189923443943,1.190000000000001,0.07978055274141367,1.190000000000001,0.07139561163270466,1.190000000000001,0.06479264229441302,1.190000000000001,0.05946179657536844,1.190000000000001,0.05139337086310439,1.190000000000001,0.04528741325936359,1.190000000000001,0.04069282508181592,1.190000000000001,0.03711432290335497,1.190000000000001,0.0342512331449295,1.190000000000001,0.03191054498058618,1.190000000000001,0.02996273324947257
1.200000000000001,0.224519174113282,1.200000000000001,0.1620277859225832,1.200000000000001,0.1276904949538938,1.200000000000001,0.1059415167641091,1.200000000000001,0.09093748393734596,1.200000000000001,0.07996515205124431,1.200000000000001,0.07159765823495662,1.200000000000001,0.06501080722531832,1.200000000000001,0.0596949359638017,1.200000000000001,0.05165358641455389,1.200000000000001,0.04555918350803836,1.200000000000001,0.04097501179751328,1.200000000000001,0.03740597185599193,1.200000000000001,0.03455153243281148,1.200000000000001,0.03221879562349086,1.200000000000001,0.03027832757303227
1.210000000000001,0.2245889940600682,1.210000000000001,0.1621260089417085,1.210000000000001,0.1278158195232738,1.210000000000001,0.1060910354172769,1.210000000000001,0.09110924351729231,1.210000000000001,0.08015716116942355,1.210000000000001,0.07180825604342041,1.210000000000001,0.06523858516380875,1.210000000000001,0.05993868124226905,1.210000000000001,0.05192621895625042,1.210000000000001,0.04584412219359055,1.210000000000001,0.04127104430241881,1.210000000000001,0.03771208261492193,1.210000000000001,0.03486685770933441,1.210000000000001,0.03254259196195441,1.210000000000001,0.03060994868440376
1.220000000000001,0.2246588067301289,1.220000000000001,0.162226242763959,1.220000000000001,0.1279448764564253,1.220000000000001,0.1062458177334252,1.220000000000001,0.09128766886402696,1.220000000000001,0.08035712671418073,1.220000000000001,0.07202800710523015,1.220000000000001,0.06547663261160924,1.220000000000001,0.06019374202912355,1.220000000000001,0.05221207967445246,1.220000000000001,0.04614307243867205,1.220000000000001,0.04158179689471658,1.220000000000001,0.03803355948068674,1.220000000000001,0.03519814194109126,1.220000000000001,0.03288289425378314,1.220000000000001,0.03095858278223966
1.230000000000001,0.2247289162624866,1.230000000000001,0.1623288208383481,1.230000000000001,0.1280780496081283,1.230000000000001,0.1064063052322831,1.230000000000001,0.0914732623922249,1.230000000000001,0.08056561248577654,1.230000000000001,0.0722575359272586,1.230000000000001,0.06572563348746223,1.230000000000001,0.06046086003856743,1.230000000000001,0.05251202049347215,1.230000000000001,0.0464569213596675,1.230000000000001,0.04190819081094187,1.230000000000001,0.03837135638151366,1.230000000000001,0.03554637019657141,1.230000000000001,0.03324071714821654,1.230000000000001,0.03132527258543019
1.240000000000001,0.2247996104797072,1.240000000000001,0.1624340693010731,1.240000000000001,0.1282157231901019,1.240000000000001,0.1065729466561824,1.240000000000001,0.09166654005655668,1.240000000000001,0.08078320169748181,1.240000000000001,0.07249749193425439,1.240000000000001,0.06598630181629128,1.240000000000001,0.06074081200026939,1.240000000000001,0.05282693744462592,1.240000000000001,0.04678660353400919,1.240000000000001,0.04225119779716103,1.240000000000001,0.03872648054913668,1.240000000000001,0.03591258342493962,1.240000000000001,0.0336171335647016,1.240000000000001,0.03171112130827693
1.250000000000001,0.2248711626288886,1.250000000000001,0.1625423085886281,1.250000000000001,0.1283582834668756,1.250000000000001,0.1067461998374571,1.250000000000001,0.09186803343418173,1.250000000000001,0.08101049929551922,1.250000000000001,0.07274855203600078,1.250000000000001,0.06625938454606506,1.250000000000001,0.06103441272405454,1.250000000000001,0.05315777421133713,1.250000000000001,0.04713310465150564,1.250000000000001,0.04261184387130339,1.250000000000001,0.03909999639226022,1.250000000000001,0.03629788243836428,1.250000000000001,0.03401327878059992,1.250000000000001,0.03211729684951489
1.260000000000001,0.2249438330584055,1.260000000000001,0.1626538550304804,1.260000000000001,0.1285061204628944,1.260000000000001,0.106926533604766,1.260000000000001,0.09207829187152418,1.260000000000001,0.08124813436663118,1.260000000000001,0.07301142330365988,1.260000000000001,0.06654566449375481,1.260000000000001,0.06134251831204318,1.260000000000001,0.05350552585410824,1.260000000000001,0.04749746535378773,1.260000000000001,0.04299121328099488,1.260000000000001,0.03949302957214681,1.260000000000001,0.03670343210242309,1.260000000000001,0.03443035473233447,1.260000000000001,0.03254503619961466
1.270000000000001,0.2250178708230717,1.270000000000001,0.1627690224148625,1.270000000000001,0.1286596296765158,1.270000000000001,0.1071144297260453,1.270000000000001,0.09229788469482664,1.270000000000001,0.08149676263428092,1.270000000000001,0.07328684575755047,1.270000000000001,0.06684596342361702,1.270000000000001,0.06166602952221997,1.270000000000001,0.05387124272020748,1.270000000000001,0.04788078526681259,1.270000000000001,0.04339045266182141,1.270000000000001,0.03990677128516527,1.270000000000001,0.03713046573926269,1.270000000000001,0.03486963453444224,1.270000000000001,0.03299565007057817
1.280000000000001,0.2250935152140615,1.280000000000001,0.1628881235244195,1.280000000000001,0.1288192137993113,1.280000000000001,0.1073103848882141,1.280000000000001,0.09252740348611359,1.280000000000001,0.08175706904638544,1.280000000000001,0.07357559527026564,1.280000000000001,0.06716114526246408,1.280000000000001,0.06200589528860898,1.280000000000001,0.05425603454362066,1.280000000000001,0.04828422723179003,1.280000000000001,0.04381077540113069,1.280000000000001,0.04034248275708629,1.280000000000001,0.03758028974793141,1.280000000000001,0.03533246722054043,1.280000000000001,0.03347052775179598
1.290000000000001,0.2251709972127544,1.290000000000001,0.1630114716409679,1.290000000000001,0.1289852844412711,1.290000000000001,0.1075149127156844,1.290000000000001,0.09276746442790008,1.290000000000001,0.0820297704589701,1.290000000000001,0.07387848659031628,1.290000000000001,0.06749211945763843,1.290000000000001,0.06236311640404939,1.290000000000001,0.05466107474111584,1.290000000000001,0.04870902173992055,1.290000000000001,0.04425346621224781,1.290000000000001,0.04080149995344749,1.290000000000001,0.03805428844561292,1.290000000000001,0.03582028270931641,1.290000000000001,0.03397114219443257
1.300000000000001,0.2252505408697897,1.300000000000001,0.1631393820205582,1.300000000000001,0.1291582638642275,1.300000000000001,0.1077285458312464,1.300000000000001,0.09301871072132298,1.300000000000001,0.08231561842128808,1.300000000000001,0.07419637649242955,1.300000000000001,0.06783984448412431,1.300000000000001,0.06273874937202988,1.300000000000001,0.05508760491015857,1.300000000000001,0.04915647157593877,1.300000000000001,0.04471988592332806,1.300000000000001,0.04128523850940486,1.300000000000001,0.03855392913235031,1.300000000000001,0.03633459699727983,1.300000000000001,0.03449905532521701
1.310000000000001,0.2253323646121848,1.310000000000001,0.1632721733415123,1.310000000000001,0.129338586727147,1.310000000000001,0.1079518379640966,1.310000000000001,0.09328181508340624,1.310000000000001,0.08261540206879862,1.310000000000001,0.07453016706127293,1.310000000000001,0.06820533150762494,1.310000000000001,0.06313391043415724,1.310000000000001,0.0555369395338878,1.310000000000001,0.0496279566746405,1.310000000000001,0.0452114764839676,1.310000000000001,0.04179519888111929,1.310000000000001,0.03908076738021769,1.310000000000001,0.0368770175781326,1.310000000000001,0.03505592358838481
1.320000000000001,0.2254166824824882,1.320000000000001,0.1634101691292177,1.320000000000001,0.1295267018479598,1.320000000000001,0.1081853661106809,1.320000000000001,0.09355748232994054,1.320000000000001,0.08292995113098779,1.320000000000001,0.0748808091157392,1.320000000000001,0.06858964821052804,1.320000000000001,0.06354977977961873,1.320000000000001,0.05601047089741015,1.320000000000001,0.05012493919329803,1.320000000000001,0.04572976619111901,1.320000000000001,0.04233297171885112,1.320000000000001,0.03963645254573172,1.320000000000001,0.03744924908616595,1.320000000000001,0.03564350371180015
1.330000000000001,0.2255037053147082,1.330000000000001,0.1635536991622673,1.330000000000001,0.1297230739873645,1.330000000000001,0.1084297327547101,1.330000000000001,0.09384645205100572,1.330000000000001,0.083260139061369,1.330000000000001,0.0752493057810259,1.330000000000001,0.06899392278747658,1.330000000000001,0.06398760594243325,1.330000000000001,0.05650967421825655,1.330000000000001,0.0506489688011133,1.330000000000001,0.04627637513375845,1.330000000000001,0.04290024345950755,1.330000000000001,0.04022273350154538,1.330000000000001,0.0380530991580276,1.330000000000001,0.03626365868991099
1.340000000000001,0.2255936418522497,1.340000000000001,0.1637031008651222,1.340000000000001,0.1299281856606153,1.340000000000001,0.1086855681531985,1.340000000000001,0.09414950138651142,1.340000000000001,0.08360688629713155,1.340000000000001,0.07563671621559313,1.340000000000001,0.06941934811675698,1.340000000000001,0.06444871039136765,1.340000000000001,0.05703611299194036,1.340000000000001,0.05120168818456781,1.340000000000001,0.04685302085308949,1.340000000000001,0.04349880213335076,1.340000000000001,0.04084146458006304,1.340000000000001,0.03869048450344512,1.340000000000001,0.0369183639720876
1.350000000000001,0.2256866998133847,1.350000000000001,0.1638587206928669,1.350000000000001,0.1301425389837017,1.350000000000001,0.1089535326957049,1.350000000000001,0.09446744790930599,1.350000000000001,0.08397116365583329,1.350000000000001,0.07604415949967451,1.350000000000001,0.06986718611289681,1.350000000000001,0.06493449231609262,1.350000000000001,0.05759144455111755,1.350000000000001,0.05178483876466129,1.350000000000001,0.04746152421176787,1.350000000000001,0.04413054337586063,1.350000000000001,0.04149461171749497,1.350000000000001,0.03936343717096882,1.350000000000001,0.03760971383998613
1.360000000000001,0.2257830869099074,1.360000000000001,0.1640209155138929,1.360000000000001,0.1303666575606117,1.360000000000001,0.109234319344158,1.360000000000001,0.09480115262341353,1.360000000000001,0.08435399587625113,1.360000000000001,0.07647281869134509,1.360000000000001,0.07033877226471356,1.360000000000001,0.06544643361144027,1.360000000000001,0.05817742583380608,1.360000000000001,0.05240026661850926,1.360000000000001,0.04810381546164093,1.360000000000001,0.04479747663128034,1.360000000000001,0.04218425878194403,1.360000000000001,0.04007411098942827,1.360000000000001,0.03833992795177112
1.370000000000001,0.225883011824645,1.370000000000001,0.1641900539965012,1.370000000000001,0.1306010884185418,1.370000000000001,0.1095286561607149,1.370000000000001,0.09515152308481244,1.370000000000001,0.08475646531001442,1.370000000000001,0.07692394505520132,1.370000000000001,0.07083552036154221,1.370000000000001,0.06598610405946034,1.370000000000001,0.0587959193524348,1.370000000000001,0.05304992859353919,1.370000000000001,0.04878194049472233,1.370000000000001,0.04550173152907771,1.370000000000001,0.04291261406330892,1.370000000000001,0.04082478815948641,1.370000000000001,0.03911135802423917
1.380000000000001,0.2259866851534236,1.380000000000001,0.1643665180054923,1.380000000000001,0.1308464039980095,1.380000000000001,0.1098373089310789,1.380000000000001,0.09551951665186982,1.380000000000001,0.08517971576993331,1.380000000000001,0.07739886246745581,1.380000000000001,0.07135892740846196,1.380000000000001,0.06655516670630088,1.380000000000001,0.05944889935105972,1.380000000000001,0.05373589859749336,1.380000000000001,0.04949806725649609,1.380000000000001,0.04624556440834123,1.380000000000001,0.04368201689600124,1.380000000000001,0.04161788596233724,1.380000000000001,0.03992649461601241
1.390000000000001,0.2260943203169672,1.390000000000001,0.1645507040148309,1.390000000000001,0.1311032042048411,1.390000000000001,0.110161083890554,1.390000000000001,0.0959061438720788,1.390000000000001,0.08562495653998548,1.390000000000001,0.07789897199966542,1.390000000000001,0.07191057872899193,1.390000000000001,0.06715538342771842,1.390000000000001,0.06013845813285632,1.390000000000001,0.05446037404154162,1.390000000000001,0.05025449229407368,1.390000000000001,0.04703136495790945,1.390000000000001,0.04449494437762787,1.390000000000001,0.04245596354413705,1.390000000000001,0.04078797396592939
1.400000000000001,0.2262061344480439,1.400000000000001,0.1647430245424532,1.400000000000001,0.1313721185309698,1.400000000000001,0.1105008305598779,1.400000000000001,0.09631247201111613,1.400000000000001,0.0860934665507147,1.400000000000001,0.07842575668135825,1.400000000000001,0.07249215325088702,1.400000000000001,0.06778862067317182,1.400000000000001,0.06086681253386455,1.400000000000001,0.05522568240693593,1.400000000000001,0.05105364740412645,1.400000000000001,0.04786166293172233,1.400000000000001,0.04535401813779411,1.400000000000001,0.04334172872510577,1.400000000000001,0.04169858483047364
1.410000000000001,0.2263223492589913,1.410000000000001,0.1649439096132257,1.410000000000001,0.1316538082508769,1.410000000000001,0.1108574446975199,1.410000000000001,0.09673962872940983,1.410000000000001,0.08658659872229166,1.410000000000001,0.07898078643946076,1.410000000000001,0.07310542896727694,1.410000000000001,0.06845685537392167,1.410000000000001,0.06163631051185638,1.410000000000001,0.05603428789772287,1.410000000000001,0.05189810633680682,1.410000000000001,0.048739134889407,1.410000000000001,0.04626201110096589,1.410000000000001,0.04427804477131213,1.410000000000001,0.04266127525248377
1.420000000000001,0.2264431918945553,1.420000000000001,0.1651538082559963,1.420000000000001,0.1319489687003611,1.420000000000001,0.1112318713746634,1.420000000000001,0.09718880591037847,1.420000000000001,0.08710578447565963,1.420000000000001,0.07956572320959573,1.420000000000001,0.07375228856139658,1.420000000000001,0.0691621809952503,1.420000000000001,0.0624494378110249,1.420000000000001,0.05688879813298729,1.420000000000001,0.05279059150198193,1.420000000000001,0.04966661090140784,1.420000000000001,0.04722185417585544,1.420000000000001,0.04526793705494207,1.420000000000001,0.04367915918046965
1.430000000000001,0.2265688957747824,1.430000000000001,0.1653731900405792,1.430000000000001,0.1322583316441064,1.430000000000001,0.1116251081784927,1.430000000000001,0.09766126364323445,1.430000000000001,0.08765253840999535,1.430000000000001,0.08018232621098215,1.430000000000001,0.07443472517847839,1.430000000000001,0.06990681370677984,1.430000000000001,0.06330882465387924,1.430000000000001,0.05779197082186906,1.430000000000001,0.05373398061298781,1.430000000000001,0.05064708114600844,1.430000000000001,0.04823664279102777,1.430000000000001,0.04631459951532074,1.430000000000001,0.04475552284361491
1.440000000000001,0.2266997014325121,1.440000000000001,0.1656025466604124,1.440000000000001,0.1325826677382561,1.440000000000001,0.1120382085486625,1.440000000000001,0.09815833436171512,1.440000000000001,0.08822846314210932,1.440000000000001,0.08083245737274354,1.440000000000001,0.07515484832295483,1.440000000000001,0.07069309863780129,1.440000000000001,0.06421725240121258,1.440000000000001,0.05874672035313339,1.440000000000001,0.05473131319074918,1.440000000000001,0.05168370231238428,1.440000000000001,0.04930964318241737,1.440000000000001,0.04742140081820686,1.440000000000001,0.0458938307720774
1.450000000000001,0.2268358573498287,1.450000000000001,0.1658423935665062,1.450000000000001,0.1329227890938571,1.450000000000001,0.1124722852509186,1.450000000000001,0.09868142713827335,1.450000000000001,0.08883525430034225,1.450000000000001,0.08151808689487296,1.450000000000001,0.07591488985287227,1.450000000000001,0.07152351617647412,1.450000000000001,0.06517766010924017,1.450000000000001,0.0597561242183673,1.450000000000001,0.0557857968375239,1.450000000000001,0.05277980370941642,1.450000000000001,0.05044429832327266,1.450000000000001,0.04859189009497649,1.450000000000001,0.04709773133564447
1.460000000000001,0.2269776207976597,1.460000000000001,0.1660932716581703,1.460000000000001,0.1332795519466285,1.460000000000001,0.1129285139907434,1.460000000000001,0.09923203213109091,1.460000000000001,0.08947470566192979,1.460000000000001,0.08224129892183328,1.460000000000001,0.07671721003627763,1.460000000000001,0.07240068826264663,1.460000000000001,0.06619315089997725,1.460000000000001,0.06082342917396344,1.460000000000001,0.05690081317480997,1.460000000000001,0.0539388929645269,1.460000000000001,0.05164423337087549,1.460000000000001,0.04982980212651453,1.460000000000001,0.0483710616563808
1.470000000000001,0.2271252586825471,1.470000000000001,0.1663557490358532,1.470000000000001,0.1336538594380042,1.470000000000001,0.1134081371685885,1.470000000000001,0.0998117251787268,1.470000000000001,0.0901487144186504,1.470000000000001,0.08300429730072759,1.470000000000001,0.07756430362624168,1.470000000000001,0.07332738461381881,1.470000000000001,0.0672669980466611,1.470000000000001,0.06195205703201168,1.470000000000001,0.05807992332421336,1.470000000000001,0.0551646611804282,1.470000000000001,0.05291326048745001,1.470000000000001,0.05113906181914832,1.470000000000001,0.04971785173294384
1.480000000000001,0.2272790484044667,1.480000000000001,0.1666304228212681,1.480000000000001,0.1340466645117885,1.480000000000001,0.1139124677767027,1.480000000000001,0.1004221725342345,1.480000000000001,0.09085928655077254,1.480000000000001,0.08380941138909176,1.480000000000001,0.07845880590206007,1.480000000000001,0.07430652881240758,1.480000000000001,0.06840265066060726,1.480000000000001,0.0631456099542089,1.480000000000001,0.05932687279355626,1.480000000000001,0.05646098740069961,1.480000000000001,0.0542553828752492,1.480000000000001,0.05252378780214338,1.480000000000001,0.05114232759604213
1.490000000000001,0.2274392787294371,1.490000000000001,0.1669179210497834,1.490000000000001,0.1344589729300452,1.490000000000001,0.114442893435728,1.490000000000001,0.1010651357271202,1.490000000000001,0.09160854228382991,1.490000000000001,0.08465910186957191,1.490000000000001,0.07940349861398983,1.490000000000001,0.07534120416995271,1.490000000000001,0.06960373884946232,1.490000000000001,0.0644078751061123,1.490000000000001,0.06064559561342837,1.490000000000001,0.05783194221775367,1.490000000000001,0.05567479784821076,1.490000000000001,0.05398829495842395,1.490000000000001,0.05264891329642647
1.5,0.2276062506805365,1.5,0.1672189046398328,1.5,0.1348918464109645,1.5,0.1150008805670921,1.5,0.1017424765375271,1.5,0.09239872159649536,1.5,0.08555596652000461,1.5,0.08040131575761178,1.5,0.07643465927027737,1.5,0.07087407819957528,1.5,0.06574282851177649,1.5,0.06204021755205846,1.5,0.059281790339362,1.5,0.05717589874506668,1.5,0.05553709568255469,1.5,0.05424223150905771
