nch18_Id_W  (ll=2e-07) X,nch18_Id_W  (ll=2e-07) Y,nch18_Id_W  (ll=3e-07) X,nch18_Id_W  (ll=3e-07) Y,nch18_Id_W  (ll=4e-07) X,nch18_Id_W  (ll=4e-07) Y,nch18_Id_W  (ll=5e-07) X,nch18_Id_W  (ll=5e-07) Y,nch18_Id_W  (ll=6e-07) X,nch18_Id_W  (ll=6e-07) Y,nch18_Id_W  (ll=7e-07) X,nch18_Id_W  (ll=7e-07) Y,nch18_Id_W  (ll=8e-07) X,nch18_Id_W  (ll=8e-07) Y,nch18_Id_W  (ll=9e-07) X,nch18_Id_W  (ll=9e-07) Y,nch18_Id_W  (ll=1e-06) X,nch18_Id_W  (ll=1e-06) Y,nch18_Id_W  (ll=1.2e-06) X,nch18_Id_W  (ll=1.2e-06) Y,nch18_Id_W  (ll=1.4e-06) X,nch18_Id_W  (ll=1.4e-06) Y,nch18_Id_W  (ll=1.6e-06) X,nch18_Id_W  (ll=1.6e-06) Y,nch18_Id_W  (ll=1.8e-06) X,nch18_Id_W  (ll=1.8e-06) Y,nch18_Id_W  (ll=2e-06) X,nch18_Id_W  (ll=2e-06) Y,nch18_Id_W  (ll=2.2e-06) X,nch18_Id_W  (ll=2.2e-06) Y,nch18_Id_W  (ll=2.4e-06) X,nch18_Id_W  (ll=2.4e-06) Y
0,6.508624009910532e-06,0,4.003181285188128e-06,0,3.482337869567142e-06,0,3.221737342314803e-06,0,3.31289449036886e-06,0,3.353052177346293e-06,0,3.36216532350636e-06,0,3.351636131947506e-06,0,3.328323373029968e-06,0,3.259128626759498e-06,0,3.346429354385844e-06,0,3.373606288413887e-06,0,3.363862254665643e-06,0,3.331054996546628e-06,0,3.283792614656669e-06,0,3.2275893280647e-06
0.01,8.655847215728568e-06,0.01,5.311031026535102e-06,0.01,4.615528489425917e-06,0.01,4.267790094565852e-06,0.01,4.380544299956876e-06,0.01,4.428100613162966e-06,0.01,4.436072532358211e-06,0.01,4.419076387522426e-06,0.01,4.385891318900735e-06,0.01,4.291118610925606e-06,0.01,4.39000430302565e-06,0.01,4.413912913467041e-06,0.01,4.392265226395333e-06,0.01,4.342491669394297e-06,0.01,4.275346134593055e-06,0.01,4.197674111973932e-06
0.02,1.15129823954532e-05,0.02,7.047780764220531e-06,0.02,6.119082795215057e-06,0.02,5.655078732869311e-06,0.02,5.793799880133769e-06,0.02,5.849313944287729e-06,0.02,5.854443634044834e-06,0.02,5.827896739004052e-06,0.02,5.780893523033268e-06,0.02,5.651242699198542e-06,0.02,5.760287007622944e-06,0.02,5.776225137325914e-06,0.02,5.736237661474544e-06,0.02,5.662171579980734e-06,0.02,5.56741045381717e-06,0.02,5.460416946285262e-06
0.03,1.531447424591815e-05,0.03,9.353958108421009e-06,0.03,8.113922315516704e-06,0.03,7.494790139867719e-06,0.03,7.664389365522553e-06,0.03,7.727995533481629e-06,0.03,7.727594716270297e-06,0.03,7.687091676681625e-06,0.03,7.620803113921098e-06,0.03,7.443632864065362e-06,0.03,7.559342769441394e-06,0.03,7.559988466573656e-06,0.03,7.492382758361319e-06,0.03,7.383800258673284e-06,0.03,7.250825797718881e-06,0.03,7.10387148538804e-06
0.04,2.037019430788021e-05,0.04,1.241597871261944e-05,0.04,1.076038196375604e-05,0.04,9.934271453010864e-06,0.04,1.014008308087442e-05,0.04,1.02111516483768e-05,0.04,1.020108045040129e-05,0.04,1.014035964171996e-05,0.04,1.004722427190434e-05,0.04,9.805361993102572e-06,0.04,9.921012933211621e-06,0.04,9.895247665476224e-06,0.04,9.78676190808237e-06,0.04,9.62945455352355e-06,0.04,9.443777022507562e-06,0.04,9.242469893721559e-06
0.05,2.7091806654788e-05,0.05,1.64796253582554e-05,0.05,1.427015222347536e-05,0.05,1.316825885458472e-05,0.05,1.341576913302109e-05,0.05,1.349238203212605e-05,0.05,1.346638365517209e-05,0.05,1.337658486909803e-05,0.05,1.324616497279891e-05,0.05,1.291630542798959e-05,0.05,1.302018710220653e-05,0.05,1.29514010385113e-05,0.05,1.278319106426279e-05,0.05,1.255747098314143e-05,0.05,1.229931563956324e-05,0.05,1.202421370761016e-05
0.06,3.602630684720903e-05,0.06,2.187083310796565e-05,0.06,1.892270439402482e-05,0.06,1.74532526694e-05,0.06,1.774762349918557e-05,0.06,1.782580742533341e-05,0.06,1.777458140604095e-05,0.06,1.764323443743428e-05,0.06,1.746116383304403e-05,0.06,1.701173756767619e-05,0.06,1.708480078373409e-05,0.06,1.694866241770103e-05,0.06,1.669421773173109e-05,0.06,1.63729797544042e-05,0.06,1.601548666195345e-05,0.06,1.564042457851204e-05
0.07000000000000001,4.789951617666073e-05,0.07000000000000001,2.902163229225991e-05,0.07000000000000001,2.508859897722783e-05,0.07000000000000001,2.312926432953571e-05,0.07000000000000001,2.347454083179171e-05,0.07000000000000001,2.354712850543745e-05,0.07000000000000001,2.345700456482761e-05,0.07000000000000001,2.326660760045778e-05,0.07000000000000001,2.301312812918733e-05,0.07000000000000001,2.240136401890627e-05,0.07000000000000001,2.24137571158212e-05,0.07000000000000001,2.217499969838322e-05,0.07000000000000001,2.179718551948811e-05,0.07000000000000001,2.134318746738682e-05,0.07000000000000001,2.084990728002106e-05,0.07000000000000001,2.033968509812471e-05
0.08,6.367420788403685e-05,0.08,3.850395899933064e-05,0.08,3.325792085059036e-05,0.08,3.06457562369624e-05,0.08,3.104356443295037e-05,0.08,3.10985217383348e-05,0.08,3.094959249493355e-05,0.08,3.067565350671073e-05,0.08,3.032362498839548e-05,0.08,2.949160305437927e-05,0.08,2.939776158483245e-05,0.08,2.900574827529857e-05,0.08,2.845279311255454e-05,0.08,2.781501007138667e-05,0.08,2.713657597537123e-05,0.08,2.644390747846685e-05
0.09,8.462697315889564e-05,0.09,5.107465828743926e-05,0.09,4.407854488434456e-05,0.09,4.059651714328508e-05,0.09,4.104402432576257e-05,0.09,4.106202325850388e-05,0.09,4.082552291635359e-05,0.09,4.043385897370832e-05,0.09,3.99460456450626e-05,0.09,3.881537019376889e-05,0.09,3.854712871793482e-05,0.09,3.792974872167892e-05,0.09,3.712979261688508e-05,0.09,3.623850929481911e-05,0.09,3.530818837565461e-05,0.09,3.436964423722088e-05
0.09999999999999999,0.0001124497945105527,0.09999999999999999,6.773482300720323e-05,0.09999999999999999,5.840652349376286e-05,0.09999999999999999,5.376559545057346e-05,0.09999999999999999,5.425238323825977e-05,0.09999999999999999,5.420330122888801e-05,0.09999999999999999,5.3837932893933e-05,0.09999999999999999,5.328094843799168e-05,0.09999999999999999,5.26063190232881e-05,0.09999999999999999,5.107092827927334e-05,0.09999999999999999,5.052788715424365e-05,0.09999999999999999,4.958317143642143e-05,0.09999999999999999,4.843686976013008e-05,0.09999999999999999,4.719708262092525e-05,0.09999999999999999,4.592483631036741e-05,0.09999999999999999,4.465545700387128e-05
0.11,0.0001493841573579712,0.11,8.980796666371015e-05,0.11,7.737236786862742e-05,0.11,7.118765522125894e-05,0.11,7.169100679428638e-05,0.11,7.152890637123318e-05,0.11,7.09757085186704e-05,0.11,7.018727228784987e-05,0.11,6.925595806679552e-05,0.11,6.717242110212584e-05,0.11,6.620854475683236e-05,0.11,6.479319093647742e-05,0.11,6.316370765462171e-05,0.11,6.144627438288605e-05,0.11,5.971084338112334e-05,0.11,5.799699776333835e-05
0.12,0.0001983979566350513,0.12,0.0001190429062374276,0.12,0.0001024681395864861,0.12,9.422718699298241e-05,0.12,9.470507814432757e-05,0.12,9.436104270041401e-05,0.12,9.353622917700534e-05,0.12,9.242462954720694e-05,0.12,9.114105757599368e-05,0.12,8.83154844649604e-05,0.12,8.672054850929812e-05,0.12,8.463427115005196e-05,0.12,8.233377769657272e-05,0.12,7.996357229952146e-05,0.12,7.760195018036279e-05,0.12,7.529188573566668e-05
0.13,0.0002634186038095203,0.13,0.0001577490127853543,0.13,0.0001356617417661084,0.13,0.0001246823190275158,0.13,0.0001250631050747849,0.13,0.0001244350592662597,0.13,0.0001232200527538105,0.13,0.000121658320638067,0.13,0.0001198918671649209,0.13,0.0001160622565101534,0.13,0.0001135362847763066,0.13,0.0001105005478317914,0.13,0.0001072720593214146,0.13,0.0001040121583937072,0.13,0.0001008056226911054,0.13,9.769698615646077e-05
0.14,0.0003496398111172015,0.14,0.0002089737837152171,0.14,0.0001795466876729399,0.14,0.000164920652923981,0.14,0.0001650880270133718,0.14,0.0001640263282355877,0.14,0.000162253913205047,0.14,0.0001600665425122706,0.14,0.0001576388192155017,0.14,0.0001524512630241733,0.14,0.0001485694682707472,0.14,0.0001441986867789376,0.14,0.0001396916981334568,0.14,0.0001352223232990464,0.14,0.0001308779417587829,0.14,0.0001267013347427866
0.15,0.0004639247715948295,0.15,0.0002767356357359917,0.15,0.0002375380348595922,0.15,0.0002180566794564671,0.15,0.0002178278970488863,0.15,0.0002161150125860577,0.15,0.000213550132123322,0.15,0.0002104948763910227,0.15,0.0002071624490477009,0.15,0.0002001390751143554,0.15,0.0001943039969320163,0.15,0.0001880666858148076,0.15,0.0001818045945301067,0.15,0.0001756951507507119,0.15,0.0001698213598803024,0.15,0.0001642187218275193
0.16,0.0006153351675484669,0.16,0.000366328574875817,0.16,0.0003141282296926628,0.16,0.0002881830202240772,0.16,0.0002872775782071277,0.16,0.000284599514212023,0.16,0.000280912688073318,0.16,0.0002766556370318006,0.16,0.0002720865560713211,0.16,0.0002625823695766157,0.16,0.0002539588400772167,0.16,0.0002451254041932638,0.16,0.0002364620980606818,0.16,0.0002281341573194368,0.16,0.0002202086043442364,0.16,0.0002127048716155991
0.17,0.0008158239879410431,0.17,0.0004847201634531825,0.17,0.0004152204561212736,0.17,0.0003806711069717709,0.17,0.0003786659515295939,0.17,0.0003745722127710835,0.17,0.0003693028121853742,0.17,0.0003633843130371572,0.17,0.0003571262739437937,0.17,0.0003442711081893005,0.17,0.0003316983123922634,0.17,0.0003192711736152941,0.17,0.0003073333911013128,0.17,0.0002960118531102512,0.17,0.0002853391827674946,0.17,0.0002753052428493702
0.18,0.001081140939691771,0.18,0.0006410701979980663,0.18,0.0005485618880787329,0.18,0.0005025610835919195,0.18,0.0004988268894528037,0.18,0.0004926745412838988,0.18,0.0004851801553162978,0.18,0.0004769682883522105,0.18,0.0004684054936880424,0.18,0.0004510260263664841,0.18,0.0004328991954049192,0.18,0.0004155196950573897,0.18,0.0003991308006966131,0.18,0.0003837796917868369,0.18,0.0003694363262665131,0.18,0.0003560407540540414
0.19,0.001432012778399584,0.19,0.0008474049884277363,0.19,0.0007243051846092234,0.19,0.0006630658313941164,0.19,0.0006566768036191633,0.19,0.0006475525748369909,0.19,0.0006369393621134893,0.19,0.0006255665435609082,0.19,0.0006138613537017443,0.19,0.000590376506425833,0.19,0.0005644886204942261,0.19,0.0005403135727843064,0.19,0.0005178931961402701,0.19,0.0004971316186062774,0.19,0.0004778938019791089,0.19,0.0004600402140998079
0.2,0.001895677680472828,0.2,0.001119491356396283,0.2,0.000955733821113146,0.2,0.0008742202058358538,0.2,0.0008638270208627287,0.2,0.0008504391955665728,0.2,0.0008354663327267379,0.2,0.0008197431195063661,0.2,0.0008037572912138774,0.2,0.0007720382076794712,0.2,0.0007353694284434484,0.2,0.0007019082889635393,0.2,0.0006713408215583647,0.2,0.0006433334140290259,0.2,0.0006175838523183782,0.2,0.0005938299297565964
0.21,0.002507873358866008,0.21,0.001477965718045637,0.21,0.001260195584519748,0.21,0.001151713938849702,0.21,0.001135365634990151,0.21,0.00111589457070352,0.21,0.001094843563496865,0.21,0.001073141780535905,0.21,0.001051330426140326,0.21,0.00100851350697018,0.21,0.0009569528565107262,0.21,0.0009108541748006949,0.21,0.0008693173792907643,0.21,0.0008316322742967897,0.21,0.0007972395829241942,0.21,0.0007656928784744686
0.2200000000000001,0.003315403467139249,0.2200000000000001,0.00194978712074058,0.2200000000000001,0.00166029889843049,0.2200000000000001,0.00151595526361157,0.2200000000000001,0.001490850835011268,0.2200000000000001,0.001462743121281258,0.2200000000000001,0.00143323969569876,0.2200000000000001,0.001403334490604448,0.2200000000000001,0.001373603763436759,0.2200000000000001,0.001315841805288631,0.2200000000000001,0.001243821840301787,0.2200000000000001,0.001180594970701419,0.2200000000000001,0.001124337917136462,0.2200000000000001,0.001073763573644256,0.2200000000000001,0.001027927435488851,0.2200000000000001,0.0009861119920781568
0.2300000000000001,0.004379436280825959,0.2300000000000001,0.002570099025489327,0.2300000000000001,0.002185438630831582,0.2300000000000001,0.001993422136672984,0.2300000000000001,0.00195556595682432,0.2300000000000001,0.00191525227804726,0.2300000000000001,0.001874024665503635,0.2300000000000001,0.001832881906681891,0.2300000000000001,0.001792398746985991,0.2300000000000001,0.001714530975846597,0.2300000000000001,0.001614551900184948,0.2300000000000001,0.001528206864113508,0.2300000000000001,0.001452264075352069,0.2300000000000001,0.001384574523502289,0.2300000000000001,0.001323627962646508,0.2300000000000001,0.001268314519137519
0.2400000000000001,0.005779723760923142,0.2400000000000001,0.003384602987445798,0.2400000000000001,0.002873731589596715,0.2400000000000001,0.002618368827338673,0.2400000000000001,0.002562095477478739,0.2400000000000001,0.002504605942322611,0.2400000000000001,0.002447158464743459,0.2400000000000001,0.002390649933256578,0.2400000000000001,0.002335588918878115,0.2400000000000001,0.002230705528981336,0.2400000000000001,0.002092720444112169,0.2400000000000001,0.001975305424737438,0.2400000000000001,0.001873131519221447,0.2400000000000001,0.001782787500808719,0.2400000000000001,0.001701945999981491,0.2400000000000001,0.001628937158208139
0.2500000000000001,0.007619967515872153,0.2500000000000001,0.004452567986655695,0.2500000000000001,0.003774456766449374,0.2500000000000001,0.003434967322992578,0.2500000000000001,0.00335229057931763,0.2500000000000001,0.003270733421921518,0.2500000000000001,0.003190908243485727,0.2500000000000001,0.003113432246453835,0.2500000000000001,0.003038640633292847,0.2500000000000001,0.002897511290924712,0.2500000000000001,0.002708139293715865,0.2500000000000001,0.002549151607485189,0.2500000000000001,0.002412157935367464,0.2500000000000001,0.002291929194280968,0.2500000000000001,0.002184974550186739,0.2500000000000001,0.002088834732935249
0.2600000000000001,0.01003459984635911,0.2600000000000001,0.005850621488124779,0.2600000000000001,0.004951111051548899,0.2600000000000001,0.004499974986036388,0.2600000000000001,0.004379702337482768,0.2600000000000001,0.004264562336645995,0.2600000000000001,0.004153955006222532,0.2600000000000001,0.0040479343269829,0.2600000000000001,0.003946491723674803,0.2600000000000001,0.003756820375427703,0.2600000000000001,0.00349834927079801,0.2600000000000001,0.003283991960222349,0.2600000000000001,0.003100963829856251,0.2600000000000001,0.002941455454344836,0.2600000000000001,0.002800340303728897,0.2600000000000001,0.002674058662871846
0.2700000000000001,0.01319729103686932,0.2700000000000001,0.007677491449875785,0.2700000000000001,0.006485206841568752,0.2700000000000001,0.005886031528788468,0.2700000000000001,0.005712569499084501,0.2700000000000001,0.005550771164206489,0.2700000000000001,0.005397957138996524,0.2700000000000001,0.005253179668632741,0.2700000000000001,0.005115823505661646,0.2700000000000001,0.004861283812653663,0.2700000000000001,0.004510419706024703,0.2700000000000001,0.004222672337683972,0.2700000000000001,0.003979042532166192,0.2700000000000001,0.003768105831846815,0.2700000000000001,0.003582462718626836,0.2700000000000001,0.003417035363918007
0.2800000000000001,0.01733153527218683,0.2800000000000001,0.01005989106770754,0.2800000000000001,0.0084809526649866,0.2800000000000001,0.007685698822500832,0.2800000000000001,0.007437455627250791,0.2800000000000001,0.007211123283650309,0.2800000000000001,0.007000643118678459,0.2800000000000001,0.0068034031858294,0.2800000000000001,0.006617785290939653,0.2800000000000001,0.006276782195375694,0.2800000000000001,0.005803099615115563,0.2800000000000001,0.005418568661232736,0.2800000000000001,0.005095520149849569,0.2800000000000001,0.004817526105485708,0.2800000000000001,0.004574062803331049,0.2800000000000001,0.004357978805063591
0.2900000000000001,0.02272370264795429,0.2900000000000001,0.01315975818603108,0.2900000000000001,0.01107097038596624,0.2900000000000001,0.01001636540432107,0.2900000000000001,0.00966363645940204,0.2900000000000001,0.009348469122720304,0.2900000000000001,0.009059509639783046,0.2900000000000001,0.008791500106386595,0.2900000000000001,0.00854123336516646,0.2900000000000001,0.008085326726185211,0.2900000000000001,0.007449370631020976,0.2900000000000001,0.006937882139751435,0.2900000000000001,0.006511250255688836,0.2900000000000001,0.006146201109885264,0.2900000000000001,0.00582796163789084,0.2900000000000001,0.005546575170278633
0.3000000000000001,0.02973896807885277,0.3000000000000001,0.01718307674842467,0.3000000000000001,0.01442321132687346,0.3000000000000001,0.01302614284056233,0.3000000000000001,0.01252834203314067,0.3000000000000001,0.01209150579469291,0.3000000000000001,0.01169620351424309,0.3000000000000001,0.01133310020694016,0.3000000000000001,0.01099654745405102,0.3000000000000001,0.01038846318456959,0.3000000000000001,0.009539453550490965,0.3000000000000001,0.008862348754702024,0.3000000000000001,0.008301290625467592,0.3000000000000001,0.007823742634054706,0.3000000000000001,0.007409210938241058,0.3000000000000001,0.007043979606482363
0.3100000000000001,0.0388405327928256,0.3100000000000001,0.02239051587805058,0.3100000000000001,0.01874923731978531,0.3100000000000001,0.01690088234269753,0.3100000000000001,0.0162029586198894,0.3100000000000001,0.01560038348803634,0.3100000000000001,0.01506166492868858,0.3100000000000001,0.01457133576449982,0.3100000000000001,0.01412008545799596,0.3100000000000001,0.01331122752982474,0.3100000000000001,0.01218431829878997,0.3100000000000001,0.01129241134426963,0.3100000000000001,0.01055780794530453,0.3100000000000001,0.009935575595190847,0.3100000000000001,0.00939759613752561,0.3100000000000001,0.008925162907414427
0.3200000000000001,0.05061253316223772,0.3200000000000001,0.02911012049630049,0.3200000000000001,0.02431402967222104,0.3200000000000001,0.02187243586788104,0.3200000000000001,0.02090029119501647,0.3200000000000001,0.02007324282020788,0.3200000000000001,0.01934210346329136,0.3200000000000001,0.01868236407929675,0.3200000000000001,0.01807932829739025,0.3200000000000001,0.01700669013271883,0.3200000000000001,0.01551973705458653,0.3200000000000001,0.01435089306001576,0.3200000000000001,0.01339344685377424,0.3200000000000001,0.01258605594566367,0.3200000000000001,0.01189054245050981,0.3200000000000001,0.01128163570986861
0.3300000000000001,0.06578697710344748,0.3300000000000001,0.03775227287390794,0.3300000000000001,0.03144747707447874,0.3300000000000001,0.02822827386977261,0.3300000000000001,0.02688297467257254,0.3300000000000001,0.02575375307627709,0.3300000000000001,0.02476586159340668,0.3300000000000001,0.02388168616843234,0.3300000000000001,0.02307874493193611,0.3300000000000001,0.02166109937135737,0.3300000000000001,0.01971089556660238,0.3300000000000001,0.01818718682790422,0.3300000000000001,0.01694517571770907,0.3300000000000001,0.01590202984120445,0.3300000000000001,0.01500643046760614,0.3300000000000001,0.01422455389119415
0.3400000000000001,0.08527495165815713,0.3400000000000001,0.04882711318504004,0.3400000000000001,0.04055766841730131,0.3400000000000001,0.03632254670532151,0.3400000000000001,0.03447309460802484,0.3400000000000001,0.03293968963987992,0.3400000000000001,0.0316111843125584,0.3400000000000001,0.03043126289999873,0.3400000000000001,0.02936636351703289,0.3400000000000001,0.02749958536615671,0.3400000000000001,0.0249575295236453,0.3400000000000001,0.02298192844415683,0.3400000000000001,0.02137857545120041,0.3400000000000001,0.02003679833298646,0.3400000000000001,0.01888828336741703,0.3400000000000001,0.01788816521743912
0.3500000000000001,0.1102021954889251,0.3500000000000001,0.06296455205293366,0.3500000000000001,0.05214606997052005,0.3500000000000001,0.04658862838641,0.3500000000000001,0.04406302350479031,0.3500000000000001,0.04199252704246756,0.3500000000000001,0.04021484494863645,0.3500000000000001,0.03864735575681835,0.3500000000000001,0.03724095632214524,0.3500000000000001,0.03479230110831693,0.3500000000000001,0.0314994722097745,0.3500000000000001,0.02895204305340376,0.3500000000000001,0.02689246240289388,0.3500000000000001,0.02517437904669552,0.3500000000000001,0.02370771742743883,0.3500000000000001,0.02243348918507342
0.3600000000000002,0.1419489089152971,0.3600000000000002,0.08093691599743112,0.3600000000000002,0.06682458295891655,0.3600000000000002,0.05955309300316727,0.3600000000000002,0.05612737947545315,0.3600000000000002,0.05334791489588156,0.3600000000000002,0.0509814609068678,0.3600000000000002,0.04890889851032235,0.3600000000000002,0.04705962278072114,0.3600000000000002,0.04386075518565174,0.3600000000000002,0.03962238177248452,0.3600000000000002,0.03635594240696238,0.3600000000000002,0.03372362941112112,0.3600000000000002,0.03153385453541599,0.3600000000000002,0.02966895057479703,0.3600000000000002,0.02805202958760649
0.3700000000000002,0.182193351053425,0.3700000000000002,0.1036841140941143,0.3700000000000002,0.08533433276298093,0.3700000000000002,0.07585092230249996,0.3700000000000002,0.07123584905532601,0.3700000000000002,0.06752673114687029,0.3700000000000002,0.06439315746889646,0.3700000000000002,0.06166603166380553,0.3700000000000002,0.05924538461754863,0.3700000000000002,0.0550839328269126,0.3700000000000002,0.04966326712677009,0.3700000000000002,0.04549851023182239,0.3700000000000002,0.04215135810464318,0.3700000000000002,0.03937347444922072,0.3700000000000002,0.03701254898880519,0.3700000000000002,0.0349692117615128
0.3800000000000002,0.2329583005961064,0.3800000000000002,0.1323409651300287,0.3800000000000002,0.1085658032850197,0.3800000000000002,0.09624150318249558,0.3800000000000002,0.0900663702403644,0.3800000000000002,0.08514616486818707,0.3800000000000002,0.08101900568682419,0.3800000000000002,0.07744821352629139,0.3800000000000002,0.07429420512009542,0.3800000000000002,0.06890363375870737,0.3800000000000002,0.06201527383808038,0.3800000000000002,0.05673536786342522,0.3800000000000002,0.0525012226532113,0.3800000000000002,0.04899405721804757,0.3800000000000002,0.04601848069614682,0.3800000000000002,0.04344713472620849
0.3900000000000002,0.2966587730554441,0.3900000000000002,0.168265935618122,0.3900000000000002,0.1375795713130307,0.3900000000000002,0.121624634493162,0.3900000000000002,0.1134178506006873,0.3900000000000002,0.1069299883051705,0.3900000000000002,0.1015234012564878,0.3900000000000002,0.09687109680144143,0.3900000000000002,0.09278065255351733,0.3900000000000002,0.08582832171463879,0.3900000000000002,0.07713106763173365,0.3900000000000002,0.07047580179852347,0.3900000000000002,0.06514760796281779,0.3900000000000002,0.06074115205472756,0.3900000000000002,0.05700797126123072,0.3900000000000002,0.05378616436475628
0.4000000000000002,0.3761484439484867,0.4000000000000002,0.2130699769849852,0.4000000000000002,0.1736264124807889,0.4000000000000002,0.153055345281336,0.4000000000000002,0.142221241848757,0.4000000000000002,0.1337168916498018,0.4000000000000002,0.126672328507995,0.4000000000000002,0.1206411936087761,0.4000000000000002,0.1153613110130774,0.4000000000000002,0.106434741119906,0.4000000000000002,0.09552411821143228,0.4000000000000002,0.08718370900835115,0.4000000000000002,0.08051434948984977,0.4000000000000002,0.0750054156657073,0.4000000000000002,0.07034365859090076,0.4000000000000002,0.06632490289329726
0.4100000000000002,0.4747610395851294,0.4100000000000002,0.2686434258239599,0.4100000000000002,0.2181649926988941,0.4100000000000002,0.1917559073018397,0.4100000000000002,0.1775474976951282,0.4100000000000002,0.1664655684470162,0.4100000000000002,0.157336357886478,0.4100000000000002,0.1495573278427086,0.4100000000000002,0.1427750742786395,0.4100000000000002,0.1313666656868434,0.4100000000000002,0.1177672889193163,0.4100000000000002,0.107376018282533,0.4100000000000002,0.09907300581618249,0.4100000000000002,0.09222076388414766,0.4100000000000002,0.0864276512492228,0.4100000000000002,0.08143817828108574
0.4200000000000002,0.5963416763761133,0.4200000000000002,0.337178141210203,0.4200000000000002,0.2728748531761532,0.4200000000000002,0.2391231378462714,0.4200000000000002,0.2206108341145438,0.4200000000000002,0.2062552654007485,0.4200000000000002,0.1944893467138814,0.4200000000000002,0.1845080615188431,0.4200000000000002,0.1758396906135316,0.4200000000000002,0.1613304221790678,0.4200000000000002,0.1444883972566794,0.4200000000000002,0.1316182917758031,0.4200000000000002,0.121338510307812,0.4200000000000002,0.112860084418941,0.4200000000000002,0.1056973123262347,0.4200000000000002,0.09953290716536746
0.4300000000000002,0.7452621002870961,0.4300000000000002,0.4211814080989635,0.4300000000000002,0.3396621405911624,0.4300000000000002,0.2967291002453379,0.4300000000000002,0.2727659141106082,0.4300000000000002,0.2542808300952358,0.4300000000000002,0.2392021983349102,0.4300000000000002,0.2264646990267679,0.4300000000000002,0.2154443541076097,0.4300000000000002,0.1970872455637171,0.4300000000000002,0.1763627963856145,0.4300000000000002,0.1605175703203216,0.4300000000000002,0.1478622846044895,0.4300000000000002,0.1374286127947514,0.4300000000000002,0.1286188882914011,0.4300000000000002,0.1210419654440467
0.4400000000000002,0.9264135163240683,0.4400000000000002,0.5234779377596361,0.4400000000000002,0.4206557409837523,0.4400000000000002,0.3663137503051366,0.4400000000000002,0.3354981502517287,0.4400000000000002,0.3118419059835837,0.4400000000000002,0.2926316476105272,0.4400000000000002,0.2764700581512898,0.4400000000000002,0.262538683286605,0.4400000000000002,0.2394429776648546,0.4400000000000002,0.2141034564010522,0.4400000000000002,0.194712923447885,0.4400000000000002,0.1792232638091831,0.4400000000000002,0.1664554128319169,0.4400000000000002,0.1556794163527713,0.4400000000000002,0.1464164921833811
0.4500000000000002,1.145171739095761,0.4500000000000002,0.6471968430530386,0.4500000000000002,0.5181922800191285,0.4500000000000002,0.4497689640920144,0.4500000000000002,0.4104071942912523,0.4500000000000002,0.3803267279540524,0.4500000000000002,0.3560047517072097,0.4500000000000002,0.3356238127150221,0.4500000000000002,0.3181189548920318,0.4500000000000002,0.2892359992792465,0.4500000000000002,0.2584493866270475,0.4500000000000002,0.2348645006192798,0.4500000000000002,0.2160175898156729,0.4500000000000002,0.2004836818464016,0.4500000000000002,0.1873775972746897,0.4500000000000002,0.1761172830862346
0.4600000000000002,1.407332022131413,0.4600000000000002,0.7957418988987207,0.4600000000000002,0.6347898038038129,0.4600000000000002,0.5491145657979339,0.4600000000000002,0.4991846704565137,0.4600000000000002,0.4611917643107177,0.4600000000000002,0.4306003868361507,0.4600000000000002,0.4050656910498694,0.4600000000000002,0.3832128241878521,0.4600000000000002,0.3473244809141714,0.4600000000000002,0.3101534390058305,0.4600000000000002,0.2816420654052696,0.4600000000000002,0.2588478955120803,0.4600000000000002,0.2400607474014095,0.4600000000000002,0.22421444873772,0.4600000000000002,0.2106060411410405
0.4700000000000003,1.719014891885726,0.4700000000000003,0.9727455600747855,0.4700000000000003,0.7731115788251759,0.4700000000000003,0.666468158357335,0.4700000000000003,0.6035880397921848,0.4700000000000003,0.5559390101369051,0.4700000000000003,0.5177294088932994,0.4700000000000003,0.4859580238935362,0.4700000000000003,0.4588638647178849,0.4700000000000003,0.414574003564751,0.4700000000000003,0.3699705204707019,0.4700000000000003,0.3357139857065453,0.4700000000000003,0.3083130901495209,0.4700000000000003,0.2857286036604236,0.4700000000000003,0.2666845287624577,0.4700000000000003,0.2503372201628061
0.4800000000000003,2.086548764074695,0.4800000000000003,1.182009617392638,0.4800000000000003,0.935922914169537,0.4800000000000003,0.8040114055602043,0.4800000000000003,0.7254129190582682,0.4800000000000003,0.666092907840078,0.4800000000000003,0.6187151373603859,0.4800000000000003,0.5794690297022271,0.4800000000000003,0.5461170884106779,0.4800000000000003,0.49184636651768,0.4800000000000003,0.4386470381964398,0.4800000000000003,0.3977374665925154,0.4800000000000003,0.3649993804478708,0.4800000000000003,0.3380156670934277,0.4800000000000003,0.3152683561456149,0.4800000000000003,0.2957510392319393
0.4900000000000003,2.516338812388643,0.4900000000000003,1.427437361260476,0.4900000000000003,1.12604478647323,0.4900000000000003,0.9639556804832977,0.4900000000000003,0.8664661095426136,0.4900000000000003,0.7931786282683022,0.4900000000000003,0.7348754942624941,0.4900000000000003,0.686757862270613,0.4900000000000003,0.6460062358503493,0.4900000000000003,0.5799900502701276,0.4900000000000003,0.516912079338437,0.4900000000000003,0.4683505133942932,0.4900000000000003,0.4294729828776593,0.4900000000000003,0.3974301692118522,0.4900000000000003,0.3704264077520936,0.4900000000000003,0.3472680122786259
0.5000000000000002,3.014733358228528,0.5000000000000002,1.712963099624879,0.5000000000000002,1.346308096647717,0.5000000000000002,1.14850963720645,0.5000000000000002,1.028541079136933,0.5000000000000002,0.9387028985953154,0.5000000000000002,0.8675076000952283,0.5000000000000002,0.8089619543440594,0.5000000000000002,0.7595431808215091,0.5000000000000002,0.6798324453343273,0.5000000000000002,0.6054704819419645,0.5000000000000002,0.5481657877975521,0.5000000000000002,0.5022746788207031,0.5000000000000002,0.464455320486508,0.5000000000000002,0.4325948076521057,0.5000000000000002,0.4052850892188433
0.5100000000000002,3.587898434788885,0.5100000000000002,2.04248458969066,0.5100000000000002,1.599511651262836,0.5100000000000002,1.35985044451321,0.5100000000000002,1.213396879382817,0.5100000000000002,1.104137899063568,0.5100000000000002,1.017875064648261,0.5100000000000002,0.9471867169696907,0.5100000000000002,0.8877093962979175,0.5100000000000002,0.792173678743194,0.5100000000000002,0.7049976688105368,0.5100000000000002,0.6377662451801568,0.5100000000000002,0.5839161057725636,0.5100000000000002,0.5395461383461572,0.5100000000000002,0.5021825987203329,0.5100000000000002,0.4701732964858473
0.5200000000000002,4.241708471983145,0.5200000000000002,2.419802569745291,0.5200000000000002,1.88838573559607,0.5200000000000002,1.600099429758935,0.5200000000000002,1.422740707672912,0.5200000000000002,1.290908158365505,0.5200000000000002,1.187197757415133,0.5200000000000002,1.102497307299315,0.5200000000000002,1.031449162982986,0.5200000000000002,0.9177817138225365,0.5200000000000002,0.8161359383807925,0.5200000000000002,0.7377022626998871,0.5200000000000002,0.6748775064703647,0.5200000000000002,0.6231276715346638,0.5200000000000002,0.5795703381888537,0.5200000000000002,0.5422766269418937
0.5300000000000002,4.981657239014073,0.5300000000000002,2.848569632930746,0.5300000000000002,2.215561835539238,0.5300000000000002,1.871302007770348,0.5300000000000002,1.658213737347919,0.5300000000000002,1.50037998316641,0.5300000000000002,1.376643579294077,0.5300000000000002,1.275912004882181,0.5300000000000002,1.191664091773485,0.5300000000000002,1.057388365068353,0.5300000000000002,0.9394918431610124,0.5300000000000002,0.8484898941697753,0.5300000000000002,0.7756065835341681,0.5300000000000002,0.7155942821069964,0.5300000000000002,0.6651096926554799,0.5300000000000002,0.6219118687043617
0.5400000000000003,5.812789464477286,0.5400000000000003,3.332248781268463,0.5400000000000003,2.583548024388764,0.5400000000000003,2.175411204411076,0.5400000000000003,1.921379529723395,0.5400000000000003,1.733852799960769,0.5400000000000003,1.587321691145413,0.5400000000000003,1.468396726069735,0.5400000000000003,1.36920855538097,0.5400000000000003,1.21168592744809,0.5400000000000003,1.075634314110063,0.5400000000000003,0.9706099012751196,0.5400000000000003,0.886518114260097,0.5400000000000003,0.8173096509048067,0.5400000000000003,0.7591237121176647,0.5400000000000003,0.7093690669689786
0.5500000000000003,6.739650857724961,0.5500000000000003,3.874080609947768,0.5500000000000003,2.994708949034937,0.5500000000000003,2.51427388130552,0.5500000000000003,2.213714304225143,0.5500000000000003,1.992551831554725,0.5500000000000003,1.820276738714341,0.5500000000000003,1.680860308016289,0.5500000000000003,1.564885732493386,0.5500000000000003,1.381324224480512,0.5500000000000003,1.225093271486104,0.5500000000000003,1.104507279022986,0.5500000000000003,1.007994039941503,0.5500000000000003,0.9286072264741585,0.5500000000000003,0.8619075128342066,0.5500000000000003,0.8049123602760977
0.5600000000000003,7.76625297571455,0.5600000000000003,4.477057405472751,0.5600000000000003,3.451249237458229,0.5600000000000003,2.889618865843774,0.5600000000000003,2.536598498315764,0.5600000000000003,2.277621699475119,0.5600000000000003,2.07648377771616,0.5600000000000003,1.914150346360211,0.5600000000000003,1.779444106702302,0.5600000000000003,1.566907991828221,0.5600000000000003,1.388358562619576,0.5600000000000003,1.250591083410872,0.5600000000000003,1.140383826524953,0.5600000000000003,1.049790913684497,0.5600000000000003,0.9737291700556341,0.5600000000000003,0.9087809996220562
0.5700000000000003,8.896049390209914,0.5700000000000003,5.143902440475696,0.5700000000000003,3.955199383436787,0.5700000000000003,3.303046466382223,0.5700000000000003,2.891309295390687,0.5700000000000003,2.590120754926698,0.5700000000000003,2.356843781483248,0.5700000000000003,2.169049521175325,0.5700000000000003,2.013574389505613,0.5700000000000003,1.768994604957334,0.5700000000000003,1.565879157460856,0.5700000000000003,1.409234455532844,0.5700000000000003,1.284004974807682,0.5700000000000003,1.181135874928456,0.5700000000000003,1.094830693786281,0.5700000000000003,1.021190426785341
0.5800000000000003,10.13192045980164,0.5800000000000003,5.877053190186393,0.5800000000000003,4.508403569197765,0.5800000000000003,3.756019177744546,0.5800000000000003,3.279014045462688,0.5800000000000003,2.931016129795269,0.5800000000000003,2.662179759789068,0.5800000000000003,2.446272460181817,0.5800000000000003,2.267906927064081,0.5800000000000003,1.98809221714932,0.5800000000000003,1.75806259849951,0.5800000000000003,1.58077480356984,0.5800000000000003,1.439143624287497,0.5800000000000003,1.322889380160162,0.5800000000000003,1.225429021141839,0.5800000000000003,1.142333345562415
0.5900000000000003,11.47616516836504,0.5900000000000003,6.678647811762588,0.5900000000000003,5.112509300758852,0.5900000000000003,4.249853658699219,0.5900000000000003,3.700764690329619,0.5900000000000003,3.301179628430109,0.5900000000000003,2.993233608187515,0.5900000000000003,2.746463252413086,0.5900000000000003,2.543009695885804,0.5900000000000003,2.224658396287137,0.5900000000000003,1.965274738423397,0.5900000000000003,1.765514146893198,0.5900000000000003,1.606055239415648,0.5900000000000003,1.4752716864836,0.5900000000000003,1.365717002123421,0.5900000000000003,1.2723807611924
0.6000000000000003,12.93049952767855,0.6000000000000003,7.550514794622031,0.6000000000000003,5.768959044636296,0.6000000000000003,4.785714237750019,0.6000000000000003,4.157493406382185,0.6000000000000003,3.701384639481909,0.6000000000000003,3.350663839411874,0.6000000000000003,3.07019374103408,0.6000000000000003,2.839386997265179,0.6000000000000003,2.479099341577817,0.6000000000000003,2.187839809805577,0.6000000000000003,1.963719646300915,0.6000000000000003,1.784965390953966,0.6000000000000003,1.638476953639536,0.6000000000000003,1.515864381624188,0.6000000000000003,1.41148298888897
0.6100000000000003,14.49606171319503,0.6100000000000003,8.494166073437727,0.6100000000000003,6.478984220220564,0.6100000000000003,5.364608264256574,0.6100000000000003,4.650009696070462,0.6100000000000003,4.132304242664548,0.6100000000000003,3.735044332173311,0.6100000000000003,3.417962701628994,0.6100000000000003,3.157478934874739,0.6100000000000003,2.751769734452973,0.6100000000000003,2.426040863110853,0.6100000000000003,2.175624346441758,0.6100000000000003,1.976070652566093,0.6100000000000003,1.812674212025777,0.6100000000000003,1.676018792203146,0.6100000000000003,1.559770644723081
0.6200000000000003,16.17342434493258,0.6200000000000003,9.510794052154933,0.6200000000000003,7.243601921330067,0.6200000000000003,5.987383585206511,0.6200000000000003,5.178999111900678,0.6200000000000003,4.594510635746621,0.6200000000000003,4.146864184261562,0.6200000000000003,3.790195966422175,0.6200000000000003,3.497661717147581,0.6200000000000003,3.042973241305492,0.6200000000000003,2.680120590252596,0.6200000000000003,2.401428147190881,0.6200000000000003,2.179539629107451,0.6200000000000003,1.998008399537404,0.6200000000000003,1.846306773785429,0.6200000000000003,1.717355634894079
0.6300000000000003,17.96261420486287,0.6300000000000003,10.60127294127165,0.6300000000000003,8.063614646216628,0.6300000000000003,6.65472832501549,0.6300000000000003,5.745023709910623,0.6300000000000003,5.088475932870189,0.6300000000000003,4.586528692969203,0.6300000000000003,4.18724749947235,0.6300000000000003,3.860248777630518,0.6300000000000003,3.352963647861709,0.6300000000000003,2.950282527762278,0.6300000000000003,2.641299006039683,0.6300000000000003,2.395514123489824,0.6300000000000003,2.194601477117023,0.6300000000000003,2.026834832102316,0.6300000000000003,1.88433215643138
0.6400000000000003,19.86313932670435,0.6400000000000003,11.76616462267031,0.6400000000000003,8.939613153177445,0.6400000000000003,7.367173010507736,0.6400000000000003,6.34852422739785,0.6400000000000003,5.614574304768196,0.6400000000000003,5.054361420629576,0.6400000000000003,4.609401373941798,0.6400000000000003,4.245492661155708,0.6400000000000003,3.681946571752876,0.6400000000000003,3.236692611515107,0.6400000000000003,2.895374358034462,0.6400000000000003,2.624110437566724,0.6400000000000003,2.40255362414175,0.6400000000000003,2.217690540719873,0.6400000000000003,2.060777716655252
0.6500000000000004,21.87402294289235,0.6500000000000004,13.00572899755568,0.6500000000000004,9.87198237327007,0.6500000000000004,8.125094945071073,0.6500000000000004,6.989823881794895,0.6500000000000004,6.173085358301964,0.6500000000000004,5.550607246384562,0.6500000000000004,5.056874557472987,0.6500000000000004,4.653587587109545,0.6500000000000004,4.030081674617514,0.6500000000000004,3.539481037097369,0.6500000000000004,3.163762726416023,0.6500000000000004,2.865420791985385,0.6500000000000004,2.621944506203646,0.6500000000000004,2.418943684288662,0.6500000000000004,2.246754172488286
0.6600000000000004,23.99384334257915,0.6600000000000004,14.31993850658232,0.6600000000000004,10.86091013764234,0.6600000000000004,8.928724615994771,0.6600000000000004,7.669133606997244,0.6600000000000004,6.764198595371278,0.6600000000000004,6.075436262828892,0.6600000000000004,5.529820379351548,0.6600000000000004,5.084672575890274,0.6600000000000004,4.397485279090461,0.6600000000000004,3.858744367786567,0.6600000000000004,3.446545487447604,0.6600000000000004,3.119514841912136,0.6600000000000004,2.852834600948571,0.6600000000000004,2.630647434584279,0.6600000000000004,2.442308785281404
0.6700000000000004,26.22077836119606,0.6700000000000004,15.70849628291332,0.6700000000000004,11.90639833772365,0.6700000000000004,9.778153829386492,0.6700000000000004,8.386558486788688,0.6700000000000004,7.388018753350209,0.6700000000000004,6.628948349889917,0.6700000000000004,6.028332534474561,0.6700000000000004,5.538835011213209,0.6700000000000004,4.784233288992144,0.6700000000000004,4.194547825951134,0.6700000000000004,3.743778747415905,0.6700000000000004,3.38644126055241,0.6700000000000004,3.095266563055764,0.6700000000000004,2.852839546663362,0.6700000000000004,2.647475282846333
0.6800000000000004,28.55265302408464,0.6800000000000004,17.17085723509989,0.6800000000000004,13.00827604318254,0.6800000000000004,10.67334521229229,0.6800000000000004,9.142105113750095,0.6800000000000004,8.044571810814114,0.6800000000000004,7.21117824753788,0.6800000000000004,6.552449473145531,0.6800000000000004,6.016114508032977,0.6800000000000004,5.190364311645362,0.6800000000000004,4.546927702797774,0.6800000000000004,4.055495288160711,0.6800000000000004,3.666229360363684,0.6800000000000004,3.349266607215421,0.6800000000000004,3.08554356013527,0.6800000000000004,2.862274918032405
0.6900000000000004,30.98698880910957,0.6900000000000004,18.70625126655055,0.6900000000000004,14.16621405684795,0.6900000000000004,11.6141427003433,0.6900000000000004,9.935689594014072,0.6900000000000004,8.733811441077751,0.6900000000000004,7.822100951339118,0.6900000000000004,7.102159030173104,0.6900000000000004,6.516506961435845,0.6900000000000004,5.615882887741757,0.6900000000000004,4.915893824735758,0.6900000000000004,4.381706539044179,0.6900000000000004,3.958890722347701,0.6900000000000004,3.614845887784783,0.6900000000000004,3.32876998995033,0.6900000000000004,3.086717512310918
0.7000000000000004,33.52105305853588,0.7000000000000004,20.31370781828,0.7000000000000004,15.3797403827881,0.7000000000000004,12.60028263642474,0.7000000000000004,10.7671459292025,0.7000000000000004,9.455625708341787,0.7000000000000004,8.461637267342381,0.7000000000000004,7.677403158940593,0.7000000000000004,7.039968663553499,0.7000000000000004,6.060762744700578,0.7000000000000004,5.301432020925167,0.7000000000000004,4.722404537140143,0.7000000000000004,4.264420806173266,0.7000000000000004,3.892001855201696,0.7000000000000004,3.582517491853409,0.7000000000000004,3.320802473132025
0.7100000000000004,36.15190722920358,0.7100000000000004,21.99208095984967,0.7100000000000004,16.64825611478704,0.7100000000000004,13.63140513465237,0.7100000000000004,11.63623453168302,0.7100000000000004,10.20984382297196,0.7100000000000004,9.129659382037694,0.7100000000000004,8.278082653319426,0.7100000000000004,7.586420391040926,0.7100000000000004,6.524950002291056,0.7100000000000004,5.703506544682543,0.7100000000000004,5.077563842747546,0.7100000000000004,4.582800517478721,0.7100000000000004,4.180719571691991,0.7100000000000004,3.846773989339382,0.7100000000000004,3.564519774967137
0.7200000000000004,38.8764528886879,0.7200000000000004,23.74007433443337,0.7200000000000004,17.97105130751319,0.7200000000000004,14.70706540717949,0.7200000000000004,12.54265066286048,0.7200000000000004,10.99624279983199,0.7200000000000004,9.825996326171596,0.7200000000000004,8.904061760102076,0.7200000000000004,8.155751382968152,0.7200000000000004,7.008366272990203,0.7200000000000004,6.122062410298944,0.7200000000000004,5.447143383381071,0.7200000000000004,4.913997712953948,0.7200000000000004,4.480972971870125,0.7200000000000004,4.121517751189004,0.7200000000000004,3.817850895608224
0.7300000000000004,41.69147461220124,0.7300000000000004,25.5562653717384,0.7300000000000004,19.3473204619837,0.7300000000000004,15.82674480243978,0.7300000000000004,13.48603262203781,0.7300000000000004,11.8145538933249,0.7300000000000004,10.55043923550891,0.7300000000000004,9.555172605060891,0.7300000000000004,8.747823146497156,0.7300000000000004,7.510911613030347,0.7300000000000004,6.557027615724281,0.7300000000000004,5.831088205552594,0.7300000000000004,5.257968628225222,0.7300000000000004,4.792726057104571,0.7300000000000004,4.406718411134085,0.7300000000000004,4.080769701196297
0.7400000000000004,44.59367918452056,0.7400000000000004,27.43912830264536,0.7400000000000004,20.77617733208402,0.7400000000000004,16.98986135688155,0.7400000000000004,14.46596955188439,0.7400000000000004,12.66446871239203,0.7400000000000004,11.30274633537613,0.7400000000000004,10.23121937537255,0.7400000000000004,9.362473044326908,0.7400000000000004,8.032467292600304,0.7400000000000004,7.008315229917822,0.7400000000000004,6.22933111951795,0.7400000000000004,5.614659217849796,0.7400000000000004,5.115934015728433,0.7400000000000004,4.70233792367092,0.7400000000000004,4.353243275382056
0.7500000000000004,47.57973074398538,0.7500000000000004,29.38705563033508,0.7500000000000004,22.25666883333006,0.7500000000000004,18.19577971399059,0.7500000000000004,15.48200876308628,0.7500000000000004,13.54564494633118,0.7500000000000004,12.08264759764858,0.7500000000000004,10.93198221897947,0.7500000000000004,9.999517632826374,0.7500000000000004,8.572898364720201,0.7500000000000004,7.475825331113575,0.7500000000000004,6.641794227443085,0.7500000000000004,5.984006400600196,0.7500000000000004,5.450544264123056,0.7500000000000004,5.008331452326174,0.7500000000000004,4.63523268983887
0.7600000000000005,50.64628170937244,0.7600000000000005,31.39837782584395,0.7600000000000005,23.78778790407844,0.7600000000000005,19.44382031156939,0.7600000000000005,16.53366251362188,0.7600000000000005,14.45771165681125,0.7600000000000005,12.88984903802181,0.7600000000000005,11.65722083697741,0.7600000000000005,10.65875573264911,0.7600000000000005,9.132056021700448,0.7600000000000005,7.959446788622833,0.7600000000000005,7.068390329983421,0.7600000000000005,6.365939206593761,0.7600000000000005,5.796497406271926,0.7600000000000005,5.324648188697654,0.7600000000000005,4.926693714956948
0.7700000000000005,53.78999949879127,0.7700000000000005,33.47138111607817,0.7700000000000005,25.36848523013526,0.7700000000000005,20.73326777928397,0.7700000000000005,17.62041420633856,0.7700000000000005,15.40027411231085,0.7700000000000005,13.72403663754436,0.7700000000000005,12.40667775805588,0.7700000000000005,11.3399712242862,0.7700000000000005,9.709779735759531,0.7700000000000005,8.459058886027382,0.7700000000000005,7.509024210030181,0.7700000000000005,6.760379825618573,0.7700000000000005,6.153728111537122,0.7700000000000005,5.651232102283924,0.7700000000000005,5.22757747090892
0.7800000000000005,57.00758918105576,0.7800000000000005,35.60432331642275,0.7800000000000005,26.99767979473205,0.7800000000000005,22.0633785225909,0.7800000000000005,18.74172399180147,0.7800000000000005,16.37291815822855,0.7800000000000005,14.58487988545473,0.7800000000000005,13.18008129440753,0.7800000000000005,12.04293556949268,0.7800000000000005,10.3058991864012,0.7800000000000005,8.974532787758884,0.7800000000000005,7.96359379535671,0.7800000000000005,7.167244558236197,0.7800000000000005,6.52216591212357,0.7800000000000005,5.988022622473539,0.7800000000000005,5.537831020371272
0.7900000000000005,60.29581229588942,0.7900000000000005,37.79544772746955,0.7900000000000005,28.67426825681067,0.7900000000000005,23.43338749640145,0.7900000000000005,19.89703378178994,0.7900000000000005,17.37521412925533,0.7900000000000005,15.47203495051603,0.7900000000000005,13.97714818651929,0.7900000000000005,12.76741006601608,0.7900000000000005,10.92023598167509,0.7900000000000005,9.505732854190963,0.7900000000000005,8.431991204166872,0.7900000000000005,7.586444672946107,0.7900000000000005,6.901735923017552,0.7900000000000005,6.334955255106461,0.7900000000000005,5.857397905029493
0.8000000000000005,63.65150214364554,0.8000000000000005,40.04299516660485,0.8000000000000005,30.39713319197628,0.8000000000000005,24.84251419255348,0.8000000000000005,21.08577169273005,0.8000000000000005,18.40672032058862,0.8000000000000005,16.38514749554978,0.8000000000000005,14.79758595013674,0.8000000000000005,13.513147847762,0.8000000000000005,11.55260518368246,0.8000000000000005,10.0525178126205,0.8000000000000005,8.91410367917975,0.8000000000000005,8.017887173923734,0.8000000000000005,7.292359488130283,0.8000000000000005,6.691962136777254,0.8000000000000005,6.186218628600892
0.8100000000000005,67.07157588272014,0.8100000000000005,42.34521424184917,0.8100000000000005,32.16515025326218,0.8100000000000005,26.28996788015844,0.8100000000000005,22.30735594833076,0.8100000000000005,19.466986041641,0.8100000000000005,17.32385515515602,0.8100000000000005,15.64109494273799,0.8100000000000005,14.27989564574605,0.8100000000000005,12.20281665083207,0.8100000000000005,10.61474179302432,0.8100000000000005,9.409814416987796,0.8100000000000005,8.46147548467275,0.8100000000000005,7.693954757027558,0.8100000000000005,7.05897253055354,0.8100000000000005,6.524231089526435
0.8200000000000005,70.55304378879575,0.8200000000000005,44.70036999941946,0.8200000000000005,33.97719432420565,0.8200000000000005,27.77495214795307,0.8200000000000005,23.56119827730872,0.8200000000000005,20.55555428052372,0.8200000000000005,18.28778969995923,0.8200000000000005,16.5073701694184,0.8200000000000005,15.06739532715976,0.8200000000000005,12.8706762106096,0.8200000000000005,11.19225523837667,0.8200000000000005,9.919003300087846,0.8200000000000005,8.917110053433662,0.8200000000000005,8.106437197002217,0.8200000000000005,7.435913267088619,0.8200000000000005,6.87137096671853
0.8300000000000005,74.09301602935277,0.8300000000000005,47.10675109015195,0.8300000000000005,35.83214474599661,0.8300000000000005,29.29666880381656,0.8300000000000005,24.84670684598342,0.8300000000000005,21.67196401023147,0.8300000000000005,19.27657891260536,0.8300000000000005,17.39610284941978,0.8300000000000005,15.87538523087637,0.8300000000000005,13.55598667719144,0.8300000000000005,11.78490569972891,0.8300000000000005,10.44154753928266,0.8300000000000005,9.384688886416109,0.8300000000000005,8.529720045430524,0.8300000000000005,7.822709135246124,0.8300000000000005,7.227572061868699
0.8400000000000005,77.68870729412947,0.8400000000000005,49.56267560547526,0.8400000000000005,37.7288897047647,0.8400000000000005,30.85432118945405,0.8400000000000005,26.1632887672622,0.8400000000000005,22.81575216853792,0.8400000000000005,20.28984820139728,0.8400000000000005,18.30698176496688,0.8400000000000005,16.70360131795361,0.8400000000000005,14.25854872826542,0.8400000000000005,12.39253852630325,0.8400000000000005,10.97732223420505,0.8400000000000005,9.864108014954841,0.8400000000000005,8.963714707363705,0.8400000000000005,8.219283226362695,0.8400000000000005,7.5927666018166
0.8500000000000005,81.3374396011957,0.8500000000000005,52.06649573283705,0.8500000000000005,39.66632986572962,0.8500000000000005,32.44711696863955,0.8500000000000005,27.51035222765985,0.8500000000000005,23.98645534352778,0.8500000000000005,21.32722197725808,0.8500000000000005,19.23969441378915,0.8500000000000005,17.55177815538135,0.8500000000000005,14.97816165506679,0.8500000000000005,13.01499746062594,0.8500000000000005,11.5262008595462,0.8500000000000005,10.35526190256582,0.8500000000000005,9.408331103214472,0.8500000000000005,8.625557236187056,0.8500000000000005,7.966885504410318
0.8600000000000005,85.03664357207452,0.8600000000000005,54.61660137526171,0.8600000000000005,41.64338133874185,0.8600000000000005,34.0742704459856,0.8600000000000005,28.88730827287182,0.8600000000000005,25.18361119574302,0.8600000000000005,22.38832481885526,0.8600000000000005,20.19392798592384,0.8600000000000005,18.41964975059144,0.8600000000000005,15.71462399901396,0.8600000000000005,13.65212514830892,0.8600000000000005,12.08805568426459,0.8600000000000005,10.85804379763751,0.8600000000000005,9.863477971198584,0.8600000000000005,9.041451728384351,0.8600000000000005,8.34985861115938
0.8700000000000006,88.78385844063978,0.8700000000000006,57.2114228713825,0.8700000000000006,43.65897805569772,0.8700000000000006,35.73500447057476,0.8700000000000006,30.29357229051977,0.8700000000000006,26.40675964638649,0.8700000000000006,23.47278244943933,0.8700000000000006,21.16937018428667,0.8700000000000006,19.30695025326623,0.8700000000000006,16.46773408751062,0.8700000000000006,14.30376357153797,0.8700000000000006,12.66275813066124,0.8700000000000006,11.3723460371954,0.8700000000000006,10.3290631289547,0.8700000000000006,9.466886363286275,0.8700000000000006,8.741614889805987
0.8800000000000006,92.57673103076043,0.8800000000000006,59.84943294202299,0.8800000000000006,45.71207363497648,0.8800000000000006,37.4285519752784,0.8800000000000006,31.72856522619979,0.8800000000000006,27.65544385910628,0.8800000000000006,24.58022254736676,0.8800000000000006,22.165709907163,0.8800000000000006,20.21341453981883,0.8800000000000006,17.23729048058353,0.8800000000000006,14.96975441470386,0.8800000000000006,13.25017907973709,0.8800000000000006,11.8980603068124,0.8800000000000006,10.80499369848034,0.8800000000000006,9.901780095340557,0.8800000000000006,9.142082609750396
0.8900000000000006,96.41301390870257,0.8900000000000006,62.52914797815471,0.8900000000000006,47.80164280201123,0.8900000000000006,39.154157198645,0.8900000000000006,33.19171456618054,0.8900000000000006,28.92921104075517,0.8900000000000006,25.71027541056926,0.8900000000000006,23.18263780932599,0.8900000000000006,21.13877869469341,0.8900000000000006,18.02309233904628,0.8900000000000006,15.64993936994259,0.8900000000000006,13.85018912876457,0.8900000000000006,12.43507786137073,0.8900000000000006,11.29117629821863,0.8900000000000006,10.34605134246051,0.8900000000000006,9.551189493059516
0.9000000000000006,100.2905628885346,0.9000000000000006,65.24912877341231,0.9000000000000006,49.9266824287475,0.9000000000000006,40.91107663206249,0.9000000000000006,34.68245511718247,0.9000000000000006,30.22761308429145,0.9000000000000006,26.86257449343924,0.9000000000000006,24.2198467570175,0.9000000000000006,22.08278040135388,0.9000000000000006,18.82493972391431,0.9000000000000006,16.34416038968075,0.9000000000000006,14.46265880650437,0.9000000000000006,12.98328971098581,0.9000000000000006,11.78751720582511,0.9000000000000006,10.79961813023184,0.9000000000000006,9.968862843572229
0.9100000000000006,104.2073340432248,0.9100000000000006,68.00798079291687,0.9100000000000006,52.08621224832904,0.9100000000000006,42.69857973070008,0.9100000000000006,36.20022961071931,0.9100000000000006,31.55020707476672,0.9100000000000006,28.03675683283091,0.9100000000000006,25.27703219054957,0.9100000000000006,23.04515925459224,0.9100000000000006,19.64263383584196,0.9100000000000006,17.05225989260623,0.9100000000000006,15.08745875100434,0.9100000000000006,13.54258677602651,0.9100000000000006,12.29392249483274,0.9100000000000006,11.2623982136696,0.9100000000000006,10.39502965640642
0.9200000000000006,108.1613803507486,0.9200000000000006,70.80435405911555,0.9200000000000006,54.27927529520051,0.9200000000000006,44.51594942264484,0.9200000000000006,37.7444891566362,0.9200000000000006,32.89655567718661,0.9200000000000006,29.23246337816003,0.9200000000000006,26.3538924068693,0.9200000000000006,24.02565700458572,0.9200000000000006,20.47597720243473,0.9200000000000006,17.77408092885383,0.9200000000000006,15.724459854436,0.9200000000000006,14.11286001479127,0.9200000000000006,12.81029814814464,0.9200000000000006,11.73430917898616,0.9200000000000006,10.82961670996875
0.9300000000000006,112.1508480837097,0.9300000000000006,73.6369427251264,0.9300000000000006,56.5049381148788,0.9300000000000006,46.3624824467626,0.9300000000000006,39.31469356775487,0.9300000000000006,34.26622742297407,0.9300000000000006,30.44933923894909,0.9300000000000006,27.45012877309243,0.9300000000000006,25.02401774198628,0.9300000000000006,21.32477382043418,0.9300000000000006,18.50946730957906,0.9300000000000006,16.37353337897975,0.9300000000000006,14.69400052704934,0.9300000000000006,13.33655015098949,0.9300000000000006,12.21526852758767,0.9300000000000006,11.27255064236751
0.9400000000000006,116.173973032518,0.9400000000000006,76.50448439657494,0.9400000000000006,58.76229078222966,0.9400000000000006,48.23748954617553,0.9400000000000006,40.91031157499101,0.9400000000000006,35.65879690985759,0.9400000000000006,31.68703386164938,0.9400000000000006,28.56544588075137,0.9400000000000006,26.03998803228519,0.9400000000000006,22.18882925897032,0.9400000000000006,19.25826370552785,0.9400000000000006,17.03455104733294,0.9400000000000006,15.2858996363211,0.9400000000000006,13.8725845657156,0.9400000000000006,12.70519374430279,0.9400000000000006,11.72375801394954
0.9500000000000006,120.2290766361138,0.9500000000000006,79.40575925434813,0.9500000000000006,61.05044676203871,0.9500000000000006,50.14029554093229,0.9500000000000006,42.53082094997454,0.9500000000000006,37.07384492821781,0.9500000000000006,32.94520114616999,0.9500000000000006,29.69955164935482,0.9500000000000006,27.07331700670289,0.9500000000000006,23.06795072933804,0.9500000000000006,20.02031571868172,0.9500000000000006,17.70738511102235,0.9500000000000006,15.88844895346224,0.9500000000000006,14.41830759054431,0.9500000000000006,13.20400235163429,0.9500000000000006,12.18316535749705
0.9600000000000006,124.3145620803469,0.9600000000000006,82.3395890230195,0.9600000000000006,63.36854264113157,0.9600000000000006,52.07023930036551,0.9600000000000006,44.17570855005408,0.9600000000000006,38.5109585253404,0.9600000000000006,34.22349951124529,0.9600000000000006,30.85215738680114,0.9600000000000006,28.12375641597789,0.9600000000000006,23.96194712608511,0.9600000000000006,20.79546993058283,0.9600000000000006,18.39190839934284,0.9600000000000006,16.50154042383088,0.9600000000000006,14.97362560416922,0.9600000000000006,13.71161195163244,0.9600000000000006,12.6506992174661
0.9700000000000006,128.4289104121837,0.9700000000000006,85.3048358228733,0.9700000000000006,65.71573775725332,0.9700000000000006,54.02667363295303,0.9700000000000006,45.84447029864693,0.9700000000000006,39.9697310175258,0.9700000000000006,35.52159191664056,0.9700000000000006,32.02297781323098,0.9700000000000006,29.19106065261409,0.9700000000000006,24.87062904358502,0.9700000000000006,21.58357393048497,0.9700000000000006,19.08799435140075,0.9700000000000006,17.12506636004591,0.9700000000000006,15.53844519787947,0.9700000000000006,14.22794025681178,0.9700000000000006,13.126286179492
0.9800000000000006,132.5706767078071,0.9800000000000006,88.30040093748123,0.9800000000000006,68.09121374624507,0.9800000000000006,56.00896510899405,0.9800000000000006,47.53661111215844,0.9800000000000006,41.44976195873062,0.9800000000000006,36.83914584911611,0.9800000000000006,33.21173105404569,0.9800000000000006,30.27498674642072,0.9800000000000006,25.79380877172304,0.9800000000000006,22.38447632609377,0.9800000000000006,19.79551703343174,0.9800000000000006,17.75891946210821,0.9800000000000006,16.11267319667579,0.9800000000000006,14.75290511136532,0.9800000000000006,13.60985289124296
0.9900000000000007,136.7384863242411,0.9900000000000007,91.32522352351644,0.9900000000000007,70.49417402590866,0.9900000000000007,58.01649382927469,0.9900000000000007,49.25164478314652,0.9900000000000007,42.95065707320919,0.9900000000000007,38.17583327817231,0.9900000000000007,34.41813860704561,0.9900000000000007,31.37529433752756,0.9900000000000007,26.73130027382127,0.9900000000000007,23.19802673928881,0.9900000000000007,20.51435114329912,0.9900000000000007,18.40299282643419,0.9900000000000007,16.6962166706756,0.9900000000000007,15.28642450377435,0.9900000000000007,14.10132607557928
1.000000000000001,140.9310312568495,1.000000000000001,94.37827928500435,1.000000000000001,72.9238432320884,1.000000000000001,60.04865315097687,1.000000000000001,50.98909382804695,1.000000000000001,44.47202815860436,1.000000000000001,39.53133058673563,1.000000000000001,35.64192528796576,1.000000000000001,32.49174563047587,1.000000000000001,27.68291914949545,1.000000000000001,24.02407578888617,1.000000000000001,21.24437200380632,1.000000000000001,19.05717994513526,1.000000000000001,17.28898293793208,1.000000000000001,15.82841657177888,1.000000000000001,14.60063253684754
1.010000000000001,145.1470666192751,1.010000000000001,97.45857913023228,1.010000000000001,75.37946662010221,1.010000000000001,62.10484938037562,1.010000000000001,52.74848930656081,1.010000000000001,46.01349296500346,1.010000000000001,40.90531848122048,1.010000000000001,36.88281915805729,1.010000000000001,33.62410533246932,1.010000000000001,28.64848258472967,1.010000000000001,24.86247506221789,1.010000000000001,21.98545554623798,1.010000000000001,19.72137469671356,1.010000000000001,17.89087955963229,1.010000000000001,16.37879960053217,1.010000000000001,15.10769916103155
1.020000000000001,149.3854072574528,1.020000000000001,100.5651678262351,1.020000000000001,77.86030944245901,1.020000000000001,64.18450144042643,1.020000000000001,54.52937061874965,1.020000000000001,47.57467505465949,1.020000000000001,42.29748188476041,1.020000000000001,38.14055143683345,1.020000000000001,34.77214057839792,1.020000000000001,29.62780929111304,1.020000000000001,25.71307707702811,1.020000000000001,22.73747828533159,1.020000000000001,20.39547132915177,1.020000000000001,18.50181432851293,1.020000000000001,16.93749201465439,1.020000000000001,15.62245291037504
1.030000000000001,153.6449245053141,1.030000000000001,103.6971226628615,1.030000000000001,80.36565631201957,1.030000000000001,66.28704052002905,1.030000000000001,56.33128528494392,1.030000000000001,49.15520364637432,1.030000000000001,43.70750981679981,1.030000000000001,39.41485640262932,1.030000000000001,35.93562084486064,1.030000000000001,30.62071943585479,1.030000000000001,26.5757352349503,1.030000000000001,23.50031728669367,1.030000000000001,21.07936443623083,1.030000000000001,19.12169525118273,1.030000000000001,17.50441236477721,1.030000000000001,16.1448208129928
1.040000000000001,157.9245430865845,1.040000000000001,106.8535521360256,1.040000000000001,82.89481055809478,1.040000000000001,68.41190971067739,1.040000000000001,58.15378871277576,1.040000000000001,50.75471344789947,1.040000000000001,45.13509526175718,1.040000000000001,40.70547128318307,1.040000000000001,37.11431785502339,1.040000000000001,31.6270345639261,1.040000000000001,27.45030376761206,1.040000000000001,24.27385012749619,1.040000000000001,21.77294892776896,1.040000000000001,19.75043052493351,1.040000000000001,18.07947930907378,1.040000000000001,16.67472994789947
1.050000000000001,162.223238164503,1.050000000000001,110.0335946576426,1.050000000000001,85.44709358168467,1.050000000000001,70.55856363518782,1.050000000000001,59.99644395492317,1.050000000000001,52.37284447917207,1.050000000000001,46.5799350290162,1.050000000000001,42.01213613807825,1.050000000000001,38.30800547585604,1.050000000000001,32.6465775134179,1.050000000000001,28.33663767622101,1.050000000000001,25.05795485113888,1.050000000000001,22.47611999432943,1.050000000000001,20.38792850950529,1.050000000000001,18.66261159016907,1.050000000000001,17.21210742579496
1.060000000000001,166.5400325391732,1.060000000000001,113.2364172980814,1.060000000000001,88.02184421482735,1.060000000000001,72.72646807242855,1.060000000000001,61.85882146054834,1.060000000000001,54.00924188872328,1.060000000000001,48.04172960610379,1.060000000000001,43.33459373458462,1.060000000000001,39.51645960899075,1.060000000000001,33.67917232497993,1.060000000000001,29.23459266530191,1.060000000000001,25.85250991640443,1.060000000000001,23.18877306684417,1.060000000000001,21.03409769415974,1.060000000000001,19.253728007737,1.060000000000001,17.7568803658651
1.070000000000001,170.8739939906678,1.070000000000001,116.4612145654224,1.070000000000001,90.61841808808229,1.070000000000001,74.91509958119727,1.070000000000001,63.74049882289328,1.070000000000001,55.66355576517669,1.070000000000001,49.52018300659741,1.070000000000001,44.67258941810377,1.070000000000001,40.73945807619383,1.070000000000001,34.72464414600556,1.070000000000001,30.1440250710984,1.070000000000001,26.65739414151441,1.070000000000001,23.91080377145549,1.070000000000001,21.68884666032817,1.070000000000001,19.8527473869835,1.070000000000001,18.30897586877433
1.080000000000001,175.2242327647577,1.080000000000001,119.7072072246875,1.080000000000001,93.23618700927564,1.080000000000001,77.1239451258309,1.080000000000001,65.64106052500732,1.080000000000001,57.33544094539874,1.080000000000001,51.01500261397553,1.080000000000001,46.02587097820408,1.080000000000001,41.97678050024193,1.080000000000001,35.78281913005258,1.080000000000001,31.06479178500257,1.080000000000001,27.47248664335421,1.080000000000001,24.64210787980097,1.080000000000001,22.35208403998811,1.080000000000001,20.45958854316685,1.080000000000001,18.86832098595751
1.090000000000001,179.5898991972023,1.090000000000001,122.9736411591477,1.090000000000001,95.87453835597989,1.090000000000001,79.35250170556284,1.090000000000001,67.56009768522051,1.090000000000001,59.02455682054482,1.090000000000001,52.52589902238737,1.090000000000001,47.39418851100421,1.090000000000001,43.22820818175688,1.090000000000001,36.85352433180648,1.090000000000001,31.99675017222994,1.090000000000001,28.29766677202218,1.090000000000001,25.38258125483658,1.090000000000001,23.02371846984783,1.090000000000001,21.07417024217727,1.090000000000001,19.43484268523166
1.100000000000001,183.970181471821,1.100000000000001,126.2597862749978,1.100000000000001,98.53287448352927,1.100000000000001,81.60027598924324,1.100000000000001,69.49720780361693,1.100000000000001,60.73056714097291,1.100000000000001,54.05258587508168,1.100000000000001,48.77729427843711,1.100000000000001,44.49352397241933,1.100000000000001,37.93658759776484,1.100000000000001,32.93975798584486,1.100000000000001,29.13281404074861,1.100000000000001,26.13211979220992,1.100000000000001,23.7036585413113,1.100000000000001,21.69641115715216,1.100000000000001,20.0084678126791
1.110000000000001,188.3643035070775,1.110000000000001,129.564935450052,1.110000000000001,101.2106121499301,1.110000000000001,83.86678395661913,1.110000000000001,71.45199451047252,1.110000000000001,62.45313982075667,1.110000000000001,55.59477970103206,1.110000000000001,50.17494256479304,1.110000000000001,45.77251214478197,1.110000000000001,39.03183745265579,1.110000000000001,33.89367327609049,1.110000000000001,29.97780805110887,1.110000000000001,26.89061935708335,1.110000000000001,24.39181274611553,1.110000000000001,22.32622982100052,1.110000000000001,20.58912305067325
1.120000000000001,192.7715229656827,1.120000000000001,132.8884035265006,1.120000000000001,103.9071819585696,1.120000000000001,86.15155054706022,1.120000000000001,73.42406731737894,1.120000000000001,64.19194674234575,1.120000000000001,57.15219975012872,1.120000000000001,51.58688953074149,1.120000000000001,47.06495825879768,1.120000000000001,40.13910298149597,1.120000000000001,34.85835429489369,1.120000000000001,30.83252841336328,1.120000000000001,27.65797571621574,1.120000000000001,25.08808941743743,1.120000000000001,22.96354457462507,1.120000000000001,21.17673487183936
1.130000000000001,197.1911293813798,1.130000000000001,136.2295263473792,1.130000000000001,106.6220278192546,1.130000000000001,88.45410931637103,1.130000000000001,75.41304137156267,1.130000000000001,65.94666356170937,1.130000000000001,58.72456782713954,1.130000000000001,53.01289306493453,1.130000000000001,48.37064902500488,1.130000000000001,41.25821370705429,1.130000000000001,35.83365939526293,1.130000000000001,31.69685466162367,1.130000000000001,28.43408446500514,1.130000000000001,25.79239666616315,1.130000000000001,23.60827351054715,1.130000000000001,21.77122948865235
1.140000000000001,201.6224423971457,1.140000000000001,139.5876598360486,1.140000000000001,109.3546064278865,1.140000000000001,90.77400210206872,1.140000000000001,77.41853721370794,1.140000000000001,67.71696951417712,1.140000000000001,60.31160812452737,1.140000000000001,54.45271263312311,1.140000000000001,49.68937216423358,1.140000000000001,42.38899946236037,1.140000000000001,36.8194469252113,1.140000000000001,32.57066616346854,1.140000000000001,29.21884094909271,1.140000000000001,26.50464231193193,1.140000000000001,24.26033441154209,1.140000000000001,22.37253279828847
1.150000000000001,206.0648101089809,1.150000000000001,142.9621791176862,1.150000000000001,112.1043867647847,1.150000000000001,93.11077869732753,1.150000000000001,79.44018053947281,1.150000000000001,69.50254722104448,1.150000000000001,61.91304705406212,1.150000000000001,55.9061091246344,1.150000000000001,51.02091626354042,1.150000000000001,43.53129025780045,1.150000000000001,37.81557511570013,1.150000000000001,33.45384202347786,1.150000000000001,30.01214018001097,1.150000000000001,27.22473380843252,1.150000000000001,24.91964468377851,1.150000000000001,22.98057032224374
1.160000000000001,210.5176075095096,1.160000000000001,146.3524776816013,1.160000000000001,114.8708496114967,1.160000000000001,95.46399653365265,1.160000000000001,81.47760196472171,1.160000000000001,71.30308249689045,1.160000000000001,63.52861307708473,1.160000000000001,57.37284469594856,1.160000000000001,52.36507062800617,1.160000000000001,44.68491614219941,1.160000000000001,38.82190196198069,1.160000000000001,34.34626098006579,1.160000000000001,30.81387674424659,1.160000000000001,27.95257816234057,1.160000000000001,25.58612128385879,1.160000000000001,23.59526714012035
1.170000000000001,214.9802350258523,1.170000000000001,149.7579665830456,1.170000000000001,117.6534870857917,1.170000000000001,97.83322037218026,1.170000000000001,83.53043679440289,1.170000000000001,73.11826415746245,1.170000000000001,65.15803653315608,1.170000000000001,58.85268261098858,1.170000000000001,53.7216251279011,1.170000000000001,45.84970705717811,1.170000000000001,39.83828509759145,1.170000000000001,35.24780129484898,1.170000000000001,31.62394470495635,1.170000000000001,28.68808184513191,1.170000000000001,26.25968063901555,1.170000000000001,24.21654781686555
1.180000000000001,219.4521171462225,1.180000000000001,153.1780736830299,1.180000000000001,120.4518021943895,1.180000000000001,100.2180220034248,1.180000000000001,85.59832479489839,1.180000000000001,74.94778382788994,1.180000000000001,66.80104946677193,1.180000000000001,60.34538707767859,1.180000000000001,55.09037004063319,1.180000000000001,47.02549268394095,1.180000000000001,40.86458166012098,1.180000000000001,36.15834063363223,1.180000000000001,32.44223749542192,1.180000000000001,29.43115069688467,1.180000000000001,26.94023855958802,1.180000000000001,24.8443363225987
1.190000000000001,223.9327011300957,1.190000000000001,156.6122429246537,1.190000000000001,123.2653084029151,1.190000000000001,102.6179799551922,1.190000000000001,87.68090996960399,1.190000000000001,76.79133575090208,1.190000000000001,68.45738545167248,1.190000000000001,61.85072308019201,1.190000000000001,56.47109588678386,1.190000000000001,48.21210228152597,1.190000000000001,41.90064814770223,1.190000000000001,37.07775593796958,1.190000000000001,33.26864780318797,1.190000000000001,30.18168982100238,1.190000000000001,27.62771014273101,1.190000000000001,25.4785559440052
1.200000000000001,228.4214557967967,1.200000000000001,160.0599336443695,1.200000000000001,126.0935292224344,1.200000000000001,105.0326792082951,1.200000000000001,89.77784033741028,1.200000000000001,78.64861659467728,1.200000000000001,70.12677941229965,1.200000000000001,63.36845620627634,1.200000000000001,57.86359325943283,1.200000000000001,49.40936451538891,1.200000000000001,42.94634026504618,1.200000000000001,38.00592328604748,1.200000000000001,34.10306744362263,1.200000000000001,30.93960346862103,1.200000000000001,28.32200966613502,1.200000000000001,26.11912918609861
1.210000000000001,232.9178703877728,1.210000000000001,163.5206199165505,1.210000000000001,128.9359978119644,1.210000000000001,107.4617109196808,1.210000000000001,91.88876771371126,1.210000000000001,80.51932525983892,1.210000000000001,71.80896744176314,1.210000000000001,64.89835246887996,1.210000000000001,59.26765264586328,1.210000000000001,50.61710727504967,1.210000000000001,44.00151275763028,1.210000000000001,38.94271774147041,1.210000000000001,34.94538722145511,1.210000000000001,31.70479491124085,1.210000000000001,29.02305047030925,1.210000000000001,26.76597766292382
1.220000000000001,237.4214534979029,1.220000000000001,166.9937899298391,1.220000000000001,131.7922565962164,1.220000000000001,109.904672152507,1.220000000000001,94.01334749350822,1.220000000000001,82.4031626851135,1.220000000000001,73.50368661569998,1.220000000000001,66.44017812128334,1.220000000000001,60.68306424062646,1.220000000000001,51.83515747934425,1.220000000000001,45.06601923246935,1.220000000000001,39.88801318828756,1.220000000000001,35.79549677860014,1.220000000000001,32.47716629988786,1.220000000000001,29.73074482774672,1.220000000000001,27.419021975542
1.230000000000001,241.9317320715167,1.230000000000001,170.4789453936283,1.230000000000001,134.6618568978826,1.230000000000001,112.3611656126724,1.230000000000001,96.1512384361329,1.230000000000001,84.29983165108163,1.230000000000001,75.21067480128394,1.230000000000001,67.99369946480005,1.230000000000001,62.10961774881769,1.230000000000001,53.06334086766231,1.230000000000001,46.13971196366682,1.230000000000001,40.84168215036327,1.230000000000001,36.65328442630464,1.230000000000001,33.25661850882805,1.230000000000001,30.44500379698998,1.230000000000001,28.07818157533758
1.240000000000001,246.4482504589659,1.240000000000001,173.9756009731876,1.240000000000001,137.544358583706,1.240000000000001,114.8307993912903,1.240000000000001,98.30210245108891,1.240000000000001,86.20903658135079,1.240000000000001,76.92967046059272,1.240000000000001,69.55868264801413,1.240000000000001,63.54710217828785,1.240000000000001,54.30148177530243,1.240000000000001,47.22244168067804,1.240000000000001,41.80359559288848,1.240000000000001,37.51863695935906,1.240000000000001,34.04305096152851,1.240000000000001,31.16573705929729,1.240000000000001,28.74337461035025
1.250000000000001,250.9705695299164,1.250000000000001,177.4832837518836,1.250000000000001,140.4393297236153,1.250000000000001,117.3131867125687,1.250000000000001,100.4656043844389,1.250000000000001,88.13048334055122,1.250000000000001,78.66041244743352,1.250000000000001,71.13489345645002,1.250000000000001,64.9953056193748,1.250000000000001,55.54940289088228,1.250000000000001,48.31405733695259,1.250000000000001,42.77362270352337,1.250000000000001,38.39143944973949,1.250000000000001,34.83636143618708,1.250000000000001,31.89285273519916,1.250000000000001,29.41451775194559
1.260000000000001,255.4982658396278,1.260000000000001,181.001532719052,1.260000000000001,143.3463462621668,1.260000000000001,119.8079456865241,1.260000000000001,102.6414118051878,1.260000000000001,90.06387902836131,1.260000000000001,80.4026397967173,1.260000000000001,72.72209709141106,1.260000000000001,66.4540150105783,1.260000000000001,56.80692499345618,1.260000000000001,49.4144058562727,1.260000000000001,43.75163065027009,1.260000000000001,39.27157501664664,1.260000000000001,35.6364458477203,1.260000000000001,32.62625717780733,1.260000000000001,30.09152599866279
1.270000000000001,260.0309308447999,1.270000000000001,184.5298982820941,1.270000000000001,146.2649917015565,1.270000000000001,122.3146990659799,1.270000000000001,104.8291947910239,1.270000000000001,92.00893176881667,1.270000000000001,82.15609150530004,1.270000000000001,74.32005793664618,1.270000000000001,67.92301588844282,1.270000000000001,58.07386666671398,1.270000000000001,50.5233318537582,1.270000000000001,44.73748431275039,1.270000000000001,40.15892456943316,1.270000000000001,36.44319800257794,1.270000000000001,33.36585473918905,1.270000000000001,30.77431245355094
1.280000000000001,264.5681701657545,1.280000000000001,188.0679418014493,1.280000000000001,149.1948567955065,1.280000000000001,124.833074007251,1.280000000000001,107.0286257128088,1.280000000000001,93.9653504940693,1.280000000000001,83.92050630320247,1.280000000000001,75.92853931134125,1.280000000000001,69.40209211972659,1.280000000000001,59.35004398731166,1.280000000000001,51.64067732808415,1.280000000000001,45.73104598308477,1.280000000000001,41.05336651936909,1.280000000000001,37.25650932219227,1.280000000000001,34.11154750552701,1.280000000000001,31.46278807066758
1.290000000000001,269.1096028919185,1.290000000000001,191.6152351471209,1.290000000000001,152.135539253268,1.290000000000001,127.3627018339439,1.290000000000001,109.2393790171165,1.290000000000001,95.93284472170252,1.290000000000001,85.69562241398222,1.290000000000001,77.54730320782808,1.290000000000001,70.89102561372786,1.290000000000001,60.63527018404181,1.290000000000001,52.76628132100223,1.290000000000001,46.73217503200884,1.290000000000001,41.95477645557781,1.290000000000001,38.07626853019267,1.290000000000001,34.86323499608,1.290000000000001,32.15686136570297
1.300000000000001,273.6548609277232,1.300000000000001,195.1713602755353,1.300000000000001,155.086643453105,1.300000000000001,129.9032178032797,1.300000000000001,111.4611310061735,1.300000000000001,97.91112432468152,1.300000000000001,87.48117730297312,1.300000000000001,79.17611001221142,1.300000000000001,72.38959601245294,1.300000000000001,61.92935526414525,1.300000000000001,53.89997953972993,1.300000000000001,47.74072753525463,1.300000000000001,42.86302677978382,1.300000000000001,38.90236129776608,1.300000000000001,35.62081382015821,1.300000000000001,32.8564380848582
1.310000000000001,278.2035883763497,1.310000000000001,198.7359088255094,1.310000000000001,158.047780164535,1.310000000000001,132.454260874332,1.310000000000001,113.6935596144334,1.310000000000001,99.89989929291997,1.310000000000001,89.27690741195042,1.310000000000001,80.81471820601332,1.310000000000001,73.8975803560369,1.310000000000001,63.23210560267009,1.310000000000001,55.04160393724263,1.310000000000001,48.75655585454545,1.310000000000001,43.77798629373086,1.310000000000001,39.73466984070139,1.310000000000001,36.38417728544955,1.310000000000001,33.56142082518463
1.320000000000001,282.7554409586995,1.320000000000001,202.3084817322144,1.320000000000001,161.0185662786963,1.320000000000001,135.0154734775936,1.320000000000001,115.9363441810851,1.320000000000001,101.8988794854189,1.320000000000001,91.08254787875727,1.320000000000001,82.46288404671166,1.320000000000001,75.41475272062718,1.320000000000001,64.5433234903236,1.320000000000001,56.19098224486051,1.320000000000001,49.77950816680332,1.320000000000001,44.69951973229279,1.320000000000001,40.57307246071518,1.320000000000001,37.15321495003032,1.320000000000001,34.27170859857245
1.330000000000001,287.3100854654127,1.330000000000001,205.8886888580954,1.330000000000001,163.9986245461935,1.330000000000001,137.5865012852668,1.330000000000001,118.1891652176886,1.330000000000001,103.9077743718558,1.330000000000001,92.89783224023058,1.330000000000001,84.12036122490629,1.330000000000001,76.94088382565249,1.330000000000001,65.86280663482675,1.330000000000001,57.34793745090519,1.330000000000001,50.80942793439495,1.330000000000001,45.62748723439436,1.330000000000001,41.41744302270804,1.330000000000001,37.92781210936135,1.330000000000001,34.98719633047175
1.340000000000001,291.8671992396833,1.340000000000001,209.4761486396391,1.340000000000001,166.9875833218136,1.340000000000001,140.1669929816623,1.340000000000001,120.4517041701479,1.340000000000001,105.926292762445,1.340000000000001,94.72249211671711,1.340000000000001,85.78690049568138,1.340000000000001,78.47574060716525,1.340000000000001,67.19034761029319,1.340000000000001,58.51228721857147,1.340000000000001,51.84615330842209,1.340000000000001,46.56174374292794,1.340000000000001,42.26765035852466,1.340000000000001,38.70784920847575,1.340000000000001,35.70777428332051
1.350000000000001,296.4264696888168,1.350000000000001,213.0704877491156,1.350000000000001,169.9850763155204,1.350000000000001,142.7566000331101,1.350000000000001,122.7236431741914,1.350000000000001,107.9541425248254,1.350000000000001,96.5562568763297,1.350000000000001,87.46224928149974,1.350000000000001,80.01908575365596,1.350000000000001,68.52573324875662,1.350000000000001,59.68384323552511,1.350000000000001,52.88951645634475,1.350000000000001,47.50213832399923,1.350000000000001,43.12355758689782,1.350000000000001,39.49320116856876,1.350000000000001,36.43332739360662
1.360000000000001,300.9875938227919,1.360000000000001,216.6713407703355,1.360000000000001,172.9907423491106,1.360000000000001,145.3549764567595,1.360000000000001,125.0046648034919,1.360000000000001,109.9910302866416,1.360000000000001,98.39885327697849,1.360000000000001,89.14615124386378,1.360000000000001,81.57067720054297,1.360000000000001,69.86874396761161,1.360000000000001,60.86241048724232,1.360000000000001,53.93934280451913,1.360000000000001,48.44851339504756,1.360000000000001,43.98502133839168,1.360000000000001,40.28373661632737,1.360000000000001,37.16373451061039
1.370000000000001,305.550277817893,1.370000000000001,220.2783498875496,1.370000000000001,176.0042251180429,1.370000000000001,147.9617785876598,1.370000000000001,127.2944518095499,1.370000000000001,112.0366611224895,1.370000000000001,100.2500050841159,1.370000000000001,90.83834582076321,1.370000000000001,83.13026757929775,1.370000000000001,71.21915302649536,1.370000000000001,62.04778644577874,1.370000000000001,54.99545018589634,1.370000000000001,49.40070385101802,1.370000000000001,44.8518908737541,1.370000000000001,41.0793170039357,1.370000000000001,37.8988675244741
1.380000000000001,310.1142366038858,1.380000000000001,223.891164586718,1.380000000000001,179.0251729578175,1.380000000000001,150.5766648434739,1.380000000000001,129.5926868523924,1.380000000000001,114.0907382237445,1.380000000000001,102.1094326620591,1.380000000000001,92.53856772685393,1.380000000000001,84.69760361705826,1.380000000000001,72.57672570718336,1.380000000000001,63.23976016564752,1.380000000000001,56.05764788309345,1.380000000000001,50.35853607775888,1.380000000000001,45.72400708421288,1.380000000000001,41.87979560787976,1.380000000000001,38.63859037156363
1.390000000000001,314.6791934731949,1.390000000000001,227.5094413683305,1.390000000000001,182.0532386144397,1.390000000000001,153.1992954862414,1.390000000000001,131.8990522211797,1.390000000000001,116.1529625498502,1.390000000000001,103.9768525366419,1.390000000000001,94.24654641321756,1.390000000000001,86.27242548256119,1.390000000000001,73.94121841039161,1.390000000000001,64.4381112790323,1.390000000000001,57.12573555784334,1.390000000000001,51.3218268428347,1.390000000000001,46.60120136341246,1.390000000000001,42.68501639608249,1.390000000000001,39.38275790662689
1.400000000000001,319.2448797106539,1.400000000000001,231.1328434710751,1.400000000000001,185.0880790184444,1.400000000000001,155.8293323805019,1.400000000000001,134.2132295437174,1.400000000000001,118.2230324594887,1.400000000000001,105.8519769269554,1.400000000000001,95.96200548355964,1.400000000000001,87.85446607434477,1.400000000000001,75.31237766430806,1.400000000000001,65.64260888387977,1.400000000000001,58.19950205955008,1.400000000000001,52.29038205614611,1.400000000000001,47.48329434339932,1.400000000000001,43.49481275596038,1.400000000000001,40.13121463471035
1.410000000000001,323.8110342424997,1.410000000000001,234.7610406056844,1.410000000000001,188.1293550619564,1.410000000000001,158.4664387471912,1.410000000000001,136.5348994839028,1.410000000000001,120.3006433201566,1.410000000000001,107.7345132439593,1.410000000000001,97.68466206386979,1.410000000000001,89.44345024757027,1.410000000000001,76.68993904131014,1.410000000000001,66.85301032087645,1.410000000000001,59.27872410908063,1.410000000000001,53.26399539697838,1.410000000000001,48.37009449198781,1.410000000000001,44.30900608161886,1.410000000000001,40.88379330194992
1.420000000000001,328.3774033033841,1.420000000000001,238.3937086982586,1.420000000000001,191.1767313783544,1.420000000000001,161.1102789126321,1.420000000000001,138.8637414261035,1.420000000000001,122.3854870945734,1.420000000000001,109.6241635537793,1.420000000000001,99.41422612281447,1.420000000000001,91.03909397652271,1.420000000000001,78.07362598203797,1.420000000000001,68.06905983948901,1.420000000000001,60.36316485948323,1.420000000000001,54.24244681098568,1.420000000000001,49.2613965769626,1.420000000000001,45.12740422752102,1.420000000000001,41.64031335433731
1.430000000000001,332.9437401202905,1.430000000000001,242.0305296425363,1.430000000000001,194.2298761240392,1.430000000000001,163.7605180519774,1.430000000000001,141.1994331454672,1.430000000000001,124.4772519024853,1.430000000000001,111.520624003769,1.430000000000001,101.1503997407034,1.430000000000001,92.64110345107292,1.430000000000001,79.46314853020355,1.430000000000001,69.29048715959254,1.430000000000001,61.45257234384807,1.430000000000001,55.2255008911839,1.430000000000001,50.15698001486687,1.430000000000001,45.94979984970706,1.430000000000001,42.40057928845649
1.440000000000001,337.5098046122091,1.440000000000001,245.6711910604288,1.440000000000001,197.2884607618381,1.440000000000001,166.4168219264864,1.440000000000001,143.5416504631538,1.440000000000001,126.5756215564277,1.440000000000001,113.4235842096983,1.440000000000001,102.8928763256929,1.440000000000001,94.24917410716897,1.440000000000001,80.85820198757764,1.440000000000001,70.51700594446964,1.440000000000001,62.54667783298268,1.440000000000001,56.21290517227769,1.440000000000001,51.05660713970816,1.440000000000001,46.77596867515324,1.440000000000001,43.1643789391833
1.450000000000001,342.075363104706,1.450000000000001,249.3153860703901,1.450000000000001,200.3521598456476,1.450000000000001,169.0788566139399,1.450000000000001,145.8900668855717,1.450000000000001,128.6802750702739,1.450000000000001,115.3327266029461,1.450000000000001,104.6413397771841,1.450000000000001,95.86298959419271,1.450000000000001,82.25846550715208,1.450000000000001,71.74831221398921,1.450000000000001,63.64519414273152,1.450000000000001,57.20438838841703,1.450000000000001,51.96002145069654,1.450000000000001,47.60566776587245,1.450000000000001,43.93148177705763
1.460000000000001,346.6401880583083,1.460000000000001,252.9628130630083,1.460000000000001,203.4206508058268,1.460000000000001,171.7462882315845,1.460000000000001,148.2443532266728,1.460000000000001,130.7908861395558,1.460000000000001,117.247725737369,1.460000000000001,106.3954635981605,1.460000000000001,97.48222068573848,1.460000000000001,83.66360065401494,1.460000000000001,72.98408274399858,1.460000000000001,64.74781395333068,1.460000000000001,58.19965877142808,1.460000000000001,52.8669459283139,1.460000000000001,48.43863387693453,1.460000000000001,44.70163732214973
1.470000000000001,351.2040578099579,1.470000000000001,256.6131754833896,1.470000000000001,206.493613734938,1.470000000000001,174.418782650966,1.470000000000001,150.6041772125084,1.470000000000001,132.9071225929792,1.470000000000001,119.1682475565079,1.470000000000001,108.154909960804,1.470000000000001,99.10652414562063,1.470000000000001,85.07324997843091,1.470000000000001,74.2239735200496,1.470000000000001,65.85420823124048,1.470000000000001,59.19840249908386,1.470000000000001,53.77708154366346,1.470000000000001,49.27458204510025,1.470000000000001,45.47457381967844
1.480000000000001,355.7667563266933,1.480000000000001,260.2661816198504,1.480000000000001,209.5707311734217,1.480000000000001,177.0960052040301,1.480000000000001,152.9692030673689,1.480000000000001,135.0286458149999,1.480000000000001,121.0939486233708,1.480000000000001,109.9193287331409,1.480000000000001,100.7355415677699,1.480000000000001,86.48703566427224,1.480000000000001,75.46761833999351,1.480000000000001,66.96402487635294,1.480000000000001,60.20028243930921,1.480000000000001,54.69010612422422,1.480000000000001,50.11320458329111,1.480000000000001,46.24999736054951
1.490000000000001,360.3280729707983,1.490000000000001,263.921544398473,1.490000000000001,212.6516878947884,1.490000000000001,179.7776203799141,1.490000000000001,155.3390910809695,1.490000000000001,137.1551101401082,1.490000000000001,123.0244753168917,1.490000000000001,111.6883564790163,1.490000000000001,102.3688982176132,1.490000000000001,87.90455833797586,1.490000000000001,76.71462768972592,1.490000000000001,68.07688775166297,1.490000000000001,61.20493737180922,1.490000000000001,55.60567377392393,1.490000000000001,50.95417068866249,1.490000000000001,47.02759165934797
1.5,364.8878022757513,1.5,267.5789811831728,1.5,215.736170689908,1.5,182.4632915118496,1.5,157.7134971564594,1.5,139.2861622203123,1.5,124.9594630018792,1.5,113.461615449609,1.5,104.0062019136108,1.5,89.32539614751053,1.5,77.96458804622225,1.5,69.19239628327463,1.5,62.21198189650697,1.5,56.52341506810223,1.5,51.79712688830397,1.5,47.80701871198667
