nch18_Vgs_Vth  (ll=2e-07) X,nch18_Vgs_Vth  (ll=2e-07) Y,nch18_Vgs_Vth  (ll=3e-07) X,nch18_Vgs_Vth  (ll=3e-07) Y,nch18_Vgs_Vth  (ll=4e-07) X,nch18_Vgs_Vth  (ll=4e-07) Y,nch18_Vgs_Vth  (ll=5e-07) X,nch18_Vgs_Vth  (ll=5e-07) Y,nch18_Vgs_Vth  (ll=6e-07) X,nch18_Vgs_Vth  (ll=6e-07) Y,nch18_Vgs_Vth  (ll=7e-07) X,nch18_Vgs_Vth  (ll=7e-07) Y,nch18_Vgs_Vth  (ll=8e-07) X,nch18_Vgs_Vth  (ll=8e-07) Y,nch18_Vgs_Vth  (ll=9e-07) X,nch18_Vgs_Vth  (ll=9e-07) Y,nch18_Vgs_Vth  (ll=1e-06) X,nch18_Vgs_Vth  (ll=1e-06) Y,nch18_Vgs_Vth  (ll=1.2e-06) X,nch18_Vgs_Vth  (ll=1.2e-06) Y,nch18_Vgs_Vth  (ll=1.4e-06) X,nch18_Vgs_Vth  (ll=1.4e-06) Y,nch18_Vgs_Vth  (ll=1.6e-06) X,nch18_Vgs_Vth  (ll=1.6e-06) Y,nch18_Vgs_Vth  (ll=1.8e-06) X,nch18_Vgs_Vth  (ll=1.8e-06) Y,nch18_Vgs_Vth  (ll=2e-06) X,nch18_Vgs_Vth  (ll=2e-06) Y,nch18_Vgs_Vth  (ll=2.2e-06) X,nch18_Vgs_Vth  (ll=2.2e-06) Y,nch18_Vgs_Vth  (ll=2.4e-06) X,nch18_Vgs_Vth  (ll=2.4e-06) Y
0,-0.5437530930247454,0,-0.5381138654983226,0,-0.5288379600599998,0,-0.521348018306979,0,-0.5144140263507734,0,-0.5088099327760232,0,-0.5041541619846392,0,-0.5002024553654012,0,-0.4967913790689039,0,-0.4911669324818994,0,-0.4867458255234637,0,-0.4830495168814187,0,-0.4799085265978096,0,-0.4772028776999309,0,-0.4748453435628728,0,-0.4727709442352111
0.01,-0.533753093081806,0.01,-0.5281138655321667,0.01,-0.5188379600891435,0.01,-0.5113480183337905,0.01,-0.504414026378142,0.01,-0.4988099328035851,0.01,-0.4941541620121761,0.01,-0.4902024553927818,0.01,-0.4867913790960392,0.01,-0.4811669325083977,0.01,-0.476745825550337,0.01,-0.4730495169082694,0.01,-0.469908526624404,0.01,-0.4672028777261286,0.01,-0.4648453435885893,0.01,-0.4627709442603999
0.02,-0.5237530931577339,0.02,-0.5181138655771076,0.02,-0.5088379601278119,0.02,-0.5013480183693483,0.02,-0.494414026414368,0.02,-0.4888099328400194,0.02,-0.4841541620485481,0.02,-0.4802024554289179,0.02,-0.4767913791318329,0.02,-0.4711669325433238,0.02,-0.466745825585623,0.02,-0.4630495169434316,0.02,-0.459908526659158,0.02,-0.4572028777603092,0.02,-0.4548453436221006,0.02,-0.4527709442931883
0.03,-0.5137530932587566,0.03,-0.5081138656367843,0.03,-0.4988379601791151,0.03,-0.4913480184165029,0.03,-0.4844140264623186,0.03,-0.4788099328881836,0.03,-0.4741541620965801,0.03,-0.4702024554766057,0.03,-0.4667913791790435,0.03,-0.4611669325893475,0.03,-0.456745825631952,0.03,-0.4530495169894722,0.03,-0.4499085267045722,0.03,-0.4472028778049008,0.03,-0.4448453436657608,0.03,-0.4427709443358641
0.04,-0.5037530933931105,0.04,-0.4981138657160217,0.04,-0.4888379602471764,0.04,-0.4813480184790297,0.04,-0.4744140265257783,0.04,-0.4688099329518434,0.04,-0.4641541621600053,0.04,-0.4602024555395328,0.04,-0.4567913792413026,0.04,-0.4511669326499918,0.04,-0.4467458256927687,0.04,-0.4430495170497469,0.04,-0.439908526763904,0.04,-0.4372028778630654,0.04,-0.4348453437226371,0.04,-0.4327709443913958
0.05,-0.493753093571735,0.05,-0.4881138658211769,0.05,-0.4788379603374406,0.05,-0.4713480185619203,0.05,-0.4644140266097465,0.05,-0.4588099330359643,0.05,-0.4541541622437358,0.05,-0.450202455622542,0.05,-0.4467913793233832,0.05,-0.4411669327298731,0.05,-0.4367458257725759,0.05,-0.4330495171286276,0.05,-0.429908526841391,0.05,-0.427202877938903,0.05,-0.4248453437966987,0.05,-0.4227709444636277
0.06,-0.4837530938091649,0.06,-0.4781138659606838,0.06,-0.4688379604570946,0.06,-0.4613480186717515,0.06,-0.4544140267207857,0.06,-0.4488099331470592,0.06,-0.4441541623542094,0.06,-0.4402024557319821,0.06,-0.4367913794315353,0.06,-0.4311669328350335,0.06,-0.4267458258772454,0.06,-0.423049517231801,0.06,-0.4199085269425279,0.06,-0.4172028780377271,0.06,-0.4148453438930811,0.06,-0.4127709445575284
0.07000000000000001,-0.4737530941246915,0.07000000000000001,-0.4681138661457251,0.07000000000000001,-0.4588379606156704,0.07000000000000001,-0.4513480188172345,0.07000000000000001,-0.4444140268675863,0.07000000000000001,-0.438809933293735,0.07000000000000001,-0.4341541624999203,0.07000000000000001,-0.4302024558762216,0.07000000000000001,-0.4267913795739917,0.07000000000000001,-0.4211669329734271,0.07000000000000001,-0.4167458260144739,0.07000000000000001,-0.413049517366697,0.07000000000000001,-0.4099085270744892,0.07000000000000001,-0.4072028781664596,0.07000000000000001,-0.4048453440184669,0.07000000000000001,-0.4027709446795519
0.08,-0.4637530945438966,0.08,-0.4581138663911004,0.08,-0.4488379608257684,0.08,-0.4413480190098907,0.08,-0.4344140270616073,0.08,-0.4288099334873292,0.08,-0.4241541626920491,0.08,-0.4202024560662641,0.08,-0.416791379761571,0.08,-0.4111669331554862,0.08,-0.4067458261943225,0.08,-0.403049517543002,0.08,-0.3999085272466,0.08,-0.3972028783340847,0.08,-0.3948453441815172,0.08,-0.392770944838057
0.09,-0.453753095100708,0.09,-0.4481138667163915,0.09,-0.4388379611040534,0.09,-0.4313480192649407,0.09,-0.4244140273179532,0.09,-0.4188099337427599,0.09,-0.4141541629452923,0.09,-0.4102024563165637,0.09,-0.4067913800084711,0.09,-0.401166933394899,0.09,-0.3967458264299312,0.09,-0.3930495177733371,0.09,-0.3899085274709837,0.09,-0.3872028785522595,0.09,-0.3848453443934561,0.09,-0.3827709450438609
0.09999999999999999,-0.443753095840088,0.09999999999999999,-0.4381138671475064,0.09999999999999999,-0.4288379614725395,0.09999999999999999,-0.421348019602481,0.09999999999999999,-0.4144140276565282,0.09999999999999999,-0.4088099340796594,0.09999999999999999,-0.404154163278961,0.09999999999999999,-0.400202456646092,0.09999999999999999,-0.3967913803333187,0.09999999999999999,-0.3911669337095931,0.09999999999999999,-0.3867458267384524,0.09999999999999999,-0.3830495180741199,0.09999999999999999,-0.37990852776338,0.09999999999999999,-0.3772028788360962,0.09999999999999999,-0.3748453446688087,0.09999999999999999,-0.3727709453109457
0.11,-0.4337530968216036,0.11,-0.4281138677186942,0.11,-0.4188379619603038,0.11,-0.4113480200490306,0.11,-0.4044140281035399,0.11,-0.3988099345238323,0.11,-0.3941541637184159,0.11,-0.3902024570797397,0.11,-0.3867913807605294,0.11,-0.381166934123041,0.11,-0.3767458271422533,0.11,-0.3730495184667021,0.11,-0.3699085281442097,0.11,-0.3672028792051602,0.11,-0.364845345026363,0.11,-0.3627709456573791
0.12,-0.4237530981241249,0.12,-0.4181138684752069,0.12,-0.4088379626057163,0.12,-0.4013480206395614,0.12,-0.3944140286934704,0.12,-0.3888099351091743,0.12,-0.3841541642969245,0.12,-0.3802024576501306,0.12,-0.3767913813220758,0.12,-0.3711669346659432,0.12,-0.3667458276704664,0.12,-0.3630495189788151,0.12,-0.3599085286399409,0.12,-0.3572028796847724,0.12,-0.3548453454903855,0.12,-0.3527709461064668
0.13,-0.413753099852022,0.13,-0.4081138694768036,0.13,-0.3988379634593896,0.13,-0.3913480214201653,0.13,-0.3844140294716496,0.13,-0.3788099358801745,0.13,-0.3741541650580906,0.13,-0.3702024583999757,0.13,-0.3667913820597887,0.13,-0.3611669353784142,0.13,-0.3567458283610089,0.13,-0.3530495196464419,0.13,-0.3499085292848352,0.13,-0.3472028803076491,0.13,-0.3448453460921951,0.13,-0.3427709466882484
0.14,-0.4037531021433162,0.14,-0.3981138708023488,0.14,-0.3888379645880229,0.14,-0.3813480224515231,0.14,-0.3744140304976257,0.14,-0.3688099368951664,0.14,-0.3641541660590152,0.14,-0.3602024593851493,0.14,-0.3567913830283316,0.14,-0.3511669363127975,0.14,-0.346745829263164,0.14,-0.3430495205162144,0.14,-0.339908530123194,0.14,-0.3372028811160159,0.14,-0.3348453468721502,0.14,-0.33277094744139
0.15,-0.3937531051803913,0.15,-0.3881138725558224,0.15,-0.3788379660794444,0.15,-0.3713480238134664,0.15,-0.3644140318495305,0.15,-0.3588099382305514,0.15,-0.3541541673743763,0.15,-0.3502024606786402,0.15,-0.3467913842990491,0.15,-0.3411669375373064,0.15,-0.3367458304408939,0.15,-0.3330495216484791,0.15,-0.329908531212217,0.15,-0.3272028821642922,0.15,-0.3248453478821848,0.15,-0.3227709484155845
0.16,-0.3837531092040614,0.16,-0.3781138748742202,0.16,-0.3688379680491909,0.16,-0.3613480256108906,0.16,-0.3544140336297645,0.16,-0.3488099399862717,0.16,-0.3441541691017169,0.16,-0.3402024623756685,0.16,-0.3367913859649273,0.16,-0.3311669391407011,0.16,-0.3267458319770905,0.16,-0.3230495231212052,0.16,-0.3199085326256391,0.16,-0.3172028835225029,0.16,-0.3148453491890264,0.16,-0.3127709496745995
0.17,-0.3737531145319698,0.17,-0.3681138779378391,0.17,-0.3588379706490809,0.17,-0.3513480279814748,0.17,-0.3444140359723615,0.17,-0.3388099422928795,0.17,-0.3341541713682576,0.17,-0.3302024646002651,0.17,-0.3267913881469473,0.17,-0.3211669412382728,0.17,-0.3167458339789936,0.17,-0.3130495250349613,0.17,-0.3099085344583429,0.17,-0.3072028852805867,0.17,-0.3048453508782508,0.17,-0.3027709513001102
0.18,-0.3637531215826598,0.18,-0.3581138819837105,0.18,-0.3488379740783554,0.18,-0.3413480311056666,0.18,-0.3344140390524989,0.18,-0.3288099453206412,0.18,-0.3241541743396379,0.18,-0.3202024675137027,0.18,-0.316791391002242,0.18,-0.3111669439794829,0.18,-0.3067458365850616,0.18,-0.3030495275192047,0.18,-0.2999085368321881,0.18,-0.2972028875538406,0.18,-0.2948453530593915,0.18,-0.2927709533965271
0.19,-0.3537531309069349,0.19,-0.3481138873230357,0.19,-0.338837978598122,0.19,-0.3313480352196027,0.19,-0.3244140430987338,0.19,-0.3188099492912121,0.19,-0.3141541782311172,0.19,-0.3102024713252599,0.19,-0.3067913947344706,0.19,-0.3011669475576709,0.19,-0.2967458399736757,0.19,-0.2930495307402238,0.19,-0.2899085399033373,0.19,-0.2872028904897408,0.19,-0.2848453558723401,0.19,-0.282770956097029
0.2,-0.343753143228639,0.2,-0.3381138943638168,0.2,-0.3288379845500027,0.2,-0.321348040631751,0.2,-0.3144140484087056,0.2,-0.3088099544925672,0.2,-0.3041541833218374,0.2,-0.3002024763059009,0.2,-0.2967913996069804,0.2,-0.2911669522223105,0.2,-0.286745844374101,0.2,-0.2830495349111,0.2,-0.2799085438714319,0.2,-0.2772028942764787,0.2,-0.2748453594953371,0.2,-0.2727709595710767
0.21,-0.3337531594974892,0.21,-0.3281139036400598,0.21,-0.3188379923801502,0.21,-0.3113480477442595,0.21,-0.3044140553691709,0.21,-0.2988099612979828,0.21,-0.294154189972908,0.21,-0.2902024828055954,0.21,-0.2867914059594178,0.21,-0.2811669582944306,0.21,-0.2767458500801913,0.21,-0.2730495403041425,0.21,-0.2699085489910291,0.21,-0.2672028991535631,0.21,-0.2648453641548805,0.21,-0.2627709640337538
0.2200000000000001,-0.3237531809572691,0.2200000000000001,-0.3181139158493846,0.2200000000000001,-0.3088380026700075,0.2200000000000001,-0.3013480570802167,0.2200000000000001,-0.2944140644814762,0.2200000000000001,-0.2888099701900552,0.2200000000000001,-0.2841541986502173,0.2200000000000001,-0.2802024912750621,0.2200000000000001,-0.2767914142285767,0.2200000000000001,-0.2711669661858863,0.2200000000000001,-0.2667458574674783,0.2200000000000001,-0.2630495472663453,0.2200000000000001,-0.2599085555857592,0.2200000000000001,-0.2572029054249469,0.2200000000000001,-0.2548453701379921,0.2200000000000001,-0.2527709697572639
0.2300000000000001,-0.313753209233503,0.2300000000000001,-0.3081139319011977,0.2300000000000001,-0.2988380161755498,0.2300000000000001,-0.2913480693182849,0.2300000000000001,-0.2844140763937189,0.2300000000000001,-0.2788099817909219,0.2300000000000001,-0.2741542099530286,0.2300000000000001,-0.2702025022929844,0.2300000000000001,-0.2667914249743683,0.2300000000000001,-0.2611669764232716,0.2300000000000001,-0.2567458670143058,0.2300000000000001,-0.2530495562384574,0.2300000000000001,-0.2499085640658021,0.2300000000000001,-0.2472029134751862,0.2300000000000001,-0.2448453778072691,0.2300000000000001,-0.2427709770850704
0.2400000000000001,-0.3037532464455651,0.2400000000000001,-0.2981139529781199,0.2400000000000001,-0.2888380338770672,0.2400000000000001,-0.281348085336443,0.2400000000000001,-0.2744140919411503,0.2400000000000001,-0.2688099969000384,0.2400000000000001,-0.2641542246495884,0.2400000000000001,-0.260202516599774,0.2400000000000001,-0.2567914389119956,0.2400000000000001,-0.2511669896773991,0.2400000000000001,-0.246745879327828,0.2400000000000001,-0.2430495677783917,0.2400000000000001,-0.2399085749492685,0.2400000000000001,-0.2372029237892032,0.2400000000000001,-0.234845387619313,0.2400000000000001,-0.2327709864491717
0.2500000000000001,-0.2937532953492802,0.2500000000000001,-0.2881139806138518,0.2500000000000001,-0.2788380570419123,0.2500000000000001,-0.2713481062668748,0.2500000000000001,-0.2644141121965599,0.2500000000000001,-0.2588100165410621,0.2500000000000001,-0.2541542437211621,0.2500000000000001,-0.2502025351391907,0.2500000000000001,-0.2467914569514833,0.2500000000000001,-0.241167006799377,0.2500000000000001,-0.2367458951757423,0.2500000000000001,-0.2330495825897709,0.2500000000000001,-0.2299085888882801,0.2500000000000001,-0.2272029369763592,0.2500000000000001,-0.2248454001471218,0.2500000000000001,-0.2227709983910938
0.2600000000000001,-0.2837533595171289,0.2600000000000001,-0.2781140167912844,0.2600000000000001,-0.2688380873031026,0.2600000000000001,-0.2613481335643389,0.2600000000000001,-0.2544141385326457,0.2600000000000001,-0.2488100420196103,0.2600000000000001,-0.2441542684160463,0.2600000000000001,-0.2402025591092337,0.2600000000000001,-0.2367914802458846,0.2600000000000001,-0.2311670288643773,0.2600000000000001,-0.2267459155247754,0.2600000000000001,-0.2230496015565259,0.2600000000000001,-0.2199086067005288,0.2600000000000001,-0.2172029537995804,0.2600000000000001,-0.2148454161072239,0.2600000000000001,-0.2127710135873007
0.2700000000000001,-0.2737534435643217,0.2700000000000001,-0.2681140640651968,0.2700000000000001,-0.2588381267569681,0.2700000000000001,-0.2513481690906829,0.2700000000000001,-0.2444141726985979,0.2700000000000001,-0.2388100749938299,0.2700000000000001,-0.2341543003153165,0.2700000000000001,-0.230202590023858,0.2700000000000001,-0.2267915102495719,0.2700000000000001,-0.2211670572243533,0.2700000000000001,-0.2167459415870316,0.2700000000000001,-0.2130496257845357,0.2700000000000001,-0.2099086294072978,0.2700000000000001,-0.2072029752104493,0.2700000000000001,-0.2048454363923196,0.2700000000000001,-0.2027710328797923
0.2800000000000001,-0.2637535534301182,0.2800000000000001,-0.2581141257145432,0.2800000000000001,-0.2488381780835434,0.2800000000000001,-0.2413482152183778,0.2800000000000001,-0.2344142169133369,0.2800000000000001,-0.2288101175598645,0.2800000000000001,-0.2241543414121184,0.2800000000000001,-0.220202629787194,0.2800000000000001,-0.2167915487881566,0.2800000000000001,-0.211167093570961,0.2800000000000001,-0.206745974875379,0.2800000000000001,-0.2030496566514716,0.2800000000000001,-0.1999086582789668,0.2800000000000001,-0.1972030023912267,0.2800000000000001,-0.1948454621104194,0.2800000000000001,-0.1927710573127819
0.2900000000000001,-0.2537536967246639,0.2900000000000001,-0.2481142059297842,0.2900000000000001,-0.2388382446935918,0.2900000000000001,-0.2313482749562333,0.2900000000000001,-0.2244142739779716,0.2900000000000001,-0.2188101723544653,0.2900000000000001,-0.2141543942065072,0.2900000000000001,-0.2102026807820078,0.2900000000000001,-0.2067915981415809,0.2900000000000001,-0.2011671400100498,0.2900000000000001,-0.1967460172691989,0.2900000000000001,-0.193049695866031,0.2900000000000001,-0.1899086948891842,0.2900000000000001,-0.1872030368049103,0.2900000000000001,-0.1848454946314864,0.2900000000000001,-0.1827710881764446
0.3000000000000001,-0.2437538831523093,0.3000000000000001,-0.2381143100411577,0.3000000000000001,-0.2288383309064776,0.3000000000000001,-0.2213483521005297,0.3000000000000001,-0.2144143474101722,0.3000000000000001,-0.2088102426770034,0.3000000000000001,-0.2041544618177972,0.3000000000000001,-0.2002027459742072,0.3000000000000001,-0.1967916611420604,0.3000000000000001,-0.1911671991490675,0.3000000000000001,-0.186746071091803,0.3000000000000001,-0.1830497455378785,0.3000000000000001,-0.179908741178913,0.3000000000000001,-0.1772030802544969,0.3000000000000001,-0.174845535642699,0.3000000000000001,-0.1727711270587629
0.3100000000000001,-0.2337541250223881,0.3100000000000001,-0.2281144447939797,0.3100000000000001,-0.2188384421631349,0.3100000000000001,-0.2113484514148526,0.3100000000000001,-0.204414441603149,0.3100000000000001,-0.1988103326332016,0.3100000000000001,-0.1941545481164623,0.3100000000000001,-0.1902028290351382,0.3100000000000001,-0.1867917412883697,0.3100000000000001,-0.1811672741986345,0.3100000000000001,-0.1767461392008174,0.3100000000000001,-0.1730498082595096,0.3100000000000001,-0.1699087995315453,0.3100000000000001,-0.1672031349525527,0.3100000000000001,-0.1648455872133651,0.3100000000000001,-0.1627711759064641
0.3200000000000001,-0.2237544378580065,0.3200000000000001,-0.2181146186770396,0.3200000000000001,-0.2088385852783318,0.3200000000000001,-0.2013485788418365,0.3200000000000001,-0.1944145620118082,0.3200000000000001,-0.1888104473027304,0.3200000000000001,-0.1841546578773602,0.3200000000000001,-0.1802029344832389,0.3200000000000001,-0.1767918428778684,0.3200000000000001,-0.1711673690892217,0.3200000000000001,-0.1667462250925659,0.3200000000000001,-0.1630498872010729,0.3200000000000001,-0.1599088728600209,0.3200000000000001,-0.1572032036019729,0.3200000000000001,-0.1548456518703009,0.3200000000000001,-0.1527712370957529
0.3300000000000001,-0.2137548411118437,0.3300000000000001,-0.2081148423097515,0.3300000000000001,-0.1988387687361128,0.3300000000000001,-0.1913487417496837,0.3300000000000001,-0.1844147153683606,0.3300000000000001,-0.1788105929324594,0.3300000000000001,-0.1741547969557372,0.3300000000000001,-0.1702030678461059,0.3300000000000001,-0.1667919711569726,0.3300000000000001,-0.161167488603229,0.3300000000000001,-0.1567463330208046,0.3300000000000001,-0.153049986218496,0.3300000000000001,-0.1499089647062792,0.3300000000000001,-0.147203289488162,0.3300000000000001,-0.1448457326838101,0.3300000000000001,-0.1427713135129503
0.3400000000000001,-0.2037553589954503,0.3400000000000001,-0.1981151288929335,0.3400000000000001,-0.1888390030316509,0.3400000000000001,-0.1813489492156603,0.3400000000000001,-0.1744149099289286,0.3400000000000001,-0.1688107771563508,0.3400000000000001,-0.1641549724864457,0.3400000000000001,-0.16020323584303,0.3400000000000001,-0.1567921324897718,0.3400000000000001,-0.1511676385214383,0.3400000000000001,-0.1467464681289971,0.3400000000000001,-0.143050109974105,0.3400000000000001,-0.139909079352168,0.3400000000000001,-0.1372033965817214,0.3400000000000001,-0.134845833363331,0.3400000000000001,-0.132771408643991
0.3500000000000001,-0.1937560214245288,0.3500000000000001,-0.1881154947266516,0.3500000000000001,-0.1788393010615661,0.3500000000000001,-0.1713492123476134,0.3500000000000001,-0.1644151557513027,0.3500000000000001,-0.158811009241387,0.3500000000000001,-0.1541551931051381,0.3500000000000001,-0.1502034465860938,0.3500000000000001,-0.1467923345423762,0.3500000000000001,-0.1411678257806994,0.3500000000000001,-0.1367466365931644,0.3500000000000001,-0.1330502640668705,0.3500000000000001,-0.1299092219389771,0.3500000000000001,-0.1272035296488305,0.3500000000000001,-0.1248459583598799,0.3500000000000001,-0.1227715266699723
0.3600000000000002,-0.1837568650767801,0.3600000000000002,-0.1781159597961897,0.3600000000000002,-0.1688396785625934,0.3600000000000002,-0.161349544642183,0.3600000000000002,-0.1544154650014839,0.3600000000000002,-0.1488113003561297,0.3600000000000002,-0.1441554691871286,0.3600000000000002,-0.1402037097949139,0.3600000000000002,-0.1367925864774801,0.3600000000000002,-0.1311680586365309,0.3600000000000002,-0.1267468457693685,0.3600000000000002,-0.12305045516655,0.3600000000000002,-0.1199093985900504,0.3600000000000002,-0.1172036943638691,0.3600000000000002,-0.1148461129700232,0.3600000000000002,-0.1127716725635534
0.3700000000000002,-0.1737579345503731,0.3700000000000002,-0.1681165484232479,0.3700000000000002,-0.1588401545947755,0.3700000000000002,-0.1513499623745666,0.3700000000000002,-0.144415852282349,0.3700000000000002,-0.1388116638540769,0.3700000000000002,-0.1341558130951788,0.3700000000000002,-0.130204037015522,0.3700000000000002,-0.1267928991492384,0.3700000000000002,-0.1211683468202931,0.3700000000000002,-0.1167471043360124,0.3700000000000002,-0.1130506911423587,0.3700000000000002,-0.1099096165274543,0.3700000000000002,-0.1072038974156621,0.3700000000000002,-0.1048463034330432,0.3700000000000002,-0.1027718521782102
0.3800000000000002,-0.1637592835984434,0.3800000000000002,-0.1581172899730041,0.3800000000000002,-0.1488407520592309,0.3800000000000002,-0.1413504850085358,0.3800000000000002,-0.1344163349715543,0.3800000000000002,-0.1288121155577627,0.3800000000000002,-0.1241562394215063,0.3800000000000002,-0.1202044418284124,0.3800000000000002,-0.1167932852833546,0.3800000000000002,-0.1111687016762292,0.3800000000000002,-0.1067474224170598,0.3800000000000002,-0.1030509811730626,0.3800000000000002,-0.0999098841703463,0.3800000000000002,-0.09720414659557558,0.3800000000000002,-0.09484653701013124,0.3800000000000002,-0.09277207231968526
0.3900000000000002,-0.1537609763969035,0.3900000000000002,-0.1481182195976876,0.3900000000000002,-0.1388414982313474,0.3900000000000002,-0.1313511356066515,0.3900000000000002,-0.1244169335475103,0.3900000000000002,-0.1188126740220763,0.3900000000000002,-0.1141567652025979,0.3900000000000002,-0.1102049400248942,0.3900000000000002,-0.106793759622374,0.3900000000000002,-0.1011691362603024,0.3900000000000002,-0.09674781166916613,0.3900000000000002,-0.09305133582252628,0.3900000000000002,-0.08991021120007719,0.3900000000000002,-0.08720445085351425,0.3900000000000002,-0.08484682203250843,0.3900000000000002,-0.0827723407873639
0.4000000000000002,-0.1437630887777407,0.4000000000000002,-0.1381193789826481,0.4000000000000002,-0.1288424252777702,0.4000000000000002,-0.1213519412100196,0.4000000000000002,-0.1144176718732083,0.4000000000000002,-0.10881336074789,0.4000000000000002,-0.104157410079802,0.4000000000000002,-0.1002055497267251,0.4000000000000002,-0.09679433901318879,0.4000000000000002,-0.09116966538168353,0.4000000000000002,-0.08674828531471074,0.4000000000000002,-0.08305176706409845,0.4000000000000002,-0.0799106085767291,0.4000000000000002,-0.07720482030766584,0.4000000000000002,-0.07484716790543278,0.4000000000000002,-0.0727726663734613
0.4100000000000002,-0.1337657093284321,0.4100000000000002,-0.1281208170422446,0.4100000000000002,-0.1188435707112703,0.4100000000000002,-0.1113529331460886,0.4100000000000002,-0.1044185774001345,0.4100000000000002,-0.09881420031237581,0.4100000000000002,-0.09415819637614881,0.4100000000000002,-0.09020629142331499,0.4100000000000002,-0.08679504241452091,0.4100000000000002,-0.08117030557059407,0.4100000000000002,-0.076748858105463,0.4100000000000002,-0.07305228823985022,0.4100000000000002,-0.06991108849442323,0.4100000000000002,-0.06720526619660933,0.4100000000000002,-0.06484758505783139,0.4100000000000002,-0.06277305881081047
0.4200000000000002,-0.1237689402240355,0.4200000000000002,-0.1181225904924084,0.4200000000000002,-0.108844977724517,0.4200000000000002,-0.1013541472157166,0.4200000000000002,-0.09441968125175199,0.4200000000000002,-0.08881522038302553,0.4200000000000002,-0.08415914906296035,0.4200000000000002,-0.080207187905662,0.4200000000000002,-0.0767958908082354,0.4200000000000002,-0.07117107496332192,0.4200000000000002,-0.06674954620822598,0.4200000000000002,-0.06305291394702206,0.4200000000000002,-0.05991166426886096,0.4200000000000002,-0.05720580076825926,0.4200000000000002,-0.0548480848329298,0.4200000000000002,-0.05277352866542584
0.4300000000000002,-0.1137728976311677,0.4300000000000002,-0.1081247642100314,0.4300000000000002,-0.09884669533721219,0.4300000000000002,-0.09135562371095435,0.4300000000000002,-0.08442101815120456,0.4300000000000002,-0.07881645159058975,0.4300000000000002,-0.07416029559974296,0.4300000000000002,-0.07020826408684405,0.4300000000000002,-0.06679690700917584,0.4300000000000002,-0.06117199310588423,0.4300000000000002,-0.05675036701376857,0.4300000000000002,-0.05305365985332761,0.4300000000000002,-0.04991235015921519,0.4300000000000002,-0.04720643710827727,0.4300000000000002,-0.04484867932300146,0.4300000000000002,-0.04277408717732639
0.4400000000000002,-0.103777711516137,0.4400000000000002,-0.09812741128420116,0.4400000000000002,-0.08884877829635757,0.4400000000000002,-0.08135740722636037,0.4400000000000002,-0.07442262617258916,0.4400000000000002,-0.06881792725194952,0.4400000000000002,-0.06416166564652276,0.4400000000000002,-0.06020954671390738,0.4400000000000002,-0.05679811538229917,0.4400000000000002,-0.05117308068945287,0.4400000000000002,-0.04675133888135591,0.4400000000000002,-0.04305454245300705,0.4400000000000002,-0.03991316113601556,0.4400000000000002,-0.03720718891938363,0.4400000000000002,-0.03484938115944547,0.4400000000000002,-0.03277474606067593
0.4500000000000002,-0.09378352471715495,0.4500000000000002,-0.08813061267849348,0.4500000000000002,-0.07885128669010627,0.4500000000000002,-0.07135954624934931,0.4500000000000002,-0.06442454631754041,0.4500000000000002,-0.0588196829545376,0.4500000000000002,-0.0541632906660266,0.4500000000000002,-0.05021106399180203,0.4500000000000002,-0.0467995414893666,0.4500000000000002,-0.04117435924042434,0.4500000000000002,-0.03675248084056537,0.4500000000000002,-0.03305557878419568,0.4500000000000002,-0.02991411261459076,0.4500000000000002,-0.02720807027023286,0.4500000000000002,-0.02485020327605419,0.4500000000000002,-0.02277551728028626
0.4600000000000002,-0.08379049121038523,0.4600000000000002,-0.07813445646055123,0.4600000000000002,-0.06885428527040044,0.4600000000000002,-0.06136209254544006,0.4600000000000002,-0.05442682194422582,0.4600000000000002,-0.04882175603424416,0.4600000000000002,-0.04416520344906777,0.4600000000000002,-0.04021284515231588,0.4600000000000002,-0.03680121169679018,0.4600000000000002,-0.03117585079297536,0.4600000000000002,-0.02675381227714974,0.4600000000000002,-0.02305678613294199,0.4600000000000002,-0.01991522017792458,0.4600000000000002,-0.01720909533628473,0.4600000000000002,-0.01485115866656689,0.4600000000000002,-0.01277641282440356
0.4700000000000003,-0.07379877360506465,0.4700000000000003,-0.06813903661118864,0.4700000000000003,-0.05885784252141585,0.4700000000000003,-0.05136510038460257,0.4700000000000003,-0.04442949809714031,0.4700000000000003,-0.0388241849930982,0.4700000000000003,-0.03416743760567237,0.4700000000000003,-0.03021492000629072,0.4700000000000003,-0.02680315277883294,0.4700000000000003,-0.02117757757112187,0.4700000000000003,-0.01675535262943034,0.4700000000000003,-0.01305818174898393,0.4700000000000003,-0.009916499312480731,0.4700000000000003,-0.007210278154668404,0.4700000000000003,-0.004852260157015176,0.4700000000000003,-0.002777444492891912
0.4800000000000003,-0.06380854002128039,0.4800000000000003,-0.05814445148755193,0.4800000000000003,-0.04886202954845903,0.4800000000000003,-0.04136862567660832,0.4800000000000003,-0.03443262079724047,0.4800000000000003,-0.02882700890735918,0.4800000000000003,-0.02417002706444832,0.4800000000000003,-0.02021731851475644,0.4800000000000003,-0.01680539154596178,0.4800000000000003,-0.01117956170124301,0.4800000000000003,-0.006757121116435005,0.4800000000000003,-0.003059782593610949,0.4800000000000003,8.203482403579265e-05,0.4800000000000003,0.002788367589393215,0.4800000000000003,0.005146479790881897,0.4800000000000003,0.007221376284177627
0.4900000000000003,-0.05381996060212674,0.4900000000000003,-0.04815080206637251,0.4900000000000003,-0.0388669188845539,0.4900000000000003,-0.03137272509008265,0.4900000000000003,-0.02443623635025921,0.4900000000000003,-0.01883026687047501,0.4900000000000003,-0.01417300561441198,0.4900000000000003,-0.01022007040524658,0.4900000000000003,-0.006807954518600556,0.4900000000000003,-0.001181824967115219,0.4900000000000003,0.003240863489297141,0.4900000000000003,0.006938394867829045,0.4900000000000003,0.01008036759117087,0.4900000000000003,0.01278682873374043,0.4900000000000003,0.0151450492354368,0.4900000000000003,0.01722003858859816
0.5000000000000002,-0.04383320395981793,0.5000000000000002,-0.0381581901186262,0.5000000000000002,-0.02887258331323073,0.5000000000000002,-0.02137745522082968,0.5000000000000002,-0.0144403907178805,0.5000000000000002,-0.00883399750131475,0.5000000000000002,-0.004176406509785346,0.5000000000000002,-0.0002232048470134362,0.5000000000000002,0.003189132344849577,0.5000000000000002,0.008815611389732136,0.5000000000000002,0.01323858304021636,0.5000000000000002,0.01693633482455459,0.5000000000000002,0.02007848500656362,0.5000000000000002,0.02278509276457102,0.5000000000000002,0.02514343686682152,0.5000000000000002,0.02721853211425485
0.5100000000000002,-0.03384843383897795,0.5100000000000002,-0.02816671645951641,0.5100000000000002,-0.01887909478704497,0.5100000000000002,-0.01138287185397902,0.5100000000000002,-0.004445128976945822,0.5100000000000002,0.001161761468922662,0.5100000000000002,0.005819737856090579,0.5100000000000002,0.009773249813349927,0.5100000000000002,0.01318584386712507,0.5100000000000002,0.01881272682862123,0.5100000000000002,0.02323602014686404,0.5100000000000002,0.02693402223300112,0.5100000000000002,0.03007637384189021,0.5100000000000002,0.0327831478986268,0.5100000000000002,0.03514163207785698,0.5100000000000002,0.03721684722840157
0.5200000000000002,-0.02386580620841317,0.5200000000000002,-0.01817647938213507,0.5200000000000002,-0.008886523489878617,0.5200000000000002,-0.001389029339169734,0.5200000000000002,0.005549505127898313,0.5200000000000002,0.01115697353294376,0.5200000000000002,0.01581539621327688,0.5200000000000002,0.0197692662632164,0.5200000000000002,0.02318215582648164,0.5200000000000002,0.02880950163563983,0.5200000000000002,0.03323315827344825,0.5200000000000002,0.03693144289100048,0.5200000000000002,0.04007402168111074,0.5200000000000002,0.04278098312921508,0.5200000000000002,0.04513962500046431,0.5200000000000002,0.04721497500051391
0.5300000000000002,-0.01388546689143066,0.5300000000000002,-0.008187573332864351,0.5300000000000002,0.001105062942611257,0.5300000000000002,0.008604019924451256,0.5300000000000002,0.01554346954779273,0.5300000000000002,0.02115160367860902,0.5300000000000002,0.02581053862642713,0.5300000000000002,0.02976481839398826,0.5300000000000002,0.03317804509736377,0.5300000000000002,0.03880591702605912,0.5300000000000002,0.04322998180540877,0.5300000000000002,0.04692858348286283,0.5300000000000002,0.0500714169501138,0.5300000000000002,0.05277858824482273,0.5300000000000002,0.05513740651618509,0.5300000000000002,0.05721290720674677
0.5400000000000003,-0.003907549745976846,0.5400000000000003,0.001799912162654627,0.5400000000000003,0.01109560005685162,0.5400000000000003,0.01859622591107013,0.5400000000000003,0.02553672422706543,0.5400000000000003,0.0311456186111605,0.5400000000000003,0.03580513666861407,0.5400000000000003,0.03975988144194598,0.5400000000000003,0.04317348976775437,0.5400000000000003,0.04880195523096259,0.5400000000000003,0.05322647609778691,0.5400000000000003,0.05692543160442431,0.5400000000000003,0.0600685489267207,0.5400000000000003,0.06277595382901391,0.5400000000000003,0.06513496824909953,0.5400000000000003,0.0672106363179637
0.5500000000000003,0.006067824665782817,0.5500000000000003,0.0117858933501529,0.5500000000000003,0.02108502709688165,0.5500000000000003,0.02858754132180175,0.5500000000000003,0.03552923135297781,0.5500000000000003,0.04113898694121332,0.5500000000000003,0.04579916356960012,0.5500000000000003,0.04975443210935915,0.5500000000000003,0.05316846924078189,0.5500000000000003,0.05879759957312913,0.5500000000000003,0.0632226275110383,0.5500000000000003,0.0669219757753361,0.5500000000000003,0.07006540773839259,0.5500000000000003,0.07277307124881294,0.5500000000000003,0.07513230254812642,0.5500000000000003,0.07720815547803123
0.5600000000000003,0.01604055001283444,0.5600000000000003,0.02177029291829591,0.5600000000000003,0.03107328743181648,0.5600000000000003,0.03857792188940312,0.5600000000000003,0.04552095557238611,0.5600000000000003,0.05113167934898999,0.5600000000000003,0.05579259434613937,0.5600000000000003,0.05974844867137763,0.5600000000000003,0.06316296432465418,0.5600000000000003,0.06879283453427332,0.5600000000000003,0.07321842343843965,0.5600000000000003,0.07691820544354189,0.5600000000000003,0.0800619843529381,0.5600000000000003,0.08276993263689125,0.5600000000000003,0.08512940246389306,0.5600000000000003,0.08720545847737055
0.5700000000000003,0.026010534829774,0.5700000000000003,0.03175304053557881,0.5700000000000003,0.0410603289195195,0.5700000000000003,0.04856732664743568,0.5700000000000003,0.05551186418355536,0.5700000000000003,0.06112366872985331,0.5700000000000003,0.06578540591730853,0.5700000000000003,0.06974191107037542,0.5700000000000003,0.07315695731170491,0.5700000000000003,0.07878764581346126,0.5700000000000003,0.08321385232683842,0.5700000000000003,0.08691411098468688,0.5700000000000003,0.09005827056533483,0.5700000000000003,0.09276653087083386,0.5700000000000003,0.09512626172343208,0.5700000000000003,0.09720253972496473
0.5800000000000003,0.03597770292188696,0.5800000000000003,0.04173407328550738,0.5800000000000003,0.05104610422032341,0.5800000000000003,0.05855571816884486,0.5800000000000003,0.06550192730503812,0.5800000000000003,0.07111493032134109,0.5800000000000003,0.0757775772041569,0.5800000000000003,0.07973480099651065,0.5800000000000003,0.08315043204499933,0.5800000000000003,0.08878202037496624,0.5800000000000003,0.0932089036908576,0.5800000000000003,0.09690968369744152,0.5800000000000003,0.1000542589821335,0.5800000000000003,0.1027628595511318,0.5800000000000003,0.1051228747044607,0.5800000000000003,0.1071993942205567
0.5900000000000003,0.04594199358171058,0.5900000000000003,0.05171333601706252,0.5900000000000003,0.06103057106398857,0.5900000000000003,0.06854306277186328,0.5900000000000003,0.07549111801875452,0.5900000000000003,0.08110544180861634,0.5900000000000003,0.08576908921058246,0.5900000000000003,0.08972710195156686,0.5900000000000003,0.09314337396982153,0.5900000000000003,0.09877594648330978,0.5900000000000003,0.1032035681196737,0.5900000000000003,0.1069049157946362,0.5900000000000003,0.1100499430037239,0.5900000000000003,0.1127589129784143,0.5900000000000003,0.1151192364098163,0.5900000000000003,0.1171960175276583
0.6000000000000003,0.05590336163038123,0.6000000000000003,0.06169078161280639,0.6000000000000003,0.07101369246504929,0.6000000000000003,0.07852933068664536,0.6000000000000003,0.08547941248180579,0.6000000000000003,0.09109518340372036,0.6000000000000003,0.09575992508157594,0.6000000000000003,0.09971879929278693,0.6000000000000003,0.103135770167206,0.6000000000000003,0.1087694137233955,0.6000000000000003,0.1131978372752343,0.6000000000000003,0.1168998003895918,0.6000000000000003,0.1200453168041368,0.6000000000000003,0.1227546861297382,0.6000000000000003,0.1251153424419946,0.6000000000000003,0.1271924057473676
0.6100000000000003,0.06586177727928744,0.6100000000000003,0.07166637116704011,0.6100000000000003,0.08099543687739963,0.6100000000000003,0.0885144961745119,0.6100000000000003,0.09546679000108793,0.6100000000000003,0.1010841378941519,0.6100000000000003,0.105750070135323,0.6100000000000003,0.1097098802539744,0.6100000000000003,0.113127609367372,0.6100000000000003,0.118762413004355,0.6100000000000003,0.1231917038809884,0.6100000000000003,0.1268943314769569,0.6100000000000003,0.1300403753078634,0.6100000000000003,0.132750174633522,0.6100000000000003,0.1351111889773997,0.6100000000000003,0.1371885554926465
0.6200000000000003,0.07581722580113637,0.6200000000000003,0.08164007406243323,0.6200000000000003,0.09097577827853809,0.6200000000000003,0.09849853759261518,0.6200000000000003,0.1054532330659947,0.6200000000000003,0.1110722906575546,0.6200000000000003,0.1157395118669856,0.6200000000000003,0.1197003339423108,0.6200000000000003,0.123118881941944,0.6200000000000003,0.1287549365466364,0.6200000000000003,0.1331851617006835,0.6200000000000003,0.1368885039076392,0.6200000000000003,0.1400351141632657,0.6200000000000003,0.1427453747426918,0.6200000000000003,0.1451067727399051,0.6200000000000003,0.1471844638626234
0.6300000000000003,0.08576970700275555,0.6300000000000003,0.09161186793470277,0.6300000000000003,0.100954696176265,0.6300000000000003,0.1084814373994687,0.6300000000000003,0.1154387273367373,0.6300000000000003,0.1210596296412159,0.6300000000000003,0.1257282399235201,0.6300000000000003,0.1296901513107529,0.6300000000000003,0.1331095798752104,0.6300000000000003,0.1387469778528573,0.6300000000000003,0.1431782055073682,0.6300000000000003,0.1468823133577658,0.6300000000000003,0.1500295297123957,0.6300000000000003,0.1527402833057754,0.6300000000000003,0.1551020909733901,0.6300000000000003,0.1571801284166144
0.6400000000000003,0.09571923450145259,0.6400000000000003,0.1015817385198176,0.6400000000000003,0.1109321755348365,0.6400000000000003,0.1184631821002807,0.6400000000000003,0.1254232615883942,0.6400000000000003,0.1310461453071109,0.6400000000000003,0.1357162460506602,0.6400000000000003,0.1396793251072704,0.6400000000000003,0.1430996967156783,0.6400000000000003,0.1487385316638242,0.6400000000000003,0.1531708310433455,0.6400000000000003,0.1568757562920217,0.6400000000000003,0.1600236189573444,0.6400000000000003,0.1627348977359543,0.6400000000000003,0.1650971414131596,0.6400000000000003,0.1671755471476444
0.6500000000000004,0.1056658348187417,0.6500000000000004,0.111549679384941,0.6500000000000004,0.1209082066223689,0.6500000000000004,0.128443762134563,0.6500000000000004,0.135406827613367,0.6500000000000004,0.1410318305451542,0.6500000000000004,0.1457035240145806,0.6500000000000004,0.149667849803345,0.6500000000000004,0.1530892275102581,0.6500000000000004,0.1587295939016814,0.6500000000000004,0.1631630349722467,0.6500000000000004,0.1668688299220671,0.6500000000000004,0.1700173795235243,0.6500000000000004,0.1727292159781995,0.6500000000000004,0.1750919222562838,0.6500000000000004,0.1771707184554557
0.6600000000000004,0.1156095463167275,0.6600000000000004,0.1215156915511574,0.6600000000000004,0.130882784785717,0.6600000000000004,0.1384231717115386,0.6600000000000004,0.1453894200869364,0.6600000000000004,0.1510166805587404,0.6600000000000004,0.1556900695018771,0.6600000000000004,0.1596557215049549,0.6600000000000004,0.1630781687239896,0.6600000000000004,0.1687201616026902,0.6600000000000004,0.1731548148247162,0.6600000000000004,0.1768615321609641,0.6600000000000004,0.1800108096204543,0.6600000000000004,0.1827232364749303,0.6600000000000004,0.1850864321310907,0.6600000000000004,0.1871656411191083
0.6700000000000004,0.1255504180112932,0.6700000000000004,0.1314797830220289,0.6700000000000004,0.1408559101626966,0.6700000000000004,0.1484014086012166,0.6700000000000004,0.1553710364020974,0.6700000000000004,0.1610006927276664,0.6700000000000004,0.1656758800021567,0.6700000000000004,0.169642937849789,0.6700000000000004,0.1730665181485603,0.6700000000000004,0.1787102328421911,0.6700000000000004,0.1831461689393888,0.6700000000000004,0.1868538615747145,0.6700000000000004,0.1900039080007911,0.6700000000000004,0.1927169581306486,0.6700000000000004,0.1950806700661306,0.6700000000000004,0.1971603142694021
0.6800000000000004,0.1354885083014769,0.6800000000000004,0.1414419682362078,0.6800000000000004,0.1508275873438748,0.6800000000000004,0.1583784738903842,0.6800000000000004,0.1653516764806497,0.6800000000000004,0.170983866453974,0.6800000000000004,0.1756609546778293,0.6800000000000004,0.1796294978945457,0.6800000000000004,0.183054274802989,0.6800000000000004,0.1886998066543875,0.6800000000000004,0.1931370964007842,0.6800000000000004,0.1968458173320199,0.6800000000000004,0.1999966739183976,0.6800000000000004,0.2027103802761102,0.6800000000000004,0.2050746354590146,0.6800000000000004,0.2071547373613771
0.6900000000000004,0.1454238836559772,0.6900000000000004,0.1514022674646922,0.6900000000000004,0.1607978249973636,0.6900000000000004,0.1683543717132964,0.6900000000000004,0.1753313425677003,0.6900000000000004,0.1809662029962998,0.6900000000000004,0.1856452942256079,0.6900000000000004,0.1896154019960901,0.6900000000000004,0.1930414388296465,0.6900000000000004,0.1986888829493502,0.6900000000000004,0.2031275969757793,0.6900000000000004,0.2068373991533575,0.6900000000000004,0.209989107086188,0.6900000000000004,0.2127035026325663,0.6900000000000004,0.2150683280455144,0.6900000000000004,0.2171489101472057
0.7000000000000004,0.1553566172959219,0.7000000000000004,0.1613607061738094,0.7000000000000004,0.1707666354700892,0.7000000000000004,0.178329108966682,0.7000000000000004,0.1853100390164898,0.7000000000000004,0.1909477052980021,0.7000000000000004,0.1956289007339219,0.7000000000000004,0.1996006516899125,0.7000000000000004,0.2030280113885427,0.7000000000000004,0.2086774624294344,0.7000000000000004,0.2131176710500148,0.7000000000000004,0.2168286072603627,0.7000000000000004,0.2199812076344712,0.7000000000000004,0.2226963252766264,0.7000000000000004,0.2250617478693265,0.7000000000000004,0.2271428326497669
0.7100000000000004,0.1652867879088327,0.7100000000000004,0.1713173143740577,0.7100000000000004,0.1807340343782463,0.7100000000000004,0.1883026950179538,0.7100000000000004,0.1952877720697986,0.7100000000000004,0.2009283778137505,0.7100000000000004,0.2056117775399284,0.7100000000000004,0.2095852495688968,0.7100000000000004,0.2130139945523506,0.7100000000000004,0.2186655465068956,0.7100000000000004,0.2231073195655098,0.7100000000000004,0.2268194423263604,0.7100000000000004,0.2299729760704012,0.7100000000000004,0.2326888486061607,0.7100000000000004,0.2350548952528301,0.7100000000000004,0.2371365051371628
0.7200000000000004,0.1752144784228671,0.7200000000000004,0.1812721259727627,0.7200000000000004,0.1907000401982122,0.7200000000000004,0.19827514141435,0.7200000000000004,0.2052645496433124,0.7200000000000004,0.2109082263386207,0.7200000000000004,0.2155939290892572,0.7200000000000004,0.2195691991648991,0.7200000000000004,0.2229993912042568,0.7200000000000004,0.2286531372242406,0.7200000000000004,0.233096543960446,0.7200000000000004,0.2368099054287449,0.7200000000000004,0.2399644132390397,0.7200000000000004,0.2426810733076364,0.7200000000000004,0.2450477707691333,0.7200000000000004,0.2471299280984025
0.7300000000000004,0.1851397748638294,0.7300000000000004,0.1912251781457877,0.7300000000000004,0.2006646738674062,0.7300000000000004,0.208246461599511,0.7300000000000004,0.2152403811154032,0.7300000000000004,0.2208872578429008,0.7300000000000004,0.225575360800955,0.7300000000000004,0.2295525048350932,0.7300000000000004,0.2329842049402124,0.7300000000000004,0.2386402371783766,0.7300000000000004,0.2430853461118904,0.7300000000000004,0.2467999980037378,0.7300000000000004,0.2499555202864057,0.7300000000000004,0.252673000325165,0.7300000000000004,0.2550403752156061,0.7300000000000004,0.2571231022203964
0.7400000000000004,0.1950627653108166,0.7400000000000004,0.20117651074036,0.7400000000000004,0.2106279584026446,0.7400000000000004,0.2182166706425074,0.7400000000000004,0.2252152771267324,0.7400000000000004,0.2308654803151124,0.7400000000000004,0.2355560789395216,0.7400000000000004,0.2395351716545975,0.7400000000000004,0.2429684399768109,0.7400000000000004,0.248626849449441,0.7400000000000004,0.2530737282820115,0.7400000000000004,0.2567897218039077,0.7400000000000004,0.2599462986248104,0.7400000000000004,0.2626646308314753,0.7400000000000004,0.265032709589086,0.7400000000000004,0.26711602836643
0.7500000000000004,0.2049835389601116,0.7500000000000004,0.2111261657179722,0.7500000000000004,0.2205899185416351,0.7500000000000004,0.228185784983141,0.7500000000000004,0.2351892493921919,0.7500000000000004,0.2408429026150141,0.7500000000000004,0.2455360904953451,0.7500000000000004,0.249517205316328,0.7500000000000004,0.2529521010655432,0.7500000000000004,0.2586129775347694,0.7500000000000004,0.2630616930681201,0.7500000000000004,0.2667790788587048,0.7500000000000004,0.2699367499006293,0.7500000000000004,0.272655966200932,0.7500000000000004,0.2750247750628227,0.7500000000000004,0.277108707556141
0.7600000000000005,0.2149021853015664,0.7600000000000005,0.2210741866433702,0.7600000000000005,0.2305505804114683,0.7600000000000005,0.238153822196,0.7600000000000005,0.245162310526847,0.7600000000000005,0.2508195343377401,0.7600000000000005,0.255515403074369,0.7600000000000005,0.259498612038756,0.7600000000000005,0.2629351934139239,0.7600000000000005,0.2685986252883446,0.7600000000000005,0.2730492433567586,0.7600000000000005,0.2767680714381232,0.7600000000000005,0.2799268759646197,0.7600000000000005,0.2826470079846678,0.7600000000000005,0.2850165729652254,0.7600000000000005,0.2871011409470555
0.7700000000000005,0.2248187934071993,0.7700000000000005,0.2310206182230451,0.7700000000000005,0.2405099712263856,0.7700000000000005,0.2481208007748009,0.7700000000000005,0.2551344738867957,0.7700000000000005,0.2607953856896695,0.7700000000000005,0.2654940247973993,0.7700000000000005,0.2694793984818188,0.7700000000000005,0.2729177226136887,0.7700000000000005,0.2785837968657766,0.7700000000000005,0.2830363822818635,0.7700000000000005,0.2867567020195497,0.7700000000000005,0.2899166788448001,0.7700000000000005,0.2926377578878323,0.7700000000000005,0.2950081047604083,0.7700000000000005,0.2970933298176721
0.7800000000000005,0.2347334513282381,0.7800000000000005,0.2409655058944704,0.7800000000000005,0.2504681190158331,0.7800000000000005,0.2580867399376016,0.7800000000000005,0.2651057534252927,0.7800000000000005,0.2707704673762188,0.7800000000000005,0.2754719642091289,0.7800000000000005,0.2794595716710017,0.7800000000000005,0.2828996945760226,0.7800000000000005,0.2885684966747624,0.7800000000000005,0.2930231131869608,0.7800000000000005,0.2967449732577244,0.7800000000000005,0.2999061607218205,0.7800000000000005,0.3026282177489245,0.7800000000000005,0.3049993720304787,0.7800000000000005,0.3070852755520617
0.7900000000000005,0.2446462455942899,0.7900000000000005,0.250908895465576,0.7900000000000005,0.2604250523826971,0.7900000000000005,0.2680516594528215,0.7900000000000005,0.2750761635640011,0.7900000000000005,0.2807447905013691,0.7900000000000005,0.2854492301966961,0.7900000000000005,0.2894391389294042,0.7900000000000005,0.2928811154736266,0.7900000000000005,0.2985527293308428,0.7900000000000005,0.3030094395912752,0.7900000000000005,0.3067328879577337,0.7900000000000005,0.3098953239067989,0.7900000000000005,0.3126183895211318,0.7900000000000005,0.3149903764595476,0.7900000000000005,0.3170769796259276
0.8000000000000005,0.254557260806627,0.8000000000000005,0.2608508328026152,0.8000000000000005,0.2703808002908414,0.8000000000000005,0.2780155794854365,0.8000000000000005,0.2850457190788652,0.8000000000000005,0.2907183664785258,0.8000000000000005,0.2954258319173985,0.8000000000000005,0.2994181078174579,0.8000000000000005,0.3028619916893392,0.8000000000000005,0.3085364996181876,0.8000000000000005,0.3129953651595417,0.8000000000000005,0.3167204490508775,0.8000000000000005,0.3198841708214312,0.8000000000000005,0.3226082752555788,0.8000000000000005,0.3249811198193379,0.8000000000000005,0.327068443594056
0.8100000000000005,0.2644665793165299,0.8100000000000005,0.2707913635636344,0.8100000000000005,0.2803353918805019,0.8100000000000005,0.2879785204623525,0.8100000000000005,0.2950144349998657,0.8100000000000005,0.3006912069520821,0.8100000000000005,0.3054017787350537,0.8100000000000005,0.3093964860798335,0.8100000000000005,0.3128423297708777,0.8100000000000005,0.318519812455086,0.8100000000000005,0.3229808936753023,0.8100000000000005,0.32670765957324,0.8100000000000005,0.3298727039803079,0.8100000000000005,0.3325978770863771,0.8100000000000005,0.3349716039563129,0.8100000000000005,0.337059669079069
0.8200000000000005,0.274374280979289,0.8200000000000005,0.2807305329741584,0.8200000000000005,0.2902888563096179,0.8200000000000005,0.2979405029557035,0.8200000000000005,0.304982326523738,0.8200000000000005,0.3106633237289725,0.8200000000000005,0.315377080164389,0.8200000000000005,0.3193742815990502,0.8200000000000005,0.3228221363912882,0.8200000000000005,0.3285026728637898,0.8200000000000005,0.3329660290174369,0.8200000000000005,0.3366945226467777,0.8200000000000005,0.3398609259752387,0.8200000000000005,0.342587197217353,0.8200000000000005,0.3449618307802274,0.8200000000000005,0.3470506577613963
0.8300000000000005,0.2842804429743835,0.8300000000000005,0.2906683856412854,0.8300000000000005,0.3002412226190572,0.8300000000000005,0.3079015475826404,0.8300000000000005,0.3149494089386183,0.8300000000000005,0.3206347287194233,0.8300000000000005,0.3253517458228563,0.8300000000000005,0.3293515023552089,0.8300000000000005,0.3328014183146258,0.8300000000000005,0.3384850859443513,0.8300000000000005,0.3429507751396589,0.8300000000000005,0.3466810414627135,0.8300000000000005,0.3498488394614476,0.8300000000000005,0.3525762379103136,0.8300000000000005,0.3549518022539898,0.8300000000000005,0.3570414113703882
0.8400000000000005,0.2941851396827847,0.8400000000000005,0.3006049654023129,0.8400000000000005,0.3101925196194594,0.8400000000000005,0.3178616749201418,0.8400000000000005,0.3249156975595686,0.8400000000000005,0.3306054338860795,0.8400000000000005,0.3353257853891563,0.8400000000000005,0.3393281563913358,0.8400000000000005,0.3427801823663746,0.8400000000000005,0.3484670568520674,0.8400000000000005,0.3529351360527246,0.8400000000000005,0.3566672192670519,0.8400000000000005,0.3598364471454758,0.8400000000000005,0.3625650014747367,0.8400000000000005,0.3649415203847233,0.8400000000000005,0.3670319316764482
0.8500000000000005,0.3040884426128713,0.8500000000000005,0.3105403152039949,0.8500000000000005,0.3201427757975078,0.8500000000000005,0.3278209054333465,0.8500000000000005,0.3348812076739058,0.8500000000000005,0.3405754512006763,0.8500000000000005,0.3452992085678487,0.8500000000000005,0.3493042517837495,0.8500000000000005,0.3527584354081523,0.8500000000000005,0.3584485907781849,0.8500000000000005,0.362919115809075,0.8500000000000005,0.3666530593480088,0.8500000000000005,0.3698237517746422,0.8500000000000005,0.3725534902587576,0.8500000000000005,0.3749309872159164,0.8500000000000005,0.377022220484122
0.8600000000000005,0.3139904203670871,0.8600000000000005,0.3204744770086762,0.8600000000000005,0.3300920192394204,0.8600000000000005,0.3377792594159196,0.8600000000000005,0.3448459544952931,0.8600000000000005,0.3505447926074844,0.8600000000000005,0.3552720250593949,0.8600000000000005,0.3592797966169466,0.8600000000000005,0.3627361843162501,0.8600000000000005,0.368429692933524,0.8600000000000005,0.3729027184896873,0.8600000000000005,0.3766385650251763,0.8600000000000005,0.3798107561279064,0.8600000000000005,0.3825417066413246,0.8600000000000005,0.3849202048205909,0.8600000000000005,0.3870122796260493
0.8700000000000006,0.3238911386423399,0.8700000000000006,0.3304074917237617,0.8700000000000006,0.3400402775696094,0.8700000000000006,0.3477367569411012,0.8700000000000006,0.3548099531256034,0.8700000000000006,0.3605134699927467,0.8700000000000006,0.3652442445350382,0.8700000000000006,0.369254798962491,0.8700000000000006,0.3727134359635842,0.8700000000000006,0.3784103685346842,0.8700000000000006,0.382885948192889,0.8700000000000006,0.386623739640234,0.8700000000000006,0.3897974630080076,0.8700000000000006,0.392529653025408,0.8700000000000006,0.3949091752953552,0.8700000000000006,0.397002110957703
0.8800000000000006,0.3337906602578278,0.8800000000000006,0.340339399151258,0.8800000000000006,0.3499875779025596,0.8800000000000006,0.3576934178220926,0.8800000000000006,0.3647732185236361,0.8800000000000006,0.3704814951594186,0.8800000000000006,0.3752158766159474,0.8800000000000006,0.3792292668614583,0.8800000000000006,0.3826901972046383,0.8800000000000006,0.3883906227925482,0.8800000000000006,0.3928688090249184,0.8800000000000006,0.3966085865490491,0.8800000000000006,0.3997838752347176,0.8800000000000006,0.4025173318321629,0.8800000000000006,0.4048979007552699,0.8800000000000006,0.4069917163528148
0.8900000000000006,0.3436890452048497,0.8900000000000006,0.3502702379544085,0.8900000000000006,0.3599339468061422,0.8900000000000006,0.3676492615806093,0.8900000000000006,0.3747357654798124,0.8900000000000006,0.3804488798065662,0.8900000000000006,0.3851869308561151,0.8900000000000006,0.3892032083099889,0.8900000000000006,0.3926664748630896,0.8900000000000006,0.3983704609027965,0.8900000000000006,0.4028513050920329,0.8900000000000006,0.4065931091150197,0.8900000000000006,0.409769995639128,0.8900000000000006,0.4125047454959486,0.8900000000000006,0.4148863833294561,0.8900000000000006,0.4169810976994541
0.9000000000000006,0.3535863507138051,0.9000000000000006,0.3602000456387295,0.9000000000000006,0.3698794102747727,0.9000000000000006,0.3776043074224722,0.9000000000000006,0.3846976085961,0.9000000000000006,0.3904156355127922,0.9000000000000006,0.3951574167285264,0.9000000000000006,0.399176631247565,0.9000000000000006,0.4026422757217235,0.9000000000000006,0.4083498880381917,0.9000000000000006,0.4128334404939943,0.9000000000000006,0.4165773107034895,0.9000000000000006,0.4197558270588271,0.9000000000000006,0.4224918964600957,0.9000000000000006,0.4248746251573383,0.9000000000000006,0.4269702568966693
0.9100000000000006,0.3634826313343489,0.9100000000000006,0.3701288585450908,0.9100000000000006,0.3798239937109112,0.9100000000000006,0.3875585742192792,0.9100000000000006,0.3946587622704157,0.9100000000000006,0.4003817737231996,0.9100000000000006,0.4051273436141796,0.9100000000000006,0.4091495435476658,0.9100000000000006,0.4126176065143835,0.9100000000000006,0.418328909342404,0.9100000000000006,0.4228152193187296,0.9100000000000006,0.4265611946771586,0.9100000000000006,0.4297413723338783,0.9100000000000006,0.4324787871733657,0.9100000000000006,0.4348626283854837,0.9100000000000006,0.436959195851634
0.9200000000000006,0.3733779390252369,0.9200000000000006,0.3800567118527279,0.9200000000000006,0.3897677219136787,0.9200000000000006,0.3975120804952545,0.9200000000000006,0.4046192406849303,0.9200000000000006,0.4103473057393789,0.9200000000000006,0.4150967207935587,0.9200000000000006,0.4191219530104703,0.9200000000000006,0.4225924739196748,0.9200000000000006,0.4283075299251724,0.9200000000000006,0.4327966456380675,0.9200000000000006,0.4365447643923169,0.9200000000000006,0.4397266343035039,0.9200000000000006,0.4424654200869896,0.9200000000000006,0.4448503951649549,0.9200000000000006,0.4469479164772504
0.9300000000000006,0.3832723232509785,0.9300000000000006,0.3899836395903584,0.9300000000000006,0.3997106190733831,0.9300000000000006,0.4074648444185027,0.9300000000000006,0.4145790577976538,0.9300000000000006,0.4203122427119926,0.9300000000000006,0.4250655574402443,0.9300000000000006,0.429093867357341,0.9300000000000006,0.4325668845561741,0.9300000000000006,0.4382857548586301,0.9300000000000006,0.4427777235043792,0.9300000000000006,0.4465280231958469,0.9300000000000006,0.4497116158033996,0.9300000000000006,0.4524517976522622,0.9300000000000006,0.4548379276491155,0.9300000000000006,0.4569364206901638
0.9400000000000006,0.3931658310829004,0.9400000000000006,0.399909674653835,0.9400000000000006,0.4096527087710001,0.9400000000000006,0.4174168837959666,0.9400000000000006,0.4245382273368599,0.9400000000000006,0.4302765956356008,0.9400000000000006,0.4350338626163169,0.9400000000000006,0.4390652942268192,0.9400000000000006,0.442540844978954,0.9400000000000006,0.4482635891746298,0.9400000000000006,0.4527584569480231,0.9400000000000006,0.4565109744228655,0.9400000000000006,0.4596963196635958,0.9400000000000006,0.4624379223185863,0.9400000000000006,0.4648252279918635,0.9400000000000006,0.4669247104091245
0.9500000000000006,0.403058507302633,0.9500000000000006,0.4098348488289549,0.9500000000000006,0.4195940139817156,0.9500000000000006,0.4273682160714931,0.9500000000000006,0.4344967627978706,0.9500000000000006,0.4402403753453525,0.9500000000000006,0.4450016452693274,0.9500000000000006,0.449036241171937,0.9500000000000006,0.4525143616772026,0.9500000000000006,0.4582410378629224,0.9500000000000006,0.462738849975474,0.9500000000000006,0.4664936213949563,0.9500000000000006,0.4696807487067959,0.9500000000000006,0.4724237965319467,0.9500000000000006,0.4748122983462091,0.9500000000000006,0.4769127875536835
0.9600000000000006,0.4129503945064583,0.9600000000000006,0.4197591928182873,0.9600000000000006,0.4295345570817833,0.9600000000000006,0.4373188583264763,0.9600000000000006,0.4444546774418378,0.9600000000000006,0.4502035925152943,0.9600000000000006,0.4549689142305711,0.9600000000000006,0.4590067156586208,0.9600000000000006,0.4624874410728312,0.9600000000000006,0.46821810587008,0.9600000000000006,0.4727189065680737,0.9600000000000006,0.4764759674188762,0.9600000000000006,0.479664905747149,0.9600000000000006,0.4824094227337428,0.9600000000000006,0.484799140863182,0.9600000000000006,0.4869006540431686
0.9700000000000006,0.4228415332091923,0.9700000000000006,0.4296827362709958,0.9700000000000006,0.4394743598580529,0.9700000000000006,0.4472688272826211,0.9700000000000006,0.4544119842961925,0.9700000000000006,0.4601662576579945,0.9700000000000006,0.4649356782144783,0.9700000000000006,0.4689767250650432,0.9700000000000006,0.4724600895198502,0.9700000000000006,0.4781947980990504,0.9700000000000006,0.4826986306812697,0.9700000000000006,0.486458015785734,0.9700000000000006,0.4896487935893911,0.9700000000000006,0.4923948033599507,0.9700000000000006,0.4947857576910249,0.9700000000000006,0.4968883117959035
0.9800000000000006,0.4327319619466041,0.9800000000000006,0.4396055078148861,0.9800000000000006,0.4494134435195883,0.9800000000000006,0.4572181393064347,0.9800000000000006,0.4643686961564542,0.9800000000000006,0.4701283811253096,0.9800000000000006,0.4749019458189235,0.9800000000000006,0.4789462766817653,0.9800000000000006,0.4824323133044666,0.9800000000000006,0.488171119409241,0.9800000000000006,0.4926780262443384,0.9800000000000006,0.4964397697705111,0.9800000000000006,0.4996324150283139,0.9800000000000006,0.5023799408405624,0.9800000000000006,0.5047721509746332,0.9800000000000006,0.506875762728668
0.9900000000000007,0.4426217173756187,0.9900000000000007,0.4495275350899299,0.9900000000000007,0.4593518287109469,0.9900000000000007,0.4671668104151108,0.9900000000000007,0.4743248255891812,0.9900000000000007,0.4800899731100581,0.9900000000000007,0.4848677255263228,0.9900000000000007,0.4889153777125474,0.9900000000000007,0.4924041186457393,0.9900000000000007,0.4981470746170596,0.9900000000000007,0.5026570971604669,0.9900000000000007,0.5064212326319422,0.9900000000000007,0.5096157728485184,0.9900000000000007,0.5123648375992871,0.9900000000000007,0.5147583228552184,0.9900000000000007,0.5168630087563447
1.000000000000001,0.4525108343716397,1.000000000000001,0.4594488447827114,1.000000000000001,0.4692895355266757,1.000000000000001,0.4771148562835033,1.000000000000001,0.4842803849358236,1.000000000000001,0.4900510436484531,1.000000000000001,0.4948330257053721,1.000000000000001,0.4988840352757041,1.000000000000001,0.502375511696727,1.000000000000001,0.5081226684968532,1.000000000000001,0.5126358473071819,1.000000000000001,0.5164024076126719,1.000000000000001,0.5195988698244224,1.000000000000001,0.5223494960534618,1.000000000000001,0.5247442754701778,1.000000000000001,0.5268500517917523
1.010000000000001,0.4623993461226213,1.010000000000001,0.4693694626613413,1.010000000000001,0.4792265835266981,1.010000000000001,0.4870622922519707,1.010000000000001,0.4942353863173008,1.010000000000001,0.5000116026231711,1.010000000000001,0.5047978546133077,1.010000000000001,0.5088522564059355,1.010000000000001,0.5123464985460435,1.010000000000001,0.5180979057821613,1.010000000000001,0.5226142805370658,1.010000000000001,0.5263832979396632,1.010000000000001,0.5295817087204936,1.010000000000001,0.5323339186141722,1.010000000000001,0.5347300109531257,1.010000000000001,0.5368368937456343
1.020000000000001,0.4722872842195318,1.020000000000001,0.479289413610413,1.020000000000001,0.4891629917523412,1.020000000000001,0.4970091333348545,1.020000000000001,0.5041898416391618,1.020000000000001,0.5099716597668912,1.020000000000001,0.5147622203986136,1.020000000000001,0.5188200480565194,1.020000000000001,0.5223170852197485,1.020000000000001,0.5280727911672554,1.020000000000001,0.5325924006787156,1.020000000000001,0.5363639068248314,1.020000000000001,0.5395642922916679,1.020000000000001,0.5423181076865429,1.020000000000001,0.5447155314340999,1.020000000000001,0.5468235365267902
1.030000000000001,0.4821746787430365,1.030000000000001,0.4892087216657258,1.030000000000001,0.4990987787427111,1.030000000000001,0.5069553942294365,1.030000000000001,0.5141437625971814,1.030000000000001,0.5199312246662525,1.030000000000001,0.5247261311040621,1.030000000000001,0.5287874171018417,1.030000000000001,0.5322872776835365,1.030000000000001,0.5380473293089099,1.030000000000001,0.5425702115379309,1.030000000000001,0.5463442374658716,1.030000000000001,0.549546623283961,1.030000000000001,0.552302065670181,1.030000000000001,0.5547008390399016,1.030000000000001,0.5568099820423441
1.040000000000001,0.4920615583462689,1.040000000000001,0.4991274100485067,1.040000000000001,0.5090339625512693,1.040000000000001,0.5169010893252266,1.040000000000001,0.5240971606832953,1.040000000000001,0.5298903067661065,1.040000000000001,0.5346895946700554,1.040000000000001,0.5387543703401623,1.040000000000001,0.5422570818451294,1.040000000000001,0.5480215248283872,1.040000000000001,0.552547716899074,1.040000000000001,0.5563242930472559,1.040000000000001,0.5595287044352164,1.040000000000001,0.5622857949597762,1.040000000000001,0.5646859358945618,1.040000000000001,0.5667962321981186
1.050000000000001,0.501947950333644,1.050000000000001,0.5090455011989293,1.050000000000001,0.518968560762431,1.050000000000001,0.5268462327134352,1.050000000000001,0.5340500471917673,1.050000000000001,0.5398489153740131,1.050000000000001,0.5446526189381659,1.050000000000001,0.5487209144965973,1.050000000000001,0.5522265035568991,1.050000000000001,0.5579953823135816,1.050000000000001,0.5625249205266165,1.050000000000001,0.5663040767413956,1.050000000000001,0.5695105384760122,1.050000000000001,0.5722692979458133,1.050000000000001,0.5746708241199352,1.050000000000001,0.5767822888991345
1.060000000000001,0.5118338807357281,1.060000000000001,0.5189630168088072,1.060000000000001,0.5289025905080558,1.060000000000001,0.5367908381965868,1.060000000000001,0.5440024332255268,1.060000000000001,0.5498070596648994,1.060000000000001,0.5546152116548776,1.060000000000001,0.5586870562262735,1.060000000000001,0.5621955486186354,1.060000000000001,0.5679689063213218,1.060000000000001,0.5725018261668271,1.060000000000001,0.5762835917099316,1.060000000000001,0.5794921281306942,1.060000000000001,0.5822525770154224,1.060000000000001,0.5846555058364067,1.060000000000001,0.5867681540502043
1.070000000000001,0.5217193743802163,1.070000000000001,0.5288799778533162,1.070000000000001,0.5388360684837392,1.070000000000001,0.5467349192981159,1.070000000000001,0.5539543297025953,1.070000000000001,0.5597647486858665,1.070000000000001,0.5645773804754421,1.070000000000001,0.5686528021176208,1.070000000000001,0.5721642227804535,1.070000000000001,0.5779421013798128,1.070000000000001,0.5824784375495895,1.070000000000001,0.5862628411051727,1.070000000000001,0.5894734761185301,1.070000000000001,0.5922356345533326,1.070000000000001,0.5946399831636936,1.070000000000001,0.5967538295566228
1.080000000000001,0.5316044549590885,1.080000000000001,0.5387964046216916,1.080000000000001,0.5487690109648038,1.080000000000001,0.5566784892719562,1.080000000000001,0.563905747362579,1.080000000000001,0.5697219913610617,1.080000000000001,0.5745391329678532,1.080000000000001,0.5786181586957727,1.080000000000001,0.5821325317458228,1.080000000000001,0.5879149719911911,1.080000000000001,0.5924547583903685,1.080000000000001,0.5962418280716402,1.080000000000001,0.5994545851549846,1.080000000000001,0.6022184729429412,1.080000000000001,0.6046242582217627,1.080000000000001,0.6067393173249629
1.090000000000001,0.5414891450920744,1.090000000000001,0.5487123167468263,1.090000000000001,0.5587014338219529,1.090000000000001,0.5666215611120113,1.090000000000001,0.5738566967731493,1.090000000000001,0.5796787964966195,1.090000000000001,0.5845004766168882,1.090000000000001,0.5885831324260637,1.090000000000001,0.5921004811746997,1.090000000000001,0.597887522634199,1.090000000000001,0.6024307923922692,1.090000000000001,0.6062205557477485,1.090000000000001,0.6094354579531021,1.090000000000001,0.6122010945674954,1.090000000000001,0.6146083331318439,1.090000000000001,0.6167246192639609
1.100000000000001,0.5513734663865409,1.100000000000001,0.5586277332337383,1.100000000000001,0.568633352536512,1.100000000000001,0.5765641475614975,1.100000000000001,0.5838071883365125,1.100000000000001,0.5896351727856246,1.100000000000001,0.594461418828224,1.100000000000001,0.5985477297176106,1.100000000000001,0.6020680766867474,1.100000000000001,0.6078597577669702,1.100000000000001,0.6124065432482471,1.100000000000001,0.6161990272675977,1.100000000000001,0.6194160972250203,1.100000000000001,0.6221835018113691,1.100000000000001,0.6245922100175452,1.100000000000001,0.6267097372854968
1.110000000000001,0.56125743949394,1.110000000000001,0.5685426724869156,1.110000000000001,0.5785647822152412,1.110000000000001,0.5865062611221257,1.110000000000001,0.5937572322958321,1.110000000000001,0.5995911288130882,1.110000000000001,0.604421966932582,1.110000000000001,0.6085119569269558,1.110000000000001,0.6120353238646481,1.110000000000001,0.6178316818299183,1.110000000000001,0.6223820146434188,1.110000000000001,0.626177245762888,1.110000000000001,0.6293965056835864,1.110000000000001,0.6321656970614652,1.110000000000001,0.6345758910060754,1.110000000000001,0.6366946733056723
1.120000000000001,0.571141084162984,1.120000000000001,0.5784571523364958,1.120000000000001,0.5884957376047005,1.120000000000001,0.5964479140630794,1.120000000000001,0.6037068387415635,1.120000000000001,0.6095466730609203,1.120000000000001,0.6143821281899312,1.120000000000001,0.6184758203617817,1.120000000000001,0.6220022282575033,1.120000000000001,0.6278032992487443,1.120000000000001,0.6323572102574959,1.120000000000001,0.6361552143649574,1.120000000000001,0.6393766860440985,1.120000000000001,0.6421476827087317,1.120000000000001,0.6445593782295796,1.120000000000001,0.6466794292460124
1.130000000000001,0.5810244192896785,1.130000000000001,0.5883711900633244,1.130000000000001,0.5984262331051233,1.130000000000001,0.6063891184298034,1.130000000000001,0.6136560176177303,1.130000000000001,0.6195018139128915,1.130000000000001,0.6243419097937,1.130000000000001,0.6284393262846808,1.130000000000001,0.6319687953843005,1.130000000000001,0.6377746144375548,1.130000000000001,0.642332133767363,1.130000000000001,0.6461329362069616,1.130000000000001,0.6493566410261822,1.130000000000001,0.6521294611498005,1.130000000000001,0.6545426738265891,1.130000000000001,0.6566640070347481
1.140000000000001,0.5909074629643853,1.140000000000001,0.5982848024228892,1.140000000000001,0.6083562827838362,1.140000000000001,0.6163298860525592,1.140000000000001,0.6236047787281001,1.140000000000001,0.6294565596595694,1.140000000000001,0.6343013188750328,1.140000000000001,0.6384024809169963,1.140000000000001,0.6419350307374991,1.140000000000001,0.6477456318021069,1.140000000000001,0.6523067888497813,1.140000000000001,0.6561104144261785,1.140000000000001,0.6593363733558018,1.140000000000001,0.6621110347887578,1.140000000000001,0.6645257799436072,1.140000000000001,0.6666484086082605
1.150000000000001,0.6007902325160702,1.150000000000001,0.6081980056681728,1.150000000000001,0.6182859003881731,1.150000000000001,0.626270228554774,1.150000000000001,0.6335531317422604,1.150000000000001,0.6394109185032507,1.150000000000001,0.6442603625070707,1.150000000000001,0.6483652904427223,1.150000000000001,0.6519009397866771,1.150000000000001,0.6577163557432018,1.150000000000001,0.6622811791842597,1.150000000000001,0.6660876521664925,1.150000000000001,0.6693158857674285,1.150000000000001,0.6720924060390712,1.150000000000001,0.6745086987368314,1.150000000000001,0.6766326359126185
1.160000000000001,0.6106727445538773,1.160000000000001,0.6181108155714418,1.160000000000001,0.628215099357939,1.160000000000001,0.6362101573611554,1.160000000000001,0.6435010862016159,1.160000000000001,0.6493648985628608,1.160000000000001,0.6542190477092722,1.160000000000001,0.6583277610124816,1.160000000000001,0.6618665279823177,1.160000000000001,0.6676867906602164,1.160000000000001,0.6722553084560817,1.160000000000001,0.6760646525810341,1.160000000000001,0.6792951810063752,1.160000000000001,0.6820735773256767,1.160000000000001,0.684491432374031,1.160000000000001,0.6866166909053075
1.170000000000001,0.6205550150061915,1.170000000000001,0.628023247445004,1.170000000000001,0.6381438928373833,1.170000000000001,0.6461496837055914,1.170000000000001,0.6534486515252773,1.170000000000001,0.6593185078788379,1.170000000000001,0.6641773814517624,1.170000000000001,0.6682898987475906,1.170000000000001,0.6718318007596848,1.170000000000001,0.6776569409548172,1.170000000000001,0.6822291803595306,1.170000000000001,0.6860414188350131,1.170000000000001,0.6892742618313271,1.170000000000001,0.6920545510872499,1.170000000000001,0.6944739830366145,1.170000000000001,0.6966005755570983
1.180000000000001,0.6304370591573255,1.180000000000001,0.6379353161609915,1.180000000000001,0.648072293686739,1.180000000000001,0.6560888186388319,1.180000000000001,0.6633958370158646,1.180000000000001,0.6692717544180269,1.180000000000001,0.674135370659749,1.180000000000001,0.6782517097442109,1.180000000000001,0.6817967635428499,1.180000000000001,0.6876268110348625,1.180000000000001,0.6922027986013188,1.180000000000001,0.6960179541087752,1.180000000000001,0.6992531310170707,1.180000000000001,0.7020353297786781,1.180000000000001,0.7044563529218817,1.180000000000001,0.7065842918541257
1.190000000000001,0.6403188916819895,1.190000000000001,0.6478470361701837,1.190000000000001,0.6580003144933005,1.190000000000001,0.6660275730359622,1.190000000000001,0.6733426518652359,1.190000000000001,0.6792246460785426,1.190000000000001,0.6840930222179779,1.190000000000001,0.6882132000776154,1.190000000000001,0.6917614217488608,1.190000000000001,0.6975964053185268,1.190000000000001,0.7021761669042601,1.190000000000001,0.7059942616010922,1.190000000000001,0.7092317913574864,1.190000000000001,0.7120159158737831,1.190000000000001,0.7144385442455088,1.190000000000001,0.7165678418001713
1.200000000000001,0.6502005266776543,1.200000000000001,0.6577584215199349,1.200000000000001,0.6679279675820806,1.200000000000001,0.6759659576036772,1.200000000000001,0.6832891051601302,1.200000000000001,0.6891771906946758,1.200000000000001,0.6940503429752836,1.200000000000001,0.6981743758065799,1.200000000000001,0.7017257807920876,1.200000000000001,0.7075657282386683,1.200000000000001,0.7121492890112046,1.200000000000001,0.7159703445327373,1.200000000000001,0.7192102456687871,1.200000000000001,0.7219963118682894,1.200000000000001,0.7244205592442974,1.200000000000001,0.7265512274192127
1.210000000000001,0.660081977694943,1.210000000000001,0.6676694858712331,1.210000000000001,0.6778552650260641,1.210000000000001,0.6859039828873634,1.210000000000001,0.6932352058877506,1.210000000000001,0.6991293960417891,1.210000000000001,0.7040073397492089,1.210000000000001,0.7081352429779182,1.210000000000001,0.7116898460887549,1.210000000000001,0.7175347842474739,1.210000000000001,0.7221221686892856,1.210000000000001,0.7259462061503537,1.210000000000001,0.7291884967930863,1.210000000000001,0.7319765202831134,1.210000000000001,0.7344024001792062,1.210000000000001,0.7365344507582388
1.220000000000001,0.6699632577662034,1.220000000000001,0.6775802425149251,1.220000000000001,0.6877822186560595,1.220000000000001,0.6958416592780023,1.220000000000001,0.7031809629412911,1.220000000000001,0.709081269841269,1.220000000000001,0.7139640193307415,1.220000000000001,0.7180958076311843,1.220000000000001,0.721653623061699,1.220000000000001,0.7275035778214236,1.220000000000001,0.7320948097344958,1.220000000000001,0.7359218497306956,1.220000000000001,0.7391665476023089,1.220000000000001,0.7419565436679905,1.220000000000001,0.7443840693387331,1.220000000000001,0.7465175138904161
1.230000000000001,0.6798443794323217,1.230000000000001,0.6874907043871739,1.230000000000001,0.697708840070175,1.230000000000001,0.7057789970189126,1.230000000000001,0.7131263851254316,1.230000000000001,0.7190328197655153,1.230000000000001,0.7239203884891635,1.230000000000001,0.7280560758035552,1.230000000000001,0.73161711714537,1.230000000000001,0.7374721134666193,1.230000000000001,0.7420672159766718,1.230000000000001,0.745897278585266,1.230000000000001,0.7491444010025156,1.230000000000001,0.7519363846055054,1.230000000000001,0.7543655690426877,1.230000000000001,0.7565004189186184
1.240000000000001,0.6897253547679458,1.240000000000001,0.6974008840841568,1.240000000000001,0.7076351406429562,1.240000000000001,0.7157160062123353,1.240000000000001,0.7230714811617829,1.240000000000001,0.7289840534429943,1.240000000000001,0.7338764539770539,1.240000000000001,0.738016053534945,1.240000000000001,0.7415803337911304,1.240000000000001,0.7474403957245002,1.240000000000001,0.7520393912849035,1.240000000000001,0.7558724960653993,1.240000000000001,0.7591220599386722,1.240000000000001,0.7619160457155795,1.240000000000001,0.7643469016464011,1.240000000000001,0.7664831679793985
1.250000000000001,0.6996061954051752,1.250000000000001,0.707310793876078,1.250000000000001,0.7175611315341586,1.250000000000001,0.7256526968258818,1.250000000000001,0.7330162596943359,1.250000000000001,0.7389349784633762,1.250000000000001,0.7438322225354518,1.250000000000001,0.7479757468733401,1.250000000000001,0.7515432784728446,1.250000000000001,0.7574084291780325,1.250000000000001,0.7620113395734611,1.250000000000001,0.7658475055678908,1.250000000000001,0.7690995273999712,1.250000000000001,0.7718955296604821,1.250000000000001,0.7743280695454723,1.250000000000001,0.7764657632474836
1.260000000000001,0.7094869125558507,1.260000000000001,0.7172204457205007,1.260000000000001,0.7274868236972347,1.260000000000001,0.7355890786988551,1.260000000000001,0.7429607292948992,1.260000000000001,0.7488856023827759,1.260000000000001,0.7537877008992028,1.260000000000001,0.7579351618804347,1.260000000000001,0.761505956692852,1.260000000000001,0.7673762184584159,1.260000000000001,0.771983064808283,1.260000000000001,0.7758223105412065,1.260000000000001,0.7790768064257388,1.260000000000001,0.7818748391504595,1.260000000000001,0.7843090751811053,1.260000000000001,0.7864482069408372
1.270000000000001,0.7193675170325116,1.270000000000001,0.7271298512750479,1.270000000000001,0.7374122278874983,1.270000000000001,0.7455251615484656,1.270000000000001,0.752904898468558,1.270000000000001,0.7588359327291007,1.270000000000001,0.7637428958025364,1.270000000000001,0.7678943046375548,1.270000000000001,0.7714683739883246,1.270000000000001,0.7773437682523645,1.270000000000001,0.7819545710141194,1.270000000000001,0.7857969144923836,1.270000000000001,0.7890539001120642,1.270000000000001,0.791853976950053,1.270000000000001,0.7942899210461459,1.270000000000001,0.7964305013264299
1.280000000000001,0.7292480192681192,1.280000000000001,0.7370390219095263,1.280000000000001,0.7473373546700185,1.280000000000001,0.7554609549759421,1.280000000000001,0.7628487756591593,1.280000000000001,0.7687859770075501,1.280000000000001,0.7736978139848724,1.280000000000001,0.7778531812519406,1.280000000000001,0.7814305359380908,1.280000000000001,0.7873110833100569,1.280000000000001,0.7919258622824081,1.280000000000001,0.7957713209947119,1.280000000000001,0.7990308116192097,1.280000000000001,0.8018329458852318,1.280000000000001,0.8042706096919234,1.280000000000001,0.806412648726797
1.290000000000001,0.7391284293346225,1.290000000000001,0.7469479687174656,1.290000000000001,0.7572622144272556,1.290000000000001,0.7653964684725746,1.290000000000001,0.772792369254845,1.290000000000001,0.7787357427062744,1.290000000000001,0.7836524621969128,1.290000000000001,0.7878117978634173,1.290000000000001,0.7913924481699504,1.290000000000001,0.7972781684538294,1.290000000000001,0.8018969427799945,1.290000000000001,0.8057455336963019,1.290000000000001,0.8090075441799514,1.290000000000001,0.8118117488514704,1.290000000000001,0.81425114373603,1.290000000000001,0.8163946515275264
1.300000000000001,0.7490087569604442,1.300000000000001,0.7568567025271571,1.300000000000001,0.7671868173664409,1.300000000000001,0.7753317114256811,1.300000000000001,0.7827356875936563,1.300000000000001,0.7886852373022184,1.300000000000001,0.793606847207038,1.300000000000001,0.7977701606514935,1.300000000000001,0.8013541163685602,1.300000000000001,0.8072450285877062,1.300000000000001,0.8118678167587958,1.300000000000001,0.8157195563296893,1.300000000000001,0.8189841011089907,1.300000000000001,0.8217903888228839,1.300000000000001,0.8242315258711883,1.300000000000001,0.826376512185829
1.310000000000001,0.7588890115469662,1.310000000000001,0.7667652339121701,1.310000000000001,0.7771111735267472,1.310000000000001,0.785266693124527,1.310000000000001,0.7926787389692134,1.310000000000001,0.7986344682671822,1.310000000000001,0.8035609758080445,1.310000000000001,0.8077282758429469,1.310000000000001,0.8113155462839523,1.310000000000001,0.8172116687078694,1.310000000000001,0.821838488566546,1.310000000000001,0.8256933927225879,1.310000000000001,0.8289604858135694,1.310000000000001,0.8317688688626328,1.310000000000001,0.8342117588753695,1.310000000000001,0.8363582332403658
1.320000000000001,0.7687692021840531,1.320000000000001,0.7766735732014135,1.320000000000001,0.7870352927862279,1.320000000000001,0.7952014227662101,1.320000000000001,0.8026215316365042,1.320000000000001,0.8085834430741056,1.320000000000001,0.8135148548242669,1.320000000000001,0.8176861497199536,1.320000000000001,0.8212767437407462,1.320000000000001,0.8271780939141931,1.320000000000001,0.8318089626587702,1.320000000000001,0.8356670468099803,1.320000000000001,0.8389367018054972,1.320000000000001,0.841747192134757,1.320000000000001,0.844191845623376,1.320000000000001,0.8463398173225373
1.330000000000001,0.7786493376647141,1.330000000000001,0.7865817304887607,1.330000000000001,0.7969591848685861,1.330000000000001,0.8051359094615231,1.330000000000001,0.8125640738177909,1.330000000000001,0.8185321692036448,1.330000000000001,0.8234684911191329,1.330000000000001,0.827643788628796,1.330000000000001,0.8312377146481493,1.330000000000001,0.8371443094229644,1.330000000000001,0.8417792436121245,1.330000000000001,0.845640522647733,1.330000000000001,0.8489127527147674,1.330000000000001,0.8517253619176608,1.330000000000001,0.8541717891000991,1.330000000000001,0.8563212671694503
1.340000000000001,0.7885294264989352,1.340000000000001,0.7964897156422406,1.340000000000001,0.8068828593497409,1.340000000000001,0.815070162240817,1.340000000000001,0.8225063737086641,1.340000000000001,0.8284806541510189,1.340000000000001,0.8334218916031623,1.340000000000001,0.8376011989892356,1.340000000000001,0.8411984650108135,1.340000000000001,0.8471103205809234,1.340000000000001,0.8517493361393129,1.340000000000001,0.8556138244279139,1.340000000000001,0.8588886423050135,1.340000000000001,0.8617033816194989,1.340000000000001,0.8641515924157118,1.340000000000001,0.8663025856388518
1.350000000000001,0.7984094769267376,1.350000000000001,0.806397538312875,1.350000000000001,0.8168063256642534,1.350000000000001,0.8250041900598669,1.350000000000001,0.8324484394842526,1.350000000000001,0.8384289054332077,1.350000000000001,0.8433750632425067,1.350000000000001,0.8475583873046153,1.350000000000001,0.8511590009406493,1.350000000000001,0.857076132880789,1.350000000000001,0.8617192451057318,1.350000000000001,0.8655869564960705,1.350000000000001,0.8688643744910388,1.350000000000001,0.8716812547957191,1.350000000000001,0.8741312588230737,1.350000000000001,0.8762837757262834
1.360000000000001,0.8082894969305227,1.360000000000001,0.8163052079431081,1.360000000000001,0.826729593111593,1.360000000000001,0.8349380018057664,1.360000000000001,0.842390279305624,1.360000000000001,0.8483769305964948,1.360000000000001,0.8533280130680326,1.360000000000001,0.8575153601727463,1.360000000000001,0.8611193286696937,1.360000000000001,0.8670417519784117,1.360000000000001,0.8716889755480888,1.360000000000001,0.875559923370678,1.360000000000001,0.8788399533586901,1.360000000000001,0.8816589851690712,1.360000000000001,0.8841107917376543,1.360000000000001,0.8862648405847893
1.370000000000001,0.8181694942467449,1.370000000000001,0.8262127337749323,1.370000000000001,0.8366526708622655,1.370000000000001,0.8448716063028739,1.370000000000001,0.8523319013263969,1.370000000000001,0.8583247372244148,1.370000000000001,0.8632807481850339,1.370000000000001,0.8674721242976611,1.370000000000001,0.8710794545641314,1.370000000000001,0.8770071837117301,1.370000000000001,0.8816585326951683,1.370000000000001,0.8855327297650443,1.370000000000001,0.8888153831873603,1.370000000000001,0.8916365766523451,1.370000000000001,0.8940901947602773,1.370000000000001,0.8962457835474903
1.380000000000001,0.8280494763769547,1.380000000000001,0.8361201248576678,1.380000000000001,0.8465755679638376,1.380000000000001,0.8548050123187956,1.380000000000001,0.8622733136995713,1.380000000000001,0.8682723329461303,1.380000000000001,0.8732332757836098,1.380000000000001,0.8774286865023286,1.380000000000001,0.8810393851395792,1.380000000000001,0.8869724341216905,1.380000000000001,0.8916279219909917,1.380000000000001,0.8955053806118741,1.380000000000001,0.8987906684753937,1.380000000000001,0.901614033374176,1.380000000000001,0.9040694717029973,1.380000000000001,0.9062266081533266
1.390000000000001,0.8379294505982536,1.390000000000001,0.8460273900554488,1.390000000000001,0.8564982933468384,1.390000000000001,0.8647382285704648,1.390000000000001,0.8722145245846267,1.390000000000001,0.8782197254452888,1.390000000000001,0.8831856031497645,1.390000000000001,0.8873850537423854,1.390000000000001,0.8909991270777275,1.390000000000001,0.8969375094752857,1.390000000000001,0.901597149120537,1.390000000000001,0.9054778810907831,1.390000000000001,0.9087658139686479,1.390000000000001,0.9115913597081402,1.390000000000001,0.9140486266183834,1.390000000000001,0.9162073181762511
1.400000000000001,0.8478094239731992,1.400000000000001,0.8559345380544252,1.400000000000001,0.8664208558305787,1.400000000000001,0.8746712637302915,1.400000000000001,0.8821555421548927,1.400000000000001,0.8881669224693645,1.400000000000001,0.8931377376773045,1.400000000000001,0.897341233120976,1.400000000000001,0.9009586872444606,1.400000000000001,0.9069024162908403,1.400000000000001,0.9115662200382222,1.400000000000001,0.9154502366588906,1.400000000000001,0.9187408246924049,1.400000000000001,0.9215685603053809,1.400000000000001,0.9240276638323922,1.400000000000001,0.9261879176580587
1.410000000000001,0.8576894033592022,1.410000000000001,0.8658415773697056,1.410000000000001,0.8763432641288855,1.410000000000001,0.8846041264324357,1.410000000000001,0.8920963746052251,1.410000000000001,0.8981139318395758,1.410000000000001,0.9030896868805622,1.410000000000001,0.9072972319047733,1.410000000000001,0.9109180727095313,1.410000000000001,0.9168671613656457,1.410000000000001,0.9215351409992147,1.410000000000001,0.9254224530846304,1.410000000000001,0.9287157059867216,1.410000000000001,0.9315456401307854,1.410000000000001,0.9340065879808805,1.410000000000001,0.9361684109448509
1.420000000000001,0.8675693954174279,1.420000000000001,0.8757485163520429,1.420000000000001,0.8862655268557619,1.420000000000001,0.8945368252791825,1.420000000000001,0.9020370301600128,1.420000000000001,0.9080607614613686,1.420000000000001,0.9130414584080272,1.420000000000001,0.9172530575412572,1.420000000000001,0.9208772907678817,1.420000000000001,0.9268317518059427,1.420000000000001,0.9315039185935849,1.420000000000001,0.9353945364847052,1.420000000000001,0.9386904635451242,1.420000000000001,0.9415226045026117,1.420000000000001,0.9439854040495699,1.420000000000001,0.9461488027269318
1.430000000000001,0.8774494066212604,1.430000000000001,0.8856553631942894,1.430000000000001,0.8961876525310049,1.430000000000001,0.9044693688474732,1.430000000000001,0.9119775170815404,1.430000000000001,0.9180074193355308,1.430000000000001,0.9229930600569067,1.430000000000001,0.9272087176772891,1.430000000000001,0.9308363489626237,1.430000000000001,0.9367961950591897,1.430000000000001,0.9414725597831284,1.430000000000001,0.9453664933639527,1.430000000000001,0.9486651034562876,1.430000000000001,0.9514994591350807,1.430000000000001,0.9539641174169,1.430000000000001,0.9561290980814874
1.440000000000001,0.8873294432643393,1.440000000000001,0.89556212593764,1.440000000000001,0.9061096495857637,1.440000000000001,0.9144017656955782,1.440000000000001,0.9219178436787261,1.440000000000001,0.9279539135699616,1.440000000000001,0.9329444997886882,1.440000000000001,0.9371642201790353,1.440000000000001,0.9407952551097158,1.440000000000001,0.9467604989483519,1.440000000000001,0.9514410719404581,1.440000000000001,0.9553383306575101,1.440000000000001,0.9586396322479354,1.440000000000001,0.9614762101830217,1.440000000000001,0.9639427338987531,1.440000000000001,0.9661093025168814
1.450000000000001,0.8972095114681942,1.450000000000001,0.9054688124776707,1.450000000000001,0.9160315263680757,1.450000000000001,0.9243340243699524,1.450000000000001,0.9318580183162667,1.450000000000001,0.9379002523921333,1.450000000000001,0.9428957857457021,1.450000000000001,0.9471195731532264,1.450000000000001,0.950754017324232,1.450000000000001,0.9567246717077649,1.450000000000001,0.9614094628896024,1.450000000000001,0.9653100557742607,1.450000000000001,0.9686140569316684,1.450000000000001,0.9714528642870692,1.450000000000001,0.9739212597932831,1.450000000000001,0.9760894220167087
1.460000000000001,0.907089617189519,1.460000000000001,0.9153754305701756,1.460000000000001,0.9259532911483693,1.460000000000001,0.9342661534122603,1.460000000000001,0.9417980494242091,1.460000000000001,0.9478464441622599,1.460000000000001,0.9528469262687123,1.460000000000001,0.9570747849697047,1.460000000000001,0.9607126440480676,1.460000000000001,0.9666887220198083,1.460000000000001,0.9713777409469598,1.460000000000001,0.9752816766399603,1.460000000000001,0.9785883850467519,1.460000000000001,0.9814294286170528,1.460000000000001,0.9838997019233164,1.460000000000001,0.9860694630808036
1.470000000000001,0.9169697662270873,1.470000000000001,0.9252819878368438,1.470000000000001,0.9358749521249599,1.470000000000001,0.9441981613666266,1.470000000000001,0.9517379455079691,1.470000000000001,0.9577924973872051,1.470000000000001,0.9627979299155091,1.470000000000001,0.9670298642851624,1.470000000000001,0.9706711440787728,1.470000000000001,0.9766526590512525,1.470000000000001,0.9813459149608392,1.470000000000001,0.985253201737723,1.470000000000001,0.9885626246999957,1.470000000000001,0.9914059109104079,1.470000000000001,0.9938780676727678,1.470000000000001,0.9960494327594678
1.480000000000001,0.9268499642283455,1.480000000000001,0.9351884917707581,1.480000000000001,0.9457965174295538,1.480000000000001,0.9541300567870858,1.480000000000001,0.9616777151588128,1.480000000000001,0.9677384207351071,1.480000000000001,0.9727488054804468,1.480000000000001,0.9769848200678647,1.480000000000001,0.9806295265990552,1.480000000000001,0.9866164924876679,1.480000000000001,0.9913139943471614,1.480000000000001,0.9952246401426726,1.480000000000001,0.9985367845980202,1.480000000000001,1.001382319501354,1.480000000000001,1.003856365012552,1.480000000000001,1.006029338676155
1.490000000000001,0.9367302166956987,1.490000000000001,0.9450949497417451,1.490000000000001,0.9557179951327442,1.490000000000001,0.9640618482452742,1.490000000000001,0.9716173670648145,1.490000000000001,0.9776842230507254,1.490000000000001,0.98269956201482,1.490000000000001,0.9869396616230357,1.490000000000001,0.9905878012062118,1.490000000000001,0.9965802325637132,1.490000000000001,1.001281989118152,1.490000000000001,1.005196001546766,1.490000000000001,1.008510874067177,1.490000000000001,1.011358663335751,1.490000000000001,1.013834602510607,1.490000000000001,1.016009189033122
1.5,0.9466105289925087,1.5,0.9550013690015799,1.5,0.9656393932495356,1.5,0.973993544338364,1.5,0.9815569100223012,1.5,0.9876299133714617,1.5,0.9926502088479144,1.5,0.99689439861845,1.5,1.000545977940541,1.5,1.006543890086506,1.5,1.011249909900041,1.5,1.015167296268916,1.5,1.018484903055763,1.5,1.021334951965919,1.5,1.02381278932024,1.5,1.025988992594266
