nch18_gm_gds (ll=2e-07) X,nch18_gm_gds (ll=2e-07) Y,nch18_gm_gds (ll=3e-07) X,nch18_gm_gds (ll=3e-07) Y,nch18_gm_gds (ll=4e-07) X,nch18_gm_gds (ll=4e-07) Y,nch18_gm_gds (ll=5e-07) X,nch18_gm_gds (ll=5e-07) Y,nch18_gm_gds (ll=6e-07) X,nch18_gm_gds (ll=6e-07) Y,nch18_gm_gds (ll=7e-07) X,nch18_gm_gds (ll=7e-07) Y,nch18_gm_gds (ll=8e-07) X,nch18_gm_gds (ll=8e-07) Y,nch18_gm_gds (ll=9e-07) X,nch18_gm_gds (ll=9e-07) Y,nch18_gm_gds (ll=1e-06) X,nch18_gm_gds (ll=1e-06) Y,nch18_gm_gds (ll=1.2e-06) X,nch18_gm_gds (ll=1.2e-06) Y,nch18_gm_gds (ll=1.4e-06) X,nch18_gm_gds (ll=1.4e-06) Y,nch18_gm_gds (ll=1.6e-06) X,nch18_gm_gds (ll=1.6e-06) Y,nch18_gm_gds (ll=1.8e-06) X,nch18_gm_gds (ll=1.8e-06) Y,nch18_gm_gds (ll=2e-06) X,nch18_gm_gds (ll=2e-06) Y,nch18_gm_gds (ll=2.2e-06) X,nch18_gm_gds (ll=2.2e-06) Y,nch18_gm_gds (ll=2.4e-06) X,nch18_gm_gds (ll=2.4e-06) Y
0,72.38382140874417,0,168.1374832977459,0,206.7870489717855,0,228.3148343498644,0,250.5806788150273,0,269.1461481249792,0,284.8990314680956,0,298.4329633721393,0,310.1843252809409,0,329.5811464357332,0,355.8622159457425,0,379.1009856945162,0,399.7728576067111,0,418.2689010206543,0,434.9089837602123,0,449.9553715182782
0.01,72.38025287594019,0.01,168.1202242574336,0.01,206.7608852782975,0.01,228.2825155345623,0.01,250.5406002022772,0.01,269.0988463956855,0.01,284.8450102316172,0.01,298.3726928390463,0.01,310.1182378316922,0.01,329.5045728050139,0.01,355.772866182574,0.01,378.9997585291763,0.01,399.6606073256232,0.01,418.1464221492419,0.01,434.7770068578523,0.01,449.814564321277
0.02,72.37613592646635,0.02,168.1003450158345,0.02,206.7307555606756,0.02,228.2452973250646,0.02,250.4944832162353,0.02,269.0444478241706,0.02,284.7829088097049,0.02,298.3034287000112,0.02,310.0423075119378,0.02,329.4166276964568,0.02,355.6705489170348,0.02,378.8840888938764,0.02,399.53255288002,0.02,418.0068814661884,0.02,434.6268052046587,0.02,449.6544552668982
0.03,72.3622769304361,0.03,168.0774323184202,0.03,206.6960369237363,0.03,228.2024119669799,0.03,250.4413901415332,0.03,268.9818577217878,0.03,284.7114874838965,0.03,298.2237972005034,0.03,309.9550365306679,0.03,329.3155914847515,0.03,355.553354880697,0.03,378.7518936651416,0.03,399.3864520202452,0.03,417.8478910093729,0.03,434.4558572065352,0.03,449.4723999647385
0.04,72.32193707213662,0.04,168.0249814267117,0.04,206.6560069551843,0.04,228.1529698689255,0.04,250.3802366191632,0.04,268.9098122138934,0.04,284.6293168305684,0.04,298.1322161806923,0.04,309.8547016140177,0.04,329.1994890694276,0.04,355.4191010975553,0.04,378.6007996365064,0.04,399.2197577955512,0.04,417.6667450811037,0.04,434.2613119071844,0.04,449.2654142653868
0.05,72.28080255438175,0.05,167.9135917992177,0.05,206.5156902234862,0.05,228.0142072744858,0.05,250.2192315176918,0.05,268.7289972482467,0.05,284.4306991507282,0.05,297.9175007101273,0.05,309.62534978114,0.05,328.9444870901782,0.05,355.1260394549957,0.05,378.2734679188939,0.05,398.8614114987072,0.05,417.2802039056287,0.05,433.849034119503,0.05,448.8295552415262
0.06,72.23873779627409,0.06,167.7976636375345,0.06,206.3630833795808,0.06,227.8387272472616,0.06,250.0176673314898,0.06,268.5042200119378,0.06,284.1850798345662,0.06,297.6530536379432,0.06,309.3438007344488,0.06,328.6330072366757,0.06,354.7791716136273,0.06,377.8943497022842,0.06,398.4528574959916,0.06,416.8447203275833,0.06,433.3888479604667,0.06,448.3466463450823
0.07000000000000001,72.19558525649161,0.07000000000000001,167.6764633623265,0.07000000000000001,206.2024899227327,0.07000000000000001,227.6533834541986,0.07000000000000001,249.8040149686142,0.07000000000000001,268.2652981343608,0.07000000000000001,283.9234144267689,0.07000000000000001,297.3708020439406,0.07000000000000001,309.0428190247691,0.07000000000000001,328.299180804197,0.07000000000000001,354.4072949168344,0.07000000000000001,377.4877747786667,0.07000000000000001,398.0145998820993,0.07000000000000001,416.3774700204684,0.07000000000000001,432.89499818588,0.07000000000000001,447.8283265546468
0.08,72.1511619334055,0.08,167.549141982155,0.08,206.0326405265403,0.08,227.4566211727792,0.08,249.5763993474725,0.08,268.0100650240388,0.08,283.6432706622966,0.08,297.0680712484277,0.08,308.7195083242915,0.08,327.9397215498511,0.08,354.0068576952395,0.08,377.0499515753286,0.08,397.5426312816318,0.08,415.874251626309,0.08,432.3631088602494,0.08,447.2700624881372
0.09,72.10525534910214,0.09,167.4147177583433,0.09,205.8520711796455,0.09,227.2466509056111,0.09,249.3326695252923,0.09,267.7360423963686,0.09,283.3418732459218,0.09,296.7418160856733,0.09,308.3705777039604,0.09,327.5509086210465,0.09,353.5738652578088,0.09,376.576639250626,0.09,397.0324909506716,0.09,415.3304082186853,0.09,431.7883478874257,0.09,446.666865334503
0.09999999999999999,72.05761895862604,0.09999999999999999,167.2720566591382,0.09999999999999999,205.659095789978,0.09999999999999999,227.0214166442043,0.09999999999999999,249.0703635923716,0.09999999999999999,267.4404028136291,0.09999999999999999,283.0160648486086,0.09999999999999999,296.3885810088731,0.09999999999999999,307.9923013702253,0.09999999999999999,327.1285467306427,0.09999999999999999,353.1038465694637,0.09999999999999999,376.0631207668026,0.09999999999999999,396.4792441830712,0.09999999999999999,414.7408129734721,0.09999999999999999,431.1654188459686,0.09999999999999999,446.0132887285664
0.11,72.00796692613284,0.11,167.1198504773905,0.11,205.451775966647,0.11,226.7785613509995,0.11,248.7866712600018,0.11,267.1199305924863,0.11,282.6622662874604,0.11,296.004460295952,0.11,307.5804794886241,0.11,326.6679295114237,0.11,352.5918269408332,0.11,375.5041846816788,0.11,395.8774730332224,0.11,414.0998686412727,0.11,430.4885690080712,0.11,445.3034450929599
0.12,71.95596821350361,0.12,166.9565925465994,0.12,205.2278880997177,0.12,226.5153900266416,0.12,248.4783948863119,0.12,266.770982235161,0.12,282.2764374771312,0.12,295.5850603828032,0.12,307.1304025640434,0.12,326.1638093848198,0.12,352.0323108723432,0.12,374.8941205600659,0.12,395.2212839663822,0.12,413.4015271101183,0.12,429.7516204689163,0.12,444.5310479672252
0.13,71.90123993606946,0.13,166.7805510859988,0.13,204.9848880650949,0.13,226.2288310442088,0.13,248.1419101392974,0.13,266.3894481363375,0.13,281.8540414759636,0.13,295.1254672268068,0.13,306.6368228508799,0.13,325.610378538167,0.13,351.4192806100181,0.13,374.2267344667732,0.13,394.5043397517926,0.13,412.6393371736514,0.13,428.9480332515199,0.13,443.6894898990492
0.14,71.84333995656442,0.14,166.5897403497591,0.14,204.7198741754991,0.14,225.9153968696945,0.14,247.7731281081141,0.14,265.9707181067871,0.14,281.3900149102575,0.14,294.6202227238076,0.14,306.0939375517075,0.14,325.0012671731023,0.14,350.7462177100416,0.14,373.4953928952639,0.14,393.7199249414463,0.14,411.8065307707082,0.14,428.0710115155538,0.14,442.7719678288069
0.15,71.7817587153198,0.15,166.3818899628704,0.15,204.4295494051844,0.15,225.5711458769588,0.15,247.3674614821344,0.15,265.5096542732643,0.15,280.8787492848848,0.15,294.0633156230739,0.15,305.4953901573138,0.15,324.3295671122617,0.15,350.006156988514,0.15,372.6931057123383,0.15,392.8610566296615,0.15,410.8961604228482,0.15,427.1136665554264,0.15,441.7716705467057
0.16,71.71591033576438,0.16,166.1544131180966,0.16,204.1101844650209,0.16,225.1916477447393,0.16,246.9197984568183,0.16,265.0005762074462,0.16,280.3140892118367,0.16,293.4481941217255,0.16,304.8342982222983,0.16,323.5878911273423,0.16,349.1917846348343,0.16,371.8126612005391,0.16,391.920654773238,0.16,409.9013032558369,0.16,426.0692529873642,0.16,440.6820455503746
0.17,71.64512310433257,0.17,165.9043747056526,0.17,203.7575840299077,0.17,224.7719559289636,0.17,246.424489337113,0.17,264.4372647249026,0.17,279.6893554326041,0.17,292.7678093900038,0.17,304.1033181293253,0.17,322.7684809335482,0.17,348.2955949047765,0.17,370.8468289521495,0.17,390.8917890421778,0.17,408.8153496718401,0.17,424.9314971829392,0.17,439.4971652593614
0.18,71.56862950883318,0.18,165.6284609780343,0.18,203.3670593558746,0.18,224.3065919719321,0.18,245.875352411871,0.18,263.8129926937145,0.18,278.9974026563676,0.18,292.0147016313765,0.18,303.2947599232644,0.18,321.8633795547394,0.18,347.3101224782617,0.18,369.7886489394613,0.18,389.7680216196807,0.18,407.6323970527424,0.18,423.6950391760267,0.18,438.2122145502051
0.19,71.48555613614324,0.19,165.322953042329,0.19,202.9334116992955,0.19,223.7895479584253,0.19,245.2657075647837,0.19,263.1205933566261,0.19,278.2307246079822,0.19,291.1811427984657,0.19,302.4007678985707,0.19,320.8646864065257,0.19,346.2282699256146,0.19,368.6318271382321,0.19,388.5438671006923,0.19,406.3477702708084,0.19,422.3560103192396,0.19,436.8241222859293
0.2,71.39491388656629,0.2,164.9837073467323,0.2,202.4509323808309,0.2,223.2143152511699,0.2,244.588448211218,0.2,262.3525789899548,0.2,277.3816210952871,0.2,290.2593525130726,0.2,301.4135849897567,0.2,319.7649155114535,0.2,345.0437511682864,0.2,367.3712588980778,0.2,387.2153908287883,0.2,404.9586903481481,0.2,420.9127679052635,0.2,435.3323578248204
0.21,71.29558916625928,0.21,164.6061474020914,0.21,201.9134270085963,0.21,222.5739496744694,0.21,243.8361643686293,0.21,261.5013249613782,0.21,276.4424440291149,0.21,289.2418056299811,0.21,300.325920579136,0.21,318.5574779511012,0.21,343.751671441292,0.21,366.0036998165102,0.21,385.780964520314,0.21,403.4651090731619,0.21,419.3668034214768,0.21,433.7399079573341
0.2200000000000001,71.18633697740293,0.2200000000000001,164.1852722469086,0.2200000000000001,201.3142732208334,0.2200000000000001,221.8611854107813,0.2200000000000001,243.001331697189,0.2200000000000001,260.5593359889402,0.2200000000000001,275.4059405928949,0.2200000000000001,288.1216505252222,0.2200000000000001,299.1314412357927,0.2200000000000001,317.2373078487003,0.2200000000000001,342.349260746494,0.2200000000000001,364.5285986979909,0.2200000000000001,384.2421912373333,0.2200000000000001,401.8707190291055,0.2200000000000001,417.7238312319494,0.2200000000000001,432.0544383855466
0.2300000000000001,71.06577714117724,0.2300000000000001,163.715688581298,0.2300000000000001,200.6465231741928,0.2300000000000001,221.0686117470252,0.2300000000000001,242.0765827202659,0.2300000000000001,259.5196119706067,0.2300000000000001,274.2657112881532,0.2300000000000001,286.8932555019975,0.2300000000000001,297.825400876721,0.2300000000000001,315.8016452250847,0.2300000000000001,340.8367693727159,0.2300000000000001,362.9490963750732,0.2300000000000001,382.6049986577051,0.2300000000000001,400.1841331590457,0.2300000000000001,415.9950470275306,0.2300000000000001,430.2896243758606
0.2400000000000001,70.93239525593087,0.2400000000000001,163.1916749528371,0.2400000000000001,199.9030635990901,0.2400000000000001,220.1889279616248,0.2400000000000001,241.0550763972956,0.2400000000000001,258.3761291451102,0.2400000000000001,273.0167971242655,0.2400000000000001,285.5528952164689,0.2400000000000001,296.405419184015,0.2400000000000001,314.2509769528968,0.2400000000000001,339.2185185486804,0.2400000000000001,361.2731754238643,0.2400000000000001,380.8808777596255,0.2400000000000001,398.4202032245153,0.2400000000000001,414.1985178355556,0.2400000000000001,428.4666050332721
0.2500000000000001,70.78455039239682,0.2500000000000001,162.6072876631347,0.2500000000000001,199.0768470836366,0.2500000000000001,219.21529131738,0.2500000000000001,239.9309796861217,0.2500000000000001,257.124447155259,0.2500000000000001,271.6564020945733,0.2500000000000001,284.0995777989945,0.2500000000000001,294.8724027305519,0.2500000000000001,312.5901163404517,0.2500000000000001,337.5040742942647,0.2500000000000001,359.5149167181298,0.2500000000000001,379.0882110956592,0.2500000000000001,396.6014099588577,0.2500000000000001,412.3606254515789,0.2500000000000001,426.6154725758926
0.2600000000000001,70.62049191535915,0.2600000000000001,161.9565188200084,0.2600000000000001,198.1612075891686,0.2600000000000001,218.1417702167278,0.2600000000000001,238.7000682231642,0.2600000000000001,255.7624420311997,0.2600000000000001,270.1847422644999,0.2600000000000001,282.5359942077723,0.2600000000000001,293.2315798420573,0.2600000000000001,310.8293703203373,0.2600000000000001,335.7094758989923,0.2600000000000001,357.6957773788448,0.2600000000000001,377.253589046763,0.2600000000000001,394.759207878862,0.2600000000000001,410.5174315766048,0.2600000000000001,424.7766509616793
0.2700000000000001,70.43838811515768,0.2700000000000001,161.2335166277723,0.2700000000000001,197.1502699848739,0.2700000000000001,216.9639076157136,0.2700000000000001,237.3604409499158,0.2700000000000001,254.2911471577362,0.2700000000000001,268.6059891582805,0.2700000000000001,280.8695421890509,0.2700000000000001,291.4935858158251,0.2700000000000001,308.9856993385683,0.2700000000000001,333.8584012179753,0.2700000000000001,355.8457505366248,0.2700000000000001,375.4129538758065,0.2700000000000001,392.9351451664089,0.2700000000000001,408.7157668515359,0.2700000000000001,423.0019489924902
0.2800000000000001,70.23636939779321,0.2800000000000001,160.4328757844613,0.2800000000000001,196.0394562392384,0.2800000000000001,215.679387022305,0.2800000000000001,235.9133234892825,0.2800000000000001,252.7156570426729,0.2800000000000001,266.9292410316388,0.2800000000000001,279.1133368083568,0.2800000000000001,289.6754890324242,0.2800000000000001,307.0837195902784,0.2800000000000001,331.9830908216668,0.2800000000000001,354.0042030562472,0.2800000000000001,373.6123436158152,0.2800000000000001,391.18150830097,0.2800000000000001,407.0137727924321,0.2800000000000001,421.3549977873379
0.2900000000000001,70.01258841499984,0.2900000000000001,159.5500006863792,0.2900000000000001,194.8260782214863,0.2900000000000001,214.2887730318931,0.2900000000000001,234.3639057642753,0.2900000000000001,251.0460111817171,0.2900000000000001,265.1694109105337,0.2900000000000001,277.2870687798367,0.2900000000000001,287.8015928698543,0.2900000000000001,305.156334996412,0.2900000000000001,330.124788199815,0.2900000000000001,352.2201206608272,0.2900000000000001,371.9079399477432,0.2900000000000001,389.5611726771685,0.2900000000000001,405.4805571422362,0.2900000000000001,419.9107144394433
0.3000000000000001,69.76529843380018,0.3000000000000001,158.5815347936705,0.3000000000000001,193.5099873232744,0.3000000000000001,212.7962691301997,0.3000000000000001,232.7221205016782,0.3000000000000001,249.2979286898449,0.3000000000000001,263.3478678853652,0.3000000000000001,275.4175155883661,0.3000000000000001,285.9037900162261,0.3000000000000001,303.2447282290133,0.3000000000000001,328.3333966444574,0.3000000000000001,350.551435634189,0.3000000000000001,370.3650729679161,0.3000000000000001,388.1462927630454,0.3000000000000001,404.1945794626272,0.3000000000000001,418.7533942440888
0.3100000000000001,69.49294910364998,0.3100000000000001,157.5258348090404,0.3100000000000001,192.0942234637133,0.3100000000000001,211.2103977064422,0.3100000000000001,231.0032233150646,0.3100000000000001,247.4932137007618,0.3100000000000001,261.4926159544582,0.3100000000000001,273.5384594581491,0.3100000000000001,284.0211983905119,0.3100000000000001,301.3974049736744,0.3100000000000001,326.666026169261,0.3100000000000001,349.0630936169555,0.3100000000000001,369.0558262431423,0.3100000000000001,387.0154653240414,0.3100000000000001,403.240393377464,0.3100000000000001,417.9730531014058
0.3200000000000001,69.19429522869868,0.3200000000000001,156.3834476206627,0.3200000000000001,190.5855713391048,0.3200000000000001,209.5444641472878,0.3200000000000001,229.2279889433389,0.3200000000000001,245.6596076315221,0.3200000000000001,259.6377573466438,0.3200000000000001,271.6897387463376,0.3200000000000001,282.1987927702883,0.3200000000000001,299.6679998805647,0.3200000000000001,325.1841341896317,0.3200000000000001,347.8235630233203,0.3200000000000001,368.0549493322623,0.3200000000000001,386.2490796235548,0.3200000000000001,402.7034684952437,0.3200000000000001,417.6597540239178
0.3300000000000001,68.86850897567767,0.3300000000000001,155.157521960891,0.3300000000000001,188.9948939666062,0.3300000000000001,207.8166265277289,0.3300000000000001,227.4223049873439,0.3300000000000001,243.8298450504101,0.3300000000000001,257.8219865494071,0.3300000000000001,269.9151804026155,0.3300000000000001,280.4847908638227,0.3300000000000001,298.1116462371163,0.3300000000000001,323.9490823834299,0.3300000000000001,346.8996343654079,0.3300000000000001,367.4339531659976,0.3300000000000001,385.9227602278098,0.3300000000000001,402.6630291041794,0.3300000000000001,417.8958868772806
0.3400000000000001,68.51527930311806,0.3400000000000001,153.8540586039632,0.3400000000000001,187.3370812347812,0.3400000000000001,206.0493688543632,0.3400000000000001,225.6159437997302,0.3400000000000001,242.0396989191042,0.3400000000000001,256.0859236837017,0.3400000000000001,268.2592582986566,0.3400000000000001,278.9266842740935,0.3400000000000001,296.7799079859969,0.3400000000000001,323.0161613656656,0.3400000000000001,346.3496175250183,0.3400000000000001,367.2535542311679,0.3400000000000001,386.0991263793827,0.3400000000000001,403.1831907855927,0.3400000000000001,418.7467382035226
0.3500000000000001,68.13487517078737,0.3500000000000001,152.4818795242344,0.3500000000000001,185.6304384915759,0.3500000000000001,204.2681890311133,0.3500000000000001,223.8403489424647,0.3500000000000001,240.3249033999613,0.3500000000000001,254.4682449733073,0.3500000000000001,266.762515589846,0.3500000000000001,277.566038652223,0.3500000000000001,295.7145743363832,0.3500000000000001,322.4274720992966,0.3500000000000001,346.2154151952274,0.3500000000000001,367.5550334326718,0.3500000000000001,386.818518403318,0.3500000000000001,404.3031261691874,0.3500000000000001,420.2501588989946
0.3600000000000002,67.7281432714864,0.3600000000000002,151.0521889942553,0.3600000000000002,183.8953660487483,0.3600000000000002,202.4993850709694,0.3600000000000002,222.1254059823904,0.3600000000000002,238.7170340919913,0.3600000000000002,253.0008114805987,0.3600000000000002,265.4560763106215,0.3600000000000002,276.4325096188845,0.3600000000000002,294.9409869644247,0.3600000000000002,322.2044538557047,0.3600000000000002,346.5143778077098,0.3600000000000002,368.3515241643789,0.3600000000000002,388.0898077408849,0.3600000000000002,406.0274710809964,0.3600000000000002,422.4066284125157
0.3700000000000002,67.29640990411053,0.3700000000000002,149.5776228210495,0.3700000000000002,182.1522640612299,0.3700000000000002,200.7669710300772,0.3700000000000002,220.4953845118631,0.3700000000000002,237.2386982820706,0.3700000000000002,251.7033105063839,0.3700000000000002,264.3559108815866,0.3700000000000002,275.5378743227801,0.3700000000000002,294.4619216661738,0.3700000000000002,322.3412176753167,0.3700000000000002,347.2322244325669,0.3700000000000002,369.6206276618916,0.3700000000000002,389.8827906830595,0.3700000000000002,408.3185623994927,0.3700000000000002,425.1713882271212
0.3800000000000002,66.84126435147691,0.3800000000000002,148.0707501188197,0.3800000000000002,180.4187490921553,0.3800000000000002,199.088975238839,0.3800000000000002,218.9645152952868,0.3800000000000002,235.8986948186129,0.3800000000000002,250.5782386187529,0.3800000000000002,263.457824507531,0.3800000000000002,274.8711592291712,0.3800000000000002,294.2532544107619,0.3800000000000002,322.80004700542,0.3800000000000002,348.3185028310261,0.3800000000000002,371.2999227706296,0.3800000000000002,392.1238117785459,0.3800000000000002,411.092219515139,0.3800000000000002,428.4504114919836
0.3900000000000002,66.36422137482063,0.3900000000000002,146.542111550335,0.3900000000000002,178.7064781118578,0.3900000000000002,197.4736324812849,0.3900000000000002,217.5329388422683,0.3900000000000002,234.6880549386627,0.3900000000000002,249.6072625799098,0.3900000000000002,262.734285279178,0.3900000000000002,274.3960245884941,0.3900000000000002,294.2625773586515,0.3900000000000002,323.5103296184319,0.3900000000000002,349.6859233613539,0.3900000000000002,373.2867541513996,0.3900000000000002,394.6960338546136,0.3900000000000002,414.2185065525692,0.3900000000000002,432.1016563332519
0.4000000000000002,65.86629369488655,0.4000000000000002,144.9980370930954,0.4000000000000002,177.018099539462,0.4000000000000002,195.9162048627246,0.4000000000000002,216.1839290888605,0.4000000000000002,233.5779566090173,0.4000000000000002,248.7499751345972,0.4000000000000002,262.1340851167294,0.4000000000000002,274.0513405839167,0.4000000000000002,294.4115217401442,0.4000000000000002,324.3717162044151,0.4000000000000002,351.2143695014817,0.4000000000000002,375.4430881801255,0.4000000000000002,397.4451163343078,0.4000000000000002,417.5282000690896,0.4000000000000002,435.9422844793312
0.4100000000000002,65.34754597182634,0.4100000000000002,143.43864719449,0.4100000000000002,175.3450126977104,0.4100000000000002,194.3972529614244,0.4100000000000002,214.8832511325695,0.4100000000000002,232.5203181566125,0.4100000000000002,247.9457398640424,0.4100000000000002,261.5853819143804,0.4100000000000002,273.7553401887365,0.4100000000000002,294.6018341423385,0.4100000000000002,325.2615118058219,0.4100000000000002,352.7595249325594,0.4100000000000002,377.6052956415113,0.4100000000000002,400.1900725984195,0.4100000000000002,420.8246416398189,0.4100000000000002,439.7614331280581
0.4200000000000002,64.80673664734091,0.4200000000000002,141.8565413918785,0.4200000000000002,173.6666257521761,0.4200000000000002,192.8830397984002,0.4200000000000002,213.5811924195151,0.4200000000000002,231.4513996425954,0.4200000000000002,247.1187154527305,0.4200000000000002,261.0019720379187,0.4200000000000002,273.412966877306,0.4200000000000002,294.7244156302033,0.4200000000000002,326.0453857571868,0.4200000000000002,354.1650688577876,0.4200000000000002,379.5976766622679,0.4200000000000002,402.7379882931025,0.4200000000000002,423.8995291312613,0.4200000000000002,443.3369726178331
0.4300000000000002,64.24116509252077,0.4300000000000002,140.2366500775404,0.4300000000000002,171.9515927048919,0.4300000000000002,191.3283582116756,0.4300000000000002,212.2172458417704,0.4300000000000002,230.2980662221633,0.4300000000000002,246.1854110495883,0.4300000000000002,260.2918774957296,0.4300000000000002,272.9252726609876,0.4300000000000002,294.669828776704,0.4300000000000002,326.5897114966058,0.4300000000000002,355.2765707926662,0.4300000000000002,381.247693093393,0.4300000000000002,404.9004141319144,0.4300000000000002,426.5503225460172,0.4300000000000002,446.4538012887918
0.4400000000000002,63.64681401110258,0.4400000000000002,138.5575287300799,0.4400000000000002,170.1610901685182,0.4400000000000002,189.6815033863785,0.4400000000000002,210.726768243909,0.4400000000000002,228.985696834183,0.4400000000000002,245.0634848071197,0.4400000000000002,259.3667529389479,0.4400000000000002,272.1992195208011,0.4400000000000002,294.3384466879649,0.4400000000000002,326.7734777296079,0.4400000000000002,355.9548325104131,0.4400000000000002,382.4004921041847,0.4400000000000002,406.5088774114413,0.4400000000000002,428.5965894279087,0.4400000000000002,448.9209003608608
0.4500000000000002,63.01880969369871,0.4500000000000002,136.7940339441411,0.4500000000000002,168.2536700284811,0.4500000000000002,187.8905406221445,0.4500000000000002,209.0484082454077,0.4500000000000002,227.4462883172704,0.4500000000000002,243.6801847453524,0.4500000000000002,258.1504311830477,0.4500000000000002,271.1561737692674,0.4500000000000002,293.6485731194574,0.4500000000000002,326.4978717479947,0.4500000000000002,356.0866059756446,0.4500000000000002,382.9305176348409,0.4500000000000002,407.4272061655673,0.4500000000000002,429.8929034870171,0.4500000000000002,450.5846996541695
0.4600000000000002,62.35213361697495,0.4600000000000002,134.9209356499927,0.4600000000000002,166.1907728825171,0.4600000000000002,185.9096520199816,0.4600000000000002,207.1308911019437,0.4600000000000002,225.6252717187303,0.4600000000000002,241.9789598051256,0.4600000000000002,256.5851969740573,0.4600000000000002,269.7377745066397,0.4600000000000002,292.5414360957014,0.4600000000000002,325.6922584936993,0.4600000000000002,355.591290951798,0.4600000000000002,382.7487333447295,0.4600000000000002,407.5591372620462,0.4600000000000002,430.3367350780153,0.4600000000000002,451.337174251885
0.4700000000000003,61.64244065180279,0.4700000000000003,132.9167313825674,0.4700000000000003,163.9417848054839,0.4700000000000003,183.7043292918631,0.4700000000000003,204.9379454023995,0.4700000000000003,223.4859339794372,0.4700000000000003,239.9232850740006,0.4700000000000003,254.6349988034245,0.4700000000000003,267.9085519402716,0.4700000000000003,290.9827366292805,0.4700000000000003,324.3161421930684,0.4700000000000003,354.423149352773,0.4700000000000003,381.8049740777525,0.4700000000000003,406.8507248249945,0.4700000000000003,429.8708618887226,0.4700000000000003,451.1182205487229
0.4800000000000003,60.88680365390027,0.4800000000000003,130.7668548524986,0.4800000000000003,161.4876512476191,0.4800000000000003,181.2545197202318,0.4800000000000003,202.4506771807253,0.4800000000000003,221.0109772293169,0.4800000000000003,237.4974535713642,0.4800000000000003,252.2855511409182,0.4800000000000003,265.6554237332124,0.4800000000000003,288.9611626295692,0.4800000000000003,322.3575237615257,0.4800000000000003,352.5694723217617,0.4800000000000003,380.0858972072321,0.4800000000000003,405.2880627950572,0.4800000000000003,428.4808594470369,0.4800000000000003,449.9129180482923
0.4900000000000003,60.08422580481507,0.4900000000000003,128.4656454853443,0.4900000000000003,158.8224746126364,0.4900000000000003,178.5553928351908,0.4900000000000003,199.6673438139935,0.4900000000000003,218.2014197468018,0.4900000000000003,234.704746776915,0.4900000000000003,249.5419062243939,0.4900000000000003,262.9847803167787,0.4900000000000003,286.4847618756738,0.4900000000000003,319.8286385730406,0.4900000000000003,350.0457672194477,0.4900000000000003,377.6096777688693,0.4900000000000003,402.8915366359205,0.4900000000000003,426.1889519196348,0.4900000000000003,447.7450173396036
0.5000000000000002,59.23583039421231,0.5000000000000002,126.0167970508127,0.5000000000000002,155.9530544019455,0.5000000000000002,175.6159691956773,0.5000000000000002,196.6010340340532,0.5000000000000002,215.073540766746,0.5000000000000002,231.5638246996708,0.5000000000000002,246.424431213355,0.5000000000000002,259.9181577996145,0.5000000000000002,283.5762344077674,0.5000000000000002,316.7602839093954,0.5000000000000002,346.8892930679149,0.5000000000000002,374.4188748315402,0.5000000000000002,399.7081152254762,0.5000000000000002,423.0458056661087,0.5000000000000002,444.6682981978336
0.5100000000000002,58.34472449160645,0.5100000000000002,123.4323950844345,0.5100000000000002,152.8967916431088,0.5100000000000002,172.45625906862,0.5100000000000002,193.2760749918162,0.5100000000000002,211.6547902816805,0.5100000000000002,228.1043077304267,0.5100000000000002,242.9641820044925,0.5100000000000002,256.4874882680452,0.5100000000000002,280.2680971664749,0.5100000000000002,313.1958584731344,0.5100000000000002,343.1521961271636,0.5100000000000002,370.5728224004764,0.5100000000000002,395.8031177543822,0.5100000000000002,419.121766748185,0.5100000000000002,440.7573536534725
0.5200000000000002,57.41560710621906,0.5200000000000002,120.7309507156686,0.5200000000000002,149.6786416926779,0.5200000000000002,169.1037130702592,0.5200000000000002,189.7240302575044,0.5200000000000002,207.9795361440979,0.5200000000000002,224.3624018644786,0.5200000000000002,239.1984893991929,0.5200000000000002,252.730700096123,0.5200000000000002,276.5984020677105,0.5200000000000002,309.1859509771575,0.5200000000000002,338.8951988600556,0.5200000000000002,366.140586687568,0.5200000000000002,391.2525661528359,0.5200000000000002,414.4987069193539,0.5200000000000002,436.0990074852993
0.5300000000000002,56.4542337818616,0.5300000000000002,117.9349688469195,0.5300000000000002,146.3278300209763,0.5300000000000002,165.5897101988869,0.5300000000000002,185.9799875462701,0.5300000000000002,204.0852950722438,0.5300000000000002,220.3771533176997,0.5300000000000002,235.1672825428323,0.5300000000000002,248.6881350689669,0.5300000000000002,272.6073716507147,0.5300000000000002,304.783961021841,0.5300000000000002,334.1824135728315,0.5300000000000002,361.1951268618768,0.5300000000000002,386.136809945352,0.5300000000000002,409.2632030541576,0.5300000000000002,430.7851194444546
0.5400000000000003,55.46685402486168,0.5400000000000003,115.068553650278,0.5400000000000003,142.8748986712563,0.5400000000000003,161.9465899277029,0.5400000000000003,182.0795692065284,0.5400000000000003,200.009805146793,0.5400000000000003,216.1876208576683,0.5400000000000003,230.9103769147951,0.5400000000000003,244.3999566893393,0.5400000000000003,268.3350418343837,0.5400000000000003,300.0429148558387,0.5400000000000003,329.0774973911155,0.5400000000000003,355.8089157302031,0.5400000000000003,380.5357093499965,0.5400000000000003,403.5013576014381,0.5400000000000003,424.9071019852212
0.5500000000000003,54.45971435379898,0.5500000000000003,112.1554104627944,0.5500000000000003,139.3494206819913,0.5500000000000003,158.2054769176294,0.5500000000000003,178.0568318544239,0.5500000000000003,195.7890361364828,0.5500000000000003,211.8310049321753,0.5500000000000003,226.4657197110205,0.5500000000000003,239.9045052064035,0.5500000000000003,263.8198125671428,0.5500000000000003,295.01340620859,0.5500000000000003,323.6411007513333,0.5500000000000003,350.0509882395393,0.5500000000000003,374.5253554731286,0.5500000000000003,397.2952464014461,0.5500000000000003,418.552139817896
0.5600000000000003,53.43868259081539,0.5600000000000003,109.2174229878248,0.5600000000000003,135.7784928655609,0.5600000000000003,154.3949267088979,0.5600000000000003,173.9430170196625,0.5600000000000003,191.4560496150914,0.5600000000000003,207.3416087935308,0.5600000000000003,221.8684408322607,0.5600000000000003,235.2374277650347,0.5600000000000003,259.0977095297304,0.5600000000000003,289.7424605809084,0.5600000000000003,317.9294045118799,0.5600000000000003,343.9852097379844,0.5600000000000003,368.1761162101386,0.5600000000000003,390.7207790314342,0.5600000000000003,411.8008939887472
0.5700000000000003,52.40901172512844,0.5700000000000003,106.2738262433692,0.5700000000000003,132.1859477767077,0.5700000000000003,150.5402756682668,0.5700000000000003,169.7659942325598,0.5700000000000003,187.0405232956467,0.5700000000000003,202.7504291664062,0.5700000000000003,217.150496926602,0.5700000000000003,230.4313655539021,0.5700000000000003,254.2021357304315,0.5700000000000003,284.2730749066371,0.5700000000000003,311.9934776606889,0.5700000000000003,337.6694803101837,0.5700000000000003,361.5517114191528,0.5700000000000003,383.8466646334076,0.5700000000000003,404.7263744699675
0.5800000000000003,51.37523292091277,0.5800000000000003,103.3408890079515,0.5800000000000003,128.5921306415937,0.5800000000000003,146.6635111586976,0.5800000000000003,165.550193618468,0.5800000000000003,182.5687282146064,0.5800000000000003,198.0851628872173,0.5800000000000003,212.3406963835846,0.5800000000000003,225.5159894469315,0.5800000000000003,249.1639146591314,0.5800000000000003,278.6441963794144,0.5800000000000003,305.8791909629878,0.5800000000000003,331.1555884068106,0.5800000000000003,354.7090129461794,0.5800000000000003,376.7341644803928,0.5800000000000003,397.3936507313352
0.5900000000000003,50.3411502539496,0.5900000000000003,100.4319689360669,0.5900000000000003,125.0140574836863,0.5900000000000003,142.7834707711986,0.5900000000000003,161.3168342336351,0.5900000000000003,178.0637683663839,0.5900000000000003,193.3704453850573,0.5900000000000003,207.4649287231368,0.5900000000000003,220.5182155969746,0.5900000000000003,244.0114721793298,0.5900000000000003,272.8909474330655,0.5900000000000003,299.627462972757,0.5900000000000003,324.4894663787837,0.5900000000000003,347.6983031911082,0.5900000000000003,369.4373496954302,0.5900000000000003,389.86010620885
0.6000000000000003,49.309903696884,0.6000000000000003,97.55779747902945,0.6000000000000003,121.4657856974728,0.6000000000000003,138.9162085645935,0.6000000000000003,157.0842924587432,0.6000000000000003,173.5459360328855,0.6000000000000003,188.6281838555678,0.6000000000000003,202.5464707041153,0.6000000000000003,215.4624822919071,0.6000000000000003,238.7710545227749,0.6000000000000003,267.044957330929,0.6000000000000003,293.2746704480956,0.6000000000000003,317.7116576900979,0.6000000000000003,340.5637842544936,0.6000000000000003,362.0036418326151,0.6000000000000003,382.1760026666141
0.6100000000000003,48.28406873917501,0.6100000000000003,94.72687307854095,0.6100000000000003,117.9588659589288,0.6100000000000003,135.0754103353787,0.6100000000000003,152.8685020569385,0.6100000000000003,169.0330844741599,0.6100000000000003,183.8778963571863,0.6100000000000003,197.606289159655,0.6100000000000003,210.3710160213494,0.6100000000000003,233.4669238914613,0.6100000000000003,261.1347111676023,0.6100000000000003,286.8531100348911,0.6100000000000003,310.8578637698591,0.6100000000000003,333.3441904866129,0.6100000000000003,354.4744768650449,0.6100000000000003,374.3851849164485
0.6200000000000003,47.26576735261846,0.6200000000000003,91.94587405856431,0.6200000000000003,114.5027876765502,0.6200000000000003,131.2727842581484,0.6200000000000003,148.6833214397321,0.6200000000000003,164.540962209929,0.6200000000000003,179.1370088354751,0.6200000000000003,192.6632994236684,0.6200000000000003,205.2640516505692,0.6200000000000003,228.1215065737916,0.6200000000000003,255.185867644612,0.6200000000000003,280.3914439668324,0.6200000000000003,303.9594884079409,0.6200000000000003,326.0734103718476,0.6200000000000003,346.8859887419912,0.6200000000000003,366.5258139989866
0.6300000000000003,46.25677287032207,0.6300000000000003,89.2200361025987,0.6300000000000003,111.1053688358403,0.6300000000000003,127.5183898196576,0.6300000000000003,144.5408381718365,0.6300000000000003,160.0834852333254,0.6300000000000003,174.4210918442314,0.6300000000000003,187.7345657702422,0.6300000000000003,200.1599971320936,0.6300000000000003,222.7554905237614,0.6300000000000003,249.2215258734199,0.6300000000000003,273.9150966177131,0.6300000000000003,297.0441357077527,0.6300000000000003,318.7810649510994,0.6300000000000003,339.2696524703437,0.6300000000000003,358.6310627605438
0.6400000000000003,45.25859876340292,0.6400000000000003,86.55346702981441,0.6400000000000003,107.773070449239,0.6400000000000003,123.8208940392333,0.6400000000000003,140.451604292391,0.6400000000000003,155.6729446109799,0.6400000000000003,169.744037633388,0.6400000000000003,182.8354472194575,0.6400000000000003,195.0755483755541,0.6400000000000003,217.3878816460348,0.6400000000000003,243.2624396296947,0.6400000000000003,267.4465914485586,0.6400000000000003,290.1360438571895,0.6400000000000003,311.4930190427947,0.6400000000000003,331.6528579951548,0.6400000000000003,350.7297409202217
0.6500000000000004,44.27256724092175,0.6500000000000004,83.94939155671455,0.6500000000000004,104.5112351753755,0.6500000000000004,120.1877599788428,0.6500000000000004,136.4248097986511,0.6500000000000004,151.3201586754716,0.6500000000000004,165.1181882701403,0.6500000000000004,177.9797005420697,0.6500000000000004,190.0257670626518,0.6500000000000004,212.0360330627458,0.6500000000000004,237.3271871740272,0.6500000000000004,261.0058312246653,0.6500000000000004,283.2564531980843,0.6500000000000004,304.2318200518545,0.6500000000000004,324.0594065565031,0.6500000000000004,342.8468386570816
0.6600000000000004,43.29985774584847,0.6600000000000004,81.41033110510104,0.6600000000000004,101.3242604333606,0.6600000000000004,116.6253805119428,0.6600000000000004,132.468407929115,0.6600000000000004,147.0345838604854,0.6600000000000004,160.5544290791202,0.6600000000000004,173.17955487696,0.6600000000000004,185.0241358906346,0.6600000000000004,206.7156619188627,0.6600000000000004,231.43230848286,0.6600000000000004,254.6103308463325,0.6600000000000004,276.4239157284372,0.6600000000000004,297.0170695808742,0.6600000000000004,316.5099330682399,0.6600000000000004,335.0039908219591
0.6700000000000004,42.34153789968781,0.6700000000000004,78.93822995976466,0.6700000000000004,98.21572074010396,0.6700000000000004,113.1391726741464,0.6700000000000004,128.5892071584318,0.6700000000000004,142.8243985993175,0.6700000000000004,156.0622613074025,0.6700000000000004,168.4457713693051,0.6700000000000004,180.082604194406,0.6700000000000004,201.4408659147003,0.6700000000000004,225.5924217500281,0.6700000000000004,248.2754140755281,0.6700000000000004,269.6545566701718,0.6700000000000004,289.8657378289706,0.6700000000000004,309.0222638937253,0.6700000000000004,327.2198705749797
0.6800000000000004,41.39858060201571,0.6800000000000004,76.53454100244755,0.6800000000000004,95.18845427643232,0.6800000000000004,109.7336468706217,0.6800000000000004,124.7929431899187,0.6800000000000004,138.6965726083865,0.6800000000000004,151.6498654378875,0.6800000000000004,163.7876984405365,0.6800000000000004,175.2116338378959,0.6800000000000004,196.2241482811376,0.6800000000000004,219.8203290652886,0.6800000000000004,242.0143847380363,0.6800000000000004,262.9622990629442,0.6800000000000004,282.7924319452972,0.6800000000000004,301.6117212832294,0.6800000000000004,319.5105237479977
0.6900000000000004,40.4718712146143,0.6900000000000004,74.2002835148668,0.6900000000000004,92.24462668520684,0.6900000000000004,106.4124624794638,0.6900000000000004,121.0843412805673,0.6900000000000004,134.656930759163,0.6900000000000004,147.3241633269367,0.6900000000000004,159.213329950644,0.6900000000000004,170.4202518302259,0.6900000000000004,191.0764563441921,0.6900000000000004,214.1271184688032,0.6900000000000004,235.8386810068629,0.6900000000000004,256.3590609886286,0.6900000000000004,275.8096286697079,0.6900000000000004,294.2913853489196,0.6900000000000004,311.8896552194212
0.7000000000000004,39.56220841238885,0.7000000000000004,71.93608345376394,0.7000000000000004,89.38578215417637,0.7000000000000004,103.1784781407088,0.7000000000000004,117.4671760008089,0.7000000000000004,130.7102175337152,0.7000000000000004,143.0908841615087,0.7000000000000004,154.7293703595911,0.7000000000000004,165.716112992147,0.7000000000000004,186.0072357291071,0.7000000000000004,208.5222668700334,0.7000000000000004,229.7580190174605,0.7000000000000004,249.8549329880969,0.7000000000000004,268.9278798257413,0.7000000000000004,287.0723229225177,0.7000000000000004,304.3688772638375
0.7100000000000004,38.67030164714775,0.7100000000000004,69.74220405496763,0.7100000000000004,86.61288879009503,0.7100000000000004,100.0338019625374,0.7100000000000004,113.9443326175013,0.7100000000000004,126.8601652733637,0.7100000000000004,138.9546365571104,0.7100000000000004,150.3413084164489,0.7100000000000004,161.1055735006665,0.7100000000000004,181.0244998793116,0.7100000000000004,203.0137460098443,0.7100000000000004,223.7805298481263,0.7100000000000004,243.4583411196323,0.7100000000000004,262.1559972166779,0.7100000000000004,279.9637907231454,0.7100000000000004,296.9579280125166
0.7200000000000004,37.79676744372855,0.7200000000000004,67.61857217108968,0.7200000000000004,83.92638261833174,0.7200000000000004,96.97984436081133,0.7200000000000004,110.51787197064,0.7200000000000004,123.1095672830878,0.7200000000000004,134.918987117377,0.7200000000000004,146.0534990281683,0.7200000000000004,156.5937743670474,0.7200000000000004,176.1349129505653,0.7200000000000004,197.6081318928119,0.7200000000000004,217.9128920786027,0.7200000000000004,237.1761992514288,0.7200000000000004,255.5012216053868,0.7200000000000004,272.9734183896539,0.7200000000000004,289.6648662894744
0.7300000000000004,36.94212605469257,0.7300000000000004,65.56480367209197,0.7300000000000004,81.32621244293823,0.7300000000000004,94.0173743882988,0.7300000000000004,107.1890990581178,0.7300000000000004,119.4603553741003,0.7300000000000004,130.9865444457727,0.7300000000000004,141.8692517564855,0.7300000000000004,152.1847328066225,0.7300000000000004,171.3438832076164,0.7300000000000004,192.3107169345429,0.7300000000000004,212.1604607877558,0.7300000000000004,231.0140527098301,0.7300000000000004,248.9693789058175,0.7300000000000004,266.1073753168461,0.7300000000000004,282.4962474318611
0.7400000000000004,36.10679940609722,0.7400000000000004,63.58022964167182,0.7400000000000004,78.81188630408693,0.7400000000000004,91.14657917619444,0.7400000000000004,103.9586344928749,0.7400000000000004,115.9136805370159,0.7400000000000004,127.1590468470722,0.7400000000000004,137.7909237550119,0.7400000000000004,147.8814389206168,0.7400000000000004,166.655663663682,0.7400000000000004,187.1256233818864,0.7400000000000004,206.5273929515949,0.7400000000000004,224.9762143519399,0.7400000000000004,242.5650255371399,0.7400000000000004,259.3705239682272,0.7400000000000004,275.4572833570069
0.7500000000000004,35.29111079855827,0.7500000000000004,61.66392397701296,0.7500000000000004,76.38251930683123,0.7500000000000004,88.36712540157539,0.7500000000000004,100.8264874404478,0.7500000000000004,112.4699950165109,0.7500000000000004,123.437451651294,0.7500000000000004,133.8200147534993,0.7500000000000004,143.6859549902007,0.7500000000000004,162.073456715791,0.7500000000000004,182.0559162683232,0.7500000000000004,201.0167686810527,0.7500000000000004,219.0658934331196,0.7500000000000004,236.2915840657687,0.7500000000000004,252.766561402249,0.7500000000000004,268.5519891250763
0.7600000000000005,34.49528648522454,0.7600000000000005,59.81473227958732,0.7600000000000005,74.03688206057922,0.7600000000000005,85.6782213849857,0.7600000000000005,97.79212845448562,0.7600000000000005,109.1291339754992,0.7600000000000005,119.8220241045452,0.7600000000000005,129.9572617900623,0.7600000000000005,139.5995148472797,0.7600000000000005,157.5995198047843,0.7600000000000005,177.10371415163,0.7600000000000005,195.6307075053019,0.7600000000000005,213.2853172424383,0.7600000000000005,230.1514697257581,0.7600000000000005,246.2981501131339,0.7600000000000005,261.783317517241
0.7700000000000005,33.71945901747713,0.7700000000000005,58.03130152306345,0.7700000000000005,71.77344874830466,0.7700000000000005,83.07867839038943,0.7700000000000005,94.85456068419242,0.7700000000000005,105.89039507559,0.7700000000000005,116.3124239839138,0.7700000000000005,126.2027316702586,0.7700000000000005,135.622621121893,0.7700000000000005,153.2352695562062,0.7700000000000005,172.2702960477389,0.7700000000000005,190.3704788771016,0.7700000000000005,207.6358452950318,0.7700000000000005,224.1462081069417,0.7700000000000005,239.9670388837936,0.7700000000000005,255.1532826684354
0.7800000000000005,32.96367210987226,0.7800000000000005,56.3121098135251,0.7800000000000005,69.59044383533482,0.7800000000000005,80.56696984171987,0.7800000000000005,92.01238813193598,0.7800000000000005,102.7526145657167,0.7800000000000005,112.907788415082,0.7800000000000005,122.5559095042777,0.7800000000000005,131.7551385835087,0.7800000000000005,148.9813823508211,0.7800000000000005,167.5562032445323,0.7800000000000005,185.2366061753367,0.7800000000000005,202.1180758354252,0.7800000000000005,218.2765441543566,0.7800000000000005,233.7741741182743,0.7800000000000005,248.6630734899489
0.7900000000000005,32.22788670657374,0.7900000000000005,54.65549554041727,0.7900000000000005,67.48588654570959,0.7900000000000005,78.14128740504155,0.7900000000000005,89.26387991610048,0.7900000000000005,99.71423879127235,0.7900000000000005,109.6068097336719,0.7900000000000005,119.0157820748081,0.7900000000000005,127.9963822306455,0.7900000000000005,144.8378897704957,0.7900000000000005,162.9613349916625,0.7900000000000005,180.2289636495183,0.7900000000000005,196.7319444624321,0.7900000000000005,212.5425425916421,0.7900000000000005,227.7198020118071,0.7900000000000005,242.313157448441
0.8000000000000005,31.51198791241656,0.8000000000000005,53.05968529277709,0.8000000000000005,65.45763241656886,0.8000000000000005,75.79959315501785,0.8000000000000005,86.60702979059323,0.8000000000000005,96.77339036267561,0.8000000000000005,106.407807588569,0.8000000000000005,115.5809151749837,0.8000000000000005,124.3451991974127,0.8000000000000005,140.8042678285383,0.8000000000000005,158.485037376401,0.8000000000000005,175.3468659483014,0.8000000000000005,191.4768147918582,0.8000000000000005,206.9436799074543,0.8000000000000005,221.8035618878734,0.8000000000000005,236.1033751814012
0.8100000000000005,30.81579246604351,0.8100000000000005,51.52282003886953,0.8100000000000005,63.50341144405668,0.8100000000000005,73.53966731021008,0.8100000000000005,84.03961045394932,0.8100000000000005,93.92792852426705,0.8100000000000005,103.3087948095373,0.8100000000000005,112.2495244018848,0.8100000000000005,120.8000439133518,0.8100000000000005,136.8795193002017,0.8100000000000005,154.126184985291,0.8100000000000005,170.5891500715129,0.8100000000000005,186.3515611946721,0.8100000000000005,201.4789281104447,0.8100000000000005,216.0245710408857,0.8100000000000005,230.0330264061696
0.8200000000000005,30.13905646697685,0.8200000000000005,50.04297920695076,0.8200000000000005,61.62086252977111,0.8200000000000005,71.35915126086269,0.8200000000000005,81.55922242820036,0.8200000000000005,91.17550352485367,0.8200000000000005,100.3075368373948,0.8200000000000005,109.0195391836677,0.8200000000000005,117.3590462618906,0.8200000000000005,133.0622488094799,0.8200000000000005,149.8832552016798,0.8200000000000005,165.9542497642146,0.8200000000000005,181.3546437714242,0.8200000000000005,196.146830528484,0.8200000000000005,210.3815014594996,0.8200000000000005,224.1009475748137
0.8300000000000005,29.48148311311462,0.8300000000000005,48.61820244048588,0.8300000000000005,59.80756410881281,0.8300000000000005,69.2555858137158,0.8300000000000005,79.16333749158977,0.8300000000000005,88.51360500327587,0.8300000000000005,97.40160473792363,0.8300000000000005,105.8886600533832,0.8300000000000005,114.020072730658,0.8300000000000005,129.3507306016143,0.8300000000000005,145.7543951948193,0.8300000000000005,161.4402625208949,0.8300000000000005,176.4841758278473,0.8300000000000005,190.9455700007861,0.8300000000000005,204.8726488459596,0.8300000000000005,218.3055817476653
0.8400000000000005,28.84273025298143,0.8400000000000005,47.24650892120436,0.8400000000000005,58.06106098179685,0.8400000000000005,67.22644473737627,0.8400000000000005,76.8493368080419,0.8400000000000005,85.93960456577646,0.8400000000000005,94.58842199145604,0.8400000000000005,102.8544093622791,0.8400000000000005,110.7807807362451,0.8400000000000005,125.7429691404802,0.8400000000000005,141.7374818165258,0.8400000000000005,157.045009489495,0.8400000000000005,171.7379842047758,0.8400000000000005,185.8730298679625,0.8400000000000005,199.4959943824563,0.8400000000000005,212.6450411717609
0.8500000000000005,28.2224176034962,0.8500000000000005,45.92591425266123,0.8500000000000005,56.37888748193884,0.8500000000000005,65.2691638103057,0.8500000000000005,74.61454401266357,0.8500000000000005,83.45079285054508,0.8500000000000005,91.86530537344916,0.8500000000000005,99.91417575524714,0.8500000000000005,107.6386664434441,0.8500000000000005,122.2367528235087,0.8500000000000005,137.8301747396556,0.8500000000000005,152.7660886525912,0.8500000000000005,167.1136628797202,0.8500000000000005,180.9268482127546,0.8500000000000005,194.2492597225858,0.8500000000000005,207.1171630651083
0.8600000000000005,27.62013352628517,0.8600000000000005,44.65444497404293,0.8600000000000005,54.7585871866759,0.8600000000000005,63.38116565580407,0.8600000000000005,72.45625359167477,0.8600000000000005,81.04441145440855,0.8600000000000005,89.22950032396237,0.8600000000000005,97.06525281817488,0.8600000000000005,104.5911064916513,0.8600000000000005,118.8297012126478,0.8600000000000005,134.0299632538563,0.8600000000000005,148.6009217234433,0.8600000000000005,162.6086202996665,0.8600000000000005,176.1044658294361,0.8600000000000005,189.1299557042979,0.8600000000000005,201.7195591162832
0.8700000000000006,27.0354412921966,0.8700000000000006,43.43015083006173,0.8700000000000006,53.19772943480007,0.8700000000000006,61.55988069996247,0.8700000000000006,70.37175494301241,0.8700000000000006,78.71768014402501,0.8700000000000006,86.67821125296177,0.8700000000000006,94.3048723591743,0.8700000000000006,101.635394097506,0.8700000000000006,115.5193062460452,0.8700000000000006,130.334207184264,0.8700000000000006,144.5467952318372,0.8700000000000006,158.2201209302297,0.8700000000000006,171.4031684164543,0.8700000000000006,184.1354252851245,0.8700000000000006,196.4496592036284
0.8800000000000006,26.46788479420183,0.8800000000000006,42.2511149604227,0.8800000000000006,51.69392293946514,0.8800000000000006,59.80276461548447,0.8800000000000006,68.35835252681903,0.8800000000000006,76.46781979564612,0.8800000000000006,84.20862725075611,0.8800000000000006,91.63023281002066,0.8800000000000006,98.76877003021571,0.8800000000000006,112.302967930777,0.8800000000000006,126.7401724241126,0.8800000000000006,140.6008962890658,0.8800000000000006,153.9453215126115,0.8800000000000006,166.8201234868497,0.8800000000000006,179.2628811963668,0.8800000000000006,191.304749832702
0.8900000000000006,25.91699369335371,0.8900000000000006,41.11546219457328,0.8900000000000006,50.24482679926921,0.8900000000000006,58.10731262200991,0.8900000000000006,66.41338251886417,0.8900000000000006,74.29207150969964,0.8900000000000006,81.81794367503728,0.8900000000000006,89.03852323751489,0.8900000000000006,95.98844896147561,0.8900000000000006,109.1780250280384,0.8900000000000006,123.2450615775579,0.8900000000000006,136.7603435222182,0.8900000000000006,149.7813025158035,0.8900000000000006,162.3524124814402,0.8900000000000006,174.5094387988681,0.8900000000000006,186.2820077729978
0.9000000000000006,25.38228800145228,0.9000000000000006,40.02136564746273,0.9000000000000006,48.84815920820031,0.9000000000000006,56.47107100717002,0.9000000000000006,64.53422636975502,0.9000000000000006,72.18771233436108,0.9000000000000006,79.50338007338141,0.9000000000000006,86.5269434424093,0.9000000000000006,93.29164168117032,0.9000000000000006,106.1417812360839,0.9000000000000006,119.8460402002006,0.9000000000000006,133.0222136555668,0.9000000000000006,145.7250952556087,0.9000000000000006,157.9970585528756,0.9000000000000006,169.8721446062417,0.9000000000000006,181.378529353642
0.9100000000000006,24.86328211814596,0.9100000000000006,38.96705181272657,0.9100000000000006,47.50170415435257,0.9100000000000006,54.89164621627965,0.9100000000000006,62.71832165291669,0.9100000000000006,70.15206801032528,0.9100000000000006,77.26219487724907,0.9100000000000006,84.09272060075115,0.9100000000000006,90.6755736480456,0.9100000000000006,103.1915273573327,0.9100000000000006,116.5402591049761,0.9100000000000006,129.3835641955578,0.9100000000000006,141.7737051300951,0.9100000000000006,153.7510504637398,0.9100000000000006,165.3480009124421,0.9100000000000006,176.5913558526055
0.9200000000000006,24.35948835016394,0.9200000000000006,37.95080434369919,0.9200000000000006,46.20331637994905,0.9200000000000006,53.36671183574511,0.9200000000000006,60.96317055815139,0.9200000000000006,68.18252312074762,0.9200000000000006,75.09169727415606,0.9200000000000006,81.73312287283152,0.9200000000000006,88.13750031520793,0.9200000000000006,100.3245599087341,0.9200000000000006,113.3248731745501,0.9200000000000006,125.8414526493281,0.9200000000000006,137.9241313935923,0.9200000000000006,149.6113630162271,0.9200000000000006,160.933986936682,0.9200000000000006,171.9174953862661
0.9300000000000006,23.8704199469388,0.9300000000000006,36.97096670200073,0.9300000000000006,44.95092485400836,0.9300000000000006,51.89401376864033,0.9300000000000006,59.26634635787013,0.9300000000000006,66.27652899850806,0.9300000000000006,72.98925663159957,0.9300000000000006,79.44547037125321,0.9300000000000006,85.67471963658591,0.9300000000000006,97.5381966021081,0.9300000000000006,110.1970570903504,0.9300000000000006,122.3929526763606,0.9300000000000006,134.1733838613225,0.9300000000000006,145.5749743983885,0.9300000000000006,156.6270768660041,0.9300000000000006,167.3539416751948
0.9400000000000006,23.39559369073502,0.9400000000000006,36.02594383993873,0.9400000000000006,43.74253498566739,0.9400000000000006,50.4713738725352,0.9400000000000006,57.62549814187837,0.9400000000000006,64.43160970967705,0.9400000000000006,70.95230981170332,0.9400000000000006,77.22714384421388,0.9400000000000006,83.28458212482347,0.9400000000000006,94.82978908608086,0.9400000000000006,107.1540183549775,0.9400000000000006,119.035167540287,0.9400000000000006,130.5184969049847,0.9400000000000006,141.6388808030975,0.9400000000000006,152.4242551468952,0.9400000000000006,162.8976900344176
0.9500000000000006,22.93453208114823,0.9500000000000006,35.11420306789734,0.9500000000000006,42.57622978232574,0.9500000000000006,49.09669230099345,0.9500000000000006,56.03835408532158,0.9500000000000006,62.64536639885242,0.9500000000000006,68.97836668088979,0.9500000000000006,75.07559139456858,0.9500000000000006,80.96449879503301,0.9500000000000006,92.19673330522366,0.9500000000000006,104.1930079508817,0.9500000000000006,115.7652411952005,0.9500000000000006,126.9565410679305,0.9500000000000006,137.800108643334,0.9500000000000006,148.3225293459823,0.9500000000000006,158.5457509028188
0.9600000000000006,22.48676515399563,0.9600000000000006,34.23427424224332,0.9600000000000006,41.45017013329356,0.9600000000000006,47.76794876237962,0.9600000000000006,54.50272348418453,0.9600000000000006,60.91548024988952,0.9600000000000006,67.06501408539913,0.9600000000000006,72.98833352071338,0.9600000000000006,78.71194729369091,0.9600000000000006,89.63647779659469,0.9600000000000006,101.3113289448415,0.9600000000000006,112.5803673092526,0.9600000000000006,123.48463259745,0.9600000000000006,134.0557246574168,0.9600000000000006,144.3189408701343,0.9600000000000006,154.2951612010457
0.9700000000000006,22.05183197364211,0.9700000000000006,33.38474939380266,0.9700000000000006,40.36259437722322,0.9700000000000006,46.48320288318279,0.9700000000000006,53.01649776418596,0.9700000000000006,59.2397142852823,0.9700000000000006,65.20991853172649,0.9700000000000006,70.96296673260086,0.9700000000000006,76.52447647854778,0.9700000000000006,87.14653020977548,0.9700000000000006,98.50634331537229,0.9700000000000006,109.4777964966419,0.9700000000000006,120.0999411614017,0.9700000000000006,130.4028441692649,0.9700000000000006,140.4105738085559,0.9700000000000006,150.1429937776486
0.9800000000000006,21.62928183600124,0.9800000000000006,32.56428190212229,0.9800000000000006,39.31181729078539,0.9800000000000006,45.24059383872157,0.9800000000000006,51.57765064249103,0.9800000000000006,57.61591419931457,0.9800000000000006,63.41082778167432,0.9800000000000006,68.99716596572229,0.9800000000000006,74.39970968412931,0.9800000000000006,84.72446230445252,0.9800000000000006,95.77547725011097,0.9800000000000006,106.4548420004973,0.9800000000000006,116.7996959888399,0.9800000000000006,126.8386377402634,0.9800000000000006,136.5945621322954,0.9800000000000006,146.0863651765501
0.9900000000000007,21.21867521713279,0.9900000000000007,31.77158530685963,0.9900000000000007,38.29622861693146,0.9900000000000007,44.03833939176375,0.9900000000000007,50.18423759759119,0.9900000000000007,56.04200839450922,0.9900000000000007,61.66557154473328,0.9900000000000007,67.08868598793623,0.9900000000000007,72.33534687868433,0.9900000000000007,82.36791364977657,0.9900000000000007,93.11622513205043,0.9900000000000007,103.5088840422067,0.9900000000000007,113.5811906478633,0.9900000000000007,123.3603364247877,0.9900000000000007,132.8680954613314,0.9900000000000007,142.1224419366391
1.000000000000001,20.81958449975103,1.000000000000001,31.00543183487988,1.000000000000001,37.31429123389035,1.000000000000001,42.87473445952857,1.000000000000001,48.83439478096761,1.000000000000001,54.5160073677276,1.000000000000001,59.97206142619123,1.000000000000001,65.2353619686437,1.000000000000001,70.32916589224328,1.000000000000001,80.07459422255508,1.000000000000001,90.52615240735156,1.000000000000001,100.6373730273981,1.000000000000001,110.4417866491444,1.000000000000001,119.9652358176367,1.000000000000001,129.2284235875044,1.000000000000001,138.2484456098153
1.010000000000001,20.4315945071709,1.010000000000001,30.26465071014808,1.010000000000001,36.36453905066707,1.010000000000001,41.74814931171646,1.010000000000001,47.52633748482655,1.010000000000001,53.03600257162531,1.010000000000001,58.32829026754301,1.010000000000001,63.43510935705273,1.010000000000001,68.37902287188729,1.010000000000001,77.84228607658699,1.010000000000001,88.00289750428433,1.010000000000001,97.83783177644449,1.010000000000001,107.3789160428532,1.010000000000001,116.6506990593864,1.010000000000001,125.6728599192462,1.010000000000001,134.4616566646703
1.020000000000001,20.0543028714406,1.020000000000001,29.54812630318601,1.020000000000001,35.44557470130896,1.020000000000001,40.65702748639016,1.020000000000001,46.25835826307807,1.020000000000001,51.6001648588425,1.020000000000001,56.73233099637331,1.020000000000001,61.68592319597023,1.020000000000001,66.48285209925641,1.020000000000001,75.66884423328081,1.020000000000001,85.54417295139345,1.020000000000001,95.10785692670063,1.020000000000001,104.3900831554638,1.020000000000001,113.414158947837,1.020000000000001,122.1987839962433,1.020000000000001,130.7594174235572
1.030000000000001,19.68732025968106,1.030000000000001,28.85479616779638,1.030000000000001,34.55606709830237,1.030000000000001,39.59988349677823,1.030000000000001,45.02882478773335,1.030000000000001,50.2067426002006,1.030000000000001,55.18233508582919,1.030000000000001,59.98587697958848,1.030000000000001,64.63866528663462,1.030000000000001,73.55219692382538,1.030000000000001,83.1477658240549,1.030000000000001,92.44511963539584,1.030000000000001,101.472865595588,1.030000000000001,110.2531192843156,1.030000000000001,118.8036432039082,1.030000000000001,127.1391341639726
1.040000000000001,19.33027048005021,1.040000000000001,28.18364900478675,1.040000000000001,33.69474889523266,1.040000000000001,38.57530039001595,1.040000000000001,43.83617750979657,1.040000000000001,48.8540595540926,1.040000000000001,53.67653070877323,1.040000000000001,58.33312114796248,1.040000000000001,62.84455045146042,1.040000000000001,71.4903452956506,1.040000000000001,80.81153763169604,1.040000000000001,89.8473656955144,1.040000000000001,98.62491464219158,1.040000000000001,107.1651555691005,1.040000000000001,115.4849538028056,1.040000000000001,123.5982785008077
1.050000000000001,18.98279048629822,1.050000000000001,27.53372258551052,1.050000000000001,32.86041389990746,1.050000000000001,37.5819272085267,1.050000000000001,42.6789271824008,1.050000000000001,47.54051255200559,1.050000000000001,52.21322065863647,1.050000000000001,56.72588129704803,1.050000000000001,61.09867045462358,1.050000000000001,69.48136268036525,1.050000000000001,78.53342374292311,1.050000000000001,87.31241516260197,1.050000000000001,95.8439551134215,1.050000000000001,104.1479151460339,1.050000000000001,112.2403013741574,1.050000000000001,120.1343881514926
1.060000000000001,18.64453029762887,1.060000000000001,26.90410166208193,1.060000000000001,32.05191447158678,1.060000000000001,36.61847639576958,1.060000000000001,41.55565229415903,1.060000000000001,46.26456905450748,1.060000000000001,50.79078009766341,1.060000000000001,55.16245617110541,1.060000000000001,59.39926127527816,1.060000000000001,67.5233935067108,1.060000000000001,76.31143243261322,1.060000000000001,84.83816157730864,1.060000000000001,93.12778480283009,1.060000000000001,101.1991168833963,1.060000000000001,109.0673407708639,1.060000000000001,116.7450671748973
1.070000000000001,18.31515284850366,1.070000000000001,26.29391588601569,1.070000000000001,31.26815892944523,1.070000000000001,35.68372118050436,1.070000000000001,40.46499645227829,1.070000000000001,45.02476462292176,1.070000000000001,49.40765418337153,1.070000000000001,53.64121549388064,1.070000000000001,57.74463008389969,1.070000000000001,65.61465193016325,1.070000000000001,74.1436436234612,1.070000000000001,82.42257085741694,1.070000000000001,90.47427355728027,1.070000000000001,98.3165504681383,1.070000000000001,105.9637956510051,1.070000000000001,113.4279857636111
1.080000000000001,17.99433378115177,1.080000000000001,25.70233775268071,1.080000000000001,30.5081089939274,1.080000000000001,34.77649296720205,1.080000000000001,39.40566574786773,1.080000000000001,43.81970034404931,1.080000000000001,48.06235561565941,1.080000000000001,52.16059768591898,1.080000000000001,56.1331531657598,1.080000000000001,63.75342024044373,1.080000000000001,72.028207384307,1.080000000000001,80.06367992299343,1.080000000000001,87.88136206242277,1.080000000000001,95.49807537992289,1.080000000000001,102.9274576647035,1.080000000000001,110.1808796611387
1.090000000000001,17.68176119185703,1.090000000000001,25.12858058527645,1.090000000000001,29.77077727798932,1.090000000000001,33.8956787547619,1.090000000000001,38.37642612970499,1.090000000000001,42.64804023863146,1.090000000000001,46.75346213969661,1.090000000000001,50.71910750759814,1.090000000000001,54.56327373879285,1.090000000000001,61.93804709912884,1.090000000000001,69.96334223880305,1.090000000000001,77.75959510969118,1.090000000000001,85.34706039213813,1.090000000000001,92.74161960415368,1.090000000000001,99.95618535311019,1.090000000000001,107.0015492663375
1.100000000000001,17.37713534058802,1.100000000000001,24.5718965689443,1.100000000000001,29.05522484136656,1.100000000000001,33.04021860101736,1.100000000000001,37.37610080758978,1.100000000000001,41.50850867852692,1.100000000000001,45.47961403355503,1.100000000000001,49.31531366084536,1.100000000000001,53.03349970270722,1.100000000000001,60.16694565182898,1.100000000000001,67.94733333036443,1.100000000000001,75.50849041792169,1.100000000000001,82.86944637161542,1.100000000000001,90.04517813524834,1.100000000000001,97.04790281467179,1.100000000000001,103.8878584817523
1.110000000000001,17.08016833219392,1.110000000000001,24.03157484300802,1.110000000000001,28.36055881773004,1.110000000000001,32.20910314666264,1.110000000000001,36.40356770203967,1.110000000000001,40.39988783276304,1.110000000000001,44.23951160424758,1.110000000000001,47.94784637674883,1.110000000000001,51.54240135015508,1.110000000000001,58.43859155264971,1.110000000000001,65.97853048271725,1.110000000000001,73.30860563893783,1.110000000000001,80.44666379720236,1.110000000000001,87.4068113157295,1.110000000000001,94.20059818624607,1.110000000000001,100.8377333565319
1.120000000000001,16.79058377619834,1.120000000000001,23.50693965719618,1.120000000000001,27.68593012191684,1.120000000000001,31.40137120895673,1.120000000000001,35.4577569533909,1.120000000000001,39.32101515849057,1.120000000000001,43.03191271136732,1.120000000000001,46.61539501148332,1.120000000000001,50.08860906555281,1.120000000000001,56.751520932954,1.120000000000001,64.05534618992573,1.120000000000001,71.15824439374633,1.120000000000001,78.07692055101995,1.120000000000001,84.82464305173195,1.120000000000001,91.41232198214874,1.120000000000001,97.84916057041345
1.130000000000001,16.50811643118901,1.130000000000001,22.9973485958987,1.130000000000001,27.03053124220637,1.130000000000001,30.61610745283928,1.130000000000001,34.53764850031166,1.130000000000001,38.27078094949356,1.130000000000001,41.85563033372345,1.130000000000001,45.31670566878419,1.130000000000001,48.67081103277082,1.130000000000001,55.10432834155579,1.130000000000001,62.1762535648098,1.130000000000001,69.05577211576713,1.130000000000001,75.75848664394488,1.130000000000001,82.29685894098466,1.130000000000001,88.68118533109617,1.130000000000001,94.92018580204157
1.140000000000001,16.23251183888006,1.140000000000001,22.50219087303115,1.140000000000001,26.39359412076235,1.140000000000001,29.85244014487505,1.140000000000001,33.64226973517358,1.140000000000001,37.24812595196392,1.140000000000001,40.70953019116685,1.140000000000001,44.0505788638017,1.140000000000001,47.28775096913795,1.140000000000001,53.49566467934864,1.140000000000001,60.33978427093944,1.140000000000001,66.99961400498464,1.140000000000001,73.48969221713743,1.140000000000001,79.82170434714111,1.140000000000001,86.00535814807026,1.140000000000001,92.04891202278472
1.150000000000001,15.96352595212339,1.150000000000001,22.02088569889812,1.150000000000001,25.7743881238954,1.150000000000001,29.10953899359579,1.150000000000001,32.77069324156955,1.150000000000001,36.25203905487304,1.150000000000001,39.59252843115203,1.150000000000001,42.81586724018354,1.150000000000001,45.93822590010696,1.150000000000001,51.92423514797369,1.150000000000001,58.5445264599716,1.150000000000001,64.98825297771528,1.150000000000001,71.26892552958964,1.150000000000001,77.39748245107801,1.150000000000001,83.38306727622845,1.150000000000001,89.23349775689833
1.160000000000001,15.70092476045925,1.160000000000001,21.55288071945969,1.160000000000001,25.17221810260794,1.160000000000001,28.3866130782764,1.160000000000001,31.9220346175563,1.160000000000001,35.281555060268,1.160000000000001,38.50358938730868,1.160000000000001,41.61147334980057,1.160000000000001,44.62108398627424,1.160000000000001,50.38879722928822,1.160000000000001,56.78912273360886,1.160000000000001,63.02022763443454,1.160000000000001,69.09463095755839,1.160000000000001,75.02255230977725,1.160000000000001,80.81259463462543,1.160000000000001,86.47215534878117
1.170000000000001,15.44448391617946,1.170000000000001,21.09765052763159,1.170000000000001,24.5864225429031,1.170000000000001,27.68290886699377,1.170000000000001,31.09545038673008,1.170000000000001,34.33575253716352,1.170000000000001,37.44172341548546,1.170000000000001,40.43634750254598,1.170000000000001,43.33522241230373,1.170000000000001,48.88815871014905,1.170000000000001,55.07226814748345,1.170000000000001,61.09413026632289,1.170000000000001,66.96530703079343,1.170000000000001,72.69532695245016,1.170000000000001,78.29227540754435,1.170000000000001,83.76314928151972
1.180000000000001,15.19398836337114,1.180000000000001,20.65469524564217,1.180000000000001,24.01637180460487,1.180000000000001,26.9977083238028,1.180000000000001,30.29013599809675,1.180000000000001,33.41375176135607,1.180000000000001,36.40598481114902,1.180000000000001,39.28948569190482,1.180000000000001,42.07958534553453,1.180000000000001,47.42117576527607,1.180000000000001,53.39270827290834,1.180000000000001,59.20860492035312,1.180000000000001,64.8795045304493,1.180000000000001,70.41427154540939,1.180000000000001,75.82049631442641,1.180000000000001,81.10479459374407
1.190000000000001,14.94923197194102,1.190000000000001,20.22353917697328,1.190000000000001,23.46146644682313,1.190000000000001,26.33032710409445,1.190000000000001,29.50532391473468,1.190000000000001,32.51471274238477,1.190000000000001,35.395469810888,1.190000000000001,38.16992760072492,1.190000000000001,40.85316197064738,1.190000000000001,45.98675110969874,1.190000000000001,51.74923733169764,1.190000000000001,57.36234554309707,1.190000000000001,62.8358246748436,1.190000000000001,68.17790165893354,1.190000000000001,73.3956940028785,1.190000000000001,78.49545544862231
1.200000000000001,14.71001717825518,1.200000000000001,19.80372952605234,1.200000000000001,22.92113563778176,1.200000000000001,25.68011283659352,1.200000000000001,28.74028179051698,1.200000000000001,31.63783333796509,1.200000000000001,34.40931467961435,1.200000000000001,37.07675469044576,1.200000000000001,39.65498460568242,1.200000000000001,44.58383223148158,1.200000000000001,50.140696419119,1.200000000000001,55.55409422385848,1.200000000000001,60.83291742112456,1.200000000000001,65.98478167392278,1.200000000000001,71.01635361385406,1.200000000000001,75.93354391752187
1.210000000000001,14.47615463367608,1.210000000000001,19.39483518360266,1.210000000000001,22.39483564635002,1.210000000000001,25.04644348995485,1.210000000000001,27.99431073355956,1.210000000000001,30.78234745557431,1.210000000000001,33.44669388445114,1.210000000000001,36.00908837633784,1.210000000000001,38.48412690389837,1.210000000000001,43.21140971507675,1.210000000000001,48.56597183052664,1.210000000000001,53.78263955982711,1.210000000000001,58.86947991461034,1.210000000000001,63.8335233712296,1.210000000000001,68.6810075758719,1.210000000000001,73.41751905173354
1.220000000000001,14.24746286201408,1.220000000000001,18.99644557532621,1.220000000000001,21.88204841241933,1.220000000000001,24.42872582158325,1.220000000000001,27.26674365461168,1.220000000000001,29.94752334024622,1.220000000000001,32.50681835553837,1.220000000000001,34.96608829057482,1.220000000000001,37.33970214543882,1.220000000000001,41.86851566575763,1.220000000000001,47.02399350842848,1.220000000000001,52.04681516848712,1.220000000000001,56.94425512238666,1.220000000000001,61.72278475462623,1.220000000000001,66.38823469669066,1.220000000000001,70.94588633129506
1.230000000000001,14.02376792665802,1.230000000000001,18.60816957150496,1.230000000000001,21.3822801930755,1.230000000000001,23.82639390603534,1.230000000000001,26.55694369826412,1.230000000000001,29.13266194726223,1.230000000000001,31.58893383362888,1.230000000000001,33.94695063461273,1.230000000000001,36.22086162248839,1.230000000000001,40.55422224615977,1.230000000000001,45.51373362868363,1.230000000000001,50.34549837665907,1.230000000000001,55.05603069435801,1.230000000000001,59.65126916836297,1.230000000000001,64.13665963466325,1.230000000000001,68.51719759875024
1.240000000000001,13.80490310795515,1.240000000000001,18.22963445498291,1.240000000000001,20.8950602814449,1.240000000000001,23.23890774017179,1.240000000000001,25.86430275458539,1.240000000000001,28.33709539819162,1.240000000000001,30.69231930400207,1.240000000000001,32.95090662212012,1.240000000000001,35.12679312157594,1.240000000000001,39.26764033704928,1.240000000000001,44.03420534730792,1.240000000000001,48.67760912073202,1.240000000000001,53.20363810392185,1.240000000000001,57.61772478315886,1.240000000000001,61.92495285069925,1.240000000000001,66.13005160958144
1.250000000000001,13.59070859122628,1.250000000000001,17.86048494498264,1.250000000000001,20.41993979501624,1.250000000000001,22.66575192212064,1.250000000000001,25.18824004867567,1.250000000000001,27.5601855183638,1.250000000000001,29.81628551608205,1.250000000000001,31.97722101355103,1.250000000000001,34.05671950685701,1.250000000000001,38.00791833605243,1.250000000000001,42.58446173318083,1.250000000000001,47.04210909968948,1.250000000000001,51.38595213123165,1.250000000000001,55.62094454099778,1.250000000000001,59.75183116347848,1.250000000000001,63.78309536114892
1.260000000000001,13.3810311656717,1.260000000000001,17.50038227418161,1.260000000000001,19.95649053026803,1.260000000000001,22.10643440105834,1.260000000000001,24.52820080546171,1.260000000000001,26.80132245393577,1.260000000000001,28.96017358797116,1.260000000000001,31.02519074364351,1.260000000000001,33.00989740868259,1.260000000000001,36.77424111031838,1.260000000000001,41.1635949168011,1.260000000000001,45.43800123124979,1.260000000000001,49.6018907662306,1.260000000000001,53.65976666948598,1.260000000000001,57.6160590595158,1.260000000000001,61.47502639777512
1.270000000000001,13.1757239342916,1.270000000000001,17.14900331650883,1.270000000000001,19.50430388043736,1.270000000000001,21.56048529478027,1.270000000000001,23.88365498706929,1.270000000000001,26.05992336652789,1.270000000000001,28.12335369527801,1.270000000000001,30.09414364326168,1.270000000000001,31.98561602241413,1.270000000000001,35.56582912198815,1.270000000000001,39.7707354914545,1.270000000000001,43.86432947241019,1.270000000000001,47.85041562576774,1.270000000000001,51.73307590117758,1.270000000000001,55.51645094252167,1.270000000000001,59.20459633372872
1.280000000000001,12.97464603484801,1.280000000000001,16.80603976315216,1.280000000000001,19.06298981331789,1.280000000000001,21.02745577206672,1.280000000000001,23.25409610006039,1.280000000000001,25.33543120347502,1.280000000000001,27.3052238436077,1.280000000000001,29.18343725746997,1.280000000000001,30.98319602341549,1.280000000000001,34.38193774900135,1.280000000000001,38.40505221080001,1.280000000000001,42.32017907918473,1.280000000000001,46.13053300016713,1.280000000000001,49.83980556375748,1.280000000000001,53.45187454757853,1.280000000000001,56.97061588707829
1.290000000000001,12.7776623718136,1.290000000000001,16.4711973443316,1.290000000000001,18.63217590607512,1.290000000000001,20.50691699688635,1.290000000000001,22.63904006990474,1.290000000000001,24.62731354181346,1.290000000000001,26.50520872436864,1.290000000000001,28.29245776219403,1.290000000000001,30.00198860538136,1.290000000000001,33.22185682826211,1.290000000000001,37.0657520362187,1.290000000000001,40.80467739654685,1.290000000000001,44.44129566975807,1.290000000000001,47.97894074243028,1.290000000000001,51.42125579274967,1.290000000000001,54.77196177736056
1.300000000000001,12.58464335918173,1.300000000000001,16.14419509445865,1.300000000000001,18.21150643411185,1.300000000000001,19.99845913154309,1.300000000000001,22.03802418006783,1.300000000000001,23.93506150420336,1.300000000000001,25.7227586537851,1.300000000000001,27.42061898260704,1.300000000000001,29.04137465065113,1.300000000000001,32.08491045364323,1.300000000000001,35.75208059846452,1.300000000000001,39.31699528897991,1.300000000000001,42.78180566155929,1.300000000000001,46.14952275745843,1.300000000000001,49.42358539476509,1.300000000000001,52.60758590634362
1.310000000000001,12.39546467396007,1.310000000000001,15.82476465838499,1.310000000000001,17.8006415111627,1.310000000000001,19.50169039597782,1.310000000000001,21.45060607325991,1.310000000000001,23.25818874521122,1.310000000000001,24.95734859545835,1.310000000000001,26.56736151715442,1.310000000000001,28.10076404308353,1.310000000000001,30.97045706773628,1.310000000000001,34.46332315136659,1.310000000000001,37.85634934465682,1.310000000000001,41.15121815036967,1.310000000000001,44.35065524655712,1.310000000000001,47.45792763552075,1.310000000000001,50.47652731301825
1.320000000000001,12.2100070201271,1.320000000000001,15.51264963652546,1.320000000000001,17.39925627787103,1.320000000000001,19.01623618051019,1.320000000000001,20.87636281243383,1.320000000000001,22.59623050652732,1.320000000000001,24.20847726716475,1.320000000000001,25.73215197226493,1.320000000000001,27.17959513619076,1.320000000000001,29.87788989379041,1.320000000000001,33.19880611055424,1.320000000000001,36.42200501193829,1.320000000000001,39.54874674657015,1.320000000000001,42.58151219248991,1.320000000000001,45.52343172807774,1.320000000000001,48.3779274655618
1.330000000000001,12.02815590278888,1.330000000000001,15.20760496672135,1.330000000000001,17.00704013623177,1.330000000000001,18.54173820943079,1.330000000000001,20.31488999932119,1.330000000000001,21.94874273996993,1.330000000000001,23.47566633325114,1.330000000000001,24.91448231396911,1.330000000000001,26.27733439187316,1.330000000000001,28.80663776282821,1.330000000000001,31.95789928734586,1.330000000000001,35.01328085519556,1.330000000000001,37.97367045339713,1.330000000000001,40.8413482884237,1.330000000000001,43.61934629121389,1.330000000000001,46.31104951567303
1.340000000000001,11.84980141225791,1.340000000000001,14.90939634082872,1.340000000000001,16.62369602738882,1.340000000000001,18.07785375297258,1.340000000000001,19.76580094840806,1.340000000000001,21.31530129738714,1.340000000000001,22.7584596845148,1.340000000000001,24.11386934405765,1.340000000000001,25.39347620799136,1.340000000000001,27.75616640046816,1.340000000000001,30.74001894651886,1.340000000000001,33.62955414646489,1.340000000000001,36.42534261634346,1.340000000000001,39.12951207993154,1.340000000000001,41.74503748935695,1.340000000000001,44.27530218137934
1.350000000000001,11.67483801775078,1.350000000000001,14.61779965407202,1.350000000000001,16.24893975039823,1.350000000000001,17.62425488529798,1.350000000000001,19.22872591442725,1.350000000000001,20.69550118690183,1.350000000000001,22.056422808237,1.350000000000001,23.32985431011071,1.350000000000001,24.52754295641482,1.350000000000001,26.72598024810274,1.350000000000001,29.54463183575064,1.350000000000001,32.27026803788841,1.350000000000001,34.90320222206938,1.350000000000001,37.44546235703137,1.350000000000001,39.90001141706932,1.350000000000001,42.27026892085918
1.360000000000001,11.50316437038026,1.360000000000001,14.33260048532335,1.360000000000001,15.88249931969822,1.360000000000001,17.18062778627997,1.360000000000001,18.70331137163472,1.360000000000001,20.08895589531504,1.360000000000001,21.36914225183368,1.360000000000001,22.5620026604258,1.360000000000001,23.67908525675697,1.360000000000001,25.71562490330176,1.360000000000001,28.37126035230439,1.360000000000001,30.93494058276825,1.360000000000001,33.40678792465317,1.360000000000001,35.78878827465216,1.360000000000001,38.08394128013184,1.360000000000001,40.29574297940469
1.370000000000001,11.33468311512494,1.370000000000001,14.05359360655323,1.370000000000001,15.52411435910234,1.370000000000001,16.74667208497777,1.370000000000001,18.18921934330291,1.370000000000001,19.49529677680098,1.370000000000001,20.69622518448731,1.370000000000001,21.80990395695373,1.370000000000001,22.84768251498296,1.370000000000001,24.7246902736425,1.370000000000001,27.21948902616212,1.370000000000001,29.62317588424473,1.370000000000001,31.93575517182416,1.370000000000001,34.15923363753198,1.370000000000001,36.2966998195832,1.370000000000001,38.35176869297981
1.380000000000001,11.16930071143892,1.380000000000001,13.78058251977416,1.380000000000001,15.17353553030783,1.380000000000001,16.32210024284332,1.380000000000001,17.68612678010755,1.380000000000001,18.91417250856105,1.380000000000001,20.03729906207132,1.380000000000001,21.07317196139255,1.380000000000001,22.03294375997346,1.380000000000001,23.75281454491743,1.380000000000001,26.08897250373542,1.380000000000001,28.33467763956359,1.380000000000001,30.48989675297504,1.380000000000001,32.55672566362497,1.380000000000001,34.53839719462778,1.380000000000001,36.43868905449843
1.390000000000001,11.00692726216905,1.390000000000001,13.51337901991014,1.390000000000001,14.83052399396181,1.390000000000001,15.90663697480798,1.390000000000001,17.19372498623415,1.390000000000001,18.34524861442429,1.390000000000001,19.39201140178081,1.390000000000001,20.35144491178406,1.390000000000001,21.23450881483644,1.390000000000001,22.79968906659225,1.390000000000001,24.97944520578969,1.390000000000001,27.06926530071057,1.390000000000001,29.06916697047012,1.390000000000001,30.98140830091856,1.390000000000001,32.80942413359568,1.390000000000001,34.55719892426364
1.400000000000001,10.84747635044634,1.400000000000001,13.25180278208975,1.400000000000001,14.49485090147053,1.400000000000001,15.50001870656481,1.400000000000001,16.7117190923151,1.400000000000001,17.78820705800024,1.400000000000001,18.76002967390646,1.400000000000001,19.64438600905981,1.400000000000001,20.4520498427845,1.400000000000001,21.86506425070248,1.400000000000001,23.89073279774003,1.400000000000001,25.8268929688705,1.400000000000001,27.67370941131173,1.400000000000001,29.43367976665208,1.400000000000001,31.11049951283212,1.400000000000001,32.70840231931727
1.410000000000001,10.69086488422426,1.410000000000001,12.99568097194753,1.410000000000001,14.16629691584581,1.410000000000001,15.10199306644937,1.410000000000001,16.2398275744846,1.410000000000001,17.24274590736316,1.410000000000001,18.14104131925004,1.410000000000001,18.95168413473105,1.410000000000001,19.68527330893023,1.410000000000001,20.94875656026021,1.410000000000001,22.82276553713519,1.410000000000001,24.60767095579416,1.410000000000001,26.30388792861059,1.410000000000001,27.91423335108917,1.410000000000001,29.44272056956231,1.410000000000001,30.89387088166464
1.420000000000001,10.53701294813833,1.420000000000001,12.74484787761002,1.420000000000001,13.84465175995094,1.420000000000001,14.71231841048989,1.420000000000001,15.77778181909927,1.420000000000001,16.70857907385389,1.420000000000001,17.534753901758,1.420000000000001,18.27305482223895,1.420000000000001,18.93392239847947,1.420000000000001,20.05065662286281,1.420000000000001,21.77559343537565,1.420000000000001,23.4118896497397,1.420000000000001,24.96031988803907,1.420000000000001,26.42409963057776,1.420000000000001,27.8076126498875,1.420000000000001,29.11569887853419
1.430000000000001,10.38584366236577,1.430000000000001,12.49914456208951,1.430000000000001,13.5297137906418,1.430000000000001,14.33076337931282,1.430000000000001,15.32532573290045,1.430000000000001,16.18543612800413,1.430000000000001,16.94089540666807,1.430000000000001,17.60824150463338,1.430000000000001,18.19777992692615,1.430000000000001,19.17073843591074,1.430000000000001,20.7494029692283,1.430000000000001,22.24004488620177,1.430000000000001,23.6439099575273,1.430000000000001,24.96468703927108,1.430000000000001,26.20717374112904,1.430000000000001,27.37654798808821
1.440000000000001,10.23728304818159,1.440000000000001,12.25841853492246,1.440000000000001,13.22128959737816,1.440000000000001,13.95710648569508,1.440000000000001,14.88221539865453,1.440000000000001,15.67306219614645,1.440000000000001,16.35921469503419,1.440000000000001,16.95701705989484,1.440000000000001,17.47667176721165,1.440000000000001,18.30906952153461,1.440000000000001,19.7445347823773,1.440000000000001,21.09286341936943,1.440000000000001,22.35588170589406,1.440000000000001,23.53781628178958,1.440000000000001,24.6439071373707,1.440000000000001,25.67967287824421
1.450000000000001,10.09125989989973,1.450000000000001,12.02252344190996,1.450000000000001,12.91919362395335,1.450000000000001,13.59113573173689,1.450000000000001,14.44821877650033,1.450000000000001,15.17121794156398,1.450000000000001,15.78948212544833,1.450000000000001,16.31918567129136,1.450000000000001,16.7704707994138,1.450000000000001,17.46582173090717,1.450000000000001,18.76150141168292,1.450000000000001,19.97132631345975,1.450000000000001,21.09780306434184,1.450000000000001,22.14574245111017,1.450000000000001,23.12083368690598,1.450000000000001,24.02891660845679
1.460000000000001,9.947705662916249,1.460000000000001,11.79131877192567,1.460000000000001,12.62324781210896,1.460000000000001,13.23264825469556,1.460000000000001,14.02311545152575,1.460000000000001,14.67967963440608,1.460000000000001,15.23149035289098,1.460000000000001,15.69458501276368,1.460000000000001,16.07910135761728,1.460000000000001,16.64128217939398,1.460000000000001,17.80100355308206,1.460000000000001,18.87668715719419,1.460000000000001,19.87160041441888,1.460000000000001,20.79115720852895,1.460000000000001,21.64147361879546,1.460000000000001,22.42866383593817
1.470000000000001,9.806554317564,1.470000000000001,11.56466957979207,1.470000000000001,12.3332812658572,1.470000000000001,12.88145000068079,1.470000000000001,13.60669642826711,1.470000000000001,14.19823931460219,1.470000000000001,14.68505531270295,1.470000000000001,15.08308875675637,1.470000000000001,15.4025441018767,1.470000000000001,15.83586351130701,1.470000000000001,16.86394276792884,1.470000000000001,17.81048104708056,1.470000000000001,18.67955493633643,1.470000000000001,19.47716242137698,1.470000000000001,20.20978760061185,1.470000000000001,20.88374055965938
1.480000000000001,9.667742268507634,1.480000000000001,11.34244622429627,1.480000000000001,12.04912993542109,1.480000000000001,12.53735542552382,1.480000000000001,13.19876397301503,1.480000000000001,13.72670505186925,1.480000000000001,14.15001739379128,1.480000000000001,14.48460938267554,1.480000000000001,14.74084117689547,1.480000000000001,15.05011235161291,1.480000000000001,15.95142788270958,1.480000000000001,16.77451947219462,1.480000000000001,17.52427426063545,1.480000000000001,18.20720683707074,1.480000000000001,18.83006823300443,1.480000000000001,19.39925259866989
1.490000000000001,9.531208239418497,1.490000000000001,11.12452412047023,1.490000000000001,11.7706363197745,1.490000000000001,12.20018722224621,1.490000000000001,12.79913150499425,1.490000000000001,13.26490130620014,1.490000000000001,13.62624279926516,1.490000000000001,13.89910123603095,1.490000000000001,14.09410142914923,1.490000000000001,14.28471442614872,1.490000000000001,15.06477176947675,1.490000000000001,15.7708658517985,1.490000000000001,16.40863290782249,1.490000000000001,16.9849793606884,1.490000000000001,17.5067773576059,1.490000000000001,17.98036179048046
1.5,9.396893172671772,1.5,10.91078350530329,1.5,11.49764918684821,1.5,11.86977607468893,1.5,12.40762353750675,1.5,12.81266939110325,1.5,13.11362508336058,1.5,13.32656374913491,1.5,13.46250533872407,1.5,13.5404944730513,1.5,14.20547489298509,1.5,14.80178689409015,1.5,15.33567698638933,1.5,15.81425680850929,1.5,16.24433163805251,1.5,16.63200885971587
