pch18_Cdd_Cgg (ll=2e-07) X,pch18_Cdd_Cgg (ll=2e-07) Y,pch18_Cdd_Cgg (ll=3e-07) X,pch18_Cdd_Cgg (ll=3e-07) Y,pch18_Cdd_Cgg (ll=4e-07) X,pch18_Cdd_Cgg (ll=4e-07) Y,pch18_Cdd_Cgg (ll=5e-07) X,pch18_Cdd_Cgg (ll=5e-07) Y,pch18_Cdd_Cgg (ll=6e-07) X,pch18_Cdd_Cgg (ll=6e-07) Y,pch18_Cdd_Cgg (ll=7e-07) X,pch18_Cdd_Cgg (ll=7e-07) Y,pch18_Cdd_Cgg (ll=8e-07) X,pch18_Cdd_Cgg (ll=8e-07) Y,pch18_Cdd_Cgg (ll=9e-07) X,pch18_Cdd_Cgg (ll=9e-07) Y,pch18_Cdd_Cgg (ll=1e-06) X,pch18_Cdd_Cgg (ll=1e-06) Y,pch18_Cdd_Cgg (ll=1.2e-06) X,pch18_Cdd_Cgg (ll=1.2e-06) Y,pch18_Cdd_Cgg (ll=1.4e-06) X,pch18_Cdd_Cgg (ll=1.4e-06) Y,pch18_Cdd_Cgg (ll=1.6e-06) X,pch18_Cdd_Cgg (ll=1.6e-06) Y,pch18_Cdd_Cgg (ll=1.8e-06) X,pch18_Cdd_Cgg (ll=1.8e-06) Y,pch18_Cdd_Cgg (ll=2e-06) X,pch18_Cdd_Cgg (ll=2e-06) Y,pch18_Cdd_Cgg (ll=2.2e-06) X,pch18_Cdd_Cgg (ll=2.2e-06) Y,pch18_Cdd_Cgg (ll=2.4e-06) X,pch18_Cdd_Cgg (ll=2.4e-06) Y
0,0.2875475636283695,0,0.2323668221143913,0,0.1949973201068221,0,0.1679979665585936,0,0.1476946724909829,0,0.1317719450290541,0,0.1189500828502122,0,0.1084035191899378,0,0.09957584636668186,0,0.0856315153490709,0,0.07514969713643177,0,0.06695486435410639,0,0.06037205797466434,0,0.05496814240446453,0,0.05045240953877909,0,0.04662248196168026
0.01,0.287938962512839,0.01,0.2329659219200572,0.01,0.1956679893507239,0.01,0.168680160844937,0.01,0.1483596908606974,0.01,0.1324108013583545,0.01,0.1195597982807525,0.01,0.1089838833992602,0.01,0.100127917915537,0.01,0.08613199663808611,0.01,0.07560523748325604,0.01,0.06737208552749648,0.01,0.06075647795476949,0.01,0.05532429238080686,0.01,0.05078400826385113,0.01,0.04693259674088027
0.02,0.2883804611350144,0.02,0.2335829019359759,0.02,0.1963408314157239,0.02,0.1693625550899628,0.02,0.1490237026400623,0.02,0.1330479910376425,0.02,0.1201674863172484,0.02,0.1095620305564927,0.02,0.1006776836836918,0.02,0.08663015342349695,0.02,0.07605959309665844,0.02,0.06779164434412338,0.02,0.06114546571026234,0.02,0.05568644172837807,0.02,0.05112252649940315,0.02,0.04725021424682895
0.03,0.2888378590609826,0.03,0.2342563640035041,0.03,0.1970642096939756,0.03,0.1700786430384446,0.03,0.1497249125677118,0.03,0.1337237286471924,0.03,0.1208139065185648,0.03,0.1101784511460599,0.03,0.1012649110140702,0.03,0.08716368552412558,0.03,0.07654893882857597,0.03,0.0682395595955872,0.03,0.06155799443439827,0.03,0.05606851766912067,0.03,0.051478183545934,0.03,0.04758277110590858
0.04,0.2893119984124412,0.04,0.2349364749790887,0.04,0.1978046469968088,0.04,0.170822856625222,0.04,0.1504453781556977,0.04,0.1344129048387543,0.04,0.1214697876360972,0.04,0.1108015222518112,0.04,0.101856750520192,0.04,0.08769918129822346,0.04,0.07703576392058048,0.04,0.06868508101275961,0.04,0.06196826528390999,0.04,0.0564484685530324,0.04,0.05183184031051843,0.04,0.04791344280734864
0.05,0.2898034537853753,0.05,0.235623555727345,0.05,0.1985474123728594,0.05,0.1715671320070981,0.05,0.1511645220105369,0.05,0.1351000066293585,0.05,0.1221231868524436,0.05,0.1114219009095777,0.05,0.1024458029390654,0.05,0.08823188217461636,0.05,0.07751988836680267,0.05,0.06912803746160037,0.05,0.06237611668916581,0.05,0.05682614219363899,0.05,0.05218335345322862,0.05,0.04824209419867364
0.06,0.2903125467963014,0.06,0.2363177470965782,0.06,0.1992924974593513,0.06,0.1723113621161326,0.06,0.1518821880933124,0.06,0.135784853068822,0.06,0.1227739112781458,0.06,0.1120393896259965,0.06,0.1030318704491812,0.06,0.08876159621819912,0.06,0.0780011340112302,0.06,0.06956826436720452,0.06,0.06278139658127865,0.06,0.0572013977518491,0.06,0.05253259212825491,0.06,0.04856860330959329
0.07000000000000001,0.2908393670144427,0.07000000000000001,0.2370190277582214,0.07000000000000001,0.2000397775921499,0.07000000000000001,0.1730553537206266,0.07000000000000001,0.1525981650634099,0.07000000000000001,0.1364672289604981,0.07000000000000001,0.1234217483512288,0.07000000000000001,0.112653781504222,0.07000000000000001,0.103614753181543,0.07000000000000001,0.0892881387109449,0.07000000000000001,0.0784793362060856,0.07000000000000001,0.0700056141728186,0.07000000000000001,0.06318397183258569,0.07000000000000001,0.05757411431369281,0.07000000000000001,0.05287944582791229,0.07000000000000001,0.04889286856785922
0.08,0.2913837981765567,0.08,0.2377272373014192,0.08,0.2007890338910768,0.08,0.173798848667406,0.08,0.1533122068438646,0.08,0.1371469040831455,0.08,0.124066483560667,0.08,0.1132648765184196,0.08,0.1041942641667501,0.08,0.08981134485571764,0.08,0.07895435464324949,0.08,0.07043996567894252,0.08,0.06358373640339747,0.08,0.05794419807488093,0.08,0.05322383078131637,0.08,0.04921481454817029
0.09,0.2919455483612995,0.09,0.2384421033832937,0.09,0.2015399789630978,0.09,0.1745415482438002,0.09,0.1540240547774202,0.09,0.1378236528333622,0.09,0.1247079177414962,0.09,0.1138724967538912,0.09,0.1047702428173816,0.09,0.09033108049710471,0.09,0.07942608183378928,0.09,0.07087123085683315,0.09,0.06398061689913814,0.09,0.05831158693433366,0.09,0.05356569379647111,0.09,0.0495343952192072
0.09999999999999999,0.2925241826247127,0.09999999999999999,0.239163271325454,0.09999999999999999,0.2022922844171564,0.09999999999999999,0.1752831387445175,0.09999999999999999,0.1547334592179894,0.09999999999999999,0.1384972720886665,0.09999999999999999,0.1253458817886764,0.09999999999999999,0.1144764985460648,0.09999999999999999,0.105342564978906,0.09999999999999999,0.09084724909276315,0.09999999999999999,0.07989444764980233,0.09999999999999999,0.07129935770806149,0.09999999999999999,0.0643745742430936,0.09999999999999999,0.05867625131482266,0.09999999999999999,0.05390501245984895,0.09999999999999999,0.04985159368500983
0.11,0.2931191564708596,0.11,0.2398903341731871,0.11,0.2030456079098979,0.11,0.1760233158278257,0.11,0.1554401980492038,0.11,0.1391675948665173,0.11,0.1259802465067789,0.11,0.1150767793881749,0.11,0.1059111475649541,0.11,0.0913597932043908,0.11,0.08035941841133756,0.11,0.07172432782257367,0.11,0.06476560025294592,0.11,0.05903819010918194,0.11,0.05424179068305017,0.11,0.05016641748680416
0.12,0.2937298484621974,0.12,0.2406228609547175,0.12,0.203799617114458,0.12,0.1767618049263813,0.12,0.1561440894980098,0.12,0.1398344973568812,0.12,0.1266109253871599,0.12,0.1156732775900289,0.12,0.1064759459227199,0.12,0.09186868891101652,0.12,0.08082098912110809,0.12,0.07214614738531176,0.12,0.0651537079839271,0.12,0.05939742070442481,0.12,0.05457604862213999,0.12,0.05047888855237424
0.13,0.294355590278611,0.13,0.2413604207538139,0.13,0.2045540078968641,0.13,0.1774983749091663,0.13,0.1568449967232083,0.13,0.140497897090899,0.13,0.1272378683034835,0.13,0.1162659628556424,0.13,0.1070369422339738,0.13,0.09237393164826567,0.13,0.08127916748392737,0.13,0.07256483035990312,0.13,0.06553891463637884,0.13,0.05975396193809176,0.13,0.05490780587263143,0.13,0.0507890267392753
0.14,0.2949956926258042,0.14,0.242102600274078,0.14,0.2053085141135666,0.14,0.1782328423653488,0.14,0.1575428219158716,0.14,0.1411577402341528,0.14,0.1278610442715581,0.14,0.1168548160245657,0.14,0.1075941232615256,0.14,0.09287551186517568,0.14,0.08173394812505619,0.14,0.07298037227846255,0.14,0.06592121547464262,0.14,0.06010780845687032,0.14,0.05523705643798771,0.14,0.05109682550107064
0.15,0.2956494655733192,0.15,0.2428490128076153,0.15,0.2060629067379205,0.15,0.1789650641851654,0.15,0.1582374878585995,0.15,0.1418139760364469,0.15,0.1284804112999604,0.15,0.1174397959645561,0.15,0.1081474453838926,0.15,0.09337337837231442,0.15,0.08218527477285537,0.15,0.07339271234098974,0.15,0.06630054643684351,0.15,0.06045889416075473,0.15,0.05556373317766308,0.15,0.05140221741806501
0.16,0.2963162321456447,0.16,0.2435992968320932,0.16,0.2068169803133573,0.16,0.1796949163274414,0.16,0.1589289047905913,0.16,0.1424665160697763,0.16,0.1290958707204068,0.16,0.1180207907899373,0.16,0.108696783921313,0.16,0.09386738616598359,0.16,0.08263298696174444,0.16,0.07380168026480854,0.16,0.06667673183737886,0.16,0.06080704114627051,0.16,0.05588765819215796,0.16,0.05170502611410335
0.17,0.2969953342417604,0.17,0.2443531026864299,0.17,0.2075705247709692,0.17,0.1804222565003706,0.17,0.1596169197378995,0.17,0.1431151748002319,0.17,0.1297072020254882,0.17,0.1185975490357923,0.17,0.1092418620947908,0.17,0.09435722374091646,0.17,0.0830767459584113,0.17,0.07420692246059393,0.17,0.06704941172613116,0.17,0.06115188876984124,0.17,0.05620847386493001,0.17,0.05200489940215637
0.18,0.2976861301365357,0.18,0.2451100657121218,0.18,0.2083232801688538,0.18,0.181146867648783,0.18,0.1603012439595031,0.18,0.1437595860900473,0.18,0.1303139720204017,0.18,0.1191695840380289,0.18,0.1097821524942028,0.18,0.09484231239582332,0.18,0.0835159320876639,0.18,0.07460779963109367,0.18,0.06741794106438875,0.18,0.0614927951376846,0.18,0.05652554705957213,0.18,0.05230121637246948
0.19,0.2983879828243647,0.19,0.2458697636902883,0.19,0.2090748706726115,0.19,0.1818683774009291,0.19,0.1609813516780886,0.19,0.1443990873174431,0.19,0.1309154089560015,0.19,0.119736041519357,0.19,0.1103167406450288,0.19,0.09532166679830008,0.19,0.08394950245850505,0.19,0.0750032448283755,0.19,0.06778124995279435,0.19,0.06182870054374738,0.19,0.05683783632222064,0.19,0.05259295861820559
0.2,0.2991002382074457,0.2,0.2466316551904348,0.2,0.2098247119384741,0.2,0.1825861458361788,0.2,0.1616563397470473,0.2,0.1450325589187762,0.2,0.1315102282672585,0.2,0.1202955162972656,0.2,0.1108441362087259,0.2,0.09579370218567336,0.2,0.08437579436946438,0.2,0.07539156748865637,0.2,0.06813765083967151,0.2,0.06215793927161888,0.2,0.05714370902122619,0.2,0.05287853304793086
0.21,0.2998221915344509,0.21,0.2473949934759266,0.21,0.2105718829074616,0.21,0.1832991100429782,0.21,0.1623247333723631,0.21,0.1456582023651265,0.21,0.1320963916965219,0.21,0.1208457992472626,0.21,0.1113620126930166,0.21,0.09625596924680632,0.21,0.08479225566764717,0.21,0.07577018529330304,0.21,0.06848457528112734,0.21,0.06247798310329309,0.21,0.05744069253611031,0.21,0.05315553113841012
0.2200000000000001,0.3005530395153032,0.2200000000000001,0.2481587078477966,0.2200000000000001,0.211314948874161,0.2200000000000001,0.1840055689823087,0.2200000000000001,0.1629842175764623,0.2200000000000001,0.1462732340758034,0.2200000000000001,0.1326707762000245,0.2200000000000001,0.1213835305058321,0.2200000000000001,0.1118668516781354,0.2200000000000001,0.09670479344396564,0.2200000000000001,0.08519507963864836,0.2200000000000001,0.07613526254553593,0.2200000000000001,0.06881822013446379,0.2200000000000001,0.06278509758861479,0.2200000000000001,0.05772514165851228,0.2200000000000001,0.05342040781925466
0.2300000000000001,0.3012918141578727,0.2300000000000001,0.2489212407718338,0.2300000000000001,0.212051717638654,0.2300000000000001,0.1847028863020038,0.2300000000000001,0.1636312680538466,0.2300000000000001,0.1468734669967188,0.2300000000000001,0.133228723723911,0.2300000000000001,0.121903730123433,0.2300000000000001,0.1123534633393147,0.2300000000000001,0.09713479232187144,0.2300000000000001,0.08557871982359161,0.2300000000000001,0.07648123243715538,0.2300000000000001,0.06913308245560597,0.2300000000000001,0.06307389208369313,0.2300000000000001,0.05799180477317493,0.2300000000000001,0.05366806394498272
0.2400000000000001,0.3020372925983164,0.2400000000000001,0.2496803249003274,0.2400000000000001,0.2127789047914072,0.2400000000000001,0.185387082313054,0.2400000000000001,0.1642606490886861,0.2400000000000001,0.1474527465144363,0.2400000000000001,0.1337634389625001,0.2400000000000001,0.1223991744911002,0.2400000000000001,0.112814353174845,0.2400000000000001,0.09753824420223786,0.2400000000000001,0.0859352617658966,0.2400000000000001,0.07680018355578394,0.2400000000000001,0.06942136638892486,0.2400000000000001,0.06333674936373038,0.2400000000000001,0.05823327676002794,0.2400000000000001,0.05389132210230322
0.2500000000000001,0.3027878750532729,0.2500000000000001,0.2504326793476654,0.2500000000000001,0.2134916781871834,0.2500000000000001,0.186052280122971,0.2500000000000001,0.1648647416723125,0.2500000000000001,0.1480022049992245,0.2500000000000001,0.1342652020240013,0.2500000000000001,0.1228595887016419,0.2500000000000001,0.1132389084716741,0.2500000000000001,0.09790428811074328,0.2500000000000001,0.08625363799742387,0.2500000000000001,0.07708110237102821,0.2500000000000001,0.06967225819582994,0.2500000000000001,0.06356313448321811,0.2500000000000001,0.05843934109363998,0.2500000000000001,0.05408030045111413
0.2600000000000001,0.3035414205641097,0.2600000000000001,0.2511735997035395,0.2600000000000001,0.2141830464350738,0.2600000000000001,0.1866899665408472,0.2600000000000001,0.165432664552833,0.2600000000000001,0.1485093031747303,0.2600000000000001,0.1347203708615148,0.2600000000000001,0.1232706364527388,0.2600000000000001,0.1136123924394991,0.2600000000000001,0.09821795357017687,0.2600000000000001,0.08651869571418436,0.2600000000000001,0.07730898950837246,0.2600000000000001,0.06987109352065847,0.2600000000000001,0.06373881163965206,0.2600000000000001,0.0585962332985832,0.2600000000000001,0.05422171920384744
0.2700000000000001,0.3042950275511915,0.2700000000000001,0.2518964120947663,0.2700000000000001,0.2148430537389156,0.2700000000000001,0.1872880289000969,0.2700000000000001,0.1659491594143621,0.2700000000000001,0.1489566427625885,0.2700000000000001,0.1351101713950314,0.2700000000000001,0.1236127178073539,0.2700000000000001,0.113914767167784,0.2700000000000001,0.09845905836505157,0.2700000000000001,0.0867101720356455,0.2700000000000001,0.07746391664906056,0.2700000000000001,0.06999849196287175,0.2700000000000001,0.06384504959820375,0.2700000000000001,0.0586859098093574,0.2700000000000001,0.05429822583515329
0.2800000000000001,0.3050447436051325,0.2800000000000001,0.2525917597311908,0.2800000000000001,0.2154577472418228,0.2800000000000001,0.1878295397605203,0.2800000000000001,0.166393236399024,0.2800000000000001,0.1493205726940552,0.2800000000000001,0.135409321613933,0.2800000000000001,0.1238596416808566,0.2800000000000001,0.114119429274086,0.2800000000000001,0.09860108277091924,0.2800000000000001,0.08680170890914882,0.2800000000000001,0.07752017123060224,0.2800000000000001,0.07002961524532784,0.2800000000000001,0.06385797692682242,0.2800000000000001,0.05868548559184897,0.2800000000000001,0.05428790253874666
0.2900000000000001,0.3057851869164395,0.2900000000000001,0.2532466936284535,0.2900000000000001,0.2160078991155074,0.2900000000000001,0.1882912911079647,0.2900000000000001,0.1667366288778904,0.2900000000000001,0.1495696829039204,0.2900000000000001,0.1355846220103663,0.2900000000000001,0.1239773361732766,0.2900000000000001,0.1141920452308208,0.2900000000000001,0.09861023863756364,0.2900000000000001,0.08676015422456998,0.2900000000000001,0.07744575053285382,0.2900000000000001,0.069933817013395,0.2900000000000001,0.06374835605283484,0.2900000000000001,0.05856710706676692,0.2900000000000001,0.05416421787058763
0.3000000000000001,0.306509061203456,0.3000000000000001,0.2538435522308059,0.3000000000000001,0.2164675029838464,0.3000000000000001,0.1886421402952042,0.3000000000000001,0.1669422003564606,0.3000000000000001,0.1496633980124106,0.3000000000000001,0.135593778800239,0.3000000000000001,0.1239229031559878,0.3000000000000001,0.1140898210400868,0.3000000000000001,0.09844509928576672,0.3000000000000001,0.08654553890534829,0.3000000000000001,0.07720260101994211,0.3000000000000001,0.06967507606133966,0.3000000000000001,0.06348215823952909,0.3000000000000001,0.0582986298169846,0.3000000000000001,0.05389677812165932
0.3100000000000001,0.3072065484899541,0.3100000000000001,0.2543586443670061,0.3100000000000001,0.2168021347573476,0.3100000000000001,0.1888413358333149,0.3100000000000001,0.1669625931393849,0.3100000000000001,0.1495510533010918,0.3100000000000001,0.1353849062466491,0.3100000000000001,0.1236445040004205,0.3100000000000001,0.1137617163669979,0.3100000000000001,0.09805731334521169,0.3100000000000001,0.08611225205911334,0.3100000000000001,0.07674810535310489,0.3100000000000001,0.06921368766232426,0.3100000000000001,0.06302238384378822,0.3100000000000001,0.0578455153093051,0.3100000000000001,0.05345326401948257
0.3200000000000001,0.3078645720233782,0.3200000000000001,0.2547608053914076,0.3200000000000001,0.2169673838891422,0.3200000000000001,0.1888371529903147,0.3200000000000001,0.1667396058200003,0.3200000000000001,0.1491720391301421,0.3200000000000001,0.1348973461621389,0.3200000000000001,0.1230827335416021,0.3200000000000001,0.1131502578807502,0.3200000000000001,0.09739401858495737,0.3200000000000001,0.08541197078359657,0.3200000000000001,0.0760383048671954,0.3200000000000001,0.06850963403842535,0.3200000000000001,0.06233248846388576,0.3200000000000001,0.05717425425605223,0.3200000000000001,0.05280281462493706
0.3300000000000001,0.3084659384526297,0.3300000000000001,0.2550099868680852,0.3300000000000001,0.2169077280315337,0.3300000000000001,0.188566381014408,0.3300000000000001,0.1662049988596911,0.3300000000000001,0.148457772262985,0.3300000000000001,0.1340645578099427,0.3300000000000001,0.122174193795834,0.3300000000000001,0.1121956035968231,0.3300000000000001,0.09640247352865498,0.3300000000000001,0.08439870810548888,0.3300000000000001,0.07503308510309926,0.3300000000000001,0.06752774969597149,0.3300000000000001,0.06138144129390517,0.3300000000000001,0.05625727245665677,0.3300000000000001,0.0519207590902685
0.3400000000000001,0.3089883984193161,0.3400000000000001,0.2550561704232556,0.3400000000000001,0.2165564265399442,0.3400000000000001,0.1879554206749072,0.3400000000000001,0.1652835597085833,0.3400000000000001,0.1473362624472024,0.3400000000000001,0.132819718367161,0.3400000000000001,0.120857758005411,0.3400000000000001,0.1108422005627716,0.3400000000000001,0.09503699195909654,0.3400000000000001,0.08303580682819588,0.3400000000000001,0.07370296272582949,0.3400000000000001,0.06624418623399281,0.3400000000000001,0.0601498284691561,0.3400000000000001,0.05507867056583177,0.3400000000000001,0.05079400829908428
0.3500000000000001,0.3094037122815448,0.3500000000000001,0.2548390563427623,0.3500000000000001,0.2158371884194384,0.3500000000000001,0.1869238637009899,0.3500000000000001,0.1638991480762717,0.3500000000000001,0.1457397096939789,0.3500000000000001,0.1311041620140039,0.3500000000000001,0.1190833731181843,0.3500000000000001,0.1090476476030599,0.3500000000000001,0.09326744869360819,0.3500000000000001,0.08130385396971743,0.3500000000000001,0.07203627903016142,0.3500000000000001,0.06465289419050059,0.3500000000000001,0.05863568319528586,0.3500000000000001,0.05363947604746692,0.3500000000000001,0.04942580081244628
0.3600000000000002,0.3096768748805917,0.3600000000000002,0.2542891274739681,0.3600000000000002,0.2146684102110622,0.3600000000000002,0.1853912579770334,0.3600000000000002,0.1619839026740714,0.3600000000000002,0.1436147565025048,0.3600000000000002,0.1288778137503297,0.3600000000000002,0.1168222019330865,0.3600000000000002,0.1067923110674196,0.3600000000000002,0.09108762162922081,0.3600000000000002,0.07920761407621461,0.3600000000000002,0.07004487770648794,0.3600000000000002,0.06277025295628227,0.3600000000000002,0.05685826131896705,0.3600000000000002,0.05196072674894058,0.3600000000000002,0.04783822550139767
0.3700000000000002,0.3097657357588471,0.3700000000000002,0.2533307465270268,0.3700000000000002,0.2129705127695055,0.3700000000000002,0.1832871300783142,0.3700000000000002,0.1594897516971423,0.3700000000000002,0.1409338147066721,0.3700000000000002,0.1261295704700674,0.3700000000000002,0.1140757947015729,0.3700000000000002,0.104087263375849,0.3700000000000002,0.08852094559249588,0.3700000000000002,0.07677971292803985,0.3700000000000002,0.06776623757176573,0.3700000000000002,0.06063606841094515,0.3700000000000002,0.05485821253777955,0.3700000000000002,0.05008303978948613,0.3700000000000002,0.04607135039021235
0.3800000000000002,0.3096213323275807,0.3800000000000002,0.2518877897726312,0.3800000000000002,0.2106761957785217,0.3800000000000002,0.1805632021529337,0.3800000000000002,0.1564000635514297,0.3800000000000002,0.1377047409978344,0.3800000000000002,0.1228847300193502,0.3800000000000002,0.110881444723528,0.3800000000000002,0.1009778695736247,0.3800000000000002,0.08562146197414548,0.3800000000000002,0.07407940406983365,0.3800000000000002,0.06526086886875547,0.3800000000000002,0.05831012814472639,0.3800000000000002,0.05269363340233231,0.3800000000000002,0.04806237978718855,0.3800000000000002,0.04417884659007576
0.3900000000000002,0.3091892986024217,0.3900000000000002,0.2498918418744502,0.3900000000000002,0.2077423167006155,0.3900000000000002,0.1772054008681795,0.3900000000000002,0.1527383136536457,0.3900000000000002,0.1339757692559105,0.3900000000000002,0.1192067560643077,0.3900000000000002,0.1073115057890809,0.3900000000000002,0.09754128844683632,0.3900000000000002,0.08246905540993112,0.3900000000000002,0.07118626267005512,0.3900000000000002,0.06260532692021703,0.3900000000000002,0.05586500029659229,0.3900000000000002,0.05043290006716352,0.3900000000000002,0.04596305601213875,0.3900000000000002,0.04222121507073077
0.4000000000000002,0.3084126697847486,0.4000000000000002,0.2472921722862401,0.4000000000000002,0.2041609446017238,0.4000000000000002,0.1732423790912644,0.4000000000000002,0.1485707624742217,0.4000000000000002,0.1298335557851933,0.4000000000000002,0.1151921487876468,0.4000000000000002,0.1034662254478757,0.4000000000000002,0.0938780613356926,0.4000000000000002,0.07915996921514677,0.4000000000000002,0.06819037662514485,0.4000000000000002,0.05988268237831631,0.4000000000000002,0.05337701381506105,0.4000000000000002,0.0481462251757129,0.4000000000000002,0.0438498510912467,0.4000000000000002,0.04025845294061563
0.4100000000000002,0.3072362204429951,0.4100000000000002,0.2440657909858705,0.4100000000000002,0.1999665633093471,0.4100000000000002,0.168747574661266,0.4100000000000002,0.1440016420151516,0.4100000000000002,0.1253942709877344,0.4100000000000002,0.1109594157802848,0.4100000000000002,0.09946179200285912,0.4100000000000002,0.09009992280762409,0.4100000000000002,0.07579511433983672,0.4100000000000002,0.06518164268060314,0.4100000000000002,0.05717294260851249,0.4100000000000002,0.05091773036328735,0.4100000000000002,0.04589805071028468,0.4100000000000002,0.04178120355334512,0.4100000000000002,0.03834390898587266
0.4200000000000002,0.3056121320493755,0.4200000000000002,0.240225257586156,0.4200000000000002,0.1952369460805067,0.4200000000000002,0.1638335137392593,0.4200000000000002,0.1391616959574976,0.4200000000000002,0.1207899181029022,0.4200000000000002,0.1066349975185597,0.4200000000000002,0.09541671347216414,0.4200000000000002,0.08631698491439616,0.4200000000000002,0.07246908719456638,0.4200000000000002,0.06224067602353529,0.4200000000000002,0.05454552411317007,0.4200000000000002,0.04854765587179184,0.4200000000000002,0.0437417359197397,0.4200000000000002,0.03980466957959782,0.4200000000000002,0.03652036494111443
0.4300000000000002,0.3035063400540977,0.4300000000000002,0.235822026267706,0.4300000000000002,0.1900868968019932,0.4300000000000002,0.1586394765735842,0.4300000000000002,0.1341929731340819,0.4300000000000002,0.1161533595318189,0.4300000000000002,0.1023396079819761,0.4300000000000002,0.09143972144079066,0.4300000000000002,0.08262714207577983,0.4300000000000002,0.06926207099130652,0.4300000000000002,0.0594328607890893,0.4300000000000002,0.05205482878162317,0.4300000000000002,0.04631290550090914,0.4300000000000002,0.04171701181861621,0.4300000000000002,0.03795496075263971,0.4300000000000002,0.03481851188239137
0.4400000000000002,0.3009045078672254,0.4400000000000002,0.2309440876943291,0.4400000000000002,0.1846561652355528,0.4400000000000002,0.1533156176088112,0.4400000000000002,0.1292335705815878,0.4400000000000002,0.1116053843424374,0.4400000000000002,0.09817771531755934,0.4400000000000002,0.08762132944655264,0.4400000000000002,0.07910931794999239,0.4400000000000002,0.06623550044221471,0.4400000000000002,0.05680585170132341,0.4400000000000002,0.04973889514728679,0.4400000000000002,0.04424459158143765,0.4400000000000002,0.03984985211880036,0.4400000000000002,0.03625413757378815,0.4400000000000002,0.03325736204222318
0.4500000000000002,0.2978164049470056,0.4500000000000002,0.2257081867913416,0.4500000000000002,0.1790944227294912,0.4500000000000002,0.1480072874284828,0.4500000000000002,0.1244053948948577,0.4500000000000002,0.1072459061853298,0.4500000000000002,0.09423142988207155,0.4500000000000002,0.08402970438360548,0.4500000000000002,0.07582077986239887,0.4500000000000002,0.0634312006977291,0.4500000000000002,0.05438992890952712,0.4500000000000002,0.04762039832758081,0.4500000000000002,0.04236016648884585,0.4500000000000002,0.03815399278669142,0.4500000000000002,0.03471321125788074,0.4500000000000002,0.031845877952493
0.4600000000000002,0.2942776583777733,0.4600000000000002,0.2202483116822696,0.4600000000000002,0.1735466029142025,0.4600000000000002,0.1428425750756039,0.4600000000000002,0.1198065416869971,0.4600000000000002,0.103149827399657,0.4600000000000002,0.09055866392621442,0.4600000000000002,0.08071031455528102,0.4600000000000002,0.07279775358468499,0.4600000000000002,0.06087304307669573,0.4600000000000002,0.05220020784013125,0.4600000000000002,0.04570904437842656,0.4600000000000002,0.04066583552332095,0.4600000000000002,0.03663328816967851,0.4600000000000002,0.03333441029452554,0.4600000000000002,0.03058513721324609
0.4700000000000003,0.2903483778911961,0.4700000000000003,0.2147029054843904,0.4700000000000003,0.168141212383394,0.4700000000000003,0.1379245953102347,0.4700000000000003,0.1155083810760234,0.4700000000000003,0.09936690487948086,0.4700000000000003,0.08719455088658329,0.4700000000000003,0.07768820558115944,0.4700000000000003,0.07005815921446479,0.4700000000000003,0.05857000681709967,0.4700000000000003,0.05023972449850159,0.4700000000000003,0.04400451142049712,0.4700000000000003,0.03915930598695255,0.4700000000000003,0.03528426411178279,0.4700000000000003,0.03211354948895417,0.4700000000000003,0.02947053417369819
0.4800000000000003,0.2861088422017614,0.4800000000000003,0.2092031718408515,0.4800000000000003,0.1629829329185064,0.4800000000000003,0.133328557218083,0.4800000000000003,0.1115564144467207,0.4800000000000003,0.09592436746637914,0.4800000000000003,0.08415483227643597,0.4800000000000003,0.07497167489590635,0.4800000000000003,0.06760533592710434,0.4800000000000003,0.05651971453594538,0.4800000000000003,0.04850265626610571,0.4800000000000003,0.04249934348470805,0.4800000000000003,0.03783238733360963,0.4800000000000003,0.034098465019886,0.4800000000000003,0.03104216131660608,0.4800000000000003,0.02849372736742104
0.4900000000000003,0.2816530387803058,0.4900000000000003,0.2038641384649981,0.4900000000000003,0.1581495768148148,0.4900000000000003,0.1291026580370377,0.4900000000000003,0.1079735626983691,0.4900000000000003,0.09283098353337246,0.4900000000000003,0.08144005934354462,0.4900000000000003,0.07255635197803678,0.4900000000000003,0.06543190606405616,0.4900000000000003,0.05471181361523365,0.4900000000000003,0.04697722771868568,0.4900000000000003,0.0411814645974341,0.4900000000000003,0.03667319048583714,0.4900000000000003,0.0330643996567309,0.4900000000000003,0.0301092353733628,0.4900000000000003,0.0276442088968592
0.5000000000000002,0.2770811913555186,0.5000000000000002,0.1987792008505476,0.5000000000000002,0.1536925993551619,0.5000000000000002,0.1252714557594805,0.5000000000000002,0.1047646128329977,0.5000000000000002,0.0900815367682659,0.5000000000000002,0.07903978443407597,0.5000000000000002,0.07042903295338941,0.5000000000000002,0.06352326095021127,0.5000000000000002,0.05313086721527758,0.5000000000000002,0.04564809384392765,0.5000000000000002,0.04003618268768153,0.5000000000000002,0.035667844314723,0.5000000000000002,0.03216903519837074,0.5000000000000002,0.02930253666518019,0.5000000000000002,0.02691048113478253
0.5100000000000002,0.2724924376231657,0.5100000000000002,0.1940180347896283,0.5100000000000002,0.1496400062222505,0.5100000000000002,0.1218404406935031,0.5100000000000002,0.1019208583948445,0.5100000000000002,0.08766102675582682,0.5100000000000002,0.07693626153846045,0.5100000000000002,0.06857093039444392,0.5100000000000002,0.06186042813678334,0.5100000000000002,0.05175863549999057,0.5100000000000002,0.04449815774379203,0.5100000000000002,0.03904768096048428,0.5100000000000002,0.03480174930669937,0.5100000000000002,0.03139887218908315,0.5100000000000002,0.02860954246434491,0.5100000000000002,0.02628088433038405
0.5200000000000002,0.2679785939668778,0.5200000000000002,0.1896272257773541,0.5200000000000002,0.1460005135463052,0.5200000000000002,0.118800829331212,0.5200000000000002,0.09942433131894521,0.5200000000000002,0.08554823643150378,0.5200000000000002,0.0751074495052792,0.5200000000000002,0.06696022648130903,0.5200000000000002,0.06042226872921896,0.5200000000000002,0.05057576140268116,0.5200000000000002,0.04350987231091364,0.5200000000000002,0.03820006062416963,0.5200000000000002,0.03406043744147531,0.5200000000000002,0.03074067021795842,0.5200000000000002,0.02801806628875736,0.5200000000000002,0.02574414144429499
0.5300000000000002,0.2636195808764376,0.5300000000000002,0.1856327414480745,0.5300000000000002,0.1427680536115381,0.5300000000000002,0.1161339621781429,0.5300000000000002,0.09725133072373862,0.5300000000000002,0.08371854628265285,0.5300000000000002,0.07352929215929808,0.5300000000000002,0.06557395602410247,0.5300000000000002,0.05918706068491357,0.5300000000000002,0.04956294226231632,0.5300000000000002,0.04266611525237513,0.5300000000000002,0.03747802309057501,0.5300000000000002,0.03343012200105348,0.5300000000000002,0.03018190276790591,0.5300000000000002,0.02751664218770683,0.5300000000000002,0.02528968845544868
0.5400000000000003,0.2594807006967176,0.5400000000000003,0.1820433969992646,0.5400000000000003,0.1399260209064213,0.5400000000000003,0.1138149955208606,0.5400000000000003,0.09537517023098745,0.5400000000000003,0.08214602126210817,0.5400000000000003,0.07217734889579241,0.5400000000000003,0.06438931416242936,0.5400000000000003,0.05813357132590635,0.5400000000000003,0.04870169129680784,0.5400000000000003,0.0419507345185165,0.5400000000000003,0.03686727978791522,0.5400000000000003,0.03289801694116681,0.5400000000000003,0.02971101334812343,0.5400000000000003,0.02709473495187223,0.5400000000000003,0.0249078501799176
0.5500000000000003,0.2556116453408227,0.5500000000000003,0.1788546278378488,0.5500000000000003,0.1374509275089921,0.5500000000000003,0.111815796662354,0.5500000000000003,0.09376819336596547,0.5500000000000003,0.08080486981104548,0.5500000000000003,0.07102789076003338,0.5500000000000003,0.0633845057091994,0.5500000000000003,0.05724173247300221,0.5500000000000003,0.04797479039442919,0.5500000000000003,0.04134885224299501,0.5500000000000003,0.03635476623214078,0.5500000000000003,0.03245249311431374,0.5500000000000003,0.02931753260116936,0.5500000000000003,0.02674282972380657,0.5500000000000003,0.02458990993805881
0.5600000000000003,0.2520469089790581,0.5600000000000003,0.1760520957166568,0.5600000000000003,0.1353153429689364,0.5600000000000003,0.110107084873339,0.5600000000000003,0.09240316763755517,0.5600000000000003,0.0796703993338177,0.5600000000000003,0.07005858321354173,0.5600000000000003,0.06253924920436679,0.5600000000000003,0.05649302215197854,0.5600000000000003,0.04736652155152702,0.5600000000000003,0.04084699977180728,0.5600000000000003,0.03592872175494497,0.5600000000000003,0.03208312420303202,0.5600000000000003,0.02899210259773074,0.5600000000000003,0.02645244194632798,0.5600000000000003,0.0243281097405623
0.5700000000000003,0.2488071930509209,0.5700000000000003,0.1736148532137055,0.5700000000000003,0.1334901267439345,0.5700000000000003,0.1086599258020459,0.5700000000000003,0.09125418552433769,0.5700000000000003,0.0787195895682103,0.5700000000000003,0.06924886480394936,0.5700000000000003,0.0618350327797941,0.5700000000000003,0.05587063929284854,0.5700000000000003,0.04686274659176482,0.5700000000000003,0.04043313990105355,0.5700000000000003,0.03557868139168933,0.5700000000000003,0.03178066180250351,0.5700000000000003,0.02872644240714184,0.5700000000000003,0.02621607757289525,0.5700000000000003,0.02411560760162239
0.5800000000000003,0.2459013952910773,0.5800000000000003,0.1715179470000689,0.5800000000000003,0.1319460335162219,0.5800000000000003,0.1074467080651573,0.5800000000000003,0.09029719394675126,0.5800000000000003,0.07793138912765726,0.5800000000000003,0.06858011181960759,0.5800000000000003,0.06125519936978835,0.5800000000000003,0.05535953885174635,0.5800000000000003,0.04645088782533083,0.5800000000000003,0.04009661774790375,0.5800000000000003,0.03529541367812839,0.5800000000000003,0.03153696791343116,0.5800000000000003,0.02851327912849437,0.5800000000000003,0.02602716460061471,0.5800000000000003,0.02394641058198909
0.5900000000000003,0.2433288368830978,0.5900000000000003,0.1697344463057928,0.5900000000000003,0.1306548012266146,0.5900000000000003,0.1064417261849825,0.5900000000000003,0.08951025606637306,0.5900000000000003,0.07728682003452748,0.5900000000000003,0.06803565896497001,0.5900000000000003,0.06078492008377852,0.5900000000000003,0.05494637757878611,0.5900000000000003,0.04611984786641187,0.5900000000000003,0.03982806969769462,0.5900000000000003,0.03507082797894592,0.5900000000000003,0.03134492439360007,0.5900000000000003,0.02834626095235039,0.5900000000000003,0.02587997024190921,0.5900000000000003,0.02381529612318768
0.6000000000000003,0.2410814698719453,0.6000000000000003,0.1682369454138113,0.6000000000000003,0.1295898347875718,0.6000000000000003,0.1056214773029664,0.6000000000000003,0.08887362838726034,0.6000000000000003,0.07676895515462419,0.6000000000000003,0.06760072815845658,0.6000000000000003,0.06041109860684431,0.6000000000000003,0.05461940645784943,0.6000000000000003,0.04585989538596089,0.6000000000000003,0.03961931064846706,0.6000000000000003,0.03489786732579583,0.6000000000000003,0.03119833242803151,0.6000000000000003,0.02821986321051433,0.6000000000000003,0.02576951311997093,0.6000000000000003,0.02371772984622881
0.6100000000000003,0.2391458963788183,0.6100000000000003,0.1669986188086855,0.6100000000000003,0.1287265875398798,0.6100000000000003,0.104964758461022,0.6100000000000003,0.08836971635149657,0.6100000000000003,0.07636281625644664,0.6100000000000003,0.06726230282827919,0.6100000000000003,0.06012223680602041,0.6100000000000003,0.05436833479968545,0.6100000000000003,0.04566253493525588,0.6100000000000003,0.03946321296129444,0.6100000000000003,0.03477039717926452,0.6100000000000003,0.03109181040866739,0.6100000000000003,0.02812929436741061,0.6100000000000003,0.02569147637968244,0.6100000000000003,0.02364978489689352
0.6200000000000003,0.2375051077463565,0.6200000000000003,0.1659939158028361,0.6200000000000003,0.1280427257983377,0.6200000000000003,0.1044526312112608,0.6200000000000003,0.0879829547495125,0.6200000000000003,0.07605522659572463,0.6200000000000003,0.06700897364045934,0.6200000000000003,0.05990828208999126,0.6200000000000003,0.05418418272806263,0.6200000000000003,0.04552037267738543,0.6200000000000003,0.03935358564923168,0.6200000000000003,0.0346830965996749,0.6200000000000003,0.03102069534926549,0.6200000000000003,0.02807040612836195,0.6200000000000003,0.02564212519710053,0.6200000000000003,0.02360806579972291
0.6300000000000003,0.2361399097061296,0.6300000000000003,0.1651989770347269,0.6300000000000003,0.1275181441350225,0.6300000000000003,0.1040683029558373,0.6300000000000003,0.08769964577901235,0.6300000000000003,0.07583464132814145,0.6300000000000003,0.06683077305079781,0.6300000000000003,0.05976047001269567,0.6300000000000003,0.05405913284410854,0.6300000000000003,0.0454269854050734,0.6300000000000003,0.03928505894280244,0.6300000000000003,0.03463135560889698,0.6300000000000003,0.03098095073683517,0.6300000000000003,0.02803960996221583,0.6300000000000003,0.02561823055317995,0.6300000000000003,0.02358963836709696
0.6400000000000003,0.2350300388721579,0.6400000000000003,0.1645918445850971,0.6400000000000003,0.1271348828772638,0.6400000000000003,0.103796960366513,0.6400000000000003,0.08750777727901932,0.6400000000000003,0.07569097121446938,0.6400000000000003,0.06671900989150456,0.6400000000000003,0.0596711705874832,0.6400000000000003,0.05398638766871829,0.6400000000000003,0.04537679714898359,0.6400000000000003,0.03925297706711773,0.6400000000000003,0.0346111807151606,0.6400000000000003,0.03096908224647912,0.6400000000000003,0.02803380110167411,0.6400000000000003,0.02561700008225973,0.6400000000000003,0.02359196629206086
0.6500000000000004,0.2341549991947286,0.6500000000000004,0.1641525246963837,0.6500000000000004,0.1268769856840152,0.6500000000000004,0.1036255793791489,0.6500000000000004,0.08739683605414136,0.6500000000000004,0.0756154094525264,0.6500000000000004,0.06666611085112994,0.6500000000000004,0.05963374329519064,0.6500000000000004,0.05396003659734598,0.6500000000000004,0.04536496561702857,0.6500000000000004,0.03925330054731595,0.6500000000000004,0.03461910939659143,0.6500000000000004,0.03098206180010866,0.6500000000000004,0.02805029030094477,0.6500000000000004,0.02563601614194337,0.6500000000000004,0.02361285448087356
0.6600000000000004,0.2334946583803177,0.6600000000000004,0.1638629495717289,0.6600000000000004,0.1267303242067593,0.6600000000000004,0.1035427281673537,0.6600000000000004,0.08735762574345002,0.6600000000000004,0.07560026753360131,0.6600000000000004,0.06666547272207224,0.6600000000000004,0.05964240341877151,0.6600000000000004,0.05397493419379881,0.6600000000000004,0.04538727936212147,0.6600000000000004,0.03928251839213209,0.6600000000000004,0.03465213360414334,0.6600000000000004,0.03101725986783826,0.6600000000000004,0.02808674315574299,0.6600000000000004,0.02567318085434431,0.6600000000000004,0.02365039884324293
0.6700000000000004,0.233029647503665,0.6700000000000004,0.1637068736515977,0.6700000000000004,0.1266824085182723,0.6700000000000004,0.1035383736451044,0.6700000000000004,0.08738209487449472,0.6700000000000004,0.07563882334197904,0.6700000000000004,0.0667113273017199,0.6700000000000004,0.05969210079956732,0.6700000000000004,0.05402659042227473,0.6700000000000004,0.0454400657363974,0.6700000000000004,0.03933756991914109,0.6700000000000004,0.03470763191113291,0.6700000000000004,0.03107238557662342,0.6700000000000004,0.02814112652450503,0.6700000000000004,0.02572666765124967,0.6700000000000004,0.0237029420769132
0.6800000000000004,0.2327416052529673,0.6800000000000004,0.1636697305577251,0.6800000000000004,0.1267221958136133,0.6800000000000004,0.1036036979268131,0.6800000000000004,0.08746317815297612,0.6800000000000004,0.07572518294912509,0.6800000000000004,0.06679861955524612,0.6800000000000004,0.05977841114524782,0.6800000000000004,0.05411107266369072,0.6800000000000004,0.04552010919629126,0.6800000000000004,0.039415775656957,0.6800000000000004,0.03478330970553591,0.6800000000000004,0.03114543402120715,0.6800000000000004,0.02821166146136635,0.6800000000000004,0.02579487875621914,0.6800000000000004,0.0237690349045397
0.6900000000000004,0.2326133037940305,0.6900000000000004,0.1637384695774209,0.6900000000000004,0.1268399054286059,0.6900000000000004,0.1037309283530058,0.6900000000000004,0.08759465233683356,0.6900000000000004,0.07585415643492517,0.6900000000000004,0.06692289886689028,0.6900000000000004,0.05989743945011718,0.6900000000000004,0.05422491893371926,0.6900000000000004,0.04562457926226756,0.6900000000000004,0.03951477660295076,0.6900000000000004,0.0348771467232775,0.6900000000000004,0.03123464011028862,0.6900000000000004,0.02829678203226658,0.6900000000000004,0.02587640801278793,0.6900000000000004,0.02384740220750801
0.7000000000000004,0.2326286877012003,0.7000000000000004,0.1639013849485808,0.7000000000000004,0.1270268450912035,0.7000000000000004,0.1039131828219952,0.7000000000000004,0.08777100697326874,0.7000000000000004,0.0760211474008325,0.7000000000000004,0.06708022276651154,0.7000000000000004,0.0600457347875414,0.7000000000000004,0.05436506150916851,0.7000000000000004,0.0457509673301536,0.7000000000000004,0.03963248106971112,0.7000000000000004,0.0349873512080868,0.7000000000000004,0.03133843828663895,0.7000000000000004,0.02839509940220242,0.7000000000000004,0.02597000849109613,0.7000000000000004,0.02393691352839877
0.7100000000000004,0.2327728517689324,0.7100000000000004,0.1641479470268382,0.7100000000000004,0.1272752511891929,0.7100000000000004,0.1041443309822219,0.7100000000000004,0.08798732964703813,0.7100000000000004,0.07622205548066971,0.7100000000000004,0.06726707230738255,0.7100000000000004,0.06022021561115397,0.7100000000000004,0.05452876010113253,0.7100000000000004,0.04589703152268842,0.7100000000000004,0.03976701837800015,0.7100000000000004,0.03511232002332559,0.7100000000000004,0.03145542750684245,0.7100000000000004,0.028505370631602,0.7100000000000004,0.02607456435604712,0.7100000000000004,0.02403655746423327
0.7200000000000004,0.2330319783361384,0.7200000000000004,0.164468641388309,0.7200000000000004,0.1275781444361725,0.7200000000000004,0.1044188711318166,0.7200000000000004,0.08823920505765119,0.7200000000000004,0.07645319100093177,0.7200000000000004,0.06748027820987408,0.7200000000000004,0.06041810469233196,0.7200000000000004,0.05471354373497517,0.7200000000000004,0.04606074882177779,0.7200000000000004,0.03991669871982022,0.7200000000000004,0.03525060411114731,0.7200000000000004,0.03158434093620576,0.7200000000000004,0.0286264716877686,0.7200000000000004,0.02618906654543324,0.7200000000000004,0.02414541953507932
0.7300000000000004,0.2333932502764617,0.7300000000000004,0.1648548197836132,0.7300000000000004,0.1279292014371129,0.7300000000000004,0.1047318222891754,0.7300000000000004,0.08852262710968785,0.7300000000000004,0.0767112009196919,0.7300000000000004,0.06771695691726994,0.7300000000000004,0.06063687288114182,0.7300000000000004,0.05491716057169522,0.7300000000000004,0.04624027380740214,0.7300000000000004,0.04007997860267125,0.7300000000000004,0.03540087877898324,0.7300000000000004,0.0317240198946359,0.7300000000000004,0.02875737425288313,0.7300000000000004,0.02631259187742581,0.7300000000000004,0.02426266317927948
0.7400000000000004,0.2338447520934352,0.7400000000000004,0.1652985653864419,0.7400000000000004,0.1283226421339083,0.7400000000000004,0.1050786307285718,0.7400000000000004,0.08883392319006291,0.7400000000000004,0.0769930052283785,0.7400000000000004,0.06797445579394908,0.7400000000000004,0.06087419097446099,0.7400000000000004,0.05513753500634009,0.7400000000000004,0.04643390342937287,0.7400000000000004,0.04025543138124693,0.7400000000000004,0.03556191838183748,0.7400000000000004,0.03187339167113939,0.7400000000000004,0.02889712598580837,0.7400000000000004,0.02644428527712361,0.7400000000000004,0.02438751359202125
0.7500000000000004,0.2343753685623588,0.7500000000000004,0.1657925737863624,0.7500000000000004,0.1287531328273926,0.7500000000000004,0.1054550902351205,0.7500000000000004,0.08916968986448807,0.7500000000000004,0.0772957430950471,0.7500000000000004,0.06825030680326227,0.7500000000000004,0.06112788908506523,0.7500000000000004,0.05537273148789047,0.7500000000000004,0.04664004733954416,0.7500000000000004,0.04044172247556818,0.7500000000000004,0.0357325750532638,0.7500000000000004,0.03203145090156503,0.7500000000000004,0.02904483396547137,0.7500000000000004,0.02658334487682824,0.7500000000000004,0.02451924418412955
0.7600000000000005,0.2349746879763133,0.7600000000000005,0.1663300505098904,0.7600000000000005,0.1292157043321323,0.7600000000000005,0.1058572753623555,0.7600000000000005,0.08952673931256255,0.7600000000000005,0.0776167281327016,0.7600000000000005,0.06854218811083444,0.7600000000000005,0.0613959230118479,0.7600000000000005,0.05562092460724856,0.7600000000000005,0.04685720340442089,0.7600000000000005,0.04063758895718944,0.7600000000000005,0.03591176121209375,0.7600000000000005,0.03219724427127976,0.7600000000000005,0.02919965110466342,0.7600000000000005,0.02672900980069086,0.7600000000000005,0.02465716548959163
0.7700000000000005,0.2356329151556234,0.7700000000000005,0.1669046253962284,0.7700000000000005,0.129705684753387,0.7700000000000005,0.1062814870275854,0.7700000000000005,0.08990205590696504,0.7700000000000005,0.07795341227023024,0.7700000000000005,0.06884789315231331,0.7700000000000005,0.06167634720086169,0.7700000000000005,0.05588037508476557,0.7700000000000005,0.04708393809340383,0.7700000000000005,0.0408418232515621,0.7700000000000005,0.0360984356311058,0.7700000000000005,0.03236985835756412,0.7700000000000005,0.02936076537120576,0.7700000000000005,0.02688055048831141,0.7700000000000005,0.02480061639072943
0.7800000000000005,0.2363407978417241,0.7800000000000005,0.167510283811344,0.7800000000000005,0.1302186463291741,0.7800000000000005,0.1067242098213177,0.7800000000000005,0.09029276240493793,0.7800000000000005,0.07830335777054398,0.7800000000000005,0.06916530677035367,0.7800000000000005,0.06196729394954594,0.7800000000000005,0.05614941134781991,0.7800000000000005,0.04731887149001569,0.7800000000000005,0.04105326075011432,0.7800000000000005,0.036291592893965,0.7800000000000005,0.03254841046234604,0.7800000000000005,0.02952739168574352,0.7800000000000005,0.02703726144126605,0.7800000000000005,0.02494895755687769
0.7900000000000005,0.2370895688049624,0.7900000000000005,0.1681413143865775,0.7900000000000005,0.1307503657163848,0.7900000000000005,0.1071820804135044,0.7900000000000005,0.09069609524392296,0.7900000000000005,0.07866421696912651,0.7900000000000005,0.06949238805504782,0.7900000000000005,0.06226695853518606,0.7900000000000005,0.05642641641633785,0.7900000000000005,0.04756066669789964,0.7900000000000005,0.04127077114661713,0.7900000000000005,0.03649025608505686,0.7900000000000005,0.03273204230202886,0.7900000000000005,0.02969876637982736,0.7900000000000005,0.02719845628951603,0.7900000000000005,0.02510156700422251
0.8000000000000005,0.2378709048611856,0.8000000000000005,0.1687922726675959,0.8000000000000005,0.1312967969935523,0.8000000000000005,0.1076518663961882,0.8000000000000005,0.09110938840830023,0.8000000000000005,0.07903371928967917,0.8000000000000005,0.06982715950996472,0.8000000000000005,0.06257358993926261,0.8000000000000005,0.05670981980646979,0.8000000000000005,0.04780802340770267,0.8000000000000005,0.04149325330704539,0.8000000000000005,0.03669347255173357,0.8000000000000005,0.0329199164162982,0.8000000000000005,0.02987414409329498,0.8000000000000005,0.02736346507021163,0.8000000000000005,0.0252578376802131
0.8100000000000005,0.2386769029521002,0.8100000000000005,0.1694579597286997,0.8100000000000005,0.1318540564922137,0.8100000000000005,0.1081304548032947,0.8100000000000005,0.09153006525766061,0.8100000000000005,0.07940966503019764,0.8100000000000005,0.07016770211149104,0.8100000000000005,0.06288548679135161,0.8100000000000005,0.05699809411960854,0.8100000000000005,0.04805967535513581,0.8100000000000005,0.04171963345052787,0.8100000000000005,0.0369003125501617,0.8100000000000005,0.03311121513211436,0.8100000000000005,0.03005279696647326,0.8100000000000005,0.02753163358975319,0.8100000000000005,0.02541717695587601
0.8200000000000005,0.2395000724686442,0.8200000000000005,0.1701334144386475,0.8200000000000005,0.1324184183545475,0.8200000000000005,0.1086148493969453,0.8200000000000005,0.09195563758283802,0.8200000000000005,0.07978992530665839,0.8200000000000005,0.07051215573611244,0.8200000000000005,0.06320099807322699,0.8200000000000005,0.05728975590891661,0.8200000000000005,0.04831439133745645,0.8200000000000005,0.04194886636369994,0.8200000000000005,0.03710987053671936,0.8200000000000005,0.0333051418746922,0.8200000000000005,0.03023401594228054,0.8200000000000005,0.02770232470283855,0.8200000000000005,0.02557900787503137
0.8300000000000005,0.2403333420854649,0.8300000000000005,0.1708139176686705,0.8300000000000005,0.1329863194603492,0.8300000000000005,0.1091021756181109,0.8300000000000005,0.09238371099522533,0.8300000000000005,0.08017244740248136,0.8300000000000005,0.07085872430755258,0.8300000000000005,0.06351852801385173,0.8300000000000005,0.05758337031584952,0.8300000000000005,0.0485709793715389,0.8300000000000005,0.04217993929719848,0.8300000000000005,0.037321268801473,0.8300000000000005,0.03350092455837068,0.8300000000000005,0.03041711393973954,0.8300000000000005,0.0278749212930956,0.8300000000000005,0.02574277196403783
0.8400000000000005,0.2411700785563157,0.8400000000000005,0.1714950063391687,0.8400000000000005,0.1335543720958157,0.8400000000000005,0.1095896918885357,0.8400000000000005,0.09281199557567174,0.8400000000000005,0.08055526461576895,0.8400000000000005,0.07120568487718514,0.8400000000000005,0.06383654448144074,0.8400000000000005,0.05787755885604289,0.8400000000000005,0.04882829348100286,0.8400000000000005,0.04241187810929942,0.8400000000000005,0.03753366306582027,0.8400000000000005,0.03369782072326202,0.8400000000000005,0.03060143059947399,0.8400000000000005,0.02804883068402387,0.8400000000000005,0.0259079333540977
0.8500000000000005,0.2420041142433549,0.8500000000000005,0.172172494849051,0.8500000000000005,0.1341193824830852,0.8500000000000005,0.1100748057481058,0.8500000000000005,0.09323832053489675,0.8500000000000005,0.0809365095432676,0.8500000000000005,0.07155139971470727,0.8500000000000005,0.06415359005569611,0.8500000000000005,0.05817100962179766,0.8500000000000005,0.04908524250463413,0.8500000000000005,0.04264375513822398,0.8500000000000005,0.03774624959208716,0.8500000000000005,0.03389512401662802,0.8500000000000005,0.03078633824084843,0.8500000000000005,0.02822349015308392,0.8500000000000005,0.02607398391652907
0.8600000000000005,0.242829779676023,0.8600000000000005,0.1728425011672109,0.8600000000000005,0.1346783730903245,0.8600000000000005,0.1105550931481403,0.8600000000000005,0.09366065149410503,0.8600000000000005,0.08131442961281549,0.8600000000000005,0.07189433037178064,0.8600000000000005,0.06446829485959324,0.8600000000000005,0.05846248907346393,0.8600000000000005,0.04934080023716566,0.8600000000000005,0.04287469821317851,0.8600000000000005,0.03795827328905766,0.8600000000000005,0.03409217156029973,0.8600000000000005,0.03097124861786803,0.8600000000000005,0.02839837317349342,0.8600000000000005,0.02624044906675408
0.8700000000000006,0.2436419372114217,0.8700000000000006,0.1735014747336911,0.8700000000000006,0.1352286065335079,0.8700000000000006,0.1110283191265232,0.8700000000000006,0.09407710890798646,0.8700000000000006,0.08168740359702044,0.8700000000000006,0.07223305260891905,0.8700000000000006,0.06477939016339003,0.8700000000000006,0.05875085453027806,0.8700000000000006,0.04959401615983925,0.8700000000000006,0.0431039001663923,0.8700000000000006,0.03816903625436096,0.8700000000000006,0.03428835170631533,0.8700000000000006,0.03115562002508738,0.8700000000000006,0.02857299597519743,0.8700000000000006,0.02640689386204229
0.8800000000000006,0.244436011934394,0.8800000000000006,0.1741462233528638,0.8800000000000006,0.1357676088916521,0.8800000000000006,0.1114924580896258,0.8800000000000006,0.09448598614358769,0.8800000000000006,0.08205395782849578,0.8800000000000006,0.0725662710617207,0.8800000000000006,0.06508572175859854,0.8800000000000006,0.05903506645606887,0.8800000000000006,0.04984402600338737,0.8800000000000006,0.04333062819412951,0.8800000000000006,0.03837790618105247,0.8800000000000006,0.03448311167010878,0.8800000000000006,0.03133896429266039,0.8800000000000006,0.02874692400504285,0.8800000000000006,0.0265729290072385
0.8900000000000006,0.2452080162994665,0.8900000000000006,0.1747739364787853,0.8900000000000006,0.1362931904030498,0.8900000000000006,0.1119457120329032,0.8900000000000006,0.09488576581034842,0.8900000000000006,0.08241278090254234,0.8900000000000006,0.07289283257687151,0.8900000000000006,0.06538626214582943,0.8900000000000006,0.0593141996752653,0.8900000000000006,0.05009006141748527,0.8900000000000006,0.04355423244029183,0.8900000000000006,0.03858432407730869,0.8900000000000006,0.03467596454917287,0.8900000000000006,0.03152085322596587,0.8900000000000006,0.02891977788068781,0.8900000000000006,0.02673821639575243
0.9000000000000006,0.2459545656512643,0.9000000000000006,0.1753822026876328,0.9000000000000006,0.1368034617901474,0.9000000000000006,0.1123865252479336,0.9000000000000006,0.09527513311058544,0.9000000000000006,0.08276273579861616,0.9000000000000006,0.07321173727318739,0.9000000000000006,0.0656801206897077,0.9000000000000006,0.05958745275178524,0.9000000000000006,0.05033145810017747,0.9000000000000006,0.04377415324349732,0.9000000000000006,0.0387878108064778,0.9000000000000006,0.03486649528659772,0.9000000000000006,0.03170092409131652,0.9000000000000006,0.02909123847447596,0.9000000000000006,0.02690247385117293
0.9100000000000006,0.246672882603639,0.9100000000000006,0.1759690196743318,0.9100000000000006,0.1372968448565825,0.9100000000000006,0.1128135943752183,0.9100000000000006,0.09565298523552793,0.9100000000000006,0.08310286856884351,0.9100000000000006,0.0735221465712322,0.9100000000000006,0.0659665510603636,0.9100000000000006,0.05985415491232692,0.9100000000000006,0.05056766186400817,0.9100000000000006,0.04398992659385626,0.9100000000000006,0.03898797204673213,0.9100000000000006,0.03505436522057105,0.9100000000000006,0.03187888382272018,0.9100000000000006,0.02926105083025615,0.9100000000000006,0.02706547879604279
0.9200000000000006,0.2473607892227841,0.9200000000000006,0.1765327957508143,0.9200000000000006,0.1377720764773496,0.9200000000000006,0.1132258730431089,0.9200000000000006,0.09601843614836172,0.9200000000000006,0.08343241301230399,0.9200000000000006,0.07382338767128067,0.9200000000000006,0.06624495549072477,0.9200000000000006,0.06011377008416944,0.9200000000000006,0.05079823227259512,0.9200000000000006,0.04420118748052744,0.9200000000000006,0.0391845013878033,0.9200000000000006,0.03523931496621398,0.9200000000000006,0.03205451171957753,0.9200000000000006,0.02942902670254708,0.9200000000000006,0.02722707065365855
0.9300000000000006,0.2480166869449385,0.9300000000000006,0.1770723425000565,0.9300000000000006,0.1382282056172815,0.9300000000000006,0.1136225707485345,0.9300000000000006,0.09637081644346918,0.9300000000000006,0.08375079105293008,0.9300000000000006,0.07411495422189525,0.9300000000000006,0.06651488561275298,0.9300000000000006,0.06036589782857305,0.9300000000000006,0.05102284365784247,0.9300000000000006,0.04440767096322151,0.9300000000000006,0.03937718141596003,0.9300000000000006,0.03542116549540775,0.9300000000000006,0.03222766051290897,0.9300000000000006,0.0295950456056462,0.9300000000000006,0.0273871518790055
0.9400000000000006,0.2486395250659548,0.9400000000000006,0.1775868588882984,0.9400000000000006,0.1386645835154687,0.9400000000000006,0.1140031460457942,0.9400000000000006,0.09670966831751736,0.9400000000000006,0.08405760883860068,0.9400000000000006,0.07439650318554757,0.9400000000000006,0.06677603987194637,0.9400000000000006,0.06061027116445869,0.9400000000000006,0.05124128350734931,0.9400000000000006,0.04460921095585324,0.9400000000000006,0.03956588277496257,0.9400000000000006,0.03559981740234357,0.9400000000000006,0.03239825578809046,0.9400000000000006,0.02975905436103861,0.9400000000000006,0.0275456876076253
0.9500000000000006,0.2492287593858301,0.9500000000000006,0.1780759076996052,0.9500000000000006,0.1390808476188326,0.9500000000000006,0.1143672944787127,0.9500000000000006,0.0970347360020385,0.9500000000000006,0.08435264885226179,0.9500000000000006,0.07466784814962464,0.9500000000000006,0.06702825773647397,0.9500000000000006,0.06084675147388754,0.9500000000000006,0.05145344837756039,0.9500000000000006,0.04480573685443257,0.9500000000000006,0.03975056131775853,0.9500000000000006,0.03577524845627377,0.9500000000000006,0.03256629385507516,0.9500000000000006,0.02992106522558559,0.9500000000000006,0.02770270399788013
0.9600000000000006,0.2497843031213662,0.9600000000000006,0.1785393855887366,0.9600000000000006,0.139476900201574,0.9600000000000006,0.1147149319893606,0.9600000000000006,0.09734595226322673,0.9600000000000006,0.0846358585504127,0.9600000000000006,0.07492894953099752,0.9600000000000006,0.06727151109736573,0.9600000000000006,0.06107532084470394,0.9600000000000006,0.05165933762706561,0.9600000000000006,0.04499726826206264,0.9600000000000006,0.03993125357059056,0.9600000000000006,0.03594750963885574,0.9600000000000006,0.03273183824407068,0.9600000000000006,0.03008115276257254,0.9600000000000006,0.02785828541545675
0.9700000000000006,0.2503064724915733,0.9700000000000006,0.1789774883260499,0.9700000000000006,0.1398528828471635,0.9700000000000006,0.1150461747444545,0.9700000000000006,0.09764342175623396,0.9700000000000006,0.08490733620520999,0.9700000000000006,0.07517990226673685,0.9700000000000006,0.06750589338710374,0.9700000000000006,0.06129607232542545,0.9700000000000006,0.05185904536665853,0.9700000000000006,0.0451839081532291,0.9700000000000006,0.04010807081052533,0.9700000000000006,0.03611671993486762,0.9700000000000006,0.03289501506953489,0.9700000000000006,0.03023944967719062,0.9700000000000006,0.02801257066388328
0.9800000000000006,0.2507959294412166,0.9800000000000006,0.1793906729280599,0.9800000000000006,0.1402091480896202,0.9800000000000006,0.1153613164317514,0.9800000000000006,0.09792740212172389,0.9800000000000006,0.08516731471759925,0.9800000000000006,0.07542092166673124,0.9800000000000006,0.06773160702031761,0.9800000000000006,0.0615091986379747,0.9800000000000006,0.05205275108381942,0.9800000000000006,0.04536583487340547,0.9800000000000006,0.04028119210556574,0.9800000000000006,0.03628306018862835,0.9800000000000006,0.03305600754511634,0.9800000000000006,0.03039614187460684,0.9800000000000006,0.02816574849870523
0.9900000000000007,0.2512536238306639,0.9900000000000007,0.1797796183432711,0.9900000000000007,0.1405462295185412,0.9900000000000007,0.1156608040977695,0.9900000000000007,0.09819828373489163,0.9900000000000007,0.08541614419237692,0.9900000000000007,0.07565232812742495,0.9900000000000007,0.06794894978320214,0.9900000000000007,0.06171497991598584,0.9900000000000007,0.05224070941967917,0.9900000000000007,0.04554329338865137,0.9900000000000007,0.04045085668363983,0.9900000000000007,0.03644676635426736,0.9900000000000007,0.03321504994683099,0.9900000000000007,0.03055146301244501,0.9900000000000007,0.02831805267576028
1.000000000000001,0.2516807371333952,1.000000000000001,0.1801451862219521,1.000000000000001,0.1408648115658437,1.000000000000001,0.1159452135385362,1.000000000000001,0.09845656897227509,1.000000000000001,0.08565427403076606,1.000000000000001,0.07587453137714002,1.000000000000001,0.0681583007742497,1.000000000000001,0.06191377101592192,1.000000000000001,0.05242323956088027,1.000000000000001,0.04571658618724263,1.000000000000001,0.04061735598623214,1.000000000000001,0.03660812245901195,1.000000000000001,0.03337242131397247,1.000000000000001,0.03070568881263117,1.000000000000001,0.02846975677786516
1.010000000000001,0.2520786293008844,1.010000000000001,0.1804883830746529,1.010000000000001,0.1411657000359705,1.010000000000001,0.1162152251358712,1.010000000000001,0.09870285176516826,1.010000000000001,0.08588223521523733,1.010000000000001,0.07608801485399436,1.010000000000001,0.06836010643807887,1.010000000000001,0.06210598889418986,1.010000000000001,0.05260071466456963,1.010000000000001,0.04588606419784588,1.010000000000001,0.04078102572982221,1.010000000000001,0.03676745356985072,1.010000000000001,0.03352843915144902,1.010000000000001,0.03085913137419641,1.010000000000001,0.02862116904288985
1.020000000000001,0.2524487900307694,1.020000000000001,0.1808103248529102,1.020000000000001,0.1414497942420014,1.020000000000001,0.1164716008742995,1.020000000000001,0.0989377980780695,1.020000000000001,0.08610062335015285,1.020000000000001,0.07629332072060514,1.020000000000001,0.06855486714838842,1.020000000000001,0.06229210046649128,1.020000000000001,0.05277355167092747,1.020000000000001,0.04605211803398306,1.020000000000001,0.04094223825033838,1.020000000000001,0.03692511901127823,1.020000000000001,0.03368345335883451,1.020000000000001,0.03101213369370016,1.020000000000001,0.02877262738416649
1.030000000000001,0.2527927952529889,1.030000000000001,0.1811122046990177,1.030000000000001,0.1417180613927825,1.030000000000001,0.1167151630985214,1.030000000000001,0.09916212780366689,1.030000000000001,0.08631008289534713,1.030000000000001,0.07649103590877905,1.030000000000001,0.06874312469718621,1.030000000000001,0.06247261127649173,1.030000000000001,0.05294220178311614,1.030000000000001,0.04621516981027202,1.030000000000001,0.0411013953493444,1.030000000000001,0.03708150603142291,1.030000000000001,0.03383784056591759,1.030000000000001,0.03116506455846574,1.030000000000001,0.02892449475608163
1.040000000000001,0.2531122692633369,1.040000000000001,0.1813952643361037,1.040000000000001,0.1419715136618522,1.040000000000001,0.116946775395987,1.040000000000001,0.09937659841737406,1.040000000000001,0.08651129290106034,1.040000000000001,0.07668177947384378,1.040000000000001,0.06892545094585083,1.040000000000001,0.0626480552089721,1.040000000000001,0.05310714181731209,1.040000000000001,0.04637566570910962,1.040000000000001,0.0412589218017799,1.040000000000001,0.03723702406120129,1.040000000000001,0.03399199900691442,1.040000000000001,0.03131831393435795,1.040000000000001,0.02907715497772795
1.050000000000001,0.2534088526060587,1.050000000000001,0.1816607693236712,1.050000000000001,0.14221118817325,1.050000000000001,0.1171673258268546,1.050000000000001,0.09958199059592825,1.050000000000001,0.08670495443189628,1.050000000000001,0.07686619143126631,1.050000000000001,0.06910243779751034,1.050000000000001,0.06281898539546008,1.050000000000001,0.05326886655193869,1.050000000000001,0.04653406941264541,1.050000000000001,0.04141525962870148,1.050000000000001,0.03739209966065215,1.050000000000001,0.03414634401978928,1.050000000000001,0.03147228892805646,1.050000000000001,0.02923100908903329
1.060000000000001,0.2536841755470176,1.060000000000001,0.181909988198364,1.060000000000001,0.1424381299722182,1.060000000000001,0.1173777125832805,1.060000000000001,0.09977909588384443,1.060000000000001,0.08689177976163714,1.060000000000001,0.07704492315400918,1.060000000000001,0.06927468856537138,1.060000000000001,0.06298596638314606,1.060000000000001,0.05342788213983286,1.060000000000001,0.04669085645800614,1.060000000000001,0.04157086318812173,1.060000000000001,0.03754717220144038,1.060000000000001,0.03430130421618015,1.060000000000001,0.03162741036632728,1.060000000000001,0.0293864722792799
1.070000000000001,0.2539398367880373,1.070000000000001,0.1821441753595661,1.070000000000001,0.1426533779152067,1.070000000000001,0.1175788320461836,1.070000000000001,0.09996870639280411,1.070000000000001,0.08707248333368461,1.070000000000001,0.07721862933124228,1.070000000000001,0.06944281074128009,1.070000000000001,0.06314956757371537,1.070000000000001,0.05358470059249856,1.070000000000001,0.04684650952611805,1.070000000000001,0.04172619509481566,1.070000000000001,0.03770269029658426,1.070000000000001,0.03445731833299127,1.070000000000001,0.03178411000326848,1.070000000000001,0.02954397139885763
1.080000000000001,0.2541773869463004,1.080000000000001,0.182364557443977,1.080000000000001,0.1428579533141624,1.080000000000001,0.1177715691214854,1.080000000000001,0.1001516064435818,1.080000000000001,0.08724777441486579,1.080000000000001,0.07738796142879702,1.080000000000001,0.06960741011413529,1.080000000000001,0.06331035788870953,1.080000000000001,0.05373983530286203,1.080000000000001,0.04700151463707655,1.080000000000001,0.04188172294672517,1.080000000000001,0.03785910895854849,1.080000000000001,0.03461483274952475,1.080000000000001,0.03194282834158974,1.080000000000001,0.0297039430421018
1.090000000000001,0.2543983162513326,1.090000000000001,0.1825723228584553,1.090000000000001,0.1430528511025403,1.090000000000001,0.1179567896779052,1.090000000000001,0.1003285660068978,1.090000000000001,0.08741835132263216,1.090000000000001,0.07755356254858339,1.090000000000001,0.06976908614840288,1.090000000000001,0.06346890158185603,1.090000000000001,0.05389379754185374,1.090000000000001,0.04715635819770556,1.090000000000001,0.04203791681125151,1.090000000000001,0.03801688744489502,1.090000000000001,0.03477429963404381,1.090000000000001,0.03210401303565047,1.090000000000001,0.02986683217213117
1.100000000000001,0.2546040458854764,1.100000000000001,0.1827686141000822,1.100000000000001,0.1432390332506563,1.100000000000001,0.1181353348715928,1.100000000000001,0.1005003357661646,1.100000000000001,0.08758489707527173,1.100000000000001,0.07771606355638756,1.100000000000001,0.06992842850741296,1.100000000000001,0.06362575509516988,1.100000000000001,0.05404709384364452,1.100000000000001,0.04731152482884118,1.100000000000001,0.04219524740852151,1.100000000000001,0.03817648773602949,1.100000000000001,0.03493617567028674,1.100000000000001,0.03226811783169241,1.100000000000001,0.03003309124723618
1.110000000000001,0.2547959224010041,1.110000000000001,0.1829545224796205,1.110000000000001,0.1434174241408845,1.110000000000001,0.1183080171252647,1.110000000000001,0.1006676436082325,1.110000000000001,0.08774807629889168,1.110000000000001,0.07787608033262766,1.110000000000001,0.07008601459225207,1.110000000000001,0.06378146484264992,1.110000000000001,0.05420022418291012,1.110000000000001,0.04746749588964797,1.110000000000001,0.04235418491949326,1.110000000000001,0.03833837358119505,1.110000000000001,0.03510092130677255,1.110000000000001,0.03243560199362295,1.110000000000001,0.03020317980180752
1.120000000000001,0.2549752146781104,1.120000000000001,0.1831310848724499,1.120000000000001,0.143588907613546,1.120000000000001,0.1184756175268832,1.120000000000001,0.1008311923444201,1.120000000000001,0.08790853322060534,1.120000000000001,0.07803421199614935,1.120000000000001,0.07024240796255893,1.120000000000001,0.06393656580096523,1.120000000000001,0.05435368084333202,1.120000000000001,0.04762474861241661,1.120000000000001,0.0425151983431987,1.120000000000001,0.03850301004556838,1.120000000000001,0.03526900046868049,1.120000000000001,0.03260693015986461,1.120000000000001,0.03037756443214447
1.130000000000001,0.2551431129343506,1.130000000000001,0.1832992821433954,1.130000000000001,0.1437543254072902,1.130000000000001,0.1186388844212845,1.130000000000001,0.1009916584699813,1.130000000000001,0.08806689058165834,1.130000000000001,0.0781910399544074,1.130000000000001,0.07039815750807965,1.130000000000001,0.06409158078856081,1.130000000000001,0.05450794787791258,1.130000000000001,0.04778375576228458,1.130000000000001,0.04267875532817696,1.130000000000001,0.03867086349190646,1.130000000000001,0.0354408806725732,1.130000000000001,0.03278257257719606,1.130000000000001,0.03055671913784183
1.140000000000001,0.2553007293507191,1.140000000000001,0.1834600389233184,1.140000000000001,0.1439144767390728,1.140000000000001,0.1187985329840045,1.140000000000001,0.1011496917826788,1.140000000000001,0.08822374931451346,1.140000000000001,0.07834712764207527,1.140000000000001,0.07055379724735275,1.140000000000001,0.06424702032121926,1.140000000000001,0.05466350106698897,1.140000000000001,0.0479449857407796,1.140000000000001,0.0428453224069989,1.140000000000001,0.03884240193358678,1.140000000000001,0.0356170334872715,1.140000000000001,0.03296300566026644,1.140000000000001,0.0307411259719765
1.150000000000001,0.255449099937189,1.150000000000001,0.1836142244516492,1.150000000000001,0.1440701187950078,1.150000000000001,0.1189552455869221,1.150000000000001,0.1013059156977904,1.150000000000001,0.08837968884197496,1.150000000000001,0.07850302082227868,1.150000000000001,0.07070984664059357,1.150000000000001,0.0644033829416666,1.150000000000001,0.05482080828770079,1.150000000000001,0.04810890305881661,1.150000000000001,0.04301536556867185,1.150000000000001,0.03901809570112087,1.150000000000001,0.03579793528891406,1.150000000000001,0.03314871282977482,1.150000000000001,0.03093127595728569
1.160000000000001,0.2555891873173902,1.160000000000001,0.1837626542369716,1.160000000000001,0.1442219679316929,1.160000000000001,0.1191096727879288,1.160000000000001,0.1014609281156535,1.160000000000001,0.08853526787249048,1.160000000000001,0.07865924833867217,1.160000000000001,0.07086681131629417,1.160000000000001,0.06456115593200427,1.160000000000001,0.05498033021798522,1.160000000000001,0.04827596911280258,1.160000000000001,0.04318935111077062,1.160000000000001,0.03919841837052989,1.160000000000001,0.03598406826394507,1.160000000000001,0.03334018558752708,1.160000000000001,0.03112767023033851
1.170000000000001,0.2557218841656234,1.170000000000001,0.1839060923250127,1.170000000000001,0.1443707014160978,1.170000000000001,0.1192624347999086,1.170000000000001,0.1016153027172335,1.170000000000001,0.0886910255824738,1.170000000000001,0.07881632322126082,1.170000000000001,0.07102518412415366,1.170000000000001,0.06472081632957218,1.170000000000001,0.05514252130808096,1.170000000000001,0.0484466432060771,1.170000000000001,0.04336774672070546,1.170000000000001,0.03938384790874763,1.170000000000001,0.03617592161991789,1.170000000000001,0.03353792479220839,1.170000000000001,0.03133082138089791
1.180000000000001,0.2558480170781117,1.180000000000001,0.1840452539984036,1.180000000000001,0.1445169595593653,1.180000000000001,0.1194141233166517,1.180000000000001,0.1017695905821103,1.180000000000001,0.08884748309288425,1.180000000000001,0.0789747440633342,1.180000000000001,0.0711854464399052,1.180000000000001,0.0648828321785767,1.180000000000001,0.05530783096239176,1.180000000000001,0.0486213837664782,1.180000000000001,0.04355102274311094,1.180000000000001,0.03957486799801497,1.180000000000001,0.03637399297017604,1.180000000000001,0.03374244210536999,1.180000000000001,0.03154125495889744
1.190000000000001,0.2559683507034816,1.190000000000001,0.1841808087644191,1.190000000000001,0.1446613481250469,1.190000000000001,0.1195653035941416,1.190000000000001,0.1019243220410001,1.190000000000001,0.08900514516272491,1.190000000000001,0.07913499660054686,1.190000000000001,0.07134806965987021,1.190000000000001,0.06504766396094615,1.190000000000001,0.05547670488395872,1.190000000000001,0.048800649719002,1.190000000000001,0.04373965359758875,1.190000000000001,0.03977196950774489,1.190000000000001,0.03657878986439706,1.190000000000001,0.03395426158256318,1.190000000000001,0.03175951112648335
1.200000000000001,0.2560835919947624,1.200000000000001,0.1843133835151415,1.200000000000001,0.1448044409148823,1.200000000000001,0.1197165167044753,1.200000000000001,0.1020800086910268,1.200000000000001,0.08916450203619411,1.200000000000001,0.0792975554356757,1.200000000000001,0.07151351683431967,1.200000000000001,0.06521576616010101,1.200000000000001,0.05564958654244954,1.200000000000001,0.0489849019800715,1.200000000000001,0.04393411931773675,1.200000000000001,0.03997565208837014,1.200000000000001,0.03679083144247638,1.200000000000001,0.03417392138959739,1.200000000000001,0.031986146437238
1.210000000000001,0.2561943944768375,1.210000000000001,0.1844435657689714,1.210000000000001,0.1449467824550372,1.210000000000001,0.1198682818962978,1.210000000000001,0.1022371455162461,1.210000000000001,0.08932603139274614,1.210000000000001,0.07946288586373568,1.210000000000001,0.07168224439876804,1.210000000000001,0.06538758892047747,1.210000000000001,0.0558269187343433,1.210000000000001,0.04917460504672146,1.210000000000001,0.04413490718843501,1.210000000000001,0.04018642586712665,1.210000000000001,0.03701065019418374,1.210000000000001,0.03440197562845456,1.210000000000001,0.03222173572891612
1.220000000000001,0.2563013624496834,1.220000000000001,0.1845719069232559,1.220000000000001,0.1450888907227592,1.220000000000001,0.1200210990100175,1.220000000000001,0.1023962130683286,1.220000000000001,0.08949020036022658,1.220000000000001,0.07963144576187141,1.220000000000001,0.07185470397112441,1.220000000000001,0.06556357977366484,1.220000000000001,0.05600914521081553,1.220000000000001,0.04937022865997851,1.220000000000001,0.04434251346368003,1.220000000000001,0.0404048132305283,1.220000000000001,0.03723879381140622,1.220000000000001,0.0346389962614185,1.220000000000001,0.03246687411975623
1.230000000000001,0.2564050550694112,1.230000000000001,0.1846989254652593,1.230000000000001,0.1452312598678094,1.230000000000001,0.1201754509083016,1.230000000000001,0.1025576796729057,1.230000000000001,0.08965746756058869,1.230000000000001,0.07980368751679587,1.230000000000001,0.07203134419018116,1.230000000000001,0.06574418540891948,1.230000000000001,0.05619671235471736,1.230000000000001,0.0495722495268834,1.230000000000001,0.0445574451518656,1.230000000000001,0.04063135068244951,1.230000000000001,0.03747582712358744,1.230000000000001,0.03488557512547245,1.230000000000001,0.0327221791016619
1.240000000000001,0.2565059902666547,1.240000000000001,0.1848251101030949,1.240000000000001,0.1453743628950273,1.240000000000001,0.120331805892601,1.240000000000001,0.1027220036359837,1.240000000000001,0.08982828516557087,1.240000000000001,0.07998005996960644,1.240000000000001,0.07221261257731705,1.240000000000001,0.06592985347166871,1.240000000000001,0.05639007089304446,1.240000000000001,0.04978115308999664,1.240000000000001,0.04478022185933452,1.240000000000001,0.04086659077028331,1.240000000000001,0.03772233411021496,1.240000000000001,0.03514232603199787,1.240000000000001,0.0329882927263083
1.250000000000001,0.2566046484758184,1.250000000000001,0.1849509227899401,1.250000000000001,0.1455186542842307,1.250000000000001,0.1204906200849098,1.250000000000001,0.1028896354322132,1.250000000000001,0.09000310094625505,1.250000000000001,0.08016101036368137,1.250000000000001,0.07239895740862649,1.250000000000001,0.06612103437850357,1.250000000000001,0.05658967763547954,1.250000000000001,0.04999743533691547,1.250000000000001,0.04501137768632273,1.250000000000001,0.04111110407462561,1.250000000000001,0.03797891998693086,1.250000000000001,0.03540988694931235,1.250000000000001,0.03326588388254303
1.260000000000001,0.2567014761596668,1.260000000000001,0.1850768016242287,1.260000000000001,0.1456645725316177,1.260000000000001,0.1206523397608579,1.260000000000001,0.1030610198628312,1.260000000000001,0.0901823603057907,1.260000000000001,0.0803469862861899,1.260000000000001,0.07259082958907857,1.260000000000001,0.06631818314119052,1.260000000000001,0.05679599723305255,1.260000000000001,0.05022160464538688,1.260000000000001,0.04525146317215252,1.260000000000001,0.04136548126041039,1.260000000000001,0.03824621336409795,1.260000000000001,0.03568892226765638,1.260000000000001,0.0335556506653585
1.270000000000001,0.2567968891221848,1.270000000000001,0.1852031636159236,1.270000000000001,0.1458125426032051,1.270000000000001,0.1208174036257688,1.270000000000001,0.1032365981759595,1.270000000000001,0.09036650828890735,1.270000000000001,0.08053843759766528,1.270000000000001,0.07278868452387711,1.270000000000001,0.06652176119550904,1.270000000000001,0.05700950395378965,1.270000000000001,0.05045418366209396,1.270000000000001,0.04550104728876704,1.270000000000001,0.04163033518944349,1.270000000000001,0.038524868478494,1.270000000000001,0.0359801251479181,1.270000000000001,0.0338583228382572
1.280000000000001,0.2568912756090486,1.280000000000001,0.1853304073147279,1.280000000000001,0.1459629782958381,1.280000000000001,0.1209862450297065,1.280000000000001,0.1034168101458206,1.280000000000001,0.09055599156530775,1.280000000000001,0.08073581834722653,1.280000000000001,0.07299298398506059,1.280000000000001,0.06673223823336122,1.280000000000001,0.05723068347449722,1.280000000000001,0.05069571121521179,1.280000000000001,0.0457607194835021,1.280000000000001,0.0419063030959087,1.280000000000001,0.03881556750028067,1.280000000000001,0.03628421995672711,1.280000000000001,0.03417466439204495
1.290000000000001,0.2569849991997878,1.290000000000001,0.1854589153004833,1.290000000000001,0.1461162845051877,1.290000000000001,0.1211592941209636,1.290000000000001,0.1036020961104734,1.290000000000001,0.09075126038676297,1.290000000000001,0.08093958867351354,1.290000000000001,0.07320419797364615,1.290000000000001,0.06695009403868983,1.290000000000001,0.05746003468963948,1.290000000000001,0.0509467442624309,1.290000000000001,0.04603109177342473,1.290000000000001,0.0421940488277052,1.290000000000001,0.0391190229185473,1.290000000000001,0.03660196479158135,1.290000000000001,0.03450547620401573
1.300000000000001,0.2570784014991246,1.300000000000001,0.1855890565393049,1.300000000000001,0.1462728594031059,1.300000000000001,0.1213369799400796,1.300000000000001,0.1037928989700228,1.300000000000001,0.09095277051985477,1.300000000000001,0.08115021669332825,1.300000000000001,0.07342280657939367,1.300000000000001,0.06717582032937716,1.300000000000001,0.05769807153968849,1.300000000000001,0.05120785987740141,1.300000000000001,0.04631280089468125,1.300000000000001,0.04249426515746456,1.300000000000001,0.03943598000960444,1.300000000000001,0.03693415410043766,1.300000000000001,0.03485159880214993
1.310000000000001,0.2571718046373355,1.310000000000001,0.1857211886113897,1.310000000000001,0.1464330965289063,1.310000000000001,0.1215197324584662,1.310000000000001,0.103989666149044,1.310000000000001,0.0911609851579228,1.310000000000001,0.08136818038145377,1.310000000000001,0.07364930184162333,1.310000000000001,0.06740992260855315,1.310000000000001,0.05794532486241571,1.310000000000001,0.05147965727851261,1.310000000000001,0.04660651051114156,1.310000000000001,0.0428076761678288,1.310000000000001,0.03976721939282923,1.310000000000001,0.03728162140072068,1.310000000000001,0.03521391523937636
1.320000000000001,0.2572655135910177,1.320000000000001,0.1858556598181346,1.320000000000001,0.1465973868007364,1.320000000000001,0.1217079845671848,1.320000000000001,0.1041928515282886,1.320000000000001,0.09137637681698647,1.320000000000001,0.08159396944622539,1.320000000000001,0.0738841896155378,1.320000000000001,0.06765292202968483,1.320000000000001,0.05820234427141865,1.320000000000001,0.05176275990463736,1.320000000000001,0.04691291348723799,1.320000000000001,0.04313503971608188,1.320000000000001,0.04011355967927505,1.320000000000001,0.03764524210301634,1.320000000000001,0.03559335408315336
1.330000000000001,0.257359818336547,1.330000000000001,0.1859928111773305,1.330000000000001,0.1467661204543304,1.330000000000001,0.1219021740224677,1.330000000000001,0.1044029173516941,1.330000000000001,0.09159942922128092,1.330000000000001,0.08182808720623309,1.330000000000001,0.07412799144924358,1.330000000000001,0.06790535728050731,1.330000000000001,0.05846970006677085,1.330000000000001,0.05205781754297448,1.330000000000001,0.04723273423030836,1.330000000000001,0.04347714998353915,1.330000000000001,0.04047586021846743,1.330000000000001,0.0380259364448154,1.330000000000001,0.03599089252561916
1.340000000000001,0.2574549958489381,1.340000000000001,0.1861329783159043,1.340000000000001,0.1469396889171692,1.340000000000001,0.1221027453552919,1.340000000000001,0.1046203361153829,1.340000000000001,0.09183063918465763,1.340000000000001,0.08207105247409376,1.340000000000001,0.07438124647717922,1.340000000000001,0.06816778649133214,1.340000000000001,0.05874798518309264,1.340000000000001,0.0523655085144505,1.340000000000001,0.04756673110798663,1.340000000000001,0.04383484011523496,1.340000000000001,0.04085502394883644,1.340000000000001,0.03842467253959136,1.340000000000001,0.03640755961935632
1.350000000000001,0.2575513119588954,1.350000000000001,0.186276493270057,1.350000000000001,0.1471184866265328,1.350000000000001,0.12231015175277,1.350000000000001,0.104845592445758,1.350000000000001,0.09207051849449079,1.350000000000001,0.0823234014535901,1.350000000000001,0.07464451333599029,1.350000000000001,0.06844078917357126,1.350000000000001,0.05903781718059287,1.350000000000001,0.05268654192231215,1.350000000000001,0.0479156989462631,1.350000000000001,0.04420898495541557,1.350000000000001,0.04125200035708381,1.350000000000001,0.03884246954621354,1.350000000000001,0.03684443964340243
1.360000000000001,0.2576490230806524,1.360000000000001,0.1864236862027729,1.360000000000001,0.1473029128001616,1.360000000000001,0.1225248569193775,1.360000000000001,0.105079184974046,1.360000000000001,0.09231959580494992,1.360000000000001,0.08258568965667332,1.360000000000001,0.07491837210906595,1.360000000000001,0.06872496819447102,1.360000000000001,0.05933984028474792,1.360000000000001,0.05302165996957492,1.360000000000001,0.04828047161376072,1.360000000000001,0.04460050388415301,1.360000000000001,0.04166778855145543,1.360000000000001,0.039280400963226,1.360000000000001,0.03730267560351166
1.370000000000001,0.2577483778228323,1.370000000000001,0.1865748870486265,1.370000000000001,0.1474933731683046,1.370000000000001,0.122747336926132,1.370000000000001,0.1053216282147273,1.370000000000001,0.09257841854657833,1.370000000000001,0.08285849384688825,1.370000000000001,0.07520342630600049,1.370000000000001,0.06902095179408126,1.370000000000001,0.05965472748028131,1.370000000000001,0.05337164035089399,1.370000000000001,0.04866192469756268,1.370000000000001,0.04501036376003967,1.370000000000001,0.04210344045338336,1.370000000000001,0.03973959805184875,1.370000000000001,0.03778347286982398
1.380000000000001,0.2578496184940766,1.380000000000001,0.1867304270956285,1.380000000000001,0.1476902816758774,1.380000000000001,0.1229780820558121,1.380000000000001,0.1055734544552653,1.380000000000001,0.0928475548590796,1.380000000000001,0.08314241401572951,1.380000000000001,0.07550030488317679,1.380000000000001,0.06932939565040326,1.380000000000001,0.05998318266499681,1.380000000000001,0.05373729872420552,1.380000000000001,0.04906097827556434,1.380000000000001,0.04543958197340628,1.380000000000001,0.04256006411126045,1.380000000000001,0.04022125339066229,1.380000000000001,0.0382881029539983
1.390000000000001,0.2579529825146246,1.390000000000001,0.186890640513588,1.390000000000001,0.1478940621632994,1.390000000000001,0.1232175986521833,1.390000000000001,0.1058352156644207,1.390000000000001,0.09312759555407332,1.390000000000001,0.08343807539828366,1.390000000000001,0.07580966431150159,1.390000000000001,0.06965098499847856,1.390000000000001,0.06032594286879954,1.390000000000001,0.05411949126713678,1.390000000000001,0.04947859978981581,1.390000000000001,0.04588922961380649,1.390000000000001,0.04303882713920607,1.390000000000001,0.04072662456381032,1.390000000000001,0.03881790742650071
1.400000000000001,0.258058703744422,1.400000000000001,0.1870558658381352,1.400000000000001,0.1481051500343652,1.400000000000001,0.123466410980999,1.400000000000001,0.1061074854262247,1.400000000000001,0.09341915611435637,1.400000000000001,0.08374613053426724,1.400000000000001,0.07613219069705686,1.400000000000001,0.06998643680889528,1.400000000000001,0.06068378054291843,1.400000000000001,0.05451911732270921,1.400000000000001,0.04991580702465123,1.400000000000001,0.04636043475462267,1.400000000000001,0.04354096028254803,1.400000000000001,0.04125703798315653,1.400000000000001,0.03937430197307706
1.410000000000001,0.2581670137377209,1.410000000000001,0.1872264474191938,1.410000000000001,0.148323993919244,1.410000000000001,0.1237250631102819,1.410000000000001,0.1063908609063983,1.410000000000001,0.09372287873588894,1.410000000000001,0.08406726138022974,1.410000000000001,0.07646860196006867,1.410000000000001,0.07033650203080252,1.410000000000001,0.06105750592391103,1.410000000000001,0.05493712213823575,1.410000000000001,0.05037367119255605,1.410000000000001,0.04685438585654516,1.410000000000001,0.04406776111036171,1.410000000000001,0.04181389284315674,1.410000000000001,0.03995878058743747
1.420000000000001,0.2582781429335196,1.420000000000001,0.1874027368423099,1.420000000000001,0.1485510573404037,1.420000000000001,0.1239941208170699,1.420000000000001,0.1066859648576482,1.420000000000001,0.09403943441833081,1.420000000000001,0.08440218147826073,1.420000000000001,0.07681965007713239,1.420000000000001,0.0707019679040313,1.420000000000001,0.06144796947648113,1.420000000000001,0.05537449970054734,1.420000000000001,0.05085332012968942,1.420000000000001,0.04737233529034304,1.420000000000001,0.04462059783375037,1.420000000000001,0.04239866520519482,1.420000000000001,0.04057291989482618
1.430000000000001,0.2583923217905915,1.430000000000001,0.1875850943308629,1.430000000000001,0.1487868203889326,1.430000000000001,0.1242741735274406,1.430000000000001,0.1069934476698282,1.430000000000001,0.09436952510946128,1.430000000000001,0.08475163818600548,1.430000000000001,0.0771861233910581,1.430000000000001,0.07108366034430906,1.430000000000001,0.06185606441846091,1.430000000000001,0.05583229566973927,1.430000000000001,0.05135594160172866,1.430000000000001,0.04791560297775194,1.430000000000001,0.04520091324658317,1.430000000000001,0.04301291220578511,1.430000000000001,0.04121838359838534
1.440000000000001,0.2585097818752865,1.440000000000001,0.1877738901368065,1.440000000000001,0.1490317814183952,1.440000000000001,0.1245658362961962,1.440000000000001,0.107313989470454,1.440000000000001,0.0947138859082411,1.440000000000001,0.08511641497215576,1.440000000000001,0.07756884899201245,1.440000000000001,0.07148244640482092,1.440000000000001,0.06228272933048951,1.440000000000001,0.05631161041250721,1.440000000000001,0.051882786719229,1.440000000000001,0.04848558014743714,1.440000000000001,0.04581022878312045,1.440000000000001,0.04365827638030063,1.440000000000001,0.04189692703703336
1.450000000000001,0.2586307569097532,1.450000000000001,0.1879695059272189,1.450000000000001,0.1492864587629865,1.450000000000001,0.1248697518321057,1.450000000000001,0.1076483022804562,1.450000000000001,0.09507328733058594,1.450000000000001,0.08549733378082813,1.450000000000001,0.07796869517281807,1.450000000000001,0.07189923681650004,1.450000000000001,0.06272895085195418,1.450000000000001,0.05681360213483019,1.450000000000001,0.05243517345997648,1.450000000000001,0.04908373320082982,1.450000000000001,0.04645014868432044,1.450000000000001,0.04433649009076644,1.450000000000001,0.04261040183993711
1.460000000000001,0.2587554837877237,1.460000000000001,0.1881723361735825,1.460000000000001,0.1495513924863748,1.460000000000001,0.1251865925740482,1.460000000000001,0.1079971322293704,1.460000000000001,0.09544853764113406,1.460000000000001,0.08589525746736747,1.460000000000001,0.07838657396032589,1.460000000000001,0.0723349886084261,1.460000000000001,0.06319576646363617,1.460000000000001,0.05733949011224472,1.460000000000001,0.05301449029385309,1.460000000000001,0.04971160768018404,1.460000000000001,0.04712236426164056,1.460000000000001,0.04504938004271551,1.460000000000001,0.04336076065856277
1.470000000000001,0.2588842035645508,1.470000000000001,0.1883827895503709,1.470000000000001,0.1498271461672034,1.470000000000001,0.1255170628227748,1.470000000000001,0.1083612618333835,1.470000000000001,0.09584048525339037,1.470000000000001,0.08631109230712491,1.470000000000001,0.07882344372371286,1.470000000000001,0.07279070780857019,1.470000000000001,0.06368426735624148,1.470000000000001,0.05789055801426507,1.470000000000001,0.0536221999035487,1.470000000000001,0.05037083232847208,1.470000000000001,0.04782865824383762,1.470000000000001,0.04579887187219841,1.470000000000001,0.04415006195274987
1.480000000000001,0.2590171624277558,1.480000000000001,0.188601290349185,1.480000000000001,0.1501143087267866,1.480000000000001,0.125861900932305,1.480000000000001,0.1087415123387732,1.480000000000001,0.09625002119962492,1.480000000000001,0.08674579057766212,1.480000000000001,0.07928031185937773,1.480000000000001,0.07326745222388124,1.480000000000001,0.0641956013826082,1.480000000000001,0.05846815731766188,1.480000000000001,0.05425984299208528,1.480000000000001,0.05106312322777425,1.480000000000001,0.04857090918867661,1.480000000000001,0.04658699477977365,1.480000000000001,0.04498047480232999
1.490000000000001,0.2591546126539638,1.490000000000001,0.1888282799143606,1.490000000000001,0.1504134963040525,1.490000000000001,0.1262218815641824,1.490000000000001,0.1091387461323108,1.490000000000001,0.09667808167082986,1.490000000000001,0.08720035321367312,1.490000000000001,0.0797582375508769,1.490000000000001,0.07376633429740036,1.490000000000001,0.06473097608993199,1.490000000000001,0.05907371080139132,1.490000000000001,0.05492904216563146,1.490000000000001,0.05179028799970489,1.490000000000001,0.04935109593766014,1.490000000000001,0.04741588618380724,1.490000000000001,0.04585428371056995
1.5,0.2592968135577507,1.5,0.1890642181056419,1.5,0.1507253541822565,1.5,0.1265978180069512,1.5,0.1095538692191697,1.5,0.09712565062591823,1.5,0.08767583253274257,1.5,0.08025833460111367,1.5,0.07428852403880271,1.5,0.06529166182691803,1.5,0.05970871611405897,1.5,0.05563150587760094,1.5,0.05255423004825449,1.5,0.05017130208799933,1.5,0.04828779636073829,1.5,0.04677389336027598
