pch18_Vdsat (ll=2e-07) X,pch18_Vdsat (ll=2e-07) Y,pch18_Vdsat (ll=3e-07) X,pch18_Vdsat (ll=3e-07) Y,pch18_Vdsat (ll=4e-07) X,pch18_Vdsat (ll=4e-07) Y,pch18_Vdsat (ll=5e-07) X,pch18_Vdsat (ll=5e-07) Y,pch18_Vdsat (ll=6e-07) X,pch18_Vdsat (ll=6e-07) Y,pch18_Vdsat (ll=7e-07) X,pch18_Vdsat (ll=7e-07) Y,pch18_Vdsat (ll=8e-07) X,pch18_Vdsat (ll=8e-07) Y,pch18_Vdsat (ll=9e-07) X,pch18_Vdsat (ll=9e-07) Y,pch18_Vdsat (ll=1e-06) X,pch18_Vdsat (ll=1e-06) Y,pch18_Vdsat (ll=1.2e-06) X,pch18_Vdsat (ll=1.2e-06) Y,pch18_Vdsat (ll=1.4e-06) X,pch18_Vdsat (ll=1.4e-06) Y,pch18_Vdsat (ll=1.6e-06) X,pch18_Vdsat (ll=1.6e-06) Y,pch18_Vdsat (ll=1.8e-06) X,pch18_Vdsat (ll=1.8e-06) Y,pch18_Vdsat (ll=2e-06) X,pch18_Vdsat (ll=2e-06) Y,pch18_Vdsat (ll=2.2e-06) X,pch18_Vdsat (ll=2.2e-06) Y,pch18_Vdsat (ll=2.4e-06) X,pch18_Vdsat (ll=2.4e-06) Y
0,-0.04266178394903226,0,-0.04176529033756466,0,-0.04116285957583724,0,-0.04075405261920151,0,-0.03997695050943025,0,-0.03940893891891633,0,-0.03897685244332141,0,-0.03863751956182986,0,-0.03836412961486537,0,-0.03795101796223117,0,-0.03814081133093641,0,-0.03828577586210365,0,-0.03840011788664393,0,-0.03849261292961658,0,-0.03856897538376575,0,-0.03863308650139918
0.01,-0.04266180467107757,0.01,-0.04176531410621871,0.01,-0.04116288670731057,0.01,-0.04075408214063666,0.01,-0.03997698636666241,0.01,-0.03940897986599195,0.01,-0.03897689755384651,0.01,-0.03863756813892933,0.01,-0.03836418112423332,0.01,-0.03795107416792374,0.01,-0.03814087236187332,0.01,-0.03828584079202664,0.01,-0.03840018603400507,0.01,-0.0384926837783816,0.01,-0.03856904853373049,0.01,-0.03863316163573279
0.02,-0.04266183213732309,0.02,-0.04176534606709405,0.02,-0.04116292338782654,0.02,-0.04075412217029879,0.02,-0.03997703492851332,0.02,-0.03940903527575445,0.02,-0.03897695856163916,0.02,-0.0386376338057032,0.02,-0.03836425073063132,0.02,-0.03795115008191133,0.02,-0.03814095477350628,0.02,-0.03828592845268201,0.02,-0.03840027802517271,0.02,-0.03849277940490165,0.02,-0.0385691472565728,0.02,-0.03863326302833334
0.03,-0.04266186853029332,0.03,-0.04176538902116933,0.03,-0.04116297296879142,0.03,-0.04075417644266394,0.03,-0.03997710068488976,0.03,-0.0394091102397436,0.03,-0.03897704104747466,0.03,-0.03863772254856922,0.03,-0.03836434476251717,0.03,-0.03795125257873983,0.03,-0.03814106600571435,0.03,-0.03828604674020197,0.03,-0.03840040213291599,0.03,-0.03849290839826247,0.03,-0.03856928041098929,0.03,-0.03863339977040345
0.04,-0.04266191674034542,0.04,-0.04176544672537976,0.04,-0.04116303994627311,0.04,-0.0407542499783164,0.04,-0.03997718966672955,0.04,-0.03940921159405859,0.04,-0.03897715250258979,0.04,-0.03863784240220752,0.04,-0.03836447171302807,0.04,-0.03795139088376931,0.04,-0.03814121605651042,0.04,-0.03828620627628257,0.04,-0.03840056949277414,0.04,-0.03849308232492857,0.04,-0.03856945993010937,0.04,-0.0386335841110147
0.05,-0.04266198058974618,0.05,-0.04176552422526278,0.05,-0.04116313039902647,0.05,-0.04075434958204101,0.05,-0.03997731004003298,0.05,-0.03940934858758323,0.05,-0.03897730305579974,0.05,-0.03863800422466974,0.05,-0.03836464305491656,0.05,-0.0379515774507443,0.05,-0.03814141841194296,0.05,-0.0382864213792608,0.05,-0.03840079510893348,0.05,-0.03849331676427278,0.05,-0.03856970188290316,0.05,-0.03863383254107509
0.06,-0.04266206513164058,0.06,-0.04176562828457581,0.06,-0.04116325252149752,0.06,-0.04075448445677449,0.06,-0.03997747283191573,0.06,-0.03940953369714882,0.06,-0.0389775063612105,0.06,-0.03863822264525149,0.06,-0.03836487423924839,0.06,-0.03795182904175946,0.06,-0.03814169121740092,0.06,-0.03828671130985317,0.06,-0.03840109916098062,0.06,-0.03849363266649677,0.06,-0.03857002787537236,0.06,-0.03863416723164437
0.07000000000000001,-0.04266217704434674,0.07000000000000001,-0.0417657679672238,0.07000000000000001,-0.04116341735470321,0.07000000000000001,-0.04075466703836862,0.07000000000000001,-0.03997769292301286,0.07000000000000001,-0.03940978374416156,0.07000000000000001,-0.03897778081510091,0.07000000000000001,-0.03863851736405182,0.07000000000000001,-0.03836518606438807,0.07000000000000001,-0.03795216820658961,0.07000000000000001,-0.03814205887558838,0.07000000000000001,-0.03828710196441894,0.07000000000000001,-0.03840150877565809,0.07000000000000001,-0.03849405819000226,0.07000000000000001,-0.03857046694379621,0.07000000000000001,-0.03863461797539736
0.08,-0.04266232515108485,0.08,-0.04176595541486554,0.08,-0.04116363976899077,0.08,-0.04075491412412329,0.08,-0.03997799038509823,0.08,-0.03941012139685388,0.08,-0.0389781511909738,0.08,-0.03863891489659139,0.08,-0.0383656065125975,0.08,-0.03795262526550762,0.08,-0.03814255418722267,0.08,-0.03828762814255407,0.08,-0.03840206039881558,0.08,-0.03849463116075087,0.08,-0.03857105808847301,0.08,-0.03863522478431854
0.09,-0.0426625211047189,0.09,-0.0417662068853567,0.09,-0.04116393978328631,0.09,-0.04075524839185412,0.09,-0.03997839227870153,0.09,-0.03941057718687641,0.09,-0.03897865083270526,0.09,-0.03863945091233584,0.09,-0.03836617321063408,0.09,-0.03795324096377158,0.09,-0.03814322121535913,0.09,-0.03828833658029364,0.09,-0.03840280296741382,0.09,-0.03849540236063343,0.09,-0.03857185366075953,0.09,-0.03863604136172936
0.09999999999999999,-0.0426627802893263,0.09999999999999999,-0.04176654413850425,0.09999999999999999,-0.04116434433458283,0.09999999999999999,-0.04075570044288448,0.09999999999999999,-0.03997893506664528,0.09999999999999999,-0.03941119221370563,0.09999999999999999,-0.03897932459310809,0.09999999999999999,-0.03864017336608766,0.09999999999999999,-0.03836693672282347,0.09999999999999999,-0.03795407002147142,0.09999999999999999,-0.03814411911408003,0.09999999999999999,-0.03828929000288946,0.09999999999999999,-0.03840380214656501,0.09999999999999999,-0.03849643991855511,0.09999999999999999,-0.03857292388535743,0.09999999999999999,-0.03863713973748436
0.11,-0.04266312300648425,0.11,-0.04176699628379821,0.11,-0.04116488964924066,0.11,-0.04075631154701619,0.11,-0.03997966785121856,0.11,-0.03941202176746989,0.11,-0.03898023276692886,0.11,-0.03864114668606149,0.11,-0.03836796495296782,0.11,-0.037955185874542,0.11,-0.03814532723930895,0.11,-0.03829057253263647,0.11,-0.03840514598135601,0.11,-0.0384978351666158,0.11,-0.03857436288986572,0.11,-0.03863861644672229
0.12,-0.04266357603501625,0.12,-0.0417676022419173,0.12,-0.04116562441742668,0.12,-0.04075713732661598,0.12,-0.03998065671072988,0.12,-0.03941314017585232,0.12,-0.03898145634759924,0.12,-0.03864245736742259,0.12,-0.03836934901994363,0.12,-0.03795668699749877,0.12,-0.038146951960604,0.12,-0.03829229689344396,0.12,-0.03840695242399417,0.12,-0.03849971043693204,0.12,-0.03857629673090496,0.12,-0.03864060075312299
0.13,-0.04266417468004718,0.13,-0.04176841402038808,0.13,-0.04116661403767689,0.13,-0.04075825269459597,0.13,-0.03998199050072393,0.13,-0.03941464727907269,0.13,-0.03898310404252572,0.13,-0.0386442214310541,0.13,-0.03837121108758778,0.13,-0.03795870532099409,0.13,-0.03814913572418231,0.13,-0.03829461399171979,0.13,-0.03840937933979244,0.13,-0.03850222942324556,0.13,-0.03857889405732825,0.13,-0.03864326557176798
0.14,-0.0426649654622871,0.14,-0.04176950106746741,0.14,-0.0411679462844948,0.14,-0.04075975846333869,0.14,-0.0399837886018499,0.14,-0.03941667706476304,0.14,-0.03898532161816074,0.14,-0.03864659435081091,0.14,-0.03837371477866851,0.14,-0.03796141741571537,0.14,-0.03815206908602337,0.14,-0.03829772563025471,0.14,-0.03841263777955749,0.14,-0.03850561091996556,0.14,-0.03858238024569877,0.14,-0.03864684194508362
0.15,-0.04266600964374236,0.15,-0.04177095605108447,0.15,-0.04116973886386711,0.15,-0.04076179017427917,0.15,-0.03998621124783643,0.15,-0.03941940915992081,0.15,-0.03898830432216659,0.15,-0.03864978423716266,0.15,-0.03837707899447636,0.15,-0.03796505931667827,0.15,-0.03815600664927431,0.15,-0.03830190133734872,0.15,-0.03841700953972516,0.15,-0.03851014699296818,0.15,-0.03858705608885201,0.15,-0.03865163817671726
0.16,-0.04266738784422723,0.16,-0.04177290251681057,0.16,-0.04117214946662191,0.16,-0.04076452987015741,0.16,-0.03998947326173609,0.16,-0.03942308408852759,0.16,-0.03899231335434738,0.16,-0.03865406929982652,0.16,-0.03838159620455942,0.16,-0.03796994611798936,0.16,-0.03816128811187234,0.16,-0.03830750057703323,0.16,-0.03842287032485788,0.16,-0.03851622693710779,0.16,-0.03859332242758942,0.16,-0.03865806504209636
0.17,-0.04266920607744872,0.17,-0.04177550501658821,0.17,-0.04117538911574013,0.17,-0.04076822175233599,0.17,-0.03999386227657589,0.17,-0.03942802347142921,0.17,-0.03899769764119544,0.17,-0.03865982090699129,0.17,-0.03838765657589045,0.17,-0.03797649778726723,0.17,-0.03816836596744518,0.17,-0.03831500195776533,0.17,-0.03843072019037197,0.17,-0.03852436874812704,0.17,-0.03860171249469911,0.17,-0.03866666888137896
0.18,-0.04267160363002865,0.18,-0.0417789824756094,0.18,-0.04117973984045615,0.18,-0.04077319294521472,0.18,-0.03999976282787004,0.18,-0.03943465667901969,0.18,-0.03900492251988723,0.18,-0.03866753392288587,0.18,-0.03839577968529125,0.18,-0.03798527303944316,0.18,-0.03817784181341807,0.18,-0.03832504148336509,0.18,-0.03844122338155755,0.18,-0.03853526028531229,0.18,-0.03861293419824156,0.18,-0.03867817484416031
0.19,-0.04267476332621575,0.19,-0.041783625786229,0.19,-0.04118557800688622,0.19,-0.04077988093869854,0.19,-0.04000768808993552,0.19,-0.03944355585641016,0.19,-0.03901460736431708,0.19,-0.03867786644580129,0.19,-0.03840665600981583,0.19,-0.03799701357563263,0.19,-0.03819051370713241,0.19,-0.03833846239284144,0.19,-0.03845526020093496,0.19,-0.03854981282662055,0.19,-0.03862792510451643,0.19,-0.03869354309663446
0.2,-0.04267892487040241,0.2,-0.04178982089363844,0.2,-0.04119340500123995,0.2,-0.04078886970678088,0.2,-0.04001832149172971,0.2,-0.03945548172827824,0.2,-0.0390275746899947,0.2,-0.03869169158453248,0.2,-0.03842120091439392,0.2,-0.03801270152926004,0.2,-0.03820743756649039,0.2,-0.03835637970542655,0.2,-0.03847399411607954,0.2,-0.03856923030708518,0.2,-0.03864792347671848,0.2,-0.03871404140219229
0.21,-0.04268440214424894,0.21,-0.04179807897546214,0.21,-0.04120388740316566,0.21,-0.04080093700939273,0.21,-0.04003257098976718,0.21,-0.03947144315155321,0.21,-0.03904491384654148,0.21,-0.0387101644899104,0.21,-0.03844062443887766,0.21,-0.03803363354794186,0.21,-0.03823000621107131,0.21,-0.0383802631949185,0.21,-0.03849895793308755,0.21,-0.03859509814746061,0.21,-0.03867455934424267,0.21,-0.03874133810774466
0.2200000000000001,-0.04269160556047267,0.2200000000000001,-0.04180907572067355,0.2200000000000001,-0.04121790930290569,0.2200000000000001,-0.04081711596837415,0.2200000000000001,-0.04005163937989005,0.2200000000000001,-0.03949277399434197,0.2200000000000001,-0.03906806301650723,0.2200000000000001,-0.03873480846430634,0.2200000000000001,-0.03846652078706939,0.2200000000000001,-0.03806151552735205,0.2200000000000001,-0.03826005022528774,0.2200000000000001,-0.03841204309881172,0.2200000000000001,-0.03853216343739118,0.2200000000000001,-0.0386294961517316,0.2200000000000001,-0.03870997014332322,0.2200000000000001,-0.03877762012780001
0.2300000000000001,-0.04270107084479564,0.2300000000000001,-0.04182370218000574,0.2300000000000001,-0.04123663999175638,0.2300000000000001,-0.04083877464075288,0.2300000000000001,-0.04007711465485828,0.2300000000000001,-0.03952123152612601,0.2300000000000001,-0.03909891382294384,0.2300000000000001,-0.03876762453225349,0.2300000000000001,-0.0385009819583154,0.2300000000000001,-0.03809858251025115,0.2300000000000001,-0.03829996529407233,0.2300000000000001,-0.03845424331043801,0.2300000000000001,-0.03857623932229473,0.2300000000000001,-0.03867514034809703,0.2300000000000001,-0.03875694584665843,0.2300000000000001,-0.03882574087817037
0.2400000000000001,-0.04271349593194698,0.2400000000000001,-0.04184313017538078,0.2400000000000001,-0.04126162085347743,0.2400000000000001,-0.04086771793358128,0.2400000000000001,-0.040111084978656,0.2400000000000001,-0.03955912100570923,0.2400000000000001,-0.03913994328978385,0.2400000000000001,-0.03881122924164265,0.2400000000000001,-0.0385467402980424,0.2400000000000001,-0.03814774851274005,0.2400000000000001,-0.03835287083868889,0.2400000000000001,-0.03851014691622936,0.2400000000000001,-0.03863460228417525,0.2400000000000001,-0.03873555865972116,0.2400000000000001,-0.03881910846857893,0.2400000000000001,-0.03888940304230883
0.2500000000000001,-0.0427297880156647,0.2500000000000001,-0.04186889578357319,0.2500000000000001,-0.04129487582836928,0.2500000000000001,-0.04090631670273338,0.2500000000000001,-0.04015628320535141,0.2500000000000001,-0.03960945137760857,0.2500000000000001,-0.03919437800420426,0.2500000000000001,-0.03886902546503277,0.2500000000000001,-0.03860734465099532,0.2500000000000001,-0.03821279079253719,0.2500000000000001,-0.03842280439144907,0.2500000000000001,-0.03858399843277797,0.2500000000000001,-0.03871166555527645,0.2500000000000001,-0.03881530459548035,0.2500000000000001,-0.0389011300606979,0.2500000000000001,-0.03897338021573243
0.2600000000000001,-0.04275112317089232,0.2600000000000001,-0.04190300487941655,0.2600000000000001,-0.04133905017743643,0.2600000000000001,-0.0409576690641681,0.2600000000000001,-0.04021626578434961,0.2600000000000001,-0.03967612666294996,0.2600000000000001,-0.03926639480025995,0.2600000000000001,-0.03894541026360292,0.2600000000000001,-0.03868737394072547,0.2600000000000001,-0.03829857196226044,0.2600000000000001,-0.03851495479817926,0.2600000000000001,-0.03868124554986765,0.2600000000000001,-0.03881308742913771,0.2600000000000001,-0.03892021129326903,0.2600000000000001,-0.03900899133327146,0.2600000000000001,-0.03908377938705964
0.2700000000000001,-0.04277902133689059,0.2700000000000001,-0.04194806501478773,0.2700000000000001,-0.04139758222331132,0.2700000000000001,-0.04102579852244721,0.2700000000000001,-0.04029563000869652,0.2700000000000001,-0.03976417635840385,0.2700000000000001,-0.03936136068621143,0.2700000000000001,-0.03904602200654777,0.2700000000000001,-0.03879268989639785,0.2700000000000001,-0.03841130087302246,0.2700000000000001,-0.03863593448860136,0.2700000000000001,-0.03880882003495602,0.2700000000000001,-0.03894605893168612,0.2700000000000001,-0.03905768463429255,0.2700000000000001,-0.03915027924088103,0.2700000000000001,-0.03922834226134389
0.2800000000000001,-0.04281543975565019,0.2800000000000001,-0.04200744782750037,0.2800000000000001,-0.04147491195702768,0.2800000000000001,-0.04111589205400575,0.2800000000000001,-0.0404002713785078,0.2800000000000001,-0.03988002539299679,0.2800000000000001,-0.03948611150274081,0.2800000000000001,-0.03917802531278005,0.2800000000000001,-0.03893072669423787,0.2800000000000001,-0.03855882872087483,0.2800000000000001,-0.03879408605538565,0.2800000000000001,-0.03897545202983357,0.2800000000000001,-0.03911962401734442,0.2800000000000001,-0.0392370280806514,0.2800000000000001,-0.03933451555817203,0.2800000000000001,-0.03941677690481471
0.2900000000000001,-0.04286288810711221,0.2900000000000001,-0.04208548542909317,0.2900000000000001,-0.04157672841100329,0.2900000000000001,-0.04123457818488985,0.2900000000000001,-0.04053767872634412,0.2900000000000001,-0.04003179926783921,0.2900000000000001,-0.0396492632406871,0.2900000000000001,-0.0393504263115441,0.2900000000000001,-0.03911080878861092,0.2900000000000001,-0.03875096968169407,0.2900000000000001,-0.03899981054814413,0.2900000000000001,-0.03919200359255599,0.2900000000000001,-0.03934501685059008,0.2900000000000001,-0.03946978270542577,0.2900000000000001,-0.0395734989808592,0.2900000000000001,-0.03966110143845152
0.3000000000000001,-0.04292456842752872,0.3000000000000001,-0.04218770240788561,0.3000000000000001,-0.04171025390834139,0.3000000000000001,-0.04139023966259262,0.3000000000000001,-0.04071725796000054,0.3000000000000001,-0.04022965220849026,0.3000000000000001,-0.03986154138488518,0.3000000000000001,-0.03957440155421561,0.3000000000000001,-0.03934447856010507,0.3000000000000001,-0.0389998250060781,0.3000000000000001,-0.03926589371677455,0.3000000000000001,-0.03947179554902427,0.3000000000000001,-0.03963598845547087,0.3000000000000001,-0.03977005320823113,0.3000000000000001,-0.03988163028177994,0.3000000000000001,-0.03997596822554479
0.3100000000000001,-0.04300454223173072,0.3100000000000001,-0.04232108168517139,0.3100000000000001,-0.04188455702120294,0.3100000000000001,-0.0415933468071174,0.3100000000000001,-0.04095066517715767,0.3100000000000001,-0.04048609495463192,0.3100000000000001,-0.04013610164933049,0.3100000000000001,-0.03986361131518401,0.3100000000000001,-0.03964580235884414,0.3100000000000001,-0.03932007581523146,0.3100000000000001,-0.03960779197767821,0.3100000000000001,-0.03983088668916548,0.3100000000000001,-0.0400090795514925,0.3100000000000001,-0.04015477490474302,0.3100000000000001,-0.04027617397431098,0.3100000000000001,-0.04037892069736276
0.3200000000000001,-0.04310792580214017,0.3200000000000001,-0.0424943568867236,0.3200000000000001,-0.04211087667878067,0.3200000000000001,-0.04185678553217019,0.3200000000000001,-0.04125211625576033,0.3200000000000001,-0.04081628420911344,0.3200000000000001,-0.04048880026530934,0.3200000000000001,-0.04023445242840763,0.3200000000000001,-0.0400316076771386,0.3200000000000001,-0.03972919372251629,0.3200000000000001,-0.04004382328107635,0.3200000000000001,-0.04028824744628227,0.3200000000000001,-0.04048377930528455,0.3200000000000001,-0.04064385946517862,0.3200000000000001,-0.04077739264154619,0.3200000000000001,-0.04089051761668627
0.3300000000000001,-0.0432411120029946,0.3300000000000001,-0.04271831559445988,0.3300000000000001,-0.04240292707851867,0.3300000000000001,-0.04219613850850829,0.3300000000000001,-0.04163862351060348,0.3300000000000001,-0.0412382189053118,0.3300000000000001,-0.04093835509190447,0.3300000000000001,-0.04070618904633459,0.3300000000000001,-0.04052158763852384,0.3300000000000001,-0.04024750237603877,0.3300000000000001,-0.0405951922452825,0.3300000000000001,-0.04086575467791594,0.3300000000000001,-0.0410824945213232,0.3300000000000001,-0.04126014228233355,0.3300000000000001,-0.04140847549532028,0.3300000000000001,-0.04153424526847514
0.3400000000000001,-0.04341201283016511,0.3400000000000001,-0.04300608656302966,0.3400000000000001,-0.04277713741329797,0.3400000000000001,-0.04262986044979727,0.3400000000000001,-0.04213009292341972,0.3400000000000001,-0.04177277227577893,0.3400000000000001,-0.04150632369449485,0.3400000000000001,-0.0413008856408835,0.3400000000000001,-0.04113819592970967,0.3400000000000001,-0.04089801175522257,0.3400000000000001,-0.0412857690654858,0.3400000000000001,-0.0415879255703503,0.3400000000000001,-0.04183024631905882,0.3400000000000001,-0.04202904786656574,0.3400000000000001,-0.04219517712486695,0.3400000000000001,-0.0423361332428551
0.3500000000000001,-0.04363031084931159,0.3500000000000001,-0.04337337013410392,0.3500000000000001,-0.04325276392580282,0.3500000000000001,-0.04317927250502201,0.3500000000000001,-0.04274920234079334,0.3500000000000001,-0.04244347849849524,0.3500000000000001,-0.04221681699071647,0.3500000000000001,-0.04204306138346029,0.3500000000000001,-0.04190625220113564,0.3500000000000001,-0.04170594741060237,0.3500000000000001,-0.04214154506601866,0.3500000000000001,-0.04248131457393869,0.3500000000000001,-0.04275401936414733,0.3500000000000001,-0.04297789950871509,0.3500000000000001,-0.04316509381267228,0.3500000000000001,-0.0433240022659381
0.3600000000000002,-0.04390769951852536,0.3600000000000002,-0.04383855626211833,0.3600000000000002,-0.04385179850649748,0.3600000000000002,-0.04386829220197061,0.3600000000000002,-0.04352097883109369,0.3600000000000002,-0.04327599592910563,0.3600000000000002,-0.04309587483805126,0.3600000000000002,-0.04295899661238037,0.3600000000000002,-0.04285219273207171,0.3600000000000002,-0.04269791666898951,0.3600000000000002,-0.04318971224986501,0.3600000000000002,-0.04357352550649501,0.3600000000000002,-0.04388172002328409,0.3600000000000002,-0.04413483331553181,0.3600000000000002,-0.04434654082454895,0.3600000000000002,-0.04452631041576484
0.3700000000000002,-0.04425808235670671,0.3700000000000002,-0.04442266211057958,0.3700000000000002,-0.04459859432956696,0.3700000000000002,-0.04472282238640589,0.3700000000000002,-0.04447201043575903,0.3700000000000002,-0.04429719374209194,0.3700000000000002,-0.04417046080032749,0.3700000000000002,-0.04407565774794925,0.3700000000000002,-0.04400294066985106,0.3700000000000002,-0.04390069914838257,0.3700000000000002,-0.0444573651398119,0.3700000000000002,-0.04489184623951761,0.3700000000000002,-0.04524075852712401,0.3700000000000002,-0.04552733822231168,0.3700000000000002,-0.0457670578800581,0.3700000000000002,-0.04597062979023694
0.3800000000000002,-0.04469768995427326,0.3800000000000002,-0.04514901639258925,0.3800000000000002,-0.04551914275120406,0.3800000000000002,-0.04576975340019489,0.3800000000000002,-0.04562927079028435,0.3800000000000002,-0.04553386067630094,0.3800000000000002,-0.04546709135543224,0.3800000000000002,-0.04541926955556209,0.3800000000000002,-0.04538443609557692,0.3800000000000002,-0.04533971955891938,0.3800000000000002,-0.04596989881065944,0.3800000000000002,-0.04646159256727207,0.3800000000000002,-0.04685635208013544,0.3800000000000002,-0.04718052748890401,0.3800000000000002,-0.04745165551917475,0.3800000000000002,-0.04768187248884671
0.3900000000000002,-0.04524506394595672,0.3900000000000002,-0.04604262726892399,0.3900000000000002,-0.04663997386349586,0.3900000000000002,-0.04703559186766383,0.3900000000000002,-0.04701860556090594,0.3900000000000002,-0.04701111155736528,0.3900000000000002,-0.04701019558246915,0.3900000000000002,-0.04701364666003566,0.3900000000000002,-0.04701995045167814,0.3900000000000002,-0.04703734605709937,0.3900000000000002,-0.04774926432483077,0.3900000000000002,-0.04830433618832203,0.3900000000000002,-0.0487497346383819,0.3900000000000002,-0.04911533609398468,0.3900000000000002,-0.04942100392262598,0.3900000000000002,-0.04968047343289569
0.4000000000000002,-0.04592085157939727,0.4000000000000002,-0.04712920108073519,0.4000000000000002,-0.04798671768874804,0.4000000000000002,-0.04854481258943408,0.4000000000000002,-0.04866301766383849,0.4000000000000002,-0.04875065578390895,0.4000000000000002,-0.04882038848889688,0.4000000000000002,-0.04887848116413992,0.4000000000000002,-0.04892839236870442,0.4000000000000002,-0.04901123502485105,0.4000000000000002,-0.04981231733803868,0.4000000000000002,-0.05043626321805266,0.4000000000000002,-0.05093652768094849,0.4000000000000002,-0.05134690440102357,0.4000000000000002,-0.0516898293009893,0.4000000000000002,-0.05198079893289738
0.4100000000000002,-0.04674735783961003,0.4100000000000002,-0.04843383325663988,0.4100000000000002,-0.04958244635636996,0.4100000000000002,-0.05031812016404898,0.4100000000000002,-0.05058097146436435,0.4100000000000002,-0.05076916660411273,0.4100000000000002,-0.05091290742020062,0.4100000000000002,-0.05102784191876641,0.4100000000000002,-0.05112286388992751,0.4100000000000002,-0.05127298392607054,0.4100000000000002,-0.05216952768390085,0.4100000000000002,-0.05286693434230921,0.4100000000000002,-0.05342554478204434,0.4100000000000002,-0.05388342166268694,0.4100000000000002,-0.05426579161449685,0.4100000000000002,-0.05459005461755872
0.4200000000000002,-0.04774781890827352,0.4200000000000002,-0.04997946557093504,0.4200000000000002,-0.05144600000969341,0.4200000000000002,-0.05237087555706005,0.4200000000000002,-0.05278498399646504,0.4200000000000002,-0.05307702022213515,0.4200000000000002,-0.05329647680390954,0.4200000000000002,-0.05346914504940007,0.4200000000000002,-0.05360972047055853,0.4200000000000002,-0.05382733339406402,0.4200000000000002,-0.05482428471652697,0.4200000000000002,-0.05559867483345574,0.4200000000000002,-0.05621825197635958,0.4200000000000002,-0.05672564561821607,0.4200000000000002,-0.05714905466050817,0.4200000000000002,-0.05750789903617814
0.4300000000000002,-0.04894539422831332,0.4300000000000002,-0.05178528046724998,0.4300000000000002,-0.05359055204215995,0.4300000000000002,-0.05471195876330309,0.4300000000000002,-0.05528075659586934,0.4300000000000002,-0.05567763703750844,0.4300000000000002,-0.05597281353963345,0.4300000000000002,-0.05620279021187634,0.4300000000000002,-0.05638831359031286,0.4300000000000002,-0.05667207176446613,0.4300000000000002,-0.05777293311049559,0.4300000000000002,-0.05862671360621062,0.4300000000000002,-0.05930899001933965,0.4300000000000002,-0.05986719317469694,0.4300000000000002,-0.06033263398534507,0.4300000000000002,-0.06072684013597609
0.4400000000000002,-0.05036192382854173,0.4400000000000002,-0.05386525955444319,0.4400000000000002,-0.0560226653026977,0.4400000000000002,-0.05734328293991511,0.4400000000000002,-0.05806701441315108,0.4400000000000002,-0.05856755292810125,0.4400000000000002,-0.05893686917668651,0.4400000000000002,-0.05922253308259311,0.4400000000000002,-0.05945146552628507,0.4400000000000002,-0.05979865960177023,0.4400000000000002,-0.06100553110790227,0.4400000000000002,-0.06194004322640589,0.4400000000000002,-0.06268591432120008,0.4400000000000002,-0.06329554472451174,0.4400000000000002,-0.06380345414617188,0.4400000000000002,-0.06423333681137031
0.4500000000000002,-0.05201655581412355,0.4500000000000002,-0.05622714439064321,0.4500000000000002,-0.05874201829509031,0.4500000000000002,-0.06026005425997717,0.4500000000000002,-0.06113608272189906,0.4500000000000002,-0.06173720295772323,0.4500000000000002,-0.06217775728571956,0.4500000000000002,-0.06251651691878414,0.4500000000000002,-0.0627865793284838,0.4500000000000002,-0.06319344884930979,0.4500000000000002,-0.06450718111594553,0.4500000000000002,-0.06552283233090028,0.4500000000000002,-0.06633246978020578,0.4500000000000002,-0.0669935680384615,0.4500000000000002,-0.0675439121102048,0.4500000000000002,-0.06800939475303729
0.4600000000000002,-0.05392440220236554,0.4600000000000002,-0.05887198833185354,0.4600000000000002,-0.06174185275774877,0.4600000000000002,-0.06345171915612305,0.4600000000000002,-0.06447507953015756,0.4600000000000002,-0.06517225825628666,0.4600000000000002,-0.06568018127825651,0.4600000000000002,-0.06606876087988972,0.4600000000000002,-0.06637716911919782,0.4600000000000002,-0.06683926541059164,0.4600000000000002,-0.06825968477803714,0.4600000000000002,-0.06935613101963434,0.4600000000000002,-0.07022913270919554,0.4600000000000002,-0.07094128766291734,0.4600000000000002,-0.07153366789651548,0.4600000000000002,-0.07203437390293725
0.4700000000000003,-0.05609541161009326,0.4700000000000003,-0.06179438405755503,0.4700000000000003,-0.06501004860060822,0.4700000000000003,-0.0669034052020919,0.4700000000000003,-0.06806749106155023,0.4700000000000003,-0.06885526304473541,0.4700000000000003,-0.06942609966697413,0.4700000000000003,-0.06986083706928312,0.4700000000000003,-0.07020454033230922,0.4700000000000003,-0.0707170840197628,0.4700000000000003,-0.07224324630633062,0.4700000000000003,-0.0734195905439846,0.4700000000000003,-0.07435514010324382,0.4700000000000003,-0.07511761976386325,0.4700000000000003,-0.07575138253663133,0.4700000000000003,-0.07628672797659837
0.4800000000000003,-0.05853363885010388,0.4800000000000003,-0.06498332007861368,0.4800000000000003,-0.06853061479908218,0.4800000000000003,-0.07059758510529228,0.4800000000000003,-0.07189485189914679,0.4800000000000003,-0.07276729649306214,0.4800000000000003,-0.07339635968508179,0.4800000000000003,-0.07387347424818742,0.4800000000000003,-0.07424936475607898,0.4800000000000003,-0.0748075526521117,0.4800000000000003,-0.07643798692900967,0.4800000000000003,-0.07769296556640666,0.4800000000000003,-0.07868997948551774,0.4800000000000003,-0.07950185010766805,0.4800000000000003,-0.08017618501608442,0.4800000000000003,-0.08074546125632641
0.4900000000000003,-0.06123703837490464,0.4900000000000003,-0.06842350096273779,0.4900000000000003,-0.07228532946784509,0.4900000000000003,-0.0745156916596765,0.4900000000000003,-0.07593827881089993,0.4900000000000003,-0.07688942882811983,0.4900000000000003,-0.07757208618972254,0.4900000000000003,-0.07808788982813371,0.4900000000000003,-0.07849296430378211,0.4900000000000003,-0.07909219970750879,0.4900000000000003,-0.08082511583879486,0.4900000000000003,-0.08215725427093352,0.4900000000000003,-0.0832145027686509,0.4900000000000003,-0.08407472543765859,0.4900000000000003,-0.08478874423464346,0.4900000000000003,-0.08539118364650734
0.5000000000000002,-0.06419781995647339,0.5000000000000002,-0.07209689514469331,0.5000000000000002,-0.0762552773806302,0.5000000000000002,-0.07863947277858593,0.5000000000000002,-0.08017968518545958,0.5000000000000002,-0.08120382689665258,0.5000000000000002,-0.08193570242919157,0.5000000000000002,-0.0824867432747218,0.5000000000000002,-0.08291820978085018,0.5000000000000002,-0.08355424969232923,0.5000000000000002,-0.08538769713661763,0.5000000000000002,-0.08679542641470876,0.5000000000000002,-0.08791162261518821,0.5000000000000002,-0.08881912353666217,0.5000000000000002,-0.08957191690461838,0.5000000000000002,-0.09020673964155911
0.5100000000000002,-0.06740330410203181,0.5100000000000002,-0.07598426650825882,0.5100000000000002,-0.08042210172341432,0.5100000000000002,-0.08295196929061163,0.5100000000000002,-0.08460259883998481,0.5100000000000002,-0.08569445865461345,0.5100000000000002,-0.08647155089355066,0.5100000000000002,-0.08705469290817731,0.5100000000000002,-0.08751002711889179,0.5100000000000002,-0.08817905471167496,0.5100000000000002,-0.09011103167846626,0.5100000000000002,-0.09159276680848155,0.5100000000000002,-0.09276662537811266,0.5100000000000002,-0.09372034127603583,0.5100000000000002,-0.0945110149179883,0.5100000000000002,-0.09517745823377116
0.5200000000000002,-0.07083713005304064,0.5200000000000002,-0.08006649345195503,0.5200000000000002,-0.0847688783575731,0.5200000000000002,-0.0874380912574184,0.5200000000000002,-0.08919259062816799,0.5200000000000002,-0.09034742316533304,0.5200000000000002,-0.09116615333701168,0.5200000000000002,-0.09177860384998825,0.5200000000000002,-0.09225556510521069,0.5200000000000002,-0.09295420417558285,0.5200000000000002,-0.09498272383430517,0.5200000000000002,-0.09653690962346297,0.5200000000000002,-0.09776718001448043,0.5200000000000002,-0.09876608311172128,0.5200000000000002,-0.09959377706554141,0.5200000000000002,-0.1002911105998838
0.5300000000000002,-0.07448062333055888,0.5300000000000002,-0.08432555776841334,0.5300000000000002,-0.08928060602499666,0.5300000000000002,-0.09208483856029571,0.5300000000000002,-0.09393737825386979,0.5300000000000002,-0.09515098034876182,0.5300000000000002,-0.09600818987164088,0.5300000000000002,-0.09664749047718715,0.5300000000000002,-0.09714411018457531,0.5300000000000002,-0.09786940074645228,0.5300000000000002,-0.09999252472578724,0.5300000000000002,-0.1016176573941977,0.5300000000000002,-0.1029031384182449,0.5300000000000002,-0.1039462465961879,0.5300000000000002,-0.1048101425001107,0.5300000000000002,-0.1055376735786736
0.5400000000000003,-0.07831413066976259,0.5400000000000003,-0.08874516781746322,0.5400000000000003,-0.09394436646115142,0.5400000000000003,-0.09688125006210993,0.5400000000000003,-0.0988266958871564,0.5400000000000003,-0.1000953729602351,0.5400000000000003,-0.1009882898148575,0.5400000000000003,-0.1016522855925624,0.5400000000000003,-0.1021668397968632,0.5400000000000003,-0.1029161923093879,0.5400000000000003,-0.1051320421443636,0.5400000000000003,-0.1068266749422845,0.5400000000000003,-0.108166217238163,0.5400000000000003,-0.109252594729838,0.5400000000000003,-0.1101519154921224,0.5400000000000003,-0.1109089882029322
0.5500000000000003,-0.08231817006770907,0.5500000000000003,-0.09331104568473407,0.5500000000000003,-0.09874923912616448,0.5500000000000003,-0.1018181758830235,0.5500000000000003,-0.1038520215644279,0.5500000000000003,-0.1051725294762011,0.5500000000000003,-0.1060987198576463,0.5500000000000003,-0.1067855191427668,0.5500000000000003,-0.1073164947183931,0.5500000000000003,-0.1080876366190893,0.5500000000000003,-0.1103943923498643,0.5500000000000003,-0.1121571321321575,0.5500000000000003,-0.1135496339692411,0.5500000000000003,-0.1146783869643248,0.5500000000000003,-0.1156123924379872,0.5500000000000003,-0.1163983834988492
0.5600000000000003,-0.08647430470996009,0.5600000000000003,-0.09801094723408954,0.5600000000000003,-0.1036860606724222,0.5600000000000003,-0.1068879581096594,0.5600000000000003,-0.1090062404223801,0.5600000000000003,-0.1103757202276869,0.5600000000000003,-0.1113330374349358,0.5600000000000003,-0.1120409708238454,0.5600000000000003,-0.1125870318760069,0.5600000000000003,-0.1133779557338246,0.5600000000000003,-0.1157738486162914,0.5600000000000003,-0.1176033485330903,0.5600000000000003,-0.1190477489296418,0.5600000000000003,-0.1202180192554691,0.5600000000000003,-0.1211860004947484,0.5600000000000003,-0.1220003140511525
0.5700000000000003,-0.09076571230272983,0.5700000000000003,-0.1028344980989342,0.5700000000000003,-0.1087471081094591,0.5700000000000003,-0.1120840862281651,0.5700000000000003,-0.1142833014290182,0.5700000000000003,-0.115699218394652,0.5700000000000003,-0.1166857564763662,0.5700000000000003,-0.1174133403716011,0.5700000000000003,-0.1179732987709362,0.5700000000000003,-0.1187822174533472,0.5700000000000003,-0.1212655214466037,0.5700000000000003,-0.1231604731420897,0.5700000000000003,-0.1246557448747198,0.5700000000000003,-0.1258667037754054,0.5700000000000003,-0.1268679775031769,0.5700000000000003,-0.1277100401967204
0.5800000000000003,-0.09517747151806977,0.5800000000000003,-0.1077729243307912,0.5800000000000003,-0.1139257656982458,0.5800000000000003,-0.1174008722566984,0.5800000000000003,-0.1196779047127327,0.5800000000000003,-0.1211379977578029,0.5800000000000003,-0.1221520537590453,0.5800000000000003,-0.1228979610298329,0.5800000000000003,-0.1234707528999413,0.5800000000000003,-0.1242960641091459,0.5800000000000003,-0.1268650888536183,0.5800000000000003,-0.1288242160971703,0.5800000000000003,-0.1303693600315086,0.5800000000000003,-0.1316202031471096,0.5800000000000003,-0.1326541073057596,0.5800000000000003,-0.1335233643201498
0.5900000000000003,-0.09969661839291918,0.5900000000000003,-0.1128187417136251,0.5900000000000003,-0.1192162154725646,0.5900000000000003,-0.1228331715249469,0.5900000000000003,-0.1251852392921549,0.5900000000000003,-0.1266874831216012,0.5900000000000003,-0.127727529109854,0.5900000000000003,-0.1284905675069785,0.5900000000000003,-0.1290752360143972,0.5900000000000003,-0.129915496465301,0.5900000000000003,-0.1325685830025557,0.5900000000000003,-0.1345906375944995,0.5900000000000003,-0.1361846789340535,0.5900000000000003,-0.1374746229191216,0.5900000000000003,-0.1385405136389305,0.5900000000000003,-0.1394364259833838
0.6000000000000003,-0.1043120380063893,0.6000000000000003,-0.1179654494798486,0.6000000000000003,-0.1246131737719117,0.6000000000000003,-0.1283761603190542,0.6000000000000003,-0.1308007782062406,0.6000000000000003,-0.1323433578446165,0.6000000000000003,-0.1334080221880949,0.6000000000000003,-0.1341871199415575,0.6000000000000003,-0.1347828038367763,0.6000000000000003,-0.1356367121006972,0.6000000000000003,-0.1383722316009931,0.6000000000000003,-0.1404559916800036,0.6000000000000003,-0.1420979781866049,0.6000000000000003,-0.1434262589807113,0.6000000000000003,-0.1445235089547633,0.6000000000000003,-0.1454455519607577
0.6100000000000003,-0.1090142550639581,0.6100000000000003,-0.1232072568388521,0.6100000000000003,-0.1301116828453701,0.6100000000000003,-0.1340251714745125,0.6100000000000003,-0.1365201296020971,0.6100000000000003,-0.1381014255786506,0.6100000000000003,-0.1391894820209917,0.6100000000000003,-0.1399836794126758,0.6100000000000003,-0.1405896063108553,0.6100000000000003,-0.1414559927346884,0.6100000000000003,-0.1442723479111012,0.6100000000000003,-0.1464166183724736,0.6100000000000003,-0.1481056202995205,0.6100000000000003,-0.1494714928210062,0.6100000000000003,-0.1505994908839657,0.6100000000000003,-0.1515471537348073
0.6200000000000003,-0.1137951768489101,0.6200000000000003,-0.1285388566378302,0.6200000000000003,-0.1357069575489185,0.6200000000000003,-0.1397755828409139,0.6200000000000003,-0.1423389374771575,0.6200000000000003,-0.1439575192736486,0.6200000000000003,-0.1450678819783006,0.6200000000000003,-0.1458763274499836,0.6200000000000003,-0.1464918106877791,0.6200000000000003,-0.1473696326192692,0.6200000000000003,-0.1502652612150585,0.6200000000000003,-0.1524688757486239,0.6200000000000003,-0.1542039870844769,0.6200000000000003,-0.1556067260098069,0.6200000000000003,-0.1567648776332877,0.6200000000000003,-0.1577376636793188
0.6300000000000003,-0.1186478283909499,0.6300000000000003,-0.13395525028162,0.6300000000000003,-0.1413942817601453,0.6300000000000003,-0.1456227504145868,0.6300000000000003,-0.148252823535278,0.6300000000000003,-0.1499074488102011,0.6300000000000003,-0.1510391715384323,0.6300000000000003,-0.151861120921584,0.6300000000000003,-0.1524855588655027,0.6300000000000003,-0.1533738995035482,0.6300000000000003,-0.1563472791470929,0.6300000000000003,-0.1586091033492548,0.6300000000000003,-0.1603894439331245,0.6300000000000003,-0.1618283452026072,0.6300000000000003,-0.1630160736060882,0.6300000000000003,-0.1640135012087267
0.6400000000000003,-0.1235661061698296,0.6400000000000003,-0.1394516214540322,0.6400000000000003,-0.1471689464730615,0.6400000000000003,-0.1515619768957927,0.6400000000000003,-0.1542573611250485,0.6400000000000003,-0.1559469784503892,0.6400000000000003,-0.1570992562344083,0.6400000000000003,-0.1579340738570994,0.6400000000000003,-0.1585669506835845,0.6400000000000003,-0.1594650201030901,0.6400000000000003,-0.1625146738562317,0.6400000000000003,-0.1648336089026992,0.6400000000000003,-0.1666583270074306,0.6400000000000003,-0.1681327097268197,0.6400000000000003,-0.1693494573290755,0.6400000000000003,-0.1703710610011762
0.6500000000000004,-0.1285445651776255,0.6500000000000004,-0.145023252494354,0.6500000000000004,-0.1530262207429634,0.6500000000000004,-0.1575885066926349,0.6500000000000004,-0.160348072784858,0.6500000000000004,-0.1620718260125823,0.6500000000000004,-0.1632439979795269,0.6500000000000004,-0.1640911586392519,0.6500000000000004,-0.1647320457953039,0.6500000000000004,-0.1656391829838155,0.6500000000000004,-0.1687636850065309,0.6500000000000004,-0.1711386714517885,0.6500000000000004,-0.1730069464924894,0.6500000000000004,-0.174516154954709,0.6500000000000004,-0.1757613849374193,0.6500000000000004,-0.1768067165872369
0.6600000000000004,-0.1335782454510942,0.6600000000000004,-0.1506654756880553,0.6600000000000004,-0.1589613470136894,0.6600000000000004,-0.1636975393794986,0.6600000000000004,-0.166520444018284,0.6600000000000004,-0.1682776768263174,0.6600000000000004,-0.169469229148481,0.6600000000000004,-0.1703283201850146,0.6600000000000004,-0.1709768779334974,0.6600000000000004,-0.1718925529680156,0.6600000000000004,-0.175090533847911,0.6600000000000004,-0.1775205552137512,0.6600000000000004,-0.1794316003188483,0.6600000000000004,-0.1809750059331603,0.6600000000000004,-0.1822482037410474,0.6600000000000004,-0.1833168338719858
0.6700000000000004,-0.1386625382258032,0.6700000000000004,-0.1563736515159262,0.6700000000000004,-0.1649695533495147,0.6700000000000004,-0.1698842549218861,0.6700000000000004,-0.1727699472300009,0.6700000000000004,-0.1745602068151942,0.6700000000000004,-0.1757707750633336,0.6700000000000004,-0.1766414979946374,0.6700000000000004,-0.1772974766278395,0.6700000000000004,-0.1782212923846543,0.6700000000000004,-0.1814914438076766,0.6700000000000004,-0.1839755297204426,0.6700000000000004,-0.1859285939776616,0.6700000000000004,-0.1875055969557152,0.6700000000000004,-0.1888062716089149,0.6700000000000004,-0.1898977903706668
0.6800000000000004,-0.1437930882318507,0.6800000000000004,-0.1621431665095413,0.6800000000000004,-0.1710460763511819,0.6800000000000004,-0.1761438453470503,0.6800000000000004,-0.1790920710587915,0.6800000000000004,-0.1809151103125162,0.6800000000000004,-0.1821444807508852,0.6800000000000004,-0.1830266521308411,0.6800000000000004,-0.1836898925885708,0.6800000000000004,-0.1846215856027513,0.6800000000000004,-0.1879626641589222,0.6800000000000004,-0.1904998928825209,0.6800000000000004,-0.1924942631409761,0.6800000000000004,-0.1941042938437045,0.6800000000000004,-0.1954319789832716,0.6800000000000004,-0.196545997007556
0.6900000000000004,-0.1489657267903917,0.6900000000000004,-0.1679694443797634,0.6900000000000004,-0.1771861898326334,0.6900000000000004,-0.1824715488229983,0.6900000000000004,-0.1854823515365445,0.6900000000000004,-0.1873381293412054,0.6900000000000004,-0.1885862389157532,0.6900000000000004,-0.1894797902311195,0.6900000000000004,-0.1901502239825611,0.6900000000000004,-0.1910896642521576,0.6900000000000004,-0.1945004942692107,0.6900000000000004,-0.197089994554215,0.6900000000000004,-0.1991249967202029,0.6900000000000004,-0.2007675166152832,0.6900000000000004,-0.2021217712396836,0.6900000000000004,-0.203257920225095
0.7000000000000004,-0.1541764297425461,0.7000000000000004,-0.1738479652501067,0.7000000000000004,-0.183385235540795,0.7000000000000004,-0.1888626832313969,0.7000000000000004,-0.1919364025257696,0.7000000000000004,-0.1938250820454428,0.7000000000000004,-0.1950920169805251,0.7000000000000004,-0.1959969935255375,0.7000000000000004,-0.1966746416673239,0.7000000000000004,-0.1976218313329285,0.7000000000000004,-0.2011013067091635,0.7000000000000004,-0.2037422589363906,0.7000000000000004,-0.2058172587451458,0.7000000000000004,-0.2074917609597766,0.7000000000000004,-0.2088721698396121,0.7000000000000004,-0.2100301028742158
0.7100000000000004,-0.1594212943992204,0.7100000000000004,-0.1797742889731494,0.7100000000000004,-0.1896386532500828,0.7100000000000004,-0.1953126772553492,0.7100000000000004,-0.1984499437282247,0.7100000000000004,-0.2003718887385574,0.7100000000000004,-0.2016578817763282,0.7100000000000004,-0.2025744405308189,0.7100000000000004,-0.2032594121213153,0.7100000000000004,-0.2042144830486411,0.7100000000000004,-0.2077615681154711,0.7100000000000004,-0.2104532047548561,0.7100000000000004,-0.2125676080333342,0.7100000000000004,-0.2142736175135364,0.7100000000000004,-0.2156797912926546,0.7100000000000004,-0.2168591829207487
0.7200000000000004,-0.1646965303014714,0.7200000000000004,-0.1857440795443078,0.7200000000000004,-0.1959420084328824,0.7200000000000004,-0.2018170977502427,0.7200000000000004,-0.2050188252205635,0.7200000000000004,-0.206974594640341,0.7200000000000004,-0.2082800210375905,0.7200000000000004,-0.2092084276335059,0.7200000000000004,-0.2099009173283523,0.7200000000000004,-0.2108641276866969,0.7200000000000004,-0.2144778571719531,0.7200000000000004,-0.2172194626077118,0.7200000000000004,-0.2193727150661477,0.7200000000000004,-0.2211097883715803,0.7200000000000004,-0.222541363377614,0.7200000000000004,-0.2237419094290917
0.7300000000000004,-0.1699984593875508,0.7300000000000004,-0.1917531285113308,0.7300000000000004,-0.2022910163991387,0.7300000000000004,-0.2083716727408764,0.7300000000000004,-0.2116390479778826,0.7300000000000004,-0.2136293888371852,0.7300000000000004,-0.2149547612837247,0.7300000000000004,-0.2158953861809384,0.7300000000000004,-0.2165956712623829,0.7300000000000004,-0.2175674012313408,0.7300000000000004,-0.2212468794206975,0.7300000000000004,-0.2240377892122461,0.7300000000000004,-0.2262293758164234,0.7300000000000004,-0.2279971005909913,0.7300000000000004,-0.2294537383873657,0.7300000000000004,-0.2306751555959609
0.7400000000000004,-0.1753235220185949,0.7400000000000004,-0.1977973759990778,0.7400000000000004,-0.2086815623283953,0.7400000000000004,-0.2149723098139677,0.7400000000000004,-0.2183067802164454,0.7400000000000004,-0.2203326193336871,0.7400000000000004,-0.2216785819815464,0.7400000000000004,-0.2226318959919814,0.7400000000000004,-0.2233403328985243,0.7400000000000004,-0.2243210796552562,0.7400000000000004,-0.2280654788628873,0.7400000000000004,-0.2309050785208142,0.7400000000000004,-0.2331345225047949,0.7400000000000004,-0.2349325166692614,0.7400000000000004,-0.2364139033856296,0.7400000000000004,-0.2376559288261375
0.7500000000000004,-0.180668286126446,0.7500000000000004,-0.2038729285349921,0.7500000000000004,-0.2151097170084146,0.7500000000000004,-0.2216151099767777,0.7500000000000004,-0.2250183696466563,0.7500000000000004,-0.2270808042980428,0.7500000000000004,-0.2284481260978815,0.7500000000000004,-0.2294146954019801,0.7500000000000004,-0.2301317158685698,0.7500000000000004,-0.231122088013361,0.7500000000000004,-0.2349306464777166,0.7500000000000004,-0.2378183698377919,0.7500000000000004,-0.2400852314187132,0.7500000000000004,-0.2419131421336934,0.7500000000000004,-0.2434189876133875,0.7500000000000004,-0.2446813779895909
0.7600000000000005,-0.1860294574647477,0.7600000000000005,-0.2099760732881891,0.7600000000000005,-0.2215717483697723,0.7600000000000005,-0.2282963772548928,0.7600000000000005,-0.2317703518994326,0.7600000000000005,-0.2338706397569467,0.7600000000000005,-0.2352602072925031,0.7600000000000005,-0.2362406880880216,0.7600000000000005,-0.2369667950037829,0.7600000000000005,-0.2379675065770943,0.7600000000000005,-0.2418395258957359,0.7600000000000005,-0.2447748531719208,0.7600000000000005,-0.247078728028221,0.7600000000000005,-0.2489362304746142,0.7600000000000005,-0.2504662672769638,0.7600000000000005,-0.2517487980910109
0.7700000000000005,-0.1914038895477904,0.7700000000000005,-0.2161032886453896,0.7700000000000005,-0.2280641290888916,0.7700000000000005,-0.2350126244267949,0.7700000000000005,-0.2385594554937703,0.7700000000000005,-0.240699004087971,0.7700000000000005,-0.24211181408558,0.7700000000000005,-0.2431069469982206,0.7700000000000005,-0.2438427100808434,0.7700000000000005,-0.2448545743138931,0.7700000000000005,-0.2487894165246674,0.7700000000000005,-0.2517718721177036,0.7700000000000005,-0.2541123896874937,0.7700000000000005,-0.2559991857089793,0.7700000000000005,-0.2575531680021335,0.7700000000000005,-0.2588556326348714
0.7800000000000005,-0.1967885923485138,0.7800000000000005,-0.2222512512614044,0.7800000000000005,-0.2345835406435563,0.7800000000000005,-0.2417605753593205,0.7800000000000005,-0.2453826037672459,0.7800000000000005,-0.2475629597039492,0.7800000000000005,-0.2490001113750268,0.7800000000000005,-0.2500107157466911,0.7800000000000005,-0.2507567671221548,0.7800000000000005,-0.2517806900478355,0.7800000000000005,-0.2557777744542188,0.7800000000000005,-0.2588069245851231,0.7800000000000005,-0.2611837462369813,0.7800000000000005,-0.2630995628851128,0.7800000000000005,-0.2646772652616299,0.7800000000000005,-0.2659994739900017
0.7900000000000005,-0.2021807392058863,0.7900000000000005,-0.2284168398607232,0.7900000000000005,-0.2411268742625883,0.7900000000000005,-0.2485371644318771,0.7900000000000005,-0.2522369142087076,0.7900000000000005,-0.2544597523376879,0.7900000000000005,-0.2559224396908668,0.7900000000000005,-0.256949407845601,0.7900000000000005,-0.2577064376096626,0.7900000000000005,-0.2587434116437508,0.7900000000000005,-0.2628022114710405,0.7900000000000005,-0.2658776617012023,0.7900000000000005,-0.2682904788233336,0.7900000000000005,-0.2702350668406138,0.7900000000000005,-0.2718362830844878,0.7900000000000005,-0.2731780620597137
0.8000000000000005,-0.2075776716760084,0.8000000000000005,-0.2345971361476394,0.8000000000000005,-0.247691229230408,0.8000000000000005,-0.2553395335311688,0.8000000000000005,-0.2591196956245801,0.8000000000000005,-0.2613868083264084,0.8000000000000005,-0.2628763125639188,0.8000000000000005,-0.2639206041355574,0.8000000000000005,-0.2646893559615043,0.8000000000000005,-0.2657404535465362,0.8000000000000005,-0.2698604925039297,0.8000000000000005,-0.2729818851947439,0.8000000000000005,-0.2754304172421005,0.8000000000000005,-0.2774035495141176,0.8000000000000005,-0.2790280913439015,0.8000000000000005,-0.280389281550504
0.8100000000000005,-0.2129769022662756,0.8100000000000005,-0.240789423220331,0.8100000000000005,-0.2542739089987239,0.8100000000000005,-0.2621650270726011,0.8100000000000005,-0.2660284435456293,0.8100000000000005,-0.2683417302717971,0.8100000000000005,-0.2698594123633445,0.8100000000000005,-0.2709220487532342,0.8100000000000005,-0.2717033155983247,0.8100000000000005,-0.2727696829856913,0.8100000000000005,-0.276950531797547,0.8100000000000005,-0.2801175435545936,0.8100000000000005,-0.2826015360874051,0.8100000000000005,-0.2846030060899903,0.8100000000000005,-0.2862507018985631,0.8100000000000005,-0.2876311581112062
0.8200000000000005,-0.2183761151326451,0.8200000000000005,-0.2469911818915521,0.8200000000000005,-0.260872415531591,0.8200000000000005,-0.2690111854663442,0.8200000000000005,-0.2729608342463183,0.8200000000000005,-0.275322291418838,0.8200000000000005,-0.2768695849263856,0.8200000000000005,-0.2779516439451962,0.8200000000000005,-0.278746263897204,0.8200000000000005,-0.279829115127144,0.8200000000000005,-0.2840703880860271,0.8200000000000005,-0.2872827272244676,0.8200000000000005,-0.2898019499657499,0.8200000000000005,-0.2918315702282472,0.8200000000000005,-0.2935022638366062,0.8200000000000005,-0.2949018535888129
0.8300000000000005,-0.2237731649107414,0.8300000000000005,-0.2532000853048536,0.8300000000000005,-0.2674844422729633,0.8300000000000005,-0.2758757374018359,0.8300000000000005,-0.2799147177090587,0.8300000000000005,-0.2823264290596763,0.8300000000000005,-0.2839048332686215,0.8300000000000005,-0.2850074440030647,0.8300000000000005,-0.2858162962984458,0.8300000000000005,-0.286916907423478,0.8300000000000005,-0.2912182590069327,0.8300000000000005,-0.2944756630681976,0.8300000000000005,-0.2970299080022876,0.8300000000000005,-0.2990875086043595,0.8300000000000005,-0.3007810580428704,0.8300000000000005,-0.3021996606187765
0.8400000000000005,-0.2291660739038338,0.8400000000000005,-0.2594139922080984,0.8400000000000005,-0.2741078660833861,0.8400000000000005,-0.2827565912775223,0.8400000000000005,-0.2868881098237574,0.8400000000000005,-0.2893522372300596,0.8400000000000005,-0.2909633106265912,0.8400000000000005,-0.2920876485604558,0.8400000000000005,-0.2929116497967901,0.8400000000000005,-0.2940313533816722,0.8400000000000005,-0.2983924749661895,0.8400000000000005,-0.3016947083088226,0.8400000000000005,-0.3042837878383006,0.8400000000000005,-0.3063692149533536,0.8400000000000005,-0.3080854912812266,0.8400000000000005,-0.3095229967390228
0.8500000000000005,-0.2345530278751035,0.8500000000000005,-0.2656309392110731,0.8500000000000005,-0.2807407384478389,0.8500000000000005,-0.2896518260563934,0.8500000000000005,-0.2938791840720948,0.8500000000000005,-0.2963979589281428,0.8500000000000005,-0.2980433130491175,0.8500000000000005,-0.299190595458208,0.8500000000000005,-0.3000306960161763,0.8500000000000005,-0.3011708759365788,0.8500000000000005,-0.3055914926336291,0.8500000000000005,-0.308938344116217,0.8500000000000005,-0.3115620892900307,0.8500000000000005,-0.3136752037856084,0.8500000000000005,-0.3154140899566842,0.8500000000000005,-0.316870398190376
0.8600000000000005,-0.2399323706958506,0.8600000000000005,-0.2718491323153199,0.8600000000000005,-0.287381276213078,0.8600000000000005,-0.2965596817836241,0.8600000000000005,-0.3008862629067586,0.8600000000000005,-0.3034619780495439,0.8600000000000005,-0.3051432717198915,0.8600000000000005,-0.3063147533521388,0.8600000000000005,-0.307171934035905,0.8600000000000005,-0.3083340205891186,0.8600000000000005,-0.3128138882217729,0.8600000000000005,-0.3162051689903213,0.8600000000000005,-0.318863427812744,0.8600000000000005,-0.3210041039148382,0.8600000000000005,-0.3227654936952671,0.8600000000000005,-0.324240513539708
0.8700000000000006,-0.2453025980921286,0.8700000000000006,-0.2780669379650117,0.8700000000000006,-0.2940278520712458,0.8700000000000006,-0.3034785499622107,0.8700000000000006,-0.3079078090001039,0.8700000000000006,-0.3105428111995699,0.8700000000000006,-0.3122617451629801,0.8700000000000006,-0.3134587142082841,0.8700000000000006,-0.3143339831079488,0.8700000000000006,-0.3155194484413206,0.8700000000000006,-0.3200583506737434,0.8700000000000006,-0.323493892062375,0.8700000000000006,-0.3261865278888376,0.8700000000000006,-0.3283546519150885,0.8700000000000006,-0.330138448856968,0.8700000000000006,-0.3316320972387053
0.8800000000000006,-0.2506623507144467,0.8800000000000006,-0.2842828738295511,0.8800000000000006,-0.3006789849684899,0.8800000000000006,-0.3104069639456766,0.8800000000000006,-0.3149424165043694,0.8800000000000006,-0.3176390995139955,0.8800000000000006,-0.3193974114551311,0.8800000000000006,-0.3206211858038655,0.8800000000000006,-0.3215155753794941,0.8800000000000006,-0.3227259292363919,0.8800000000000006,-0.3273236748639715,0.8800000000000006,-0.3308033264137818,0.8800000000000006,-0.3335302164374579,0.8800000000000006,-0.3357256856020715,0.8800000000000006,-0.3375318020750179,0.8800000000000006,-0.3390440032113734
0.8900000000000006,-0.2560104067323787,0.8900000000000006,-0.290495599492903,0.8900000000000006,-0.3073333305831699,0.8900000000000006,-0.31734358947474,0.8900000000000006,-0.3219888024368565,0.8900000000000006,-0.3247496005933173,0.8900000000000006,-0.326549060544045,0.8900000000000006,-0.3278009843290385,0.8900000000000006,-0.3287155487124218,0.8900000000000006,-0.3299523344905618,0.8900000000000006,-0.3346087548942394,0.8900000000000006,-0.3381323824928882,0.8900000000000006,-0.340893416323473,0.8900000000000006,-0.3431161376150391,0.8900000000000006,-0.344944493896903,0.8900000000000006,-0.346475178543747
0.9000000000000006,-0.2613456741309705,0.9000000000000006,-0.2967039071923144,0.9000000000000006,-0.3139896719880652,0.9000000000000006,-0.3242872154566811,0.9000000000000006,-0.3290457982789352,0.9000000000000006,-0.3318731806329747,0.9000000000000006,-0.333715586750491,0.9000000000000006,-0.3349970271638585,0.9000000000000006,-0.3359328396716224,0.9000000000000006,-0.3371976307851626,0.9000000000000006,-0.341912577550406,0.9000000000000006,-0.3454800616923396,0.9000000000000006,-0.3482751400272348,0.9000000000000006,-0.3505250291592458,0.9000000000000006,-0.3523755525856453,0.9000000000000006,-0.353924657333812
0.9100000000000006,-0.2666671828603732,0.9100000000000006,-0.3029067127202104,0.9100000000000006,-0.3206469105849411,0.9100000000000006,-0.3312367450621235,0.9100000000000006,-0.3361123418561456,0.9100000000000006,-0.3390088068120402,0.9100000000000006,-0.3408959815136683,0.9100000000000006,-0.3422083258874933,0.9100000000000006,-0.3431664767373229,0.9100000000000006,-0.3444608732710825,0.9100000000000006,-0.349234215969537,0.9100000000000006,-0.3528454501352265,0.9100000000000006,-0.3556744835214605,0.9100000000000006,-0.3579514639545806,0.9100000000000006,-0.3598240881264899,0.9100000000000006,-0.3613915547460536
0.9200000000000006,-0.2719740769657013,0.9200000000000006,-0.3091030465778099,0.9200000000000006,-0.3273040573775791,0.9200000000000006,-0.3381911871935909,0.9200000000000006,-0.3431874695488784,0.9200000000000006,-0.3461555399867327,0.9200000000000006,-0.3480893264237108,0.9200000000000006,-0.3494339795618685,0.9200000000000006,-0.3504155737822431,0.9200000000000006,-0.3517411994248203,0.9200000000000006,-0.3565728235544954,0.9200000000000006,-0.3602277127055682,0.9200000000000006,-0.3630906203902224,0.9200000000000006,-0.3653946224243276,0.9200000000000006,-0.3672892864719881,0.9200000000000006,-0.3688750613031279
0.9300000000000006,-0.2772656068012319,0.9300000000000006,-0.3152920454473254,0.9300000000000006,-0.3339602246305288,0.9300000000000006,-0.3451496483633428,0.9300000000000006,-0.3502703088678838,0.9300000000000006,-0.3533125277208222,0.9300000000000006,-0.3552947865720542,0.9300000000000006,-0.3566731683193052,0.9300000000000006,-0.3576793238423283,0.9300000000000006,-0.3590378230831929,0.9300000000000006,-0.3639276281618279,0.9300000000000006,-0.3676260873481347,0.9300000000000006,-0.3705227962140771,0.9300000000000006,-0.3728537561474427,0.9300000000000006,-0.3747704040487672,0.9300000000000006,-0.3763744374376548
0.9400000000000006,-0.2825411214124285,0.9400000000000006,-0.3214729440312236,0.9400000000000006,-0.3406146179453253,0.9400000000000006,-0.3521113250038944,0.9400000000000006,-0.3573600714165662,0.9400000000000006,-0.3604789976738504,0.9400000000000006,-0.3625116042396785,0.9400000000000006,-0.3639251472736317,0.9400000000000006,-0.364956993199881,0.9400000000000006,-0.3663500287750427,0.9400000000000006,-0.3712979265801769,0.9400000000000006,-0.375039879653763,0.9400000000000006,-0.3779703232370059,0.9400000000000006,-0.3803281825898718,0.9400000000000006,-0.3822667625408235,0.9400000000000006,-0.3838890083183237
0.9500000000000006,-0.2878000611508859,0.9500000000000006,-0.3276450672915579,0.9500000000000006,-0.3472665287730645,0.9500000000000006,-0.3590754962234957,0.9500000000000006,-0.3644560462517691,0.9500000000000006,-0.3676542513584619,0.9500000000000006,-0.3697390929343373,0.9500000000000006,-0.3711892407654954,0.9500000000000006,-0.3722479157897886,0.9500000000000006,-0.3736771663601769,0.9500000000000006,-0.3786830793086514,0.9500000000000006,-0.3824684577395261,0.9500000000000006,-0.3854325753240644,0.9500000000000006,-0.3878172801233628,0.9500000000000006,-0.3897777439578004,0.9500000000000006,-0.3914181589590969
0.9600000000000006,-0.2930419505713689,0.9600000000000006,-0.3338078231097868,0.9600000000000006,-0.3539153273719075,0.9600000000000006,-0.3660415170096137,0.9600000000000006,-0.3715575936466883,0.9600000000000006,-0.3748376582707922,0.9600000000000006,-0.3769766317806579,0.9600000000000006,-0.3784648369459426,0.9600000000000006,-0.379551487932848,0.9600000000000006,-0.3810186459795601,0.9600000000000006,-0.3860825056387636,0.9600000000000006,-0.3899112474267721,0.9600000000000006,-0.3929089832127587,0.9600000000000006,-0.3953204833345207,0.9600000000000006,-0.3973027859907278,0.9600000000000006,-0.3989613296135511
0.9700000000000006,-0.2982663916463823,0.9700000000000006,-0.3399606953770876,0.9700000000000006,-0.360560456209792,0.9700000000000006,-0.3730088118764155,0.9700000000000006,-0.3786641392531226,0.9700000000000006,-0.3820286503917246,0.9700000000000006,-0.3842236602615511,0.9700000000000006,-0.3857513826968614,0.9700000000000006,-0.386867163394966,0.9700000000000006,-0.3883739333156546,0.9700000000000006,-0.3934956790388388,0.9700000000000006,-0.3973677277158622,0.9700000000000006,-0.4003990300566683,0.9700000000000006,-0.402837278622754,0.9700000000000006,-0.4048413776539099,0.9700000000000006,-0.406518011452977
0.9800000000000006,-0.3034730573222302,0.9800000000000006,-0.3461032375168802,0.9800000000000006,-0.3672014238062306,0.9800000000000006,-0.3799768689467545,0.9800000000000006,-0.3857751686551794,0.9800000000000006,-0.3892267170521607,0.9800000000000006,-0.391479673304638,0.9800000000000006,-0.3930483788825952,0.9800000000000006,-0.3941944487668779,0.9800000000000006,-0.3957425451582946,0.9800000000000006,-0.4009221228358055,0.9800000000000006,-0.4048374265525602,0.9800000000000006,-0.4079022472562636,0.9800000000000006,-0.410367200081929,0.9800000000000006,-0.4123930552077638,0.9800000000000006,-0.4140877425232948
0.9900000000000007,-0.30866168543089,0.9900000000000007,-0.3522350664348436,0.9900000000000007,-0.3738377990021318,0.9900000000000007,-0.3869452344549713,0.9900000000000007,-0.3928902223029282,0.9900000000000007,-0.3964314001521443,0.9900000000000007,-0.3987442167042787,0.9900000000000007,-0.4003553759237772,0.9900000000000007,-0.4015328991558965,0.9900000000000007,-0.4031240452677816,0.9900000000000007,-0.4083614061866011,0.9900000000000007,-0.4123199168783606,0.9900000000000007,-0.4154182105693845,0.9900000000000007,-0.4179098256582611,0.9900000000000007,-0.4199573983549874,0.9900000000000007,-0.4216701039728762
1.000000000000001,-0.313832072964198,1.000000000000001,-0.3583558568865819,1.000000000000001,-0.3804692056428321,1.000000000000001,-0.3939135076538585,1.000000000000001,-0.4000088908115653,1.000000000000001,-0.4036422897205983,1.000000000000001,-0.4060168828670608,1.000000000000001,-0.4076719696819395,1.000000000000001,-0.4088821141787532,1.000000000000001,-0.4105180405254271,1.000000000000001,-0.4158131403291891,1.000000000000001,-0.4198148129547452,1.000000000000001,-0.4229465364913967,1.000000000000001,-0.4254647735745311,1.000000000000001,-0.4275340267005491,1.000000000000001,-0.429264716542032
1.010000000000001,-0.3189840707105325,1.010000000000001,-0.3644653362493965,1.010000000000001,-0.3870953176569957,1.010000000000001,-0.4008813361070576,1.010000000000001,-0.4071308106097603,1.010000000000001,-0.4108590198010176,1.010000000000001,-0.4132973068670016,1.010000000000001,-0.4149977976419187,1.010000000000001,-0.4162417342430069,1.010000000000001,-0.4179241773592869,1.010000000000001,-0.4232769751015369,1.010000000000001,-0.4273217669501203,1.010000000000001,-0.4304868788939923,1.010000000000001,-0.4330316990097723,1.010000000000001,-0.4351225964643836,1.010000000000001,-0.4368712373030728
1.020000000000001,-0.3241175782491499,1.020000000000001,-0.3705632796818235,1.020000000000001,-0.3937158545121587,1.020000000000001,-0.4078484113467717,1.020000000000001,-0.4142556599196254,1.020000000000001,-0.4180812646470423,1.020000000000001,-0.4205851627953748,1.020000000000001,-0.4223325353776261,1.020000000000001,-0.4236114371032559,1.020000000000001,-0.4253421384324018,1.020000000000001,-0.4307525957160004,1.020000000000001,-0.4348404657770068,1.020000000000001,-0.4380389259101953,1.020000000000001,-0.4406102910220607,1.020000000000001,-0.4427227974348512,1.020000000000001,-0.4444893566390819
1.030000000000001,-0.3292325392934805,1.030000000000001,-0.376649505652756,1.030000000000001,-0.4003305770266715,1.030000000000001,-0.4148144648760239,1.030000000000001,-0.4213831550499359,1.030000000000001,-0.425308735210958,1.030000000000001,-0.4278801603894004,1.030000000000001,-0.4296758932862703,1.030000000000001,-0.4309909346777194,1.030000000000001,-0.4327716395799237,1.030000000000001,-0.4382397197757434,1.030000000000001,-0.4423706281664373,1.030000000000001,-0.4456023970529393,1.030000000000001,-0.4482002697019711,1.030000000000001,-0.4503343501503855,1.030000000000001,-0.4521187954489295
1.040000000000001,-0.3343289373717716,1.040000000000001,-0.3827238718207364,1.040000000000001,-0.40693928351719,1.040000000000001,-0.4217792644943875,1.040000000000001,-0.4285130469839477,1.040000000000001,-0.4325411759081656,1.040000000000001,-0.4351820419236952,1.040000000000001,-0.4370276135756074,1.040000000000001,-0.4383799701103883,1.040000000000001,-0.4402124269809464,1.040000000000001,-0.445738094519775,1.040000000000001,-0.4499120019661138,1.040000000000001,-0.453177040554035,1.040000000000001,-0.4558013835435651,1.040000000000001,-0.4579570032965208,1.040000000000001,-0.4597593025657254
1.050000000000001,-0.3394067918313248,1.050000000000001,-0.3887862712433843,1.050000000000001,-0.4135418062607929,1.050000000000001,-0.4287426109262232,1.050000000000001,-0.4356451182432335,1.050000000000001,-0.4397783616403975,1.050000000000001,-0.4424905793484301,1.050000000000001,-0.4443874674889055,1.050000000000001,-0.4457783150639524,1.050000000000001,-0.4476642745511035,1.050000000000001,-0.4532474942825657,1.050000000000001,-0.4574643616491527,1.050000000000001,-0.46076263091007,1.050000000000001,-0.463413407019908,1.050000000000001,-0.4655905313052786,1.050000000000001,-0.4674106523761035
1.060000000000001,-0.3444661541511397,1.060000000000001,-0.394836628896728,1.060000000000001,-0.4201380082510057,1.060000000000001,-0.4357043347309169,1.060000000000001,-0.4427791800092349,1.060000000000001,-0.4470200950607774,1.060000000000001,-0.4498055716581027,1.060000000000001,-0.4517552527522778,1.060000000000001,-0.4531857672287438,1.060000000000001,-0.4551269815420428,1.060000000000001,-0.4607677181549783,1.060000000000001,-0.4650275060198045,1.060000000000001,-0.4683589666225835,1.060000000000001,-0.4710361383502727,1.060000000000001,-0.4732347321443222,1.060000000000001,-0.4750726426274373
1.070000000000001,-0.3495071045468146,1.070000000000001,-0.4008748984843198,1.070000000000001,-0.4267277802275273,1.070000000000001,-0.4426642934751974,1.070000000000001,-0.4499150694846931,1.070000000000001,-0.4542662040642559,1.070000000000001,-0.4571268424755306,1.070000000000001,-0.459130791229612,1.070000000000001,-0.4606021480333064,1.070000000000001,-0.4626003703339599,1.070000000000001,-0.4682985878331958,1.070000000000001,-0.4726012561035474,1.070000000000001,-0.4759658681194532,1.070000000000001,-0.4786693974462145,1.070000000000001,-0.4808894252831865,1.070000000000001,-0.4827450924108386
1.080000000000001,-0.3545297488510989,1.080000000000001,-0.4069010595164764,1.080000000000001,-0.4333110379600493,1.080000000000001,-0.4496223691483597,1.080000000000001,-0.4570526474778301,1.080000000000001,-0.4615165394875931,1.080000000000001,-0.4644542378359701,1.080000000000001,-0.4665139267706163,1.080000000000001,-0.4680273005427899,1.080000000000001,-0.4700842844080998,1.080000000000001,-0.4758399456426812,1.080000000000001,-0.480185453208535,1.080000000000001,-0.4835831758450753,1.080000000000001,-0.4863130240246269,1.080000000000001,-0.4885544498246442,1.080000000000001,-0.4904278403075731
1.090000000000001,-0.3595342156533058,1.090000000000001,-0.4129151146405433,1.090000000000001,-0.4398877197674695,1.090000000000001,-0.4565784658021499,1.090000000000001,-0.4641917961928514,1.090000000000001,-0.4687709730035177,1.090000000000001,-0.4717876241568845,1.090000000000001,-0.4739045232382019,1.090000000000001,-0.4754610875316622,1.090000000000001,-0.4775785864865277,1.090000000000001,-0.4833916527248195,1.090000000000001,-0.4877799571466772,1.090000000000001,-0.4912107485076868,1.090000000000001,-0.4939668758756018,1.090000000000001,-0.4962296627894424,1.090000000000001,-0.4981207426878907
1.100000000000001,-0.3645206536809677,1.100000000000001,-0.418917087203822,1.100000000000001,-0.4464577842546281,1.100000000000001,-0.4635325073979998,1.100000000000001,-0.4713324172111867,1.100000000000001,-0.4760293951947241,1.100000000000001,-0.479126886379741,1.100000000000001,-0.4813024627020238,1.100000000000001,-0.4829033897180922,1.100000000000001,-0.4850831568268472,1.100000000000001,-0.4909535873745923,1.100000000000001,-0.4953846446025021,1.100000000000001,-0.4988484614721399,1.100000000000001,-0.50163082727428,1.100000000000001,-0.5039149375434557,1.100000000000001,-0.5058236721506875
1.110000000000001,-0.3694892294073927,1.110000000000001,-0.4249070190317162,1.110000000000001,-0.4530212082496504,1.110000000000001,-0.470484435845225,1.110000000000001,-0.4784744296486768,1.110000000000001,-0.4832917137938213,1.110000000000001,-0.4864719262707119,1.110000000000001,-0.4887076437856627,1.110000000000001,-0.4903541041478229,1.110000000000001,-0.4925978916605341,1.110000000000001,-0.4985256435178532,1.110000000000001,-0.5029994076390233,1.110000000000001,-0.5064962052875426,1.110000000000001,-0.5093047675255687,1.110000000000001,-0.5116101623564305,1.110000000000001,-0.5135365160941703
1.120000000000001,-0.3744401248693253,1.120000000000001,-0.4308849684044481,1.120000000000001,-0.4595779849260407,1.120000000000001,-0.4774342092149531,1.120000000000001,-0.485617768474925,1.120000000000001,-0.4905578520764226,1.120000000000001,-0.4938226608680468,1.120000000000001,-0.4961199801556129,1.120000000000001,-0.4978131427161819,1.120000000000001,-0.5001227017638722,1.120000000000001,-0.5061077293177925,1.120000000000001,-0.5106241523300766,1.120000000000001,-0.5141538843395114,1.120000000000001,-0.5169885996322257,1.120000000000001,-0.5193152390827575,1.120000000000001,-0.5212591754067702
1.130000000000001,-0.3793735356794787,1.130000000000001,-0.4368510082167438,1.130000000000001,-0.4661281220945362,1.130000000000001,-0.4843818001153364,1.130000000000001,-0.4927623829817539,1.130000000000001,-0.4978277473952003,1.130000000000001,-0.5011790210646369,1.130000000000001,-0.5035393991411129,1.130000000000001,-0.5052804308174036,1.130000000000001,-0.5076575111513113,1.130000000000001,-0.5136997659004581,1.130000000000001,-0.5182587975094857,1.130000000000001,-0.5218214156172694,1.130000000000001,-0.5246822390761615,1.130000000000001,-0.5270300819544016,1.130000000000001,-0.5289915632700343
1.140000000000001,-0.384289669219418,1.140000000000001,-0.4428052243057854,1.140000000000001,-0.4726716406508468,1.140000000000001,-0.4913271942147684,1.140000000000001,-0.4999082353886323,1.140000000000001,-0.5051013498436112,1.140000000000001,-0.5085409503148766,1.140000000000001,-0.5109658404743245,1.140000000000001,-0.5127559061113056,1.140000000000001,-0.5152022558814848,1.140000000000001,-0.5213016861901649,1.140000000000001,-0.5259032736278512,1.140000000000001,-0.5294987275869059,1.140000000000001,-0.5323856127046231,1.140000000000001,-0.5347546164776243,1.140000000000001,-0.536733604063809
1.150000000000001,-0.3891887429989985,1.150000000000001,-0.4487477139336578,1.150000000000001,-0.4792085731663042,1.150000000000001,-0.4982703889006739,1.150000000000001,-0.5070552995738722,1.150000000000001,-0.51237862103864,1.150000000000001,-0.5159084034559043,1.150000000000001,-0.5183992551412255,1.150000000000001,-0.5202395173977942,1.150000000000001,-0.522756882967176,1.150000000000001,-0.5289134338458858,1.150000000000001,-0.5335575217083606,1.150000000000001,-0.5371857591620177,1.150000000000001,-0.5400986577127016,1.150000000000001,-0.5424887784249256,1.150000000000001,-0.5444852323662936
1.160000000000001,-0.3940709831693243,1.160000000000001,-0.4546785844115301,1.160000000000001,-0.4857389626093543,1.160000000000001,-0.5052113920623875,1.160000000000001,-0.5142035599210352,1.160000000000001,-0.5196595330128744,1.160000000000001,-0.5232813456337715,1.160000000000001,-0.5258396043342578,1.160000000000001,-0.5277312235906405,1.160000000000001,-0.5303213493805115,1.160000000000001,-0.5365349622906149,1.160000000000001,-0.5412214923937626,1.160000000000001,-0.5448824587641344,1.160000000000001,-0.5478213207143522,1.160000000000001,-0.5502325129149395,1.160000000000001,-0.5522463920409232
1.170000000000001,-0.3989366231769784,1.170000000000001,-0.4605979518536207,1.170000000000001,-0.4922628611867501,1.170000000000001,-0.5121502209874892,1.170000000000001,-0.5213530102708942,1.170000000000001,-0.526944067206769,1.170000000000001,-0.530659751325936,1.170000000000001,-0.533286858498326,1.170000000000001,-0.5352309927822411,1.170000000000001,-0.5378956211460675,1.170000000000001,-0.5441662338261248,1.170000000000001,-0.5488951450770536,1.170000000000001,-0.5525887834656391,1.170000000000001,-0.5555535568949098,1.170000000000001,-0.5579857735725088,1.170000000000001,-0.5600170354032031
1.180000000000001,-0.403785902548052,1.180000000000001,-0.4665059400499303,1.180000000000001,-0.498780329294194,1.180000000000001,-0.5190869013618312,1.180000000000001,-0.5285036529700518,1.180000000000001,-0.5342322135526691,1.180000000000001,-0.5380436034520814,1.180000000000001,-0.5407409964624134,1.180000000000001,-0.542738801391933,1.180000000000001,-0.5454796725142198,1.180000000000001,-0.5518072188260871,1.180000000000001,-0.5565784471089616,1.180000000000001,-0.5603046982082153,1.180000000000001,-0.5632953292383638,1.180000000000001,-0.565748521763259,1.180000000000001,-0.5677971224607898
1.190000000000001,-0.4086190657912582,1.190000000000001,-0.4724026794475348,1.190000000000001,-0.5052914345668674,1.190000000000001,-0.5260214663642397,1.190000000000001,-0.5356554980078695,1.190000000000001,-0.5415239696429274,1.190000000000001,-0.545432892565801,1.190000000000001,-0.548202004649789,1.190000000000001,-0.5502546333910228,1.190000000000001,-0.5530734852084677,1.190000000000001,-0.5594578950011068,1.190000000000001,-0.5642713730760281,1.190000000000001,-0.5680301750909033,1.190000000000001,-0.5710466078231743,1.190000000000001,-0.573520725895756,1.190000000000001,-0.5755866202212712
1.200000000000001,-0.4134363614101329,1.200000000000001,-0.4782883062310071,1.200000000000001,-0.5117962510211982,1.200000000000001,-0.5329539558476105,1.200000000000001,-0.5428085622342745,1.200000000000001,-0.5488193399749683,1.200000000000001,-0.5528276161204448,1.200000000000001,-0.5556698763600705,1.200000000000001,-0.5577784795979506,1.200000000000001,-0.5606770477404646,1.200000000000001,-0.5671182467298143,1.200000000000001,-0.5719739041433228,1.200000000000001,-0.5757651927217458,1.200000000000001,-0.5788073691810933,1.200000000000001,-0.5813023607859463,1.200000000000001,-0.5833855020611731
1.210000000000001,-0.4182380410150952,1.210000000000001,-0.4841629614933004,1.210000000000001,-0.5182948582797765,1.210000000000001,-0.5398844155988405,1.210000000000001,-0.5499628686513474,1.210000000000001,-0.5561183352667146,1.210000000000001,-0.5602277778027819,1.210000000000001,-0.5631446111172604,1.210000000000001,-0.5653103370378619,1.210000000000001,-0.5682903547870114,1.210000000000001,-0.5747882644502414,1.210000000000001,-0.579686027456484,1.210000000000001,-0.5835097356279031,1.210000000000001,-0.586577595713536,1.210000000000001,-0.5890934070788283,1.210000000000001,-0.5911937471520117
1.220000000000001,-0.423024358526752,1.220000000000001,-0.490026790489113,1.220000000000001,-0.5247873408721144,1.220000000000001,-0.5468128966706667,1.220000000000001,-0.5571184457724779,1.220000000000001,-0.5634209718364491,1.220000000000001,-0.5676333869288485,1.220000000000001,-0.5706262140781885,1.220000000000001,-0.5728502083612413,1.220000000000001,-0.5759134066240869,1.220000000000001,-0.5824679441068865,1.220000000000001,-0.5874077355980831,1.220000000000001,-0.5912637937192106,1.220000000000001,-0.5943572751609387,1.220000000000001,-0.5968938507223345,1.220000000000001,-0.5990113399378995
1.230000000000001,-0.4277955694625359,1.230000000000001,-0.4958799419633925,1.230000000000001,-0.5312737876045069,1.230000000000001,-0.5537394547790493,1.230000000000001,-0.5642753270431338,1.230000000000001,-0.5707272710416753,1.230000000000001,-0.5750444578966841,1.230000000000001,-0.5781146954962102,1.230000000000001,-0.5803981013164758,1.230000000000001,-0.5835462086129787,1.230000000000001,-0.5901572866484232,1.230000000000001,-0.5951390260939773,1.230000000000001,-0.5990273618010078,1.230000000000001,-0.6021464001206176,1.230000000000001,-0.6047036824893814,1.230000000000001,-0.6068382696610435
1.240000000000001,-0.4325519302993451,1.240000000000001,-0.501722567548289,1.240000000000001,-0.537754290992839,1.240000000000001,-0.56066414976035,1.240000000000001,-0.5714335503180789,1.240000000000001,-0.5780372587718587,1.240000000000001,-0.5824610096912387,1.240000000000001,-0.5856100702357243,1.240000000000001,-0.5879540282721445,1.240000000000001,-0.591188770734277,1.240000000000001,-0.597856297572155,1.240000000000001,-0.6028799009652303,1.240000000000001,-0.6068004391318115,1.240000000000001,-0.609944967608968,1.240000000000001,-0.612522897543709,1.240000000000001,-0.6146745299306045
1.250000000000001,-0.4372936979054425,1.250000000000001,-0.5075548212223737,1.250000000000001,-0.5442289467527496,1.250000000000001,-0.5675870450830747,1.250000000000001,-0.5785931573901508,1.250000000000001,-0.5853509649907059,1.250000000000001,-0.5898830654370754,1.250000000000001,-0.5931123573331805,1.250000000000001,-0.5955180057847242,1.250000000000001,-0.5988411071658081,1.250000000000001,-0.6055649865113507,1.250000000000001,-0.6106303663222235,1.250000000000001,-0.6145830290225446,1.250000000000001,-0.6177529786646999,1.250000000000001,-0.6203514950462602,1.250000000000001,-0.6225201183317728
1.260000000000001,-0.4420211290354124,1.260000000000001,-0.5133768588265363,1.260000000000001,-0.5506978533420147,1.260000000000001,-0.5745082074093728,1.260000000000001,-0.5857541935662304,1.260000000000001,-0.5926684233236883,1.260000000000001,-0.5973106519949849,1.260000000000001,-0.6006215796008493,1.260000000000001,-0.6030900542081651,1.260000000000001,-0.6065032359010001,1.260000000000001,-0.6132833668617755,1.260000000000001,-0.6183904319971835,1.260000000000001,-0.6223751384735451,1.260000000000001,-0.625570437989395,1.260000000000001,-0.6281894777986554,1.260000000000001,-0.6303750360713862
1.270000000000001,-0.4467344798824746,1.270000000000001,-0.5191888376313858,1.270000000000001,-0.5571611115504923,1.270000000000001,-0.5814277062020159,1.270000000000001,-0.5929167072865407,1.270000000000001,-0.5999896706873196,1.270000000000001,-0.6047437995989963,1.270000000000001,-0.608137763269945,1.270000000000001,-0.6106701973419362,1.270000000000001,-0.6141751784042981,1.270000000000001,-0.6210114554446885,1.270000000000001,-0.626160111212423,1.270000000000001,-0.630176777846788,1.270000000000001,-0.6333973536227551,1.270000000000001,-0.6360368519208303,1.270000000000001,-0.6382392876577506
1.280000000000001,-0.451434005682928,1.280000000000001,-0.5249909159514965,1.280000000000001,-0.5636188241334443,1.280000000000001,-0.5883456133729535,1.280000000000001,-0.6000807497836531,1.280000000000001,-0.6073147469566781,1.280000000000001,-0.6121825415305614,1.280000000000001,-0.615660937670033,1.280000000000001,-0.6182584621146104,1.280000000000001,-0.6218569593010355,1.280000000000001,-0.6287492722031042,1.280000000000001,-0.6339394202813332,1.280000000000001,-0.6379879605702466,1.280000000000001,-0.6412337366496259,1.280000000000001,-0.6438936265601058,1.280000000000001,-0.6461128806112354
1.290000000000001,-0.4561199603679353,1.290000000000001,-0.5307832528022214,1.290000000000001,-0.5700710954843865,1.290000000000001,-0.595262002969947,1.290000000000001,-0.607246374778076,1.290000000000001,-0.6146436946683781,1.290000000000001,-0.6196269138272091,1.290000000000001,-0.623191134942085,1.290000000000001,-0.6258548783003378,1.290000000000001,-0.6295486060989979,1.290000000000001,-0.6364968399292461,1.290000000000001,-0.6417283783397043,1.290000000000001,-0.6458087028722638,1.290000000000001,-0.6490796009364981,1.290000000000001,-0.6517598136295175,1.290000000000001,-0.6539958252040666
1.300000000000001,-0.4607925962582571,1.300000000000001,-0.5365660075951709,1.300000000000001,-0.5765180313439707,1.300000000000001,-0.602176950898189,1.300000000000001,-0.6144136382076437,1.300000000000001,-0.6219765587563464,1.300000000000001,-0.6270769550231297,1.300000000000001,-0.6307283897826893,1.300000000000001,-0.6334594782659274,1.300000000000001,-0.6372501489394983,1.300000000000001,-0.644254184020654,1.300000000000001,-0.6495270071054845,1.300000000000001,-0.6536390235436468,1.300000000000001,-0.6569349628955605,1.300000000000001,-0.659635427573118,1.300000000000001,-0.6618881342266882
1.310000000000001,-0.465452163797932,1.310000000000001,-0.5423393398688529,1.310000000000001,-0.5829597385418765,1.310000000000001,-0.6090905346740373,1.310000000000001,-0.6215825979882008,1.310000000000001,-0.629313386318096,1.310000000000001,-0.6345327059195747,1.310000000000001,-0.6382727392174878,1.310000000000001,-0.6410722967465174,1.310000000000001,-0.6449616203761639,1.310000000000001,-0.6520213322634119,1.310000000000001,-0.6573353306647843,1.310000000000001,-0.6614789437258005,1.310000000000001,-0.6647998412741876,1.310000000000001,-0.6675204851565879,1.310000000000001,-0.6697898227791822
1.320000000000001,-0.470098911323247,1.320000000000001,-0.5481034090512339,1.320000000000001,-0.589396324768782,1.320000000000001,-0.6160028332085673,1.320000000000001,-0.628753313803501,1.320000000000001,-0.6366542264096489,1.320000000000001,-0.6419942093833236,1.320000000000001,-0.6458242224020733,1.320000000000001,-0.6486933706481838,1.320000000000001,-0.6526830551795766,1.320000000000001,-0.6597983146407077,1.320000000000001,-0.6651533752829306,1.320000000000001,-0.6693284867233416,1.320000000000001,-0.6726742569686177,1.320000000000001,-0.6754150052817223,1.320000000000001,-0.6777009080860726
1.330000000000001,-0.4747330848636293,1.330000000000001,-0.5538583742513519,1.330000000000001,-0.5958278983760449,1.330000000000001,-0.6229139266186621,1.330000000000001,-0.6359258469224783,1.330000000000001,-0.6439991298675084,1.330000000000001,-0.6494615101717232,1.330000000000001,-0.6533828804490128,1.330000000000001,-0.6563227388761452,1.330000000000001,-0.6604144901667767,1.330000000000001,-0.6675851631655038,1.330000000000001,-0.6729811692391505,1.330000000000001,-0.6771876778399257,1.330000000000001,-0.6805582328604931,1.330000000000001,-0.6833190088231633,1.330000000000001,-0.6856214093335317
1.340000000000001,-0.4793549279714427,1.340000000000001,-0.5596043940773086,1.340000000000001,-0.6022545682007545,1.340000000000001,-0.6298238960639232,1.340000000000001,-0.6431002600424492,1.340000000000001,-0.6513481491563274,1.340000000000001,-0.6569346547831246,1.340000000000001,-0.6609487562797914,1.340000000000001,-0.6639604421875887,1.340000000000001,-0.6681559640543782,1.340000000000001,-0.6753819117365539,1.340000000000001,-0.680818742684007,1.340000000000001,-0.6850565442364067,1.340000000000001,-0.6884517936753094,1.340000000000001,-0.6912325184869534,1.340000000000001,-0.693551347527597
1.350000000000001,-0.4839646815778877,1.350000000000001,-0.5653416264783017,1.350000000000001,-0.6086764434142745,1.350000000000001,-0.6367328236078265,1.350000000000001,-0.6502766171570966,1.350000000000001,-0.6587013382415158,1.350000000000001,-0.6644136913320375,1.350000000000001,-0.6685218945012062,1.350000000000001,-0.6716065230683322,1.350000000000001,-0.6759075173347315,1.350000000000001,-0.6831885960169044,1.350000000000001,-0.6886661275188779,1.350000000000001,-0.6929351148106599,1.350000000000001,-0.6963549658620615,1.350000000000001,-0.6991555586899184,1.350000000000001,-0.7014907453729783
1.360000000000001,-0.4885625838724832,1.360000000000001,-0.5710702286085391,1.360000000000001,-0.615093633392519,1.360000000000001,-0.6436407921019366,1.360000000000001,-0.6574549834483545,1.360000000000001,-0.6660587524860412,1.360000000000001,-0.6718986694484436,1.360000000000001,-0.6761023413056341,1.360000000000001,-0.6792610256331761,1.360000000000001,-0.6836691921748745,1.360000000000001,-0.6910052533346398,1.360000000000001,-0.6965233572973991,1.360000000000001,-0.7008234200987957,1.360000000000001,-0.7042677774939319,1.360000000000001,-0.707088155459345,1.360000000000001,-0.709439627172076
1.370000000000001,-0.4931488702038355,1.370000000000001,-0.5767903567111029,1.370000000000001,-0.6215062476064743,1.370000000000001,-0.6505478850922152,1.370000000000001,-0.6646354252018148,1.370000000000001,-0.6734204485713556,1.370000000000001,-0.6793896402013828,1.370000000000001,-0.6836901443953614,1.370000000000001,-0.6869239955498576,1.370000000000001,-0.6914410323382904,1.370000000000001,-0.6988319226062141,1.370000000000001,-0.7043904671487228,1.370000000000001,-0.7087214921977469,1.370000000000001,-0.7121902581897758,1.370000000000001,-0.7150303363534,1.370000000000001,-0.7173980187439173
1.380000000000001,-0.4977237729995959,1.380000000000001,-0.5825021660200811,1.380000000000001,-0.6279143955317923,1.380000000000001,-0.657454186746831,1.380000000000001,-0.6718180097454679,1.380000000000001,-0.6807864844425844,1.380000000000001,-0.6868866560470461,1.380000000000001,-0.6912853529313568,1.380000000000001,-0.694595479987191,1.380000000000001,-0.699223083129843,1.380000000000001,-0.7066686442823593,1.380000000000001,-0.7122674937230543,1.380000000000001,-0.716629364709618,1.380000000000001,-0.7201224390568489,1.380000000000001,-0.7229821304019902,1.380000000000001,-0.7253659473632209
1.390000000000001,-0.5022875217037069,1.390000000000001,-0.5882058106793826,1.390000000000001,-0.6343181865763453,1.390000000000001,-0.6643597818051358,1.390000000000001,-0.6790028054120248,1.390000000000001,-0.688156919278602,1.390000000000001,-0.6943897708022193,1.390000000000001,-0.6988880175074272,1.390000000000001,-0.7022755275883397,1.390000000000001,-0.7070153913650257,1.390000000000001,-0.7145154603179918,1.390000000000001,-0.7201544751604356,1.390000000000001,-0.724547072708528,1.390000000000001,-0.7280643526554342,1.390000000000001,-0.7309435680690812,1.390000000000001,-0.7333434417202367
1.400000000000001,-0.506840342729222,1.400000000000001,-0.593901443676918,1.400000000000001,-0.6407177300250083,1.400000000000001,-0.6712647555478326,1.400000000000001,-0.6861898815255483,1.400000000000001,-0.6955318134880213,1.400000000000001,-0.7018990396444186,1.400000000000001,-0.7064981901511023,1.400000000000001,-0.7099641884704858,1.400000000000001,-0.7148180053645845,1.400000000000001,-0.7223724141668696,1.400000000000001,-0.7280514510837423,1.400000000000001,-0.7324746527310005,1.400000000000001,-0.736016032986239,1.400000000000001,-0.7389146812368088,1.400000000000001,-0.7413305319020381
1.410000000000001,-0.5113824594251288,1.410000000000001,-0.5995892167929273,1.410000000000001,-0.6471131350010877,1.410000000000001,-0.6781691937886662,1.410000000000001,-0.6933793084133979,1.410000000000001,-0.7029112287326846,1.410000000000001,-0.7094145191403642,1.410000000000001,-0.7141159243530917,1.410000000000001,-0.7176615142529638,1.410000000000001,-0.7226309749765347,1.410000000000001,-0.7302395508031215,1.410000000000001,-0.7359584626176565,1.410000000000001,-0.7404121427914752,1.410000000000001,-0.7439775155019092,1.410000000000001,-0.7468955032131651,1.410000000000001,-0.7493272493959988
1.420000000000001,-0.5159140920557658,1.420000000000001,-0.6052692805614337,1.420000000000001,-0.6535045104440091,1.420000000000001,-0.6850731828883384,1.420000000000001,-0.7005711574450326,1.420000000000001,-0.7102952279804985,1.420000000000001,-0.716936267305106,1.420000000000001,-0.7217412751277692,1.420000000000001,-0.725367558116105,1.420000000000001,-0.7304543516277504,1.420000000000001,-0.7381169167716284,1.420000000000001,-0.7438755524353763,1.420000000000001,-0.7483595824243781,1.420000000000001,-0.7519488371442147,1.420000000000001,-0.7548860687642173,1.420000000000001,-0.7573336271173383
1.430000000000001,-0.5204354577915493,1.430000000000001,-0.6109417842439131,1.430000000000001,-0.6598919651032,1.430000000000001,-0.6919768097916714,1.430000000000001,-0.7077655010996059,1.430000000000001,-0.7176838755903371,1.430000000000001,-0.7244643436945344,1.430000000000001,-0.7293742991073476,1.430000000000001,-0.7330823748937203,1.430000000000001,-0.738288188407912,1.430000000000001,-0.7460045602696451,1.430000000000001,-0.7518027648355103,1.430000000000001,-0.7563170127549577,1.430000000000001,-0.7599300364085764,1.430000000000001,-0.7628864141721646,1.430000000000001,-0.7653496994611491
1.440000000000001,-0.5249467707098502,1.440000000000001,-0.6166068758144464,1.440000000000001,-0.6662756075481924,1.440000000000001,-0.6988801620894487,1.440000000000001,-0.7149624130647122,1.440000000000001,-0.725077237431626,1.440000000000001,-0.731998809534435,1.440000000000001,-0.7370150546732497,1.440000000000001,-0.7408060212024431,1.440000000000001,-0.7461325401889298,1.440000000000001,-0.7539025312624735,1.440000000000001,-0.7597401458510169,1.440000000000001,-0.7642844766005986,1.440000000000001,-0.7679211534372733,1.440000000000001,-0.7708965773209825,1.440000000000001,-0.773375502380683
1.450000000000001,-0.529448241804978,1.450000000000001,-0.6222647019557183,1.450000000000001,-0.6726555461953732,1.450000000000001,-0.7057833281066576,1.450000000000001,-0.7221619683690326,1.450000000000001,-0.7324753810420607,1.450000000000001,-0.7395397278894763,1.450000000000001,-0.7446636021278809,1.450000000000001,-0.7485385556113364,1.450000000000001,-0.7539874637829214,1.450000000000001,-0.7618108816357302,1.450000000000001,-0.767687743392668,1.450000000000001,-0.7722620186043161,1.450000000000001,-0.7759222301430446,1.450000000000001,-0.7789165978102304,1.450000000000001,-0.7814110734919371
1.460000000000001,-0.5339400790063393,1.460000000000001,-0.6279154080653925,1.460000000000001,-0.6790318893519096,1.460000000000001,-0.7126863970191538,1.460000000000001,-0.7293642435518426,1.460000000000001,-0.7398783758267521,1.460000000000001,-0.747087163875738,1.460000000000001,-0.752320003910485,1.460000000000001,-0.7562800388552285,1.460000000000001,-0.7618530181420687,1.460000000000001,-0.7697296653864719,1.460000000000001,-0.7756456074282807,1.460000000000001,-0.7802496854011101,1.460000000000001,-0.7839333103627647,1.460000000000001,-0.7869465170968342,1.460000000000001,-0.7894564522045786
1.470000000000001,-0.5384224872038886,1.470000000000001,-0.6335591382724982,1.470000000000001,-0.6854047452776264,1.470000000000001,-0.7195894590010551,1.470000000000001,-0.7365693168723728,1.470000000000001,-0.7472862933019571,1.470000000000001,-0.7546411849198253,1.470000000000001,-0.7599843248600209,1.470000000000001,-0.7640305340944992,1.470000000000001,-0.7697292646026284,1.470000000000001,-0.7776589388544253,1.470000000000001,-0.7836137901979751,1.470000000000001,-0.7882475258169036,1.470000000000001,-0.7919544400406316,1.470000000000001,-0.7949863786637112,1.470000000000001,-0.7975116798770798
1.480000000000001,-0.5428956682801537,1.480000000000001,-0.6391960354635862,1.480000000000001,-0.6917742222659262,1.480000000000001,-0.7264926054051247,1.480000000000001,-0.7437772685617835,1.480000000000001,-0.7546992073860649,1.480000000000001,-0.7622018610667881,1.480000000000001,-0.7676566325267762,1.480000000000001,-0.7717901072228153,1.480000000000001,-0.7776162671741611,1.480000000000001,-0.7855987609925801,1.480000000000001,-0.7915923464636055,1.480000000000001,-0.7962555910969904,1.480000000000001,-0.7999856674371062,1.480000000000001,-0.803036228210834,1.480000000000001,-0.8055767999917822
1.490000000000001,-0.5473598211480927,1.490000000000001,-0.6448262413185621,1.490000000000001,-0.698140428744863,1.490000000000001,-0.7333959289783478,1.490000000000001,-0.7509881811196871,1.490000000000001,-0.7621171947389007,1.490000000000001,-0.7697692653372765,1.490000000000001,-0.7753369975326283,1.490000000000001,-0.779558827222156,1.490000000000001,-0.7855140928726942,1.490000000000001,-0.7935491936737236,1.490000000000001,-0.7995813337872391,1.490000000000001,-0.8042739351579061,1.490000000000001,-0.8080270433566857,1.490000000000001,-0.8110961138616263,1.490000000000001,-0.8136518583423947
1.5,-0.5518151417942239,1.5,-0.6504498963561782,1.5,-0.7045034733997821,1.5,-0.7402995241143226,1.5,-0.7582021396555928,1.5,-0.7695403351482022,1.5,-0.7773434741311527,1.5,-0.7830254939760335,1.5,-0.7873367665604865,1.5,-0.7934228120923789,1.5,-0.8015103020249009,1.5,-0.8075808128289564,1.5,-0.812302614852137,1.5,-0.8160786213833997,1.5,-0.8191660863731708,1.5,-0.8217369032224191
