pch18_ft    (ll=2e-07) X,pch18_ft    (ll=2e-07) Y,pch18_ft    (ll=3e-07) X,pch18_ft    (ll=3e-07) Y,pch18_ft    (ll=4e-07) X,pch18_ft    (ll=4e-07) Y,pch18_ft    (ll=5e-07) X,pch18_ft    (ll=5e-07) Y,pch18_ft    (ll=6e-07) X,pch18_ft    (ll=6e-07) Y,pch18_ft    (ll=7e-07) X,pch18_ft    (ll=7e-07) Y,pch18_ft    (ll=8e-07) X,pch18_ft    (ll=8e-07) Y,pch18_ft    (ll=9e-07) X,pch18_ft    (ll=9e-07) Y,pch18_ft    (ll=1e-06) X,pch18_ft    (ll=1e-06) Y,pch18_ft    (ll=1.2e-06) X,pch18_ft    (ll=1.2e-06) Y,pch18_ft    (ll=1.4e-06) X,pch18_ft    (ll=1.4e-06) Y,pch18_ft    (ll=1.6e-06) X,pch18_ft    (ll=1.6e-06) Y,pch18_ft    (ll=1.8e-06) X,pch18_ft    (ll=1.8e-06) Y,pch18_ft    (ll=2e-06) X,pch18_ft    (ll=2e-06) Y,pch18_ft    (ll=2.2e-06) X,pch18_ft    (ll=2.2e-06) Y,pch18_ft    (ll=2.4e-06) X,pch18_ft    (ll=2.4e-06) Y
0,-19813.07995325895,0,-11243.42826316323,0,-8384.415227281455,0,-6723.296931412852,0,-6533.275734131744,0,-6210.445834021035,0,-5852.612278074123,0,-5499.819706551908,0,-5167.769766188356,0,-4581.921521216429,0,-4113.412770067293,0,-3719.832815773266,0,-3387.724147729465,0,-3105.182975288374,0,-2862.621931133971,0,-2652.523939653124
0.01,-26145.40705963221,0.01,-15042.6670892484,0.01,-11277.42678090955,0.01,-9068.280160913399,0.01,-8799.14613268532,0.01,-8355.431355511795,0.01,-7867.393155800445,0.01,-7387.999875976535,0.01,-6937.78682163415,0.01,-6145.052823096948,0.01,-5512.528494080781,0.01,-4981.626961141094,0.01,-4533.928340111942,0.01,-4153.239002422351,0.01,-3826.553404183013,0.01,-3543.691288209784
0.02,-34497.3835596098,0.02,-20128.5898913189,0.02,-15170.00290856324,0.02,-12231.8707278666,0.02,-11851.07449374018,0.02,-11241.01733420814,0.02,-10575.13947254002,0.02,-9923.465973606168,0.02,-9312.817839736832,0.02,-8239.776223557912,0.02,-7386.292121036913,0.02,-6672.896696482302,0.02,-6071.678871580328,0.02,-5560.687217387785,0.02,-5122.344623590549,0.02,-4742.916932971856
0.03,-45515.62108283397,0.03,-26936.63402445742,0.03,-20413.97573632025,0.03,-16506.60227390661,0.03,-15972.70158071628,0.03,-15137.78846849318,0.03,-14232.58607292238,0.03,-13349.5995726519,0.03,-12523.84429817931,0.03,-11075.44447381384,0.03,-9928.552026191559,0.03,-8967.496572561535,0.03,-8157.989068330246,0.03,-7470.236588836749,0.03,-6880.444452590355,0.03,-6370.048738491025
0.04,-60050.36546328396,0.04,-36043.71542885195,0.04,-27469.80266858146,0.04,-22279.63216208931,0.04,-21531.24134969364,0.04,-20387.6663382124,0.04,-19155.9799450745,0.04,-17958.42456635245,0.04,-16840.70192691866,0.04,-14883.73608305953,0.04,-13337.1267988253,0.04,-12042.17013985812,0.04,-10952.03751102223,0.04,-10026.26794088672,0.04,-9232.632811378289,0.04,-8546.028390491323
0.05,-79222.35124478277,0.05,-48224.29575055766,0.05,-36958.08267529259,0.05,-30065.04374324889,0.05,-29016.00439593465,0.05,-27448.96381197254,0.05,-25772.38695058401,0.05,-24147.65550717882,0.05,-22634.29737887672,0.05,-19989.56883664732,0.05,-17903.44807203278,0.05,-16158.27726845948,0.05,-14690.05115698764,0.05,-13443.78624633944,0.05,-12375.80777906793,0.05,-11452.15295120744
0.06,-104508.4630088645,0.06,-64512.63265793773,0.06,-49714.10549092281,0.06,-40560.9119054613,0.06,-39090.48812551452,0.06,-36942.27898994692,0.06,-34659.28555571569,0.06,-32454.32688545275,0.06,-30404.76032149212,0.06,-26829.82221938963,0.06,-24015.4466940694,0.06,-21663.22886724249,0.06,-19685.61719079904,0.06,-18007.84731876046,0.06,-16570.7034092934,0.06,-15328.21748099611
0.07000000000000001,-137854.3245681275,0.07000000000000001,-86289.34477128637,0.07000000000000001,-66858.25153910604,0.07000000000000001,-54705.71688389552,0.07000000000000001,-52644.78470598297,0.07000000000000001,-49698.76624137857,0.07000000000000001,-46589.00710320069,0.07000000000000001,-43595.81217860504,0.07000000000000001,-40819.44341068843,0.07000000000000001,-35986.33454236557,0.07000000000000001,-32188.9458915399,0.07000000000000001,-29018.29199555231,0.07000000000000001,-26354.52205282517,0.07000000000000001,-24095.91547044214,0.07000000000000001,-22162.14761700287,0.07000000000000001,-20490.97733637678
0.08,-181822.1872390517,0.08,-115396.5329972396,0.08,-89892.42358875168,0.08,-73760.28856804142,0.08,-70872.07316936673,0.08,-66830.6704605186,0.08,-62593.58909552496,0.08,-58529.50744289891,0.08,-54767.9832834524,0.08,-48233.20174061279,0.08,-43109.08174289733,0.08,-38835.21458093783,0.08,-35247.41931464541,0.08,-32207.22668469324,0.08,-29605.63307549648,0.08,-27358.33462518931
0.09,-239785.0480824981,0.09,-154290.7441360511,0.09,-120828.6866408994,0.09,-99417.29664529991,0.09,-95370.54538151738,0.09,-89825.1125071924,0.09,-84050.85261776275,0.09,-78531.92409669785,0.09,-73435.16627936938,0.09,-64599.21905205677,0.09,-57684.88065455441,0.09,-51924.40229251608,0.09,-47092.73597364651,0.09,-43001.30052415236,0.09,-39502.12186736028,0.09,-36480.98159309668
0.09999999999999999,-316181.250922944,0.09999999999999999,-206246.0177085571,0.09999999999999999,-162360.6831182011,0.09999999999999999,-133947.3708109846,0.09999999999999999,-128279.0487558883,0.09999999999999999,-120668.6221458236,0.09999999999999999,-112798.4887531417,0.09999999999999999,-105303.3494366826,0.09999999999999999,-98397.21053571682,0.09999999999999999,-86450.18201202375,0.09999999999999999,-77121.05317040534,0.09999999999999999,-69358.18157706485,0.09999999999999999,-62852.92502148223,0.09999999999999999,-57348.3579645771,0.09999999999999999,-52643.54875364242,0.09999999999999999,-48583.71927161957
0.11,-416848.1235239591,0.11,-275623.1182247773,0.11,-218091.7609117791,0.11,-180393.8413491882,0.11,-172457.3334052058,0.11,-162012.238561057,0.11,-151285.0154561764,0.11,-141106.0965600737,0.11,-131748.7554644289,0.11,-115597.1465441416,0.11,-103012.232703904,0.11,-92553.68327640492,0.11,-83798.03717442862,0.11,-76395.15714910215,0.11,-70072.15173793485,0.11,-64619.25749825392
0.12,-549458.7555133008,0.12,-368226.0803684258,0.12,-292838.1413310822,0.12,-242831.8716361045,0.12,-231725.1567174923,0.12,-217389.9816922955,0.12,-202769.1164553391,0.12,-188946.7295591365,0.12,-176269.9688532649,0.12,-154438.4747356385,0.12,-137466.3314934915,0.12,-123381.1028188867,0.12,-111601.6289659398,0.12,-101650.659708988,0.12,-93157.54121308669,0.12,-85837.9868670867
0.13,-724093.1622002252,0.13,-491773.7027451064,0.13,-393031.1354920745,0.13,-326712.6385538293,0.13,-311178.8073673478,0.13,-291507.2864462768,0.13,-271582.2133887122,0.13,-252815.6063806512,0.13,-235645.8117904274,0.13,-206145.6028271449,0.13,-183265.4213538126,0.13,-164304.5359819222,0.13,-148465.2355403554,0.13,-135096.9646495878,0.13,-123696.2908230724,0.13,-113877.9590261578
0.14,-953984.2260964812,0.14,-656522.0041458086,0.14,-527249.7151804646,0.14,-439319.4686046499,0.14,-417609.064682614,0.14,-390620.7359983688,0.14,-363473.2594501417,0.14,-338000.7044968965,0.14,-314752.6882846519,0.14,-274904.9648376976,0.14,-244074.5462071544,0.14,-218564.2032729946,0.14,-197278.9470841846,0.14,-179332.0149107865,0.14,-164039.7050299673,0.14,-150880.0230120911
0.15,-1256490.466074651,0.15,-876084.3627914464,0.15,-706924.0270912685,0.15,-590370.7454276463,0.15,-560051.4066988903,0.15,-523036.255416278,0.15,-486059.7438474462,0.15,-451497.0021722115,0.15,-420031.4295009737,0.15,-366231.3105402415,0.15,-324711.0140266764,0.15,-290410.506251574,0.15,-261826.8601955191,0.15,-237751.4996825133,0.15,-217256.0851193032,0.15,-199633.5293951878
0.16,-1654362.454577945,0.16,-1168509.615603791,0.16,-947262.1015999212,0.16,-792814.2517636861,0.16,-750507.5727671526,0.16,-699759.8779727014,0.16,-649414.7209934191,0.16,-602537.5712949273,0.16,-559969.656880338,0.16,-487370.5233762889,0.16,-431488.6866936733,0.16,-385401.6499199397,0.16,-347046.9434380887,0.16,-314777.73713282,0.16,-287333.8583918554,0.16,-263757.8056705778
0.17,-2177388.281942032,0.17,-1557695.361040899,0.17,-1268466.419064272,0.17,-1063869.609684588,0.17,-1004887.391132847,0.17,-935343.1318958135,0.17,-866826.0576110935,0.17,-803277.6259597137,0.17,-745720.5824646982,0.17,-647812.4048882357,0.17,-572652.9266906934,0.17,-510776.7943596308,0.17,-459354.3988450035,0.17,-416142.3442967935,0.17,-379430.5615387069,0.17,-347922.9314592089
0.18,-2864526.629091307,0.18,-2075234.623762242,0.18,-1697324.406456992,0.18,-1426389.657892762,0.18,-1344230.817825954,0.18,-1248973.49240498,0.18,-1155770.310271031,0.18,-1069667.198244988,0.18,-991888.2539013218,0.18,-859934.5997886084,0.18,-758920.8894870022,0.18,-675914.5060037774,0.18,-607034.5155992373,0.18,-549225.7650500247,0.18,-500168.4634904151,0.18,-458108.8022029344
0.19,-3766664.569357949,0.19,-2762819.301604528,0.19,-2269277.288764147,0.19,-1910627.555286893,0.19,-1796281.533046592,0.19,-1665867.962087213,0.19,-1539148.17267387,0.19,-1422550.121021328,0.19,-1317509.206722528,0.19,-1139795.740594884,0.19,-1004136.445051169,0.19,-892879.2518249718,0.19,-800702.8598438499,0.19,-723447.8109311562,0.19,-657968.1981782332,0.19,-601891.7525810606
0.2,-4950171.944658926,0.2,-3675353.471354594,0.2,-3031094.329306627,0.2,-2556512.910936322,0.2,-2397493.255764978,0.2,-2219032.156726959,0.2,-2046828.301594698,0.2,-1889023.295963919,0.2,-1747253.921173876,0.2,-1508085.200418697,0.2,-1326035.186144061,0.2,-1177042.787855886,0.2,-1053813.448258149,0.2,-950685.4132743222,0.2,-863393.4519697796,0.2,-788729.5964916361
0.21,-6501465.619048361,0.21,-4884963.00395877,0.21,-4044302.500195533,0.21,-3416554.611896551,0.21,-3195554.319331425,0.21,-2951443.562498648,0.21,-2717536.185072782,0.21,-2504075.014229003,0.21,-2312852.311296994,0.21,-1991212.24677451,0.21,-1747086.334577533,0.21,-1547736.286373475,0.21,-1383163.361286031,0.21,-1245661.223768975,0.21,-1129447.381593481,0.21,-1030184.147584948
0.2200000000000001,-8532845.212074064,0.2200000000000001,-6486123.022679665,0.2200000000000001,-5389541.088634843,0.2200000000000001,-4559494.976758972,0.2200000000000001,-4252507.96921905,0.2200000000000001,-3918697.595466884,0.2200000000000001,-3601095.413590176,0.2200000000000001,-3312484.73387774,0.2200000000000001,-3054705.824186747,0.2200000000000001,-2622469.114741005,0.2200000000000001,-2295325.489837551,0.2200000000000001,-2028834.264397235,0.2200000000000001,-1809287.342040212,0.2200000000000001,-1626192.834327194,0.2200000000000001,-1471709.365596042,0.2200000000000001,-1339970.465473186
0.2300000000000001,-11189916.28212871,0.2300000000000001,-8602157.205680875,0.2300000000000001,-7172019.219635494,0.2300000000000001,-6074829.856613028,0.2300000000000001,-5648513.181865267,0.2300000000000001,-5192104.954910437,0.2300000000000001,-4760965.575986579,0.2300000000000001,-4370894.227371797,0.2300000000000001,-4023569.779666845,0.2300000000000001,-3443116.955972729,0.2300000000000001,-3005003.213404114,0.2300000000000001,-2649083.176790447,0.2300000000000001,-2356551.040553722,0.2300000000000001,-2113112.31928073,0.2300000000000001,-1908126.251883805,0.2300000000000001,-1733653.613150659
0.2400000000000001,-14660975.05306011,0.2400000000000001,-11393384.63186789,0.2400000000000001,-9528238.645549208,0.2400000000000001,-8078266.030347386,0.2400000000000001,-7486213.833906556,0.2400000000000001,-6862127.078487481,0.2400000000000001,-6276902.259007396,0.2400000000000001,-5749830.329238871,0.2400000000000001,-5282053.697108352,0.2400000000000001,-4503105.248180915,0.2400000000000001,-3916738.95422633,0.2400000000000001,-3441860.886263543,0.2400000000000001,-3052636.894491061,0.2400000000000001,-2729564.48916453,0.2400000000000001,-2458184.586775417,0.2400000000000001,-2227739.30242347
0.2500000000000001,-19188785.80890879,0.2500000000000001,-15067186.55103508,0.2500000000000001,-12634082.57196976,0.2500000000000001,-10718084.35273715,0.2500000000000001,-9895532.764062092,0.2500000000000001,-9041852.828754721,0.2500000000000001,-8247361.82179427,0.2500000000000001,-7535247.818622319,0.2500000000000001,-6905474.375694002,0.2500000000000001,-5860934.510452655,0.2500000000000001,-5076690.134000308,0.2500000000000001,-4443901.64806679,0.2500000000000001,-3926995.415954515,0.2500000000000001,-3499300.865735984,0.2500000000000001,-3141126.793369889,0.2500000000000001,-2837866.473216604
0.2600000000000001,-25085229.18606925,0.2600000000000001,-19890213.61912828,0.2600000000000001,-16714229.30043348,0.2600000000000001,-14182174.73681234,0.2600000000000001,-13038440.28507656,0.2600000000000001,-11869916.88058426,0.2600000000000001,-10790958.10766156,0.2600000000000001,-9828849.225339958,0.2600000000000001,-8981299.947114777,0.2600000000000001,-7581925.421063539,0.2600000000000001,-6534061.844686683,0.2600000000000001,-5692403.058229625,0.2600000000000001,-5007778.991514804,0.2600000000000001,-4443586.17236644,0.2600000000000001,-3972921.245846357,0.2600000000000001,-3575895.798550185
0.2700000000000001,-32749321.88863769,0.2700000000000001,-26202816.91889552,0.2700000000000001,-22052576.14709219,0.2700000000000001,-18705152.19838966,0.2700000000000001,-17112816.20304716,0.2700000000000001,-15511807.98411355,0.2700000000000001,-14045841.92337788,0.2700000000000001,-12746042.74652785,0.2700000000000001,-11606082.9132721,0.2700000000000001,-9733945.140166985,0.2700000000000001,-8336209.028957631,0.2700000000000001,-7219983.398191692,0.2700000000000001,-6316931.136632062,0.2700000000000001,-5576570.600433539,0.2700000000000001,-4961991.842882228,0.2700000000000001,-4446024.548774545
0.2800000000000001,-42689082.13258834,0.2800000000000001,-34435508.84252271,0.2800000000000001,-29002885.90720383,0.2800000000000001,-24574387.47042964,0.2800000000000001,-22353896.29699527,0.2800000000000001,-20157923.79839286,0.2800000000000001,-18165375.86079831,0.2800000000000001,-16410024.44355544,0.2800000000000001,-14878539.64785699,0.2800000000000001,-12379659.95665536,0.2800000000000001,-10520845.58116072,0.2800000000000001,-9047403.781583795,0.2800000000000001,-7863672.241688534,0.2800000000000001,-6899619.134206504,0.2800000000000001,-6104379.88139145,0.2800000000000001,-5440724.629977347
0.2900000000000001,-55547604.31401927,0.2900000000000001,-45126767.36046572,0.2900000000000001,-37998116.92010465,0.2900000000000001,-32132941.52523971,0.2900000000000001,-29030998.7254327,0.2900000000000001,-26016120.42868892,0.2900000000000001,-23308122.34122016,0.2900000000000001,-20940386.35410536,0.2900000000000001,-18887604.99833274,0.2900000000000001,-15564966.99380098,0.2900000000000001,-13105771.30129676,0.2900000000000001,-11175024.04572166,0.2900000000000001,-9637715.447146498,0.2900000000000001,-8396138.021426819,0.2900000000000001,-7379965.901244118,0.2900000000000001,-6538134.868854038
0.3000000000000001,-72133458.50502062,0.3000000000000001,-58940696.86248256,0.3000000000000001,-49555810.64424837,0.3000000000000001,-41776307.35217969,0.3000000000000001,-37436454.4980781,0.3000000000000001,-33296219.6305032,0.3000000000000001,-29620392.36747214,0.3000000000000001,-26435342.61534882,0.3000000000000001,-23695351.05909586,0.3000000000000001,-19304764.21072775,0.3000000000000001,-16078203.13196182,0.3000000000000001,-13575539.11710202,0.3000000000000001,-11604877.98889186,0.3000000000000001,-10029462.30075939,0.3000000000000001,-8752087.60019131,0.3000000000000001,-7702954.247137398
0.3100000000000001,-93455072.80018727,0.3100000000000001,-76681860.43192838,0.3100000000000001,-64275522.03612664,0.3100000000000001,-53938756.8095983,0.3100000000000001,-47863408.0723993,0.3100000000000001,-42184621.08478285,0.3100000000000001,-37211083.79007486,0.3100000000000001,-32948706.21196435,0.3100000000000001,-29317016.26334664,0.3100000000000001,-23569633.02436059,0.3100000000000001,-19387786.85754893,0.3100000000000001,-16191859.33571132,0.3100000000000001,-13708375.19811041,0.3100000000000001,-11746383.97856939,0.3100000000000001,-10172426.97475507,0.3100000000000001,-8892069.807038402
0.3200000000000001,-120757995.343673,0.3200000000000001,-99302966.32280201,0.3200000000000001,-82822850.30420671,0.3200000000000001,-69064556.84404629,0.3200000000000001,-60570283.41685066,0.3200000000000001,-52809666.36104517,0.3200000000000001,-46121837.64689085,0.3200000000000001,-40466296.20412506,0.3200000000000001,-35703763.4536005,0.3200000000000001,-28279335.33452579,0.3200000000000001,-22948236.68430642,0.3200000000000001,-18943578.26702026,0.3200000000000001,-15877738.36188705,0.3200000000000001,-13486993.82264532,0.3200000000000001,-11590865.61927797,0.3200000000000001,-10063920.21220015
0.3300000000000001,-155562758.637567,0.3300000000000001,-127899150.76092,0.3300000000000001,-105893842.7497562,0.3300000000000001,-87560450.95467377,0.3300000000000001,-75733283.45272179,0.3300000000000001,-65203169.92615233,0.3300000000000001,-56300284.61449353,0.3300000000000001,-48890358.10128672,0.3300000000000001,-42736449.0687383,0.3300000000000001,-33309117.02115021,0.3300000000000001,-26650476.93433483,0.3300000000000001,-21742250.4651233,0.3300000000000001,-18043739.2100209,0.3300000000000001,-15198121.40199549,0.3300000000000001,-12967051.73337868,0.3300000000000001,-11188174.69830259
0.3400000000000001,-199699377.6802282,0.3400000000000001,-163680809.1706751,0.3400000000000001,-134154647.4750749,0.3400000000000001,-109730004.9829449,0.3400000000000001,-93394700.80140847,0.3400000000000001,-79269461.65775119,0.3400000000000001,-67588008.89682357,0.3400000000000001,-58041881.65278603,0.3400000000000001,-50237643.30766195,0.3400000000000001,-38510694.68687701,0.3400000000000001,-30384861.2618655,0.3400000000000001,-24510805.14134604,0.3400000000000001,-20153893.37616294,0.3400000000000001,-16845068.77322803,0.3400000000000001,-14278930.59708292,0.3400000000000001,-12251699.50552157
0.3500000000000001,-255332256.9606993,0.3500000000000001,-207916281.1635727,0.3500000000000001,-168155894.7749846,0.3500000000000001,-135698465.3944598,0.3500000000000001,-113422301.0772236,0.3500000000000001,-94776735.02576131,0.3500000000000001,-79733752.59306405,0.3500000000000001,-67686077.49649031,0.3500000000000001,-58002434.40415341,0.3500000000000001,-43742370.68486773,0.3500000000000001,-34064436.89524684,0.3500000000000001,-27199328.5970245,0.3500000000000001,-22182158.25319253,0.3500000000000001,-18416871.65406512,0.3500000000000001,-15524944.6263254,0.3500000000000001,-13258720.94720176
0.3600000000000002,-324966559.3354251,0.3600000000000002,-261837777.593178,0.3600000000000002,-208230396.3963969,0.3600000000000002,-165346987.6906305,0.3600000000000002,-135498717.0738569,0.3600000000000002,-111381521.7049686,0.3600000000000002,-92433558.90365346,0.3600000000000002,-77575782.72444172,0.3600000000000002,-65838633.73984966,0.3600000000000002,-48896763.99367473,0.3600000000000002,-37639813.99703228,0.3600000000000002,-29791021.66822222,0.3600000000000002,-24129465.3023637,0.3600000000000002,-19923787.57525197,0.3600000000000002,-16719960.06654373,0.3600000000000002,-14226072.1568598
0.3700000000000002,-411424295.9901497,0.3700000000000002,-326510511.3125235,0.3700000000000002,-254394869.1664858,0.3700000000000002,-198281826.3184854,0.3700000000000002,-159153725.5222059,0.3700000000000002,-128684087.1237681,0.3700000000000002,-105386068.9552516,0.3700000000000002,-87497189.64549577,0.3700000000000002,-73600781.22133729,0.3700000000000002,-53915272.26230635,0.3700000000000002,-41100621.64767381,0.3700000000000002,-32297393.08628187,0.3700000000000002,-26016428.22377568,0.3700000000000002,-21389417.89899844,0.3700000000000002,-17887684.09890517,0.3700000000000002,-15176267.76720127
0.3800000000000002,-517776388.3036345,0.3800000000000002,-402676728.551019,0.3800000000000002,-306285858.7449803,0.3800000000000002,-233859526.3566145,0.3800000000000002,-183835426.3767888,0.3800000000000002,-146296712.1375314,0.3800000000000002,-118342178.5075919,0.3800000000000002,-97300271.39769939,0.3800000000000002,-81205381.56633444,0.3800000000000002,-58785612.81467161,0.3800000000000002,-44465462.89848194,0.3800000000000002,-34746707.15245261,0.3800000000000002,-27872584.55622754,0.3800000000000002,-22841427.51681755,0.3800000000000002,-19052915.17641844,0.3800000000000002,-16131119.68433126
0.3900000000000002,-647217145.0961118,0.3900000000000002,-490600903.5216088,0.3900000000000002,-363158449.1840975,0.3900000000000002,-271270126.4778153,0.3900000000000002,-208997373.6469,0.3900000000000002,-163899715.7162402,0.3900000000000002,-131131445.6108447,0.3900000000000002,-106904968.3262936,0.3900000000000002,-88625179.73988129,0.3900000000000002,-63527157.82428205,0.3900000000000002,-47766812.41446928,0.3900000000000002,-37171386.34612434,0.3900000000000002,-29726575.66291036,0.3900000000000002,-24304069.53627858,0.3900000000000002,-20235889.25830632,0.3900000000000002,-17107456.92138977
0.4000000000000002,-802871792.2574412,0.4000000000000002,-589953371.0786974,0.4000000000000002,-423958918.0632451,0.4000000000000002,-309655217.0114849,0.4000000000000002,-234171421.5570058,0.4000000000000002,-181267985.669662,0.4000000000000002,-143661044.510267,0.4000000000000002,-116287046.7957394,0.4000000000000002,-95870246.89406835,0.4000000000000002,-68172795.20276129,0.4000000000000002,-51037438.36786394,0.4000000000000002,-39598643.71107538,0.4000000000000002,-31599852.0489691,0.4000000000000002,-25793995.98786142,0.4000000000000002,-21449509.37989606,0.4000000000000002,-18115311.29990909
0.4100000000000002,-987537417.0510625,0.4100000000000002,-699768976.4785458,0.4100000000000002,-487455459.1699733,0.4100000000000002,-348223186.1931003,0.4100000000000002,-259006532.4356312,0.4100000000000002,-198267701.8711171,0.4100000000000002,-155896543.794798,0.4100000000000002,-125455552.577786,0.4100000000000002,-102967131.3882566,0.4100000000000002,-72754707.52583933,0.4100000000000002,-54302179.39851128,0.4100000000000002,-42046047.44193598,0.4100000000000002,-33504472.94839654,0.4100000000000002,-27319353.83538826,0.4100000000000002,-22699188.93134608,0.4100000000000002,-19158187.00226074
0.4200000000000002,-1203373091.006886,0.4200000000000002,-818501107.5274673,0.4200000000000002,-552390483.5435523,0.4200000000000002,-386330714.2251365,0.4200000000000002,-283273546.4589403,0.4200000000000002,-214836296.684596,0.4200000000000002,-167838875.8724706,0.4200000000000002,-134433478.4509225,0.4200000000000002,-109944347.6460291,0.4200000000000002,-77297414.6059835,0.4200000000000002,-57575743.80512988,0.4200000000000002,-44521610.33423657,0.4200000000000002,-35444234.80513503,0.4200000000000002,-28881338.93207986,0.4200000000000002,-23984532.56750938,0.4200000000000002,-20234725.32861761
0.4300000000000002,-1451573703.162804,0.4300000000000002,-944165543.9187578,0.4300000000000002,-617616803.3084174,0.4300000000000002,-423520984.8983166,0.4300000000000002,-306850270.2045496,0.4300000000000002,-230961130.0084102,0.4300000000000002,-179508119.9695533,0.4300000000000002,-143247613.93354,0.4300000000000002,-116826924.4083751,0.4300000000000002,-81817630.81023422,0.4300000000000002,-60865073.70041068,0.4300000000000002,-47026875.71041879,0.4300000000000002,-37417788.30889282,0.4300000000000002,-30477095.49641927,0.4300000000000002,-25301946.5548869,0.4300000000000002,-21341024.09962035
0.4400000000000002,-1732079281.422182,0.4400000000000002,-1074545792.220659,0.4400000000000002,-682195972.4607595,0.4400000000000002,-459528292.325227,0.4400000000000002,-329702868.5685638,0.4400000000000002,-246666039.5978967,0.4400000000000002,-190937330.2651599,0.4400000000000002,-151927410.9907476,0.4400000000000002,-123638213.9826684,0.4400000000000002,-86328356.99220957,0.4400000000000002,-64173980.05301724,0.4400000000000002,-49561195.39136454,0.4400000000000002,-39422359.56373417,0.4400000000000002,-32102894.81108449,0.4400000000000002,-26647346.15263484,0.4400000000000002,-22472951.21697365
0.4500000000000002,-2043381143.121787,0.4500000000000002,-1207421858.895731,0.4500000000000002,-745455901.2395004,0.4500000000000002,-494264801.7678243,0.4500000000000002,-351872110.0058078,0.4500000000000002,-262006647.000863,0.4500000000000002,-202173732.0586048,0.4500000000000002,-160509066.7577727,0.4500000000000002,-130405119.9248706,0.4500000000000002,-90844185.02964082,0.4500000000000002,-67507884.43146464,0.4500000000000002,-52125664.95166013,0.4500000000000002,-41456964.71502424,0.4500000000000002,-33756767.31545155,0.4500000000000002,-28018329.21316247,0.4500000000000002,-23627958.47743731
0.4600000000000002,-2382482732.592831,0.4600000000000002,-1340787295.993309,0.4600000000000002,-807014661.695966,0.4600000000000002,-527800215.6782099,0.4600000000000002,-373464548.1614216,0.4600000000000002,-277070143.6458781,0.4600000000000002,-213282296.9206781,0.4600000000000002,-169040353.9260861,0.4600000000000002,-137163057.9993607,0.4600000000000002,-95385469.01120993,0.4600000000000002,-70877178.89201301,0.4600000000000002,-54725737.85818681,0.4600000000000002,-43524447.12915595,0.4600000000000002,-35440109.3669408,0.4600000000000002,-29415462.21961294,0.4600000000000002,-24806126.15758174
0.4700000000000003,-2745053590.04486,0.4700000000000003,-1473027447.631875,0.4700000000000003,-866777451.8064681,0.4700000000000003,-560337592.3022904,0.4700000000000003,-394644428.8378276,0.4700000000000003,-291974437.9152476,0.4700000000000003,-224347467.6752389,0.4700000000000003,-177583035.2683332,0.4700000000000003,-143958353.2908815,0.4700000000000003,-99980161.38434601,0.4700000000000003,-74298566.97127049,0.4700000000000003,-57372168.08960833,0.4700000000000003,-45632138.87213594,0.4700000000000003,-37158150.98740906,0.4700000000000003,-30842613.99677743,0.4700000000000003,-26010402.83291618
0.4800000000000003,-3125780375.820694,0.4800000000000003,-1603039717.994788,0.4800000000000003,-924910592.8476084,0.4800000000000003,-592184707.0937011,0.4800000000000003,-415622450.0786015,0.4800000000000003,-306863536.1258161,0.4800000000000003,-235471019.0487675,0.4800000000000003,-186211674.9816071,0.4800000000000003,-150847423.7462175,0.4800000000000003,-104663206.613852,0.4800000000000003,-77794490.95368518,0.4800000000000003,-60080454.52667721,0.4800000000000003,-47791333.26393421,0.4800000000000003,-38919464.36350288,0.4800000000000003,-32306502.822673,0.4800000000000003,-27246190.50716214
0.4900000000000003,-3518875251.396782,0.4900000000000003,-1730284584.999921,0.4900000000000003,-981795688.5087525,0.4900000000000003,-623720803.7518955,0.4900000000000003,-436640203.1555018,0.4900000000000003,-321898738.9196389,0.4900000000000003,-246766221.0567721,0.4900000000000003,-195009320.6762848,0.4900000000000003,-157893354.4288862,0.4900000000000003,-109474120.5559708,0.4900000000000003,-81391214.9934158,0.4900000000000003,-62869272.59049083,0.4900000000000003,-50015976.59269579,0.4900000000000003,-40734856.65315145,0.4900000000000003,-33815748.16607789,0.4900000000000003,-28520524.04832868
0.5000000000000002,-3918661096.073149,0.5000000000000002,-1854766079.602285,0.5000000000000002,-1037969270.472082,0.5000000000000002,-655360847.9002761,0.5000000000000002,-457951746.6060339,0.5000000000000002,-337247187.0642806,0.5000000000000002,-258349801.3677389,0.5000000000000002,-204061423.1065686,0.5000000000000002,-165161072.5681098,0.5000000000000002,-114453675.4552587,0.5000000000000002,-85116286.02796711,0.5000000000000002,-65758462.85657627,0.5000000000000002,-52321035.50727947,0.5000000000000002,-42616019.0757893,0.5000000000000002,-35379734.97319755,0.5000000000000002,-29841103.49044831
0.5100000000000002,-4320129876.695167,0.5100000000000002,-1976951939.823925,0.5100000000000002,-1094055910.01352,0.5100000000000002,-687520998.799455,0.5100000000000002,-479805043.0279775,0.5100000000000002,-353070001.8702444,0.5100000000000002,-270333547.1370546,0.5100000000000002,-213449497.9977608,0.5100000000000002,-172712358.1766888,0.5100000000000002,-119640544.264289,0.5100000000000002,-88996007.05024524,0.5100000000000002,-68767060.49073753,0.5100000000000002,-54720918.57626189,0.5100000000000002,-44574235.1947282,0.5100000000000002,-37007537.7550441,0.5100000000000002,-31215384.47083053
0.5200000000000002,-4719375604.411373,0.5200000000000002,-2097653148.916096,0.5200000000000002,-1150703586.972854,0.5200000000000002,-720589001.9662393,0.5200000000000002,-502425860.8404559,0.5200000000000002,-369511973.285261,0.5200000000000002,-282817036.3226585,0.5200000000000002,-223245684.5303529,0.5200000000000002,-180601600.0015049,0.5200000000000002,-125068497.383392,0.5200000000000002,-93053348.10921547,0.5200000000000002,-71911681.46676186,0.5200000000000002,-57228194.16853173,0.5200000000000002,-46619338.9851158,0.5200000000000002,-38707057.88577381,0.5200000000000002,-32649852.64564996
0.5300000000000002,-5113836169.369474,0.5300000000000002,-2217886719.011536,0.5300000000000002,-1208528550.551683,0.5300000000000002,-754901945.1244584,0.5300000000000002,-526005795.0009635,0.5300000000000002,-386693968.6150798,0.5300000000000002,-295882348.7687498,0.5300000000000002,-233508830.8612853,0.5300000000000002,-188872774.6501954,0.5300000000000002,-130764443.4005836,0.5300000000000002,-97306495.06788486,0.5300000000000002,-75205408.43223135,0.5300000000000002,-59852710.38034885,0.5300000000000002,-48759003.31020501,0.5300000000000002,-40484437.1649225,0.5300000000000002,-34149532.46081141
0.5400000000000003,-5502326568.102517,0.5400000000000003,-2338743596.19546,0.5400000000000003,-1268073900.761342,0.5400000000000003,-790732159.0307939,0.5400000000000003,-550694942.8162621,0.5400000000000003,-404708419.817704,0.5400000000000003,-309590993.5851029,0.5400000000000003,-244282263.3199798,0.5400000000000003,-197557753.0424862,0.5400000000000003,-136747359.5814227,0.5400000000000003,-101768058.4104858,0.5400000000000003,-78657185.65311159,0.5400000000000003,-62601119.34152655,0.5400000000000003,-50998357.19567557,0.5400000000000003,-42343743.85922673,0.5400000000000003,-35717725.33514941
0.5500000000000003,-5884892016.433035,0.5500000000000003,-2461277274.705803,0.5500000000000003,-1329782969.72157,0.5500000000000003,-828280662.7887483,0.5500000000000003,-576598897.8990401,0.5500000000000003,-423617648.0164295,0.5500000000000003,-323982858.5767266,0.5500000000000003,-255593075.1953646,0.5500000000000003,-206675792.5205996,0.5500000000000003,-143028003.0479795,0.5500000000000003,-106444855.2109918,0.5500000000000003,-82271652.0805048,0.5500000000000003,-65476746.92676812,0.5500000000000003,-53339882.17720874,0.5500000000000003,-44286888.7771568,0.5500000000000003,-37355940.62884062
0.5600000000000003,-6262539266.135736,0.5600000000000003,-2586421020.635034,0.5600000000000003,-1393986198.687444,0.5600000000000003,-867676740.0244874,0.5600000000000003,-603779234.3626077,0.5600000000000003,-443454462.0736648,0.5600000000000003,-339076765.4925967,0.5600000000000003,-267452611.677049,0.5600000000000003,-216233954.7561046,0.5600000000000003,-149609223.2919107,0.5600000000000003,-111338129.5098306,0.5600000000000003,-86049307.44677573,0.5600000000000003,-68479723.60564393,0.5600000000000003,-55783518.66014466,0.5600000000000003,-46313713.75829671,0.5600000000000003,-39063970.60606336
0.5700000000000003,-6636913223.653697,0.5700000000000003,-2714934920.163346,0.5700000000000003,-1460898893.429819,0.5700000000000003,-908981962.8105904,0.5700000000000003,-632256498.5366993,0.5700000000000003,-464224374.4579233,0.5700000000000003,-354872156.3922971,0.5700000000000003,-279857790.0613879,0.5700000000000003,-226228165.1634646,0.5700000000000003,-156486686.0383367,0.5700000000000003,-116444070.876289,0.5700000000000003,-89986903.64832576,0.5700000000000003,-71607291.09002492,0.5700000000000003,-58326913.05231423,0.5700000000000003,-48422195.29700724,0.5700000000000003,-40840061.23160651
0.5800000000000003,-7009977334.772864,0.5800000000000003,-2847379473.516539,0.5800000000000003,-1530626857.790295,0.5800000000000003,-952197081.9083055,0.5800000000000003,-662014789.3357991,0.5800000000000003,-485908826.5331408,0.5800000000000003,-371351476.8128831,0.5800000000000003,-292792928.6612648,0.5800000000000003,-236644659.1223806,0.5800000000000003,-163649841.0417496,0.5800000000000003,-121754508.6381702,0.5800000000000003,-94077967.97757019,0.5800000000000003,-74854211.23805615,0.5800000000000003,-60965746.32590452,0.5800000000000003,-50608714.43094023,0.5800000000000003,-42681137.87532898
0.5900000000000003,-7383738103.620727,0.5900000000000003,-2984110242.426112,0.5900000000000003,-1603177129.022116,0.5900000000000003,-997270487.2252109,0.5900000000000003,-693007176.5552515,0.5900000000000003,-508468929.7685896,0.5900000000000003,-388482905.6290897,0.5900000000000003,-306231822.9654481,0.5900000000000003,-247461612.3520163,0.5900000000000003,-171083001.987011,0.5900000000000003,-127257685.7896284,0.5900000000000003,-98313385.34185889,0.5900000000000003,-78213220.10491021,0.5900000000000003,-63694098.08935624,0.5900000000000003,-52868355.19903888,0.5900000000000003,-44583054.44266547
0.6000000000000003,-7760034375.641504,0.6000000000000003,-3125287592.828695,0.6000000000000003,-1678471551.642429,0.6000000000000003,-1044107273.076494,0.6000000000000003,-725161398.71899,0.6000000000000003,-531849357.3689956,0.6000000000000003,-406223173.6065264,0.6000000000000003,-320139877.3269306,0.6000000000000003,-258650807.5103915,0.6000000000000003,-178766443.0240497,0.6000000000000003,-132939043.3254501,0.6000000000000003,-102681987.1010692,0.6000000000000003,-81675486.23497771,0.6000000000000003,-66504813.37999192,0.6000000000000003,-55195204.82463701,0.6000000000000003,-46540843.5652478
0.6100000000000003,-8140395761.590795,0.6100000000000003,-3270896158.468216,0.6100000000000003,-1756361503.833802,0.6100000000000003,-1092578241.607485,0.6100000000000003,-758385455.3209743,0.6100000000000003,-555982135.190433,0.6100000000000003,-424520294.2027625,0.6100000000000003,-334476161.671082,0.6100000000000003,-270179236.7578026,0.6100000000000003,-186677447.7159482,0.6100000000000003,-138781968.6204359,0.6100000000000003,-107171111.5990958,0.6100000000000003,-85231046.02091061,0.6100000000000003,-69389850.46958129,0.6100000000000003,-57582637.90596601,0.6100000000000003,-48548953.12987716
0.6200000000000003,-8525963837.57724,0.6200000000000003,-3420769695.564867,0.6200000000000003,-1836642608.518255,0.6200000000000003,-1142528414.669677,0.6200000000000003,-792572846.0674405,0.6200000000000003,-580790171.6117842,0.6200000000000003,-443316094.7019004,0.6200000000000003,-349195310.961005,0.6200000000000003,-282010577.4508119,0.6200000000000003,-194791270.5537272,0.6200000000000003,-144768479.2779893,0.6200000000000003,-111767115.0120624,0.6200000000000003,-88869199.59287234,0.6200000000000003,-72340596.54078613,0.6200000000000003,-60023573.93634927,0.6200000000000003,-50601460.30937895
0.6300000000000003,-8917464297.448635,0.6300000000000003,-3574618115.476225,0.6300000000000003,-1919068673.033324,0.6300000000000003,-1193784797.736613,0.6300000000000003,-827607311.2463998,0.6300000000000003,-606190433.0679352,0.6300000000000003,-462548483.3813377,0.6300000000000003,-364249220.7008454,0.6300000000000003,-294106505.6546015,0.6300000000000003,-203081989.0452813,0.6300000000000003,-150879826.903436,0.6300000000000003,-116455821.0344227,0.6300000000000003,-92578858.45925881,0.6300000000000003,-75348144.3278005,0.6300000000000003,-62510702.59244042,0.6300000000000003,-52692258.5292445
0.6400000000000003,-9315216733.687645,0.6400000000000003,-3732054468.858309,0.6400000000000003,-2003364404.585884,0.6400000000000003,-1246163259.844072,0.6400000000000003,-863366998.6155461,0.6400000000000003,-632096719.1721004,0.6400000000000003,-482153421.9656944,0.6400000000000003,-379588516.7897211,0.6400000000000003,-306427831.5201837,0.6400000000000003,-211523236.9089015,0.6400000000000003,-157097014.3820957,0.6400000000000003,-121222904.8391793,0.6400000000000003,-96348841.52757816,0.6400000000000003,-78403527.15147585,0.6400000000000003,-65036674.78040344,0.6400000000000003,-54815215.76326146
0.6500000000000004,-9719169649.146549,0.6500000000000004,-3892620438.619252,0.6500000000000004,-2089236661.069834,0.6500000000000004,-1299474474.751419,0.6500000000000004,-899728030.7684025,0.6500000000000004,-658422023.6239909,0.6500000000000004,-502066595.5500642,0.6500000000000004,-395163795.1194711,0.6500000000000004,-318935453.7592173,0.6500000000000004,-220088817.4005488,0.6500000000000004,-163401226.4080656,0.6500000000000004,-126054211.402263,0.6500000000000004,-100168119.7599728,0.6500000000000004,-81497912.67780931,0.6500000000000004,-67594259.79687269,0.6500000000000004,-56964304.51862304
0.6600000000000004,-10128950390.18879,0.6600000000000004,-4055809480.544662,0.6600000000000004,-2176384140.988221,0.6600000000000004,-1353528922.610851,0.6600000000000004,-936567479.4734342,0.6600000000000004,-685080488.6966611,0.6600000000000004,-522224787.4719305,0.6600000000000004,-410926637.6646825,0.6600000000000004,-331591139.1844009,0.6600000000000004,-228753201.3978713,0.6600000000000004,-169774177.0319874,0.6600000000000004,-130936011.2942226,0.6600000000000004,-104026012.0506487,0.6600000000000004,-84622757.58365504,0.6600000000000004,-70176470.46928963,0.6600000000000004,-59133705.11920165
0.6700000000000004,-10543922091.64038,0.6700000000000004,-4221087162.357371,0.6700000000000004,-2264505512.229598,0.6700000000000004,-1408140987.349626,0.6700000000000004,-973765774.9879656,0.6700000000000004,-711988975.2520087,0.6700000000000004,-542566976.5536109,0.6700000000000004,-426830419.1362708,0.6700000000000004,-344358138.8769587,0.6700000000000004,-237491918.4032587,0.6700000000000004,-176198380.4991436,0.6700000000000004,-135855198.8926212,0.6700000000000004,-107912336.3292311,0.6700000000000004,-87769926.429662,0.6700000000000004,-72776659.04031119,0.6700000000000004,-61317884.63572808
0.6800000000000004,-10963241959.69526,0.6800000000000004,-4387908534.153288,0.6800000000000004,-2353306042.55869,0.6800000000000004,-1463132208.690691,0.6800000000000004,-1011208592.250075,0.6800000000000004,-739068279.2010564,0.6800000000000004,-563035180.3226861,0.6800000000000004,-442830922.7552332,0.6800000000000004,-357201655.9225852,0.6800000000000004,-246281850.7194044,0.6800000000000004,-182657353.0834696,0.6800000000000004,-140799439.0024941,0.6800000000000004,-111817520.6693332,0.6800000000000004,-90931778.64036304,0.6800000000000004,-75388587.03724551,0.6800000000000004,-63511654.1978137
0.6900000000000004,-11385917083.50048,0.6900000000000004,-4555732551.465824,0.6900000000000004,-2442502835.387816,0.6900000000000004,-1518333762.98346,0.6900000000000004,-1048788264.368564,0.6900000000000004,-766244030.5955822,0.6900000000000004,-583575071.3249354,0.6900000000000004,-458886786.1670084,0.6900000000000004,-370089181.4621555,0.6900000000000004,-255101442.1142156,0.6900000000000004,-189135754.3043886,0.6900000000000004,-145757268.3346267,0.6900000000000004,-115732679.5099932,0.6900000000000004,-94101227.73303244,0.6900000000000004,-78006472.55069669,0.6900000000000004,-65710207.56511796
0.7000000000000004,-11810855414.53646,0.7000000000000004,-4724033694.509749,0.7000000000000004,-2531828799.516829,0.7000000000000004,-1573588256.042851,0.7000000000000004,-1086404778.391212,0.7000000000000004,-793447314.1033937,0.7000000000000004,-604136395.2021692,0.7000000000000004,-474959799.5165787,0.7000000000000004,-382990716.472361,0.7000000000000004,-263930832.6194381,0.7000000000000004,-195619476.0631023,0.7000000000000004,-150718158.3546427,0.7000000000000004,-119649660.1163588,0.7000000000000004,-97271776.93215735,0.7000000000000004,-80625018.32930031,0.7000000000000004,-67909143.81111363
0.7100000000000004,-12236910621.7499,0.7100000000000004,-4892311003.415893,0.7100000000000004,-2621035495.407401,0.7100000000000004,-1628750915.415851,0.7100000000000004,-1123966409.887662,0.7100000000000004,-820615050.1639891,0.7100000000000004,-624673219.32507,0.7100000000000004,-491015077.6332023,0.7100000000000004,-395878896.5364222,0.7100000000000004,-272751930.9077995,0.7100000000000004,-202095688.0117429,0.7100000000000004,-155672545.80314,0.7100000000000004,-123561064.2133072,0.7100000000000004,-100437535.1348467,0.7100000000000004,-83239423.94552664,0.7100000000000004,-70104476.83836284
0.7200000000000004,-12662920287.11751,0.7200000000000004,-5060094793.209983,0.7200000000000004,-2709895006.026522,0.7200000000000004,-1683690269.893591,0.7200000000000004,-1161390052.130691,0.7200000000000004,-847690175.1482731,0.7200000000000004,-645144039.8284218,0.7200000000000004,-507021127.4246546,0.7200000000000004,-408729036.1179264,0.7200000000000004,-281548435.1217024,0.7200000000000004,-208552846.9894283,0.7200000000000004,-160611836.788968,0.7200000000000004,-127460249.3932074,0.7200000000000004,-103593216.9122622,0.7200000000000004,-85845385.04889484,0.7200000000000004,-72292634.23892416
0.7300000000000004,-13087737421.62701,0.7300000000000004,-5226951333.216552,0.7300000000000004,-2798200979.346546,0.7300000000000004,-1738288401.453947,0.7300000000000004,-1198601293.154065,0.7300000000000004,-874621656.756879,0.7300000000000004,-665511773.1904826,0.7300000000000004,-522949830.1832679,0.7300000000000004,-421519107.6933724,0.7300000000000004,-290305812.2030559,0.7300000000000004,-214980677.7130249,0.7300000000000004,-165528389.8421959,0.7300000000000004,-131341314.4802907,0.7300000000000004,-106734129.8862061,0.7300000000000004,-88439082.43277732,0.7300000000000004,-74470447.7669417
0.7400000000000004,-13510255617.33967,0.7400000000000004,-5392485779.90694,0.7400000000000004,-2885768983.770813,0.7400000000000004,-1792440849.861716,0.7400000000000004,-1235534290.184894,0.7400000000000004,-901364378.0223908,0.7400000000000004,-685743656.2772,0.7400000000000004,-538776356.7471362,0.7400000000000004,-434229669.6766378,0.7400000000000004,-299011244.7938269,0.7400000000000004,-221370131.1663582,0.7400000000000004,-170415482.7324686,0.7400000000000004,-135199072.5694032,0.7400000000000004,-109856152.4404777,0.7400000000000004,-91017163.3255122,0.7400000000000004,-76635137.42428359
0.7500000000000004,-13929428356.55605,0.7500000000000004,-5556343644.583271,0.7500000000000004,-2972436308.362772,0.7500000000000004,-1846056243.524003,0.7500000000000004,-1272131486.31288,0.7500000000000004,-927878919.9173628,0.7500000000000004,-705811076.2397721,0.7500000000000004,-554479031.4926757,0.7500000000000004,-446843755.5000872,0.7500000000000004,-307653553.7168934,0.7500000000000004,-227713326.3435715,0.7500000000000004,-175267267.2520103,0.7500000000000004,-139029014.9768274,0.7500000000000004,-112955704.3375755,0.7500000000000004,-93576716.99515088,0.7500000000000004,-78784290.89023103
0.7600000000000005,-14344283111.56525,0.7600000000000005,-5718211061.202453,0.7600000000000005,-3058061327.923423,0.7600000000000005,-1899055722.499529,0.7600000000000005,-1308343209.134162,0.7600000000000005,-954131268.9537598,0.7600000000000005,-725689348.980269,0.7600000000000005,-570039159.0839261,0.7600000000000005,-459346734.5973468,0.7600000000000005,-316223102.9664337,0.7600000000000005,-234003480.2116806,0.7600000000000005,-180078715.5604964,0.7600000000000005,-142827268.8678905,0.7600000000000005,-116029712.4302976,0.7600000000000005,-96115246.4438654,0.7600000000000005,-80915839.76422139
0.7700000000000005,-14753930915.68122,0.7700000000000005,-5877814097.86868,0.7700000000000005,-3142522539.675128,0.7700000000000005,-1951372211.319598,0.7700000000000005,-1344127185.799994,0.7700000000000005,-980092472.4870199,0.7700000000000005,-745357462.2199391,0.7700000000000005,-585440825.8672628,0.7700000000000005,-471726154.4354584,0.7700000000000005,-324711693.0825446,0.7700000000000005,-240234829.9945539,0.7700000000000005,-184845561.1130199,0.7700000000000005,-146590550.876354,0.7700000000000005,-119075573.297275,0.7700000000000005,-98630637.67272083,0.7700000000000005,-83028033.8443673
0.7800000000000005,-15157572088.49574,0.7800000000000005,-6034917330.303224,0.7800000000000005,-3225717364.406032,0.7800000000000005,-2002949590.94163,0.7800000000000005,-1379448003.658407,0.7800000000000005,-1005738260.863246,0.7800000000000005,-764797796.6217706,0.7800000000000005,-600670685.8515016,0.7800000000000005,-483971571.2242396,0.7800000000000005,-333112447.7888811,0.7800000000000005,-246402551.167311,0.7800000000000005,-189564236.6573903,0.7800000000000005,-150316118.6149942,0.7800000000000005,-122091114.2995297,0.7800000000000005,-101121127.7264462,0.7800000000000005,-85119414.43902913
0.7900000000000005,-15554498770.29435,0.7900000000000005,-6189321868.743266,0.7900000000000005,-3307560791.084312,0.7900000000000005,-2053741811.070991,0.7900000000000005,-1414276540.686129,0.7900000000000005,-1031048652.183562,0.7900000000000005,-783995836.0068201,0.7900000000000005,-615717739.4039489,0.7900000000000005,-496074375.5255746,0.7900000000000005,-341419697.8574876,0.7900000000000005,-252502673.9000958,0.7900000000000005,-194231811.3022745,0.7900000000000005,-154001721.60178,0.7900000000000005,-125074554.2566673,0.7900000000000005,-103585272.4847323,0.7900000000000005,-87188787.50695066
0.8000000000000005,-15944094873.23723,0.8000000000000005,-6340863002.665051,0.8000000000000005,-3387983930.691844,0.8000000000000005,-2103711976.512886,0.8000000000000005,-1448589385.299915,0.8000000000000005,-1056007552.3814,0.8000000000000005,-802939875.510806,0.8000000000000005,-630573111.1557071,0.8000000000000005,-508027617.718608,0.8000000000000005,-349628865.3446095,0.8000000000000005,-258532000.1112805,0.8000000000000005,-198845928.2279546,0.8000000000000005,-157645552.7948412,0.8000000000000005,-128024464.6783973,0.8000000000000005,-106021914.9529033,0.8000000000000005,-89235197.24446583
0.8100000000000005,-16325833998.2002,0.8100000000000005,-6489407601.555767,0.8100000000000005,-3466932532.717553,0.8100000000000005,-2152831434.323018,0.8100000000000005,-1482368260.991569,0.8100000000000005,-1080602360.560946,0.8100000000000005,-821620734.5805613,0.8100000000000005,-645229832.1615548,0.8100000000000005,-519825837.1598345,0.8100000000000005,-357736350.6211149,0.8100000000000005,-264488022.7847238,0.8100000000000005,-203404744.2379915,0.8100000000000005,-161246201.6424209,0.8100000000000005,-130939732.2598045,0.8100000000000005,-108430154.6205204,0.8100000000000005,-91257900.58584552
0.8200000000000005,-16699275801.94938,0.8200000000000005,-6634851385.454541,0.8200000000000005,-3544365506.633418,0.8200000000000005,-2201078882.411283,0.8200000000000005,-1515599467.589988,0.8200000000000005,-1104823587.145929,0.8200000000000005,-840031480.0173506,0.8200000000000005,-659682630.1052299,0.8200000000000005,-531464897.9119604,0.8200000000000005,-365739424.0012937,0.8200000000000005,-270368848.7730967,0.8200000000000005,-207906872.0314163,0.8200000000000005,-164802609.3098686,0.8200000000000005,-133819523.155925,0.8200000000000005,-110809318.3002854,0.8200000000000005,-93256342.95388807
0.8300000000000005,-17064061233.87246,0.8300000000000005,-6777116156.658691,0.8300000000000005,-3620253480.872537,0.8300000000000005,-2248439514.953634,0.8300000000000005,-1548273347.823539,0.8300000000000005,-1128664490.33726,0.8300000000000005,-858167162.8329219,0.8300000000000005,-673927730.2757473,0.8300000000000005,-542941833.0976201,0.8300000000000005,-373636123.2503093,0.8300000000000005,-276173125.9454492,0.8300000000000005,-212351325.8081519,0.8300000000000005,-168314026.5416941,0.8300000000000005,-136663249.3902821,0.8300000000000005,-113158932.7295952,0.8300000000000005,-95230135.4906043
0.8400000000000005,-17419906997.8004,0.8400000000000005,-6916147064.134129,0.8400000000000005,-3694577423.373565,0.8400000000000005,-2294904215.473742,0.8400000000000005,-1580383785.220482,0.8400000000000005,-1152120734.658844,0.8400000000000005,-876024571.4798617,0.8400000000000005,-687962669.1526443,0.8400000000000005,-554254699.2540833,0.8400000000000005,-381425157.8166561,0.8400000000000005,-281899975.2370668,0.8400000000000005,-216737470.6006923,0.8400000000000005,-171779974.4492477,0.8400000000000005,-139470537.6202579,0.8400000000000005,-115478699.1107239,0.8400000000000005,-97179033.91025634
0.8500000000000005,-17766599534.60131,0.8500000000000005,-7051909954.884024,0.8500000000000005,-3767327340.615093,0.8500000000000005,-2340468804.726619,0.8500000000000005,-1611927737.211209,0.8500000000000005,-1175190073.959123,0.8500000000000005,-893602003.0321715,0.8500000000000005,-701786121.7131281,0.8500000000000005,-565402441.5106934,0.8500000000000005,-389105820.283197,0.8500000000000005,-287548927.9165102,0.8500000000000005,-221064975.5478167,0.8500000000000005,-175200208.3797517,0.8500000000000005,-142241200.3762464,0.8500000000000005,-117768469.6802679,0.8500000000000005,-99102919.0467858
0.8600000000000005,-18103988766.47937,0.8600000000000005,-7184388851.787515,0.8600000000000005,-3838501066.157301,0.8600000000000005,-2385133347.486466,0.8600000000000005,-1642904805.54014,0.8600000000000005,-1197872060.099834,0.8600000000000005,-910899053.1009681,0.8600000000000005,-715397742.9936813,0.8600000000000005,-576384769.9678967,0.8600000000000005,-396677905.2493367,0.8600000000000005,-293119868.1920242,0.8600000000000005,-225333771.1858908,0.8600000000000005,-178574684.916022,0.8600000000000005,-144975209.8081492,0.8600000000000005,-120028226.3313985,0.8600000000000005,-101001779.1125639
0.8700000000000006,-18431981794.99188,0.8700000000000006,-7313583585.092014,0.8700000000000006,-3908103144.923657,0.8700000000000006,-2428901519.936199,0.8700000000000006,-1673316844.708677,0.8700000000000006,-1220167777.670259,0.8700000000000006,-927916424.6501195,0.8700000000000006,-728798023.9848653,0.8700000000000006,-587202047.3110018,0.8700000000000006,-404141635.638219,0.8700000000000006,-298612981.1300595,0.8700000000000006,-229544010.7251387,0.8700000000000006,-181903531.9743415,0.8700000000000006,-147672673.9086984,0.8700000000000006,-122258061.2610111,0.8700000000000006,-102875693.6431891
0.8800000000000006,-18750536701.94886,0.8800000000000006,-7439507594.634298,0.8800000000000006,-3976143815.667561,0.8800000000000006,-2471780037.494172,0.8800000000000006,-1703167608.10403,0.8800000000000006,-1242079604.380845,0.8800000000000006,-944655755.4033127,0.8800000000000006,-741988161.5924104,0.8800000000000006,-597855187.4290979,0.8800000000000006,-411497596.2572098,0.8800000000000006,-304028705.7462355,0.8800000000000006,-233696035.1970425,0.8800000000000006,-185187021.9067038,0.8800000000000006,-150333815.1353307,0.8800000000000006,-124458159.5755938,0.8800000000000006,-104724819.0717214
0.8900000000000006,-19059656565.53088,0.8900000000000006,-7562185911.746222,0.8900000000000006,-4042638091.145235,0.8900000000000006,-2513778141.516679,0.8900000000000006,-1732462430.673157,0.8900000000000006,-1263610996.282232,0.8900000000000006,-961119463.1840074,0.8900000000000006,-754969942.1430815,0.8900000000000006,-608345564.6166937,0.8900000000000006,-418746674.3189327,0.8900000000000006,-309367693.0473055,0.8900000000000006,-237790342.3003656,0.8900000000000006,-188425547.4695573,0.8900000000000006,-152958951.3180349,0.8900000000000006,-126628783.762233,0.8900000000000006,-106549375.8533736
0.9000000000000006,-19359383772.85622,0.9000000000000006,-7681653323.425724,0.9000000000000006,-4107604933.325954,0.9000000000000006,-2554907142.305016,0.9000000000000006,-1761207946.431452,0.9000000000000006,-1284766296.594484,0.9000000000000006,-977310608.2821409,0.9000000000000006,-767745637.7344282,0.9000000000000006,-618674932.8001142,0.9000000000000006,-425890006.5455909,0.9000000000000006,-314630768.7462665,0.9000000000000006,-241827558.7331097,0.9000000000000006,-191619600.4911849,0.9000000000000006,-155548478.7174048,0.9000000000000006,-128770259.9127092,0.9000000000000006,-108349637.0466396
0.9100000000000006,-19649794684.4094,0.9100000000000006,-7797952716.475857,0.9100000000000006,-4171066519.394317,0.9100000000000006,-2595180015.154774,0.9100000000000006,-1789411838.710545,0.9100000000000006,-1305550566.689541,0.9100000000000006,-993232771.7773057,0.9100000000000006,-780317914.6094782,0.9100000000000006,-628845354.142146,0.9100000000000006,-432928932.424707,0.9100000000000006,-319818900.3367652,0.9100000000000006,-245808415.7723265,0.9100000000000006,-194769753.0510862,0.9100000000000006,-158102857.0827311,0.9100000000000006,-130882965.5772975,0.9100000000000006,-110125918.2476847
0.9200000000000006,-19930994684.69027,0.9200000000000006,-7911133595.69839,0.9200000000000006,-4233047593.224282,0.9200000000000006,-2634611045.750427,0.9200000000000006,-1817082620.812469,0.9200000000000006,-1325969437.623874,0.9200000000000006,-1008889948.65018,0.9200000000000006,-792689752.6679709,0.9200000000000006,-638859136.327062,0.9200000000000006,-439864953.1532832,0.9200000000000006,-324933168.1931045,0.9200000000000006,-249733727.850168,0.9200000000000006,-197876640.974977,0.9200000000000006,-160622596.552634,0.9200000000000006,-132967319.1191678,0.9200000000000006,-111878568.7702747
0.9300000000000006,-20203113636.5938,0.9300000000000006,-8021250767.658611,0.9300000000000006,-4293574896.332657,0.9300000000000006,-2673215520.97566,0.9300000000000006,-1844229444.617279,0.9300000000000006,-1346028980.547292,0.9300000000000006,-1024286454.468681,0.9300000000000006,-804864375.1948202,0.9300000000000006,-648718777.805781,0.9300000000000006,-446699695.7948187,0.9300000000000006,-329974740.355002,0.9300000000000006,-253604373.8701204,0.9300000000000006,-200940949.4461014,0.9300000000000006,-163108246.23877,0.9300000000000006,-135023770.4389325,0.9300000000000006,-113607963.9625552
0.9400000000000006,-20466301743.82647,0.9400000000000006,-8128363179.819516,0.9400000000000006,-4352676671.966592,0.9400000000000006,-2711009461.133967,0.9400000000000006,-1870861934.660252,0.9400000000000006,-1365735594.300855,0.9400000000000006,-1039426844.429685,0.9400000000000006,-816845187.8845609,0.9400000000000006,-658426920.2811674,0.9400000000000006,-453434882.1750989,0.9400000000000006,-334944850.6586123,0.9400000000000006,-257421281.0098664,0.9400000000000006,-203963400.5359356,0.9400000000000006,-165560384.3352988,0.9400000000000006,-137052792.9408036,0.9400000000000006,-115314498.5536985
0.9500000000000006,-20720725815.56501,0.9500000000000006,-8232532903.804731,0.9500000000000006,-4410382235.870813,0.9500000000000006,-2748009389.615459,0.9500000000000006,-1896990045.231582,0.9500000000000006,-1385095908.546656,0.9500000000000006,-1054315843.561641,0.9500000000000006,-828635726.260559,0.9500000000000006,-667986307.729943,0.9500000000000006,-460072302.0546138,0.9500000000000006,-339844779.8848073,0.9500000000000006,-261185410.764803,0.9500000000000006,-206944742.4635455,0.9500000000000006,-167979609.6019267,0.9500000000000006,-139054876.6161405,0.9500000000000006,-116998580.9271205
0.9600000000000006,-20966565920.06792,0.9600000000000006,-8333824251.045403,0.9600000000000006,-4466721607.356768,0.9600000000000006,-2784232136.172758,0.9600000000000006,-1922623938.137013,0.9600000000000006,-1404116700.833563,0.9600000000000006,-1068958286.93921,0.9600000000000006,-840239610.6235559,0.9600000000000006,-677399751.2863057,0.9600000000000006,-466613790.1348724,0.9600000000000006,-344675839.6102001,0.9600000000000006,-264897746.9974844,0.9600000000000006,-209885740.4017637,0.9600000000000006,-170366534.0755768,0.9600000000000006,-141030522.1261528,0.9600000000000006,-118660628.2220094
0.9700000000000006,-21204012408.60505,0.9700000000000006,-8432303008.970739,0.9700000000000006,-4521725194.505596,0.9700000000000006,-2819694670.156247,0.9700000000000006,-1947773878.877184,0.9700000000000006,-1422804826.085785,0.9700000000000006,-1083359068.821927,0.9700000000000006,-851660507.7104231,0.9700000000000006,-686670099.3489587,0.9700000000000006,-473061206.4803906,0.9700000000000006,-349439358.4643065,0.9700000000000006,-268559285.771817,0.9700000000000006,-212787168.6590433,0.9700000000000006,-172721776.8743491,0.9700000000000006,-142980235.7726271,0.9700000000000006,-120301062.1708421
0.9800000000000006,-21433263287.47571,0.9800000000000006,-8528035786.111448,0.9800000000000006,-4575423527.641123,0.9800000000000006,-2854413960.284803,0.9800000000000006,-1972450149.144916,0.9800000000000006,-1441167157.097768,0.9800000000000006,-1097523099.699002,0.9800000000000006,-862902098.2973709,0.9800000000000006,-695800212.3150693,0.9800000000000006,-479416419.9657432,0.9800000000000006,-354136670.5161658,0.9800000000000006,-272171026.765949,0.9800000000000006,-215649804.0776088,0.9800000000000006,-175045958.9668873,0.9800000000000006,-144904525.2532818,0.9800000000000006,-121920305.58703
0.9900000000000007,-21654521913.6913,0.9900000000000007,-8621089454.918325,0.9900000000000007,-4627847035.573903,0.9900000000000007,-2888406857.777589,0.9900000000000007,-1996662973.693714,0.9900000000000007,-1459210534.723392,0.9900000000000007,-1111455270.297786,0.9900000000000007,-873968050.0387515,0.9900000000000007,-704792941.3891315,0.9900000000000007,-485681294.3864624,0.9900000000000007,-358769105.5347861,0.9900000000000007,-275733966.0735408,0.9900000000000007,-218474420.5008121,0.9900000000000007,-177339698.7900684,0.9900000000000007,-146803896.1063712,0.9900000000000007,-123518779.4235111
1.000000000000001,-21867994988.80271,1.000000000000001,-8711530681.679962,1.000000000000001,-4679025859.518089,1.000000000000001,-2921689999.931978,1.000000000000001,-2020422459.790167,1.000000000000001,-1476941726.555066,1.000000000000001,-1125160421.690929,1.000000000000001,-884861994.8909955,1.000000000000001,-713651110.9603101,1.000000000000001,-491857676.9023349,1.000000000000001,-363337980.8890378,1.000000000000001,-279249090.2190312,1.000000000000001,-221261784.1749292,1.000000000000001,-179603608.607803,1.000000000000001,-148678848.757223,1.000000000000001,-125096900.3298145
1.010000000000001,-22073890825.11021,1.010000000000001,-8799425533.607519,1.010000000000001,-4728989700.000047,1.010000000000001,-2954279731.493918,1.010000000000001,-2043738547.622503,1.010000000000001,-1494367392.995712,1.010000000000001,-1138643320.71421,1.010000000000001,-895587510.5290179,1.010000000000001,-722377504.0867983,1.010000000000001,-497947388.5112371,1.010000000000001,-367844594.873584,1.010000000000001,-282717371.228154,1.010000000000001,-224012649.9627555,1.010000000000001,-181838291.5133654,1.010000000000001,-150529876.0872496,1.010000000000001,-126655078.641634
1.020000000000001,-22272417858.88617,1.020000000000001,-8884839153.88975,1.020000000000001,-4777767692.496198,1.020000000000001,-2986192041.421769,1.020000000000001,-2066620970.193071,1.020000000000001,-1511494059.7309,1.020000000000001,-1151908639.981847,1.020000000000001,-906148105.2187462,1.020000000000001,-730974850.6694901,1.020000000000001,-503952216.2801089,1.020000000000001,-372290221.2676405,1.020000000000001,-286139762.6100062,1.020000000000001,-226727758.257981,1.020000000000001,-184044338.9869369,1.020000000000001,-152357461.4534976,1.020000000000001,-128193716.7432186
1.030000000000001,-22463783386.10041,1.030000000000001,-8967835496.283268,1.030000000000001,-4825388307.946715,1.030000000000001,-3017442512.889567,1.030000000000001,-2089079221.371173,1.030000000000001,-1528328095.708277,1.030000000000001,-1164960941.857513,1.030000000000001,-916547205.6627295,1.030000000000001,-739445817.9387753,1.030000000000001,-509873907.0868528,1.030000000000001,-376676104.9525098,1.030000000000001,-289517196.121181,1.030000000000001,-229407832.5003003,1.030000000000001,-186222328.9287513,1.030000000000001,-154162077.0939148,1.030000000000001,-129713207.7487605
1.040000000000001,-22648192497.32865,1.040000000000001,-9048477111.560263,1.040000000000001,-4871879274.684111,1.040000000000001,-3048046284.606124,1.040000000000001,-2111122530.923051,1.040000000000001,-1544875695.825158,1.040000000000001,-1177804665.806149,1.040000000000001,-926788147.3861682,1.040000000000001,-747793002.9172804,1.040000000000001,-515714162.6522583,1.040000000000001,-381003458.4317476,1.040000000000001,-292850579.1957744,1.040000000000001,-232053577.2014479,1.040000000000001,-188372824.0963738,1.040000000000001,-155944182.8600858,1.040000000000001,-131213934.4544194
1.050000000000001,-22825847189.92418,1.050000000000001,-9126824978.8752,1.050000000000001,-4917267518.68603,1.050000000000001,-3078018021.741093,1.050000000000001,-2132759845.465803,1.050000000000001,-1561142867.612105,1.050000000000001,-1190444118.614004,1.050000000000001,-936874167.277156,1.050000000000001,-756018926.557428,1.050000000000001,-521474635.6646132,1.050000000000001,-385273459.1142772,1.050000000000001,-296140792.9372679,1.050000000000001,-234665676.4017282,1.050000000000001,-190496370.8820628,1.050000000000001,-157704225.2252572,1.050000000000001,-132696268.5176442
1.060000000000001,-22996945637.06649,1.060000000000001,-9202938375.818775,1.060000000000001,-4961579119.406485,1.060000000000001,-3107371894.946957,1.060000000000001,-2153999814.412063,1.060000000000001,-1577135421.280693,1.060000000000001,-1202883467.021303,1.060000000000001,-946808397.9375371,1.060000000000001,-764126029.2857871,1.060000000000001,-527156926.8210726,1.060000000000001,-389487247.2358803,1.060000000000001,-299388690.5794359,1.060000000000001,-237244792.4851799,1.060000000000001,-192593498.3729401,1.060000000000001,-159442636.5209249,1.060000000000001,-134160569.8249505
1.070000000000001,-23161681594.88914,1.070000000000001,-9276874781.592781,1.070000000000001,-5004839278.758121,1.070000000000001,-3136121566.146156,1.070000000000001,-2174850780.081187,1.070000000000001,-1592858962.575886,1.070000000000001,-1215126732.363691,1.070000000000001,-956593863.5395833,1.070000000000001,-772116667.7160878,1.070000000000001,-532762582.6292977,1.070000000000001,-393645924.3080388,1.070000000000001,-302595096.3333981,1.070000000000001,-239791565.28914,1.070000000000001,-194664717.6427413,1.070000000000001,-161159834.3601674,1.070000000000001,-135607186.013377
1.080000000000001,-23320243930.48889,1.080000000000001,-9348689808.361212,1.080000000000001,-5047072301.108405,1.080000000000001,-3164280179.915442,1.080000000000001,-2195320771.251389,1.080000000000001,-1608318887.939499,1.080000000000001,-1227177786.865316,1.080000000000001,-966233476.9182931,1.080000000000001,-779993112.3196533,1.080000000000001,-538293093.8302588,1.080000000000001,-397750551.9951829,1.080000000000001,-305760804.5468396,1.080000000000001,-242306611.4507825,1.080000000000001,-196710521.2292537,1.080000000000001,-162856221.2102112,1.080000000000001,-137036452.1143775
1.090000000000001,-23472816255.18659,1.090000000000001,-9418437156.403862,1.090000000000001,-5088301582.416182,1.090000000000001,-3191860359.446103,1.090000000000001,-2215417499.515184,1.090000000000001,-1623520381.549402,1.090000000000001,-1239040351.26781,1.090000000000001,-975730037.6600839,1.090000000000001,-787757545.8657913,1.090000000000001,-543749894.3184359,1.090000000000001,-401802151.3320857,1.090000000000001,-308886579.1091937,1.090000000000001,-244790523.9391048,1.090000000000001,-198731382.7561987,1.090000000000001,-164532184.0804611,1.090000000000001,-138448690.2919841
1.100000000000001,-23619576648.9206,1.100000000000001,-9486168589.22261,1.100000000000001,-5128549606.872118,1.100000000000001,-3218874206.188704,1.100000000000001,-2235148357.878931,1.100000000000001,-1638468413.850961,1.100000000000001,-1250717993.515988,1.100000000000001,-985086230.9757214,1.100000000000001,-795412062.4655726,1.100000000000001,-549134360.4490482,1.100000000000001,-405801702.2023194,1.100000000000001,-311973153.043267,1.100000000000001,-247243871.7259198,1.100000000000001,-200727756.6622716,1.100000000000001,-166188094.2953828,1.100000000000001,-139844209.6496576
1.110000000000001,-23760697463.08805,1.110000000000001,-9551933925.225607,1.110000000000001,-5167837949.617902,1.110000000000001,-3245333302.406208,1.110000000000001,-2254520421.115915,1.110000000000001,-1653167741.242533,1.110000000000001,-1262214128.253013,1.110000000000001,-994304627.1688384,1.110000000000001,-802958667.0704548,1.110000000000001,-554447810.6334813,1.110000000000001,-409750143.0065504,1.110000000000001,-315021228.2294407,1.110000000000001,-249667199.5536124,1.110000000000001,-202700078.0033125,1.110000000000001,-167824307.3242311,1.110000000000001,-141223306.0823646
1.120000000000001,-23896345190.49609,1.120000000000001,-9615781043.041716,1.120000000000001,-5206187284.307763,1.120000000000001,-3271248715.960293,1.120000000000001,-2273540447.442445,1.120000000000001,-1667622906.615865,1.120000000000001,-1273532016.904942,1.120000000000001,-1003387681.531482,1.120000000000001,-810399275.2924703,1.120000000000001,-559691505.1336713,1.120000000000001,-413648370.4559024,1.120000000000001,-318031475.213152,1.120000000000001,-252061027.76083,1.120000000000001,-204648762.2961946,1.120000000000001,-169441162.6416603,1.120000000000001,-142586262.1520363
1.130000000000001,-24026680392.33358,1.130000000000001,-9677755897.902948,1.130000000000001,-5243617394.441254,1.130000000000001,-3296631006.743492,1.130000000000001,-2292214881.137839,1.130000000000001,-1681838240.485646,1.130000000000001,-1284674768.157795,1.130000000000001,-1012337734.514768,1.130000000000001,-817735713.4252988,1.130000000000001,-564866645.9741135,1.130000000000001,-417497239.4307803,1.130000000000001,-321004533.0499249,1.130000000000001,-254425852.1298449,1.130000000000001,-206574205.374915,1.130000000000001,-171038983.5947177,1.130000000000001,-143933346.9657533
1.140000000000001,-24151857673.22715,1.140000000000001,-9737902546.873211,1.140000000000001,-5280147187.542468,1.140000000000001,-3321490234.245244,1.140000000000001,-2310549855.773016,1.140000000000001,-1695817862.470036,1.140000000000001,-1295645338.648868,1.140000000000001,-1021157012.036311,1.140000000000001,-824969718.5556561,1.140000000000001,-569974376.8962243,1.140000000000001,-421297562.8493305,1.140000000000001,-323941009.1447412,1.140000000000001,-256762143.7210437,1.140000000000001,-208476783.2306169,1.140000000000001,-172618077.2526161,1.140000000000001,-145264816.0366239
1.150000000000001,-24272025696.49893,1.150000000000001,-9796263181.006033,1.150000000000001,-5315794711.387196,1.150000000000001,-3345835965.804523,1.150000000000001,-2328551197.748544,1.150000000000001,-1709565682.906633,1.150000000000001,-1306446533.709097,1.150000000000001,-1029847625.796297,1.150000000000001,-832102938.6618251,1.150000000000001,-575015783.2840999,1.150000000000001,-425050111.49221,1.150000000000001,-326841479.0439961,1.150000000000001,-259070348.6608865,1.150000000000001,-210356851.8077777,1.150000000000001,-174178734.2159776,1.150000000000001,-146580911.1075092
1.160000000000001,-24387327232.69996,1.160000000000001,-9852878162.781351,1.160000000000001,-5350577171.589622,1.160000000000001,-3369677285.155128,1.160000000000001,-2346224429.87242,1.160000000000001,-1723085404.405542,1.160000000000001,-1317081008.004042,1.160000000000001,-1038411573.48141,1.160000000000001,-839136932.6011958,1.160000000000001,-579991891.9932828,1.160000000000001,-428755613.7314317,1.160000000000001,-329706486.138646,1.160000000000001,-261350887.8496426,1.160000000000001,-212214746.7285686,1.160000000000001,-175721228.3618906,1.160000000000001,-147881859.9173173
1.170000000000001,-24497899235.36044,1.170000000000001,-9907786067.406656,1.170000000000001,-5384510949.953833,1.170000000000001,-3393022800.914272,1.170000000000001,-2363574774.730261,1.170000000000001,-1736380523.153516,1.170000000000001,-1327551265.92809,1.170000000000001,-1046850738.739794,1.170000000000001,-846073169.89096,1.170000000000001,-584903671.0148314,1.170000000000001,-432414755.1107074,1.170000000000001,-332536541.2363752,1.170000000000001,-263604156.5542327,1.170000000000001,-214050782.9163418,1.170000000000001,-177245816.5000848,1.170000000000001,-149167875.8886147
1.180000000000001,-24603872938.67539,1.180000000000001,-9961023726.773365,1.180000000000001,-5417611623.075427,1.180000000000001,-3415880654.699613,1.180000000000001,-2380607157.616764,1.180000000000001,-1749454329.790538,1.180000000000001,-1337859661.609576,1.180000000000001,-1055166890.811086,1.180000000000001,-852913030.1858561,1.180000000000001,-589752028.9057685,1.180000000000001,-436028177.7228369,1.180000000000001,-335332121.958517,1.180000000000001,-265830523.8494639,1.180000000000001,-215865254.0872759,1.180000000000001,-178752737.9137446,1.180000000000001,-150439157.7136339
1.190000000000001,-24705373972.54214,1.190000000000001,-10012626275.03763,1.190000000000001,-5449893980.744875,1.190000000000001,-3438258528.586472,1.190000000000001,-2397326208.806806,1.190000000000001,-1762309909.68243,1.190000000000001,-1348008398.383349,1.190000000000001,-1063361683.693029,1.190000000000001,-859657802.3536223,1.190000000000001,-594537813.9136323,1.190000000000001,-439596479.3261258,1.190000000000001,-338093671.914066,1.190000000000001,-268030331.8677385,1.190000000000001,-217658432.0762851,1.190000000000001,-180242213.7558113,1.190000000000001,-151695888.8133687
1.200000000000001,-24802522490.98635,1.200000000000001,-10062627194.94954,1.200000000000001,-5481372043.7591,1.200000000000001,-3460163651.634896,1.200000000000001,-2413736264.947894,1.200000000000001,-1774950142.410188,1.200000000000001,-1357999527.582029,1.200000000000001,-1071436654.719919,1.200000000000001,-866308683.0425742,1.200000000000001,-599261812.7172757,1.200000000000001,-443120212.136377,1.200000000000001,-340821599.5980616,1.200000000000001,-270203894.8128184,1.200000000000001,-219430565.9592451,1.200000000000001,-181714446.2680084,1.200000000000001,-152938236.641175
1.210000000000001,-24895433310.56618,1.210000000000001,-10111058364.18706,1.210000000000001,-5512059080.791297,1.210000000000001,-3481602805.225825,1.210000000000001,-2429841369.351984,1.210000000000001,-1787377700.288063,1.210000000000001,-1367834946.486944,1.210000000000001,-1079393222.417932,1.210000000000001,-872866774.6259969,1.210000000000001,-603924748.6978198,1.210000000000001,-446599881.2234051,1.210000000000001,-343516276.9548472,1.210000000000001,-272351497.6871452,1.210000000000001,-221181880.9282106,1.210000000000001,-183169617.7850563,1.210000000000001,-154166351.7980706
1.220000000000001,-24984216055.831,1.220000000000001,-10157950101.06441,1.220000000000001,-5541967624.002142,1.220000000000001,-3502582326.947719,1.220000000000001,-2445645270.954401,1.220000000000001,-1799595045.708068,1.220000000000001,-1377516395.264592,1.220000000000001,-1087232683.4877,1.220000000000001,-879333082.3944585,1.220000000000001,-608527279.6425,1.220000000000001,-450035942.4310038,1.220000000000001,-346178037.5378243,1.220000000000001,-274473394.6744267,1.220000000000001,-222912576.86944,1.220000000000001,-184607889.4804473,1.220000000000001,-155380366.9215003
1.230000000000001,-25068975309.34184,1.230000000000001,-10203331209.07949,1.230000000000001,-5571109483.099259,1.230000000000001,-3523108112.76798,1.230000000000001,-2461151421.689657,1.230000000000001,-1811604427.087122,1.230000000000001,-1387045452.693131,1.230000000000001,-1094956208.744668,1.230000000000001,-885708510.8490701,1.230000000000001,-613069994.7695988,1.230000000000001,-453428799.7263411,1.230000000000001,-348807174.185986,1.230000000000001,-276569807.1092781,1.230000000000001,-224622826.5853164,1.230000000000001,-186029399.8024994,1.230000000000001,-156580395.3025618
1.240000000000001,-25149810764.1382,1.240000000000001,-10247229019.84544,1.240000000000001,-5599495757.565934,1.240000000000001,-3543185617.20835,1.240000000000001,-2476362972.007468,1.240000000000001,-1823407873.164424,1.240000000000001,-1396423530.455664,1.240000000000001,-1102564837.822041,1.240000000000001,-891993858.9255406,1.240000000000001,-617553410.9440074,1.240000000000001,-456778801.8684829,1.240000000000001,-351403936.1233174,1.240000000000001,-278640920.9533289,1.240000000000001,-226312773.5904522,1.240000000000001,-187434262.5398807,1.240000000000001,-157766529.1782594
1.250000000000001,-25226817376.86568,1.250000000000001,-10289669434.01628,1.250000000000001,-5627136846.785188,1.250000000000001,-3562819851.21898,1.250000000000001,-2491282764.217096,1.250000000000001,-1835007185.359129,1.250000000000001,-1405651865.741306,1.250000000000001,-1110059472.408524,1.250000000000001,-898189813.9494786,1.250000000000001,-621977967.9296284,1.250000000000001,-460086238.2653588,1.250000000000001,-353968525.3695175,1.250000000000001,-280686883.6819044,1.250000000000001,-227982529.3988946,1.250000000000001,-188822564.444074,1.250000000000001,-158938837.6350095
1.260000000000001,-25300085520.06854,1.260000000000001,-10330676959.86972,1.260000000000001,-5654042457.781467,1.260000000000001,-3582015377.4108,1.260000000000001,-2505913323.301855,1.260000000000001,-1846403927.850977,1.260000000000001,-1414731511.850334,1.260000000000001,-1117440867.75231,1.260000000000001,-904296944.0869131,1.260000000000001,-626344022.4958214,1.260000000000001,-463351333.863381,1.260000000000001,-356501092.3287711,1.260000000000001,-282707800.4665507,1.260000000000001,-229632170.2029575,1.260000000000001,-190194362.3218992,1.260000000000001,-160097364.0469553
1.270000000000001,-25369701132.39964,1.270000000000001,-10370274749.25073,1.270000000000001,-5680221610.289139,1.270000000000001,-3600776302.259967,1.270000000000001,-2520256844.787716,1.270000000000001,-1857599414.987637,1.270000000000001,-1423663326.444289,1.270000000000001,-1124709622.112415,1.270000000000001,-910315689.0089086,1.270000000000001,-630651841.1593492,1.270000000000001,-466574242.883077,1.270000000000001,-359001730.3967572,1.270000000000001,-284703729.5157455,1.270000000000001,-231261732.8242523,1.270000000000001,-191549679.4937316,1.270000000000001,-161242122.9572799
1.280000000000001,-25435745865.7186,1.280000000000001,-10408484630.61018,1.280000000000001,-5705682638.834064,1.280000000000001,-3619106264.839293,1.280000000000001,-2534315179.177673,1.280000000000001,-1868594695.549498,1.280000000000001,-1432447957.013709,1.280000000000001,-1131866163.776726,1.280000000000001,-916246348.4339675,1.280000000000001,-634901591.2994956,1.280000000000001,-469755041.1764392,1.280000000000001,-361470469.3937052,1.280000000000001,-286674676.4082137,1.280000000000001,-232871209.793292,1.280000000000001,-192888501.4919381,1.280000000000001,-162373096.2921053
1.290000000000001,-25498297228.23484,1.290000000000001,-10445327138.89295,1.290000000000001,-5730433191.481817,1.290000000000001,-3637008421.55828,1.290000000000001,-2548089812.375248,1.290000000000001,-1879390533.314184,1.290000000000001,-1441085823.053382,1.290000000000001,-1138910735.190991,1.290000000000001,-922089068.1445552,1.290000000000001,-639093330.3307182,1.290000000000001,-472893716.9360491,1.290000000000001,-363907267.5922452,1.290000000000001,-288620587.2196454,1.290000000000001,-234460543.3849032,1.290000000000001,-194210770.8486421,1.290000000000001,-163490228.7742956
1.300000000000001,-25557428723.01232,1.300000000000001,-10480821542.0408,1.300000000000001,-5754480224.862144,1.300000000000001,-3654485426.303554,1.300000000000001,-2561581841.413077,1.300000000000001,-1889987383.255343,1.300000000000001,-1449577094.334374,1.300000000000001,-1145843373.65184,1.300000000000001,-927843822.9927434,1.300000000000001,-643226992.5525126,1.300000000000001,-475990159.430846,1.300000000000001,-366312002.0616943,1.300000000000001,-290541340.2032347,1.300000000000001,-236029618.401852,1.300000000000001,-195516380.7916286,1.300000000000001,-164593422.3779017
1.310000000000001,-25613209981.29081,1.310000000000001,-10514985863.87712,1.310000000000001,-5777829995.022982,1.310000000000001,-3671539405.262393,1.310000000000001,-2574791944.673262,1.310000000000001,-1900385362.580815,1.310000000000001,-1457921664.541268,1.310000000000001,-1152663887.907365,1.310000000000001,-933510396.3117331,1.310000000000001,-647302373.2183381,1.310000000000001,-479044145.3773313,1.310000000000001,-368684456.9942786,1.310000000000001,-292436735.7364839,1.310000000000001,-237578253.4577625,1.310000000000001,-196805167.6313796,1.310000000000001,-165682529.632724
1.320000000000001,-25665706890.19344,1.320000000000001,-10547836903.13463,1.320000000000001,-5800488043.598207,1.320000000000001,-3688171925.58145,1.320000000000001,-2587720345.631155,1.320000000000001,-1910584215.660631,1.320000000000001,-1466119119.398508,1.320000000000001,-1159371829.87772,1.320000000000001,-939088355.0326892,1.320000000000001,-651319109.2720954,1.320000000000001,-482055322.4763167,1.320000000000001,-371024309.6123073,1.320000000000001,-294306484.1902091,1.320000000000001,-239106190.4620362,1.320000000000001,-198076901.5804427,1.320000000000001,-166757345.5520574
1.330000000000001,-25714981714.48957,1.330000000000001,-10579390248.37075,1.330000000000001,-5822459178.688329,1.330000000000001,-3704383956.856739,1.330000000000001,-2600366768.970724,1.330000000000001,-1920583271.711555,1.330000000000001,-1474168698.238181,1.330000000000001,-1165966460.552674,1.330000000000001,-944577019.6671215,1.330000000000001,-655276656.0900701,1.330000000000001,-485023189.5527486,1.330000000000001,-373331113.1776979,1.330000000000001,-296150191.3101137,1.330000000000001,-240613081.9536182,1.330000000000001,-199331275.6983467,1.330000000000001,-167817597.9151511
1.340000000000001,-25761093212.16444,1.340000000000001,-10609660288.49179,1.340000000000001,-5843747449.751913,1.340000000000001,-3720175824.26713,1.340000000000001,-2612730387.703055,1.340000000000001,-1930381393.889218,1.340000000000001,-1482069247.760424,1.340000000000001,-1172446708.940616,1.340000000000001,-949975428.1515678,1.340000000000001,-659174259.4362457,1.340000000000001,-487947072.6286374,1.340000000000001,-375604276.535958,1.340000000000001,-297967340.6266262,1.340000000000001,-242098475.8674085,1.340000000000001,-200567892.6015384,1.340000000000001,-168862935.5896403
1.350000000000001,-25804096743.61502,1.350000000000001,-10638660218.57384,1.350000000000001,-5864356115.685305,1.350000000000001,-3735547151.948273,1.350000000000001,-2624809759.667852,1.350000000000001,-1939976918.188375,1.350000000000001,-1489819166.504137,1.350000000000001,-1178811122.732217,1.350000000000001,-955282292.3623737,1.350000000000001,-663010921.6887282,1.350000000000001,-490826096.13671,1.350000000000001,-377843039.526574,1.350000000000001,-299757272.3259364,1.350000000000001,-243561797.2480574,1.350000000000001,-201786248.5196104,1.350000000000001,-169892914.5296974
1.360000000000001,-25844044374.34933,1.360000000000001,-10666402040.62517,1.360000000000001,-5884287605.126267,1.360000000000001,-3750496794.95471,1.360000000000001,-2636602751.508066,1.360000000000001,-1949367580.265425,1.360000000000001,-1497416338.280191,1.360000000000001,-1185057809.102075,1.360000000000001,-960495945.8938944,1.360000000000001,-666785361.2249429,1.360000000000001,-493659148.3467677,1.360000000000001,-380046443.4829471,1.360000000000001,-301519157.9271133,1.360000000000001,-245002326.3538288,1.360000000000001,-202985714.2194126,1.360000000000001,-170906981.0357067
1.370000000000001,-25880984971.1121,1.370000000000001,-10692896558.88283,1.370000000000001,-5903543467.852541,1.370000000000001,-3765022757.873518,1.370000000000001,-2648106447.881775,1.370000000000001,-1958550427.977584,1.370000000000001,-1504858052.524221,1.370000000000001,-1191184363.806214,1.370000000000001,-965614281.4572208,1.370000000000001,-670495963.6664834,1.370000000000001,-496444839.9325174,1.370000000000001,-382213295.9331513,1.370000000000001,-303251970.0225176,1.370000000000001,-246419172.523734,1.370000000000001,-204165512.2630268,1.370000000000001,-171904451.8162273
1.380000000000001,-25914964291.39629,1.380000000000001,-10718153369.17183,1.380000000000001,-5922124315.95668,1.380000000000001,-3779122097.83395,1.380000000000001,-2659317043.316571,1.380000000000001,-1967521717.08673,1.380000000000001,-1512140909.210308,1.380000000000001,-1197187786.451705,1.380000000000001,-970634676.0068889,1.380000000000001,-674140723.4886297,1.380000000000001,-499181454.4632067,1.380000000000001,-384342128.5077245,1.380000000000001,-304954446.2614806,1.380000000000001,-247811243.1241178,1.380000000000001,-205324690.0232852,1.380000000000001,-172884490.3616355
1.390000000000001,-25946025066.33139,1.390000000000001,-10742180841.78139,1.390000000000001,-5940029753.261906,1.390000000000001,-3792790809.309304,1.390000000000001,-2670229713.732461,1.390000000000001,-1976276787.219258,1.390000000000001,-1519260705.647905,1.390000000000001,-1203064379.534175,1.390000000000001,-975553901.4574827,1.390000000000001,-677717174.3095481,1.390000000000001,-501866889.4786341,1.390000000000001,-386431146.9798077,1.390000000000001,-306625046.7073034,1.390000000000001,-249177206.8622613,1.390000000000001,-206462087.8666321,1.390000000000001,-173846079.1350959
1.400000000000001,-25974207076.96058,1.400000000000001,-10764986097.22436,1.400000000000001,-5957258291.202124,1.400000000000001,-3806023687.740186,1.400000000000001,-2680838464.2819,1.400000000000001,-1984809914.835191,1.400000000000001,-1526212302.194038,1.400000000000001,-1208809628.591663,1.400000000000001,-980368018.6406115,1.400000000000001,-681222306.0160815,1.400000000000001,-504498586.7257496,1.400000000000001,-388478172.3338027,1.400000000000001,-308261903.7013608,1.400000000000001,-250515450.7791329,1.400000000000001,-207576301.9505423,1.400000000000001,-174787987.1316006
1.410000000000001,-25999547223.9373,1.410000000000001,-10786574974.1467,1.410000000000001,-5973807249.122766,1.410000000000001,-3818814168.644178,1.410000000000001,-2691135949.818547,1.410000000000001,-1993114139.689544,1.410000000000001,-1532989463.703549,1.410000000000001,-1214418060.661352,1.410000000000001,-985072252.0254669,1.410000000000001,-684652466.7996796,1.410000000000001,-507073450.144304,1.410000000000001,-390480571.8239259,1.410000000000001,-309862763.4656003,1.410000000000001,-251824030.3480999,1.410000000000001,-208665641.2052805,1.410000000000001,-175708732.480466
1.420000000000001,-26022079590.68494,1.420000000000001,-10806951988.53947,1.420000000000001,-5989672636.675226,1.420000000000001,-3831154138.550651,1.420000000000001,-2701113264.073904,1.420000000000001,-2001181061.145163,1.420000000000001,-1539584673.496028,1.420000000000001,-1219883078.231354,1.420000000000001,-989660842.7608734,1.420000000000001,-688003248.2339239,1.420000000000001,-509587750.3541216,1.420000000000001,-392435179.20648,1.420000000000001,-311424918.9236215,1.420000000000001,-253100612.363706,1.420000000000001,-209728078.3249163,1.420000000000001,-176606540.0138867
1.430000000000001,-26041835500.07154,1.430000000000001,-10826120283.27899,1.430000000000001,-6004849015.686197,1.430000000000001,-3843033713.868765,1.430000000000001,-2710759693.590689,1.430000000000001,-2009000600.838708,1.430000000000001,-1545988916.864489,1.430000000000001,-1225196766.176835,1.430000000000001,-994126877.9106972,1.430000000000001,-691269351.8241384,1.430000000000001,-512037014.8137895,1.430000000000001,-394338203.7977727,1.430000000000001,-312945133.7009406,1.430000000000001,-254342410.77597,1.430000000000001,-210761195.043847,1.430000000000001,-177479294.1502979
1.440000000000001,-26058843564.65896,1.440000000000001,-10844081566.87984,1.440000000000001,-6019329338.604488,1.440000000000001,-3854440983.749615,1.440000000000001,-2720062432.781282,1.440000000000001,-2016560728.786568,1.440000000000001,-1552191431.872452,1.440000000000001,-1230349669.937363,1.440000000000001,-998462094.5159366,1.440000000000001,-694444436.1420844,1.440000000000001,-514415903.6226646,1.440000000000001,-396185128.8425114,1.440000000000001,-314419558.0813916,1.440000000000001,-255546116.4023282,1.440000000000001,-211762122.7021657,1.440000000000001,-178324488.1160938
1.450000000000001,-26073129730.58988,1.450000000000001,-10860836040.19472,1.450000000000001,-6033104760.391427,1.450000000000001,-3865361713.269848,1.450000000000001,-2729006257.359436,1.450000000000001,-2023847151.294469,1.450000000000001,-1558179426.638629,1.450000000000001,-1235330544.678174,1.450000000000001,-1002656658.557707,1.450000000000001,-697520944.9196057,1.450000000000001,-516718072.2989019,1.450000000000001,-397970601.0246871,1.450000000000001,-315843638.9759102,1.450000000000001,-256707822.6385219,1.450000000000001,-212727480.1965673,1.450000000000001,-179139171.5292262
1.460000000000001,-26084717315.17914,1.460000000000001,-10876382309.63536,1.460000000000001,-6046164420.575022,1.460000000000001,-3875779004.030729,1.460000000000001,-2737573155.126434,1.460000000000001,-2030842961.339752,1.460000000000001,-1563937764.833625,1.460000000000001,-1240126077.707557,1.460000000000001,-1006698921.317175,1.460000000000001,-700489918.5642785,1.460000000000001,-518936024.9959903,1.460000000000001,-399688314.9854123,1.460000000000001,-317212027.8389965,1.460000000000001,-257822951.0002826,1.460000000000001,-213653312.9596961,1.460000000000001,-179919899.7624126
1.470000000000001,-26093627038.27933,1.470000000000001,-10890717285.32784,1.470000000000001,-6058495192.202266,1.470000000000001,-3885672910.790324,1.470000000000001,-2745741916.065988,1.470000000000001,-2037528255.860787,1.470000000000001,-1569448625.136691,1.470000000000001,-1244720590.394441,1.470000000000001,-1010575159.395004,1.470000000000001,-703340794.772885,1.470000000000001,-521060964.7451083,1.470000000000001,-401330899.5951259,1.470000000000001,-318518493.0638635,1.470000000000001,-258886182.6397225,1.470000000000001,-214535038.6625139,1.470000000000001,-180662690.3242037
1.480000000000001,-26099877047.49361,1.480000000000001,-10903836062.46337,1.480000000000001,-6070081394.699875,1.480000000000001,-3895020015.369004,1.480000000000001,-2753487688.398863,1.480000000000001,-2043879730.126278,1.480000000000001,-1574691146.407905,1.480000000000001,-1249095731.682841,1.480000000000001,-1014269310.153133,1.480000000000001,-706061208.557807,1.480000000000001,-523082651.6212407,1.480000000000001,-402889816.5641271,1.480000000000001,-319755846.7394107,1.480000000000001,-259891404.889813,1.480000000000001,-215367407.8577778,1.480000000000001,-181362993.6902515
1.490000000000001,-26103482937.31553,1.490000000000001,-10915731783.97599,1.490000000000001,-6080904468.331889,1.490000000000001,-3903792963.221003,1.490000000000001,-2760781514.226434,1.490000000000001,-2049870267.6084,1.490000000000001,-1579641078.793434,1.490000000000001,-1253230183.427792,1.490000000000001,-1017762721.902724,1.490000000000001,-708636808.2939669,1.490000000000001,-524989285.2866759,1.490000000000001,-404355286.709325,1.490000000000001,-320915899.6315277,1.490000000000001,-260831685.2250092,1.490000000000001,-216144490.5829662,1.490000000000001,-182015688.3794487
1.5,-26104457762.28225,1.5,-10926395482.59488,1.5,-6090942609.215648,1.5,-3911959974.255237,1.5,-2767589868.211651,1.5,-2055468554.995387,1.5,-1584270472.203727,1.5,-1257099408.367706,1.5,-1021033947.883617,1.5,-711051112.3393879,1.5,-526767434.939225,1.5,-405716264.4677266,1.5,-321989462.4334137,1.5,-261699288.3370732,1.5,-216859702.5688687,1.5,-182615112.1647609
