pch18_gm_gds  (ll=2e-07) X,pch18_gm_gds  (ll=2e-07) Y,pch18_gm_gds  (ll=3e-07) X,pch18_gm_gds  (ll=3e-07) Y,pch18_gm_gds  (ll=4e-07) X,pch18_gm_gds  (ll=4e-07) Y,pch18_gm_gds  (ll=5e-07) X,pch18_gm_gds  (ll=5e-07) Y,pch18_gm_gds  (ll=6e-07) X,pch18_gm_gds  (ll=6e-07) Y,pch18_gm_gds  (ll=7e-07) X,pch18_gm_gds  (ll=7e-07) Y,pch18_gm_gds  (ll=8e-07) X,pch18_gm_gds  (ll=8e-07) Y,pch18_gm_gds  (ll=9e-07) X,pch18_gm_gds  (ll=9e-07) Y,pch18_gm_gds  (ll=1e-06) X,pch18_gm_gds  (ll=1e-06) Y,pch18_gm_gds  (ll=1.2e-06) X,pch18_gm_gds  (ll=1.2e-06) Y,pch18_gm_gds  (ll=1.4e-06) X,pch18_gm_gds  (ll=1.4e-06) Y,pch18_gm_gds  (ll=1.6e-06) X,pch18_gm_gds  (ll=1.6e-06) Y,pch18_gm_gds  (ll=1.8e-06) X,pch18_gm_gds  (ll=1.8e-06) Y,pch18_gm_gds  (ll=2e-06) X,pch18_gm_gds  (ll=2e-06) Y,pch18_gm_gds  (ll=2.2e-06) X,pch18_gm_gds  (ll=2.2e-06) Y,pch18_gm_gds  (ll=2.4e-06) X,pch18_gm_gds  (ll=2.4e-06) Y
0,77.71813451428294,0,153.2057051872828,0,176.9455916675367,0,190.8109029609431,0,208.0657940407467,0,220.9646552599191,0,230.9217941903038,0,238.8129253206432,0,245.2056141576448,0,254.9033857519588,0,294.9578166152407,0,334.4645034862525,0,373.4328636677355,0,411.8724750392539,0,449.7929774181052,0,487.2039953430364
0.01,77.697651625017,0.01,153.1893101424493,0.01,176.9245272202853,0.01,190.7870945327217,0.01,208.0372367657359,0.01,220.9322791598554,0.01,230.886301251626,0.01,238.7748494063563,0.01,245.1653668365257,0.01,254.8596965744274,0.01,294.9053418660378,0.01,334.4033148013073,0.01,373.363043119213,0.01,411.7941111403508,0.01,449.7061626666945,0.01,487.108824625869
0.02,77.64420944944213,0.02,153.1528582379597,0.02,176.9006286112512,0.02,190.7600335202303,0.02,208.0047917409713,0.02,220.895506121818,0.02,230.8459966860111,0.02,238.7316187390576,0.02,245.1196766369929,0.02,254.8101083321566,0.02,294.8406667105127,0.02,334.307273567768,0.02,373.2363019735872,0.02,411.6372448922625,0.02,449.5196874804489,0.02,486.8932163948363
0.03,77.59023069218081,0.03,153.0366980484072,0.03,176.7894029153685,0.03,190.664756788902,0.03,207.8836838775609,0.03,220.7542934779898,0.03,230.6887805151462,0.03,238.5614039125893,0.03,244.93871554338,0.03,254.6124510858007,0.03,294.5897900582493,0.03,334.0207088343609,0.03,372.9144881977613,0.03,411.2806232082661,0.03,449.128698019638,0.03,486.4682963027612
0.04,77.5356299921734,0.04,152.9179566818183,0.04,176.648770230035,0.04,190.5112496973513,0.04,207.7125698361968,0.04,220.5696344926625,0.04,230.4934249512964,0.04,238.3574102845466,0.04,244.72761148609,0.04,254.3903491345504,0.04,294.3301104026446,0.04,333.7238955258034,0.04,372.5809937700043,0.04,410.9109031252335,0.04,448.7232072673812,0.04,486.0274871986843
0.05,77.48030941614185,0.05,152.7962303411702,0.05,176.5041139591949,0.05,190.353078024396,0.05,207.535872550637,0.05,220.3786572302126,0.05,230.2911533974418,0.05,238.1460066915706,0.05,244.5086830639033,0.05,254.1597673928429,0.05,294.0602764757161,0.05,333.4152676474041,0.05,372.2340400429541,0.05,410.5260954612572,0.05,448.3010176519302,0.05,485.5683852794064
0.06,77.42415649802848,0.06,152.6710514938854,0.06,176.3547914592194,0.06,190.1894882160813,0.06,207.3527014202581,0.06,220.1803628670546,0.06,230.0808799131048,0.06,237.9260357752732,0.06,244.2807133981777,0.06,253.9193955539825,0.06,293.7787294687482,0.06,333.0930202474482,0.06,371.8715783174358,0.06,410.1239101904234,0.06,447.8596002560187,0.06,485.0882251767586
0.07000000000000001,77.36704197666606,0.07000000000000001,152.5418784636454,0.07000000000000001,176.2000558011899,0.07000000000000001,190.0196030433588,0.07000000000000001,207.1620219826326,0.07000000000000001,219.9735932132535,0.07000000000000001,229.8613469914993,0.07000000000000001,237.696158798058,0.07000000000000001,244.0422961838914,0.07000000000000001,253.6677214961762,0.07000000000000001,293.4836728607212,0.07000000000000001,332.7550751826302,0.07000000000000001,371.4912515929128,0.07000000000000001,409.7017142154151,0.07000000000000001,447.3960486408803,0.07000000000000001,484.5838298572608
0.08,77.30881719150275,0.08,152.4080834149252,0.08,176.0390386654979,0.08,189.8424012431339,0.08,206.9626329872255,0.08,219.7570059748251,0.08,229.6310995030911,0.08,237.4548285992509,0.08,243.7918078882596,0.08,253.4030024137265,0.08,293.173039191506,0.08,332.3990436123324,0.08,371.0903528363555,0.08,409.2564854484716,0.08,446.9070287662478,0.08,484.0515564015203
0.09,77.24931109367039,0.09,152.2689385433708,0.09,175.8707307168613,0.09,189.6566942084185,0.09,206.753140415776,0.09,219.529046964074,0.09,229.388455641134,0.09,237.2002596333759,0.09,243.527377123031,0.09,253.1232333120288,0.09,292.8444541112881,0.09,332.0221856954615,0.09,370.6657803847317,0.09,408.7847639552872,0.09,446.3887258978882,0.09,483.487238687373
0.09999999999999999,77.18832682830408,0.09999999999999999,152.1236002915268,0.09999999999999999,175.6939592429817,0.09999999999999999,189.4610995102582,0.09999999999999999,206.531928342013,0.09999999999999999,219.2879192651502,0.09999999999999999,229.1314749866123,0.09999999999999999,236.9303953098113,0.09999999999999999,243.2468515032024,0.09999999999999999,252.8261133410146,0.09999999999999999,292.4951984071553,0.09999999999999999,331.6213684197535,0.09999999999999999,370.2139916383504,0.09999999999999999,408.2826015440342,0.09999999999999999,445.8367901032469,0.09999999999999999,482.8861287907537
0.11,77.12563784444602,0.11,151.9710914313658,0.11,175.5073628948064,0.11,189.2540111210125,0.11,206.2971266733747,0.11,219.0315495703189,0.11,228.857924070087,0.11,236.6428731599632,0.11,242.9477626525905,0.11,252.5090108588069,0.11,292.1221692453722,0.11,331.1930231502175,0.11,369.7309569777708,0.11,407.7455120716527,0.11,445.2462829423211,0.11,482.2428400381555
0.12,77.06098349213475,0.12,151.8102809001128,0.12,175.3093634647164,0.12,189.0335663563823,0.12,206.0465760530298,0.12,218.7575522177051,0.12,228.5652401942095,0.12,236.3349888063643,0.12,242.6272905201266,0.12,252.1689287116276,0.12,291.7218426264744,0.12,330.7331054053183,0.12,369.2121169197205,0.12,407.1684259834865,0.12,444.6116293584817,0.12,481.5512961933865
0.13,76.99406407367323,0.13,151.6398613543572,0.13,175.0981347990615,0.13,188.7976097878202,0.13,205.7777905539651,0.13,218.4631919218109,0.13,228.2504948351971,0.13,236.0036603451221,0.13,242.2822288798096,0.13,251.8024720457442,0.13,291.2902400989745,0.13,330.2370606367802,0.13,368.6523470107953,0.13,406.5456542952965,0.13,443.9265806769919,0.13,480.8046933684282
0.14,76.92453532944621,0.14,151.4583245327689,0.14,174.8715691878255,0.14,188.5436547297286,0.14,205.4879193101511,0.14,218.1453468430338,0.14,227.9103587197842,0.14,235.6453956384849,0.14,241.9089548660733,0.14,251.4058220995854,0.14,290.8229041992363,0.14,329.6998014963955,0.14,368.0459369467699,0.14,405.8708694948885,0.14,443.1841971557263,0.14,479.9954840509857
0.15,76.85200236038148,0.15,151.2639347078615,0.15,174.6272419379361,0.15,188.2688434203564,0.15,205.1737089544499,0.15,217.8004745503763,0.15,227.5410717402905,0.15,235.2562662166541,0.15,241.5034067165748,0.15,250.9747209376091,0.15,290.3148889700502,0.15,329.1157043247201,0.15,367.3865930172711,0.15,405.1371138036115,0.15,442.3768618447251,0.15,479.1153962897291
0.16,76.7760130223258,0.16,151.054700784582,0.16,174.3623753569227,0.16,187.9699077419966,0.16,204.831469730865,0.16,217.4245846619015,0.16,227.1384222984713,0.16,234.8318930846228,0.16,241.061075636114,0.16,250.5044740639136,0.16,289.7607743510569,0.16,328.4786354942177,0.16,366.6674763207034,0.16,404.3368490218791,0.16,441.4963417187251,0.16,478.1555057047629
0.17,76.69605087625897,0.17,150.8283479960196,0.17,174.0738040972718,0.17,187.6431333271603,0.17,204.4570494887943,0.17,217.0132235727075,0.17,226.6977425331507,0.17,234.3674517958914,0.17,240.5770199326227,0.17,249.9899803654995,0.17,289.1547163069064,0.17,327.7820218591279,0.17,365.8812933471796,0.17,403.4620668555414,0.17,440.5339172286666,0.17,477.1063836634909
0.18,76.61152784730432,0.18,150.5822906871517,0.18,173.7579447920572,0.18,187.2843312386083,0.18,204.0458215188507,0.18,216.5614787687387,0.18,226.2139282514138,0.18,233.8577067484707,0.18,240.0459123614741,0.18,249.4258019208409,0.18,288.4905482880288,0.18,327.0189839161224,0.18,365.0204604828745,0.18,402.5044841585976,0.18,439.4806075212059,0.18,475.9583516158924
0.19,76.52177684093363,0.19,150.3136084029606,0.19,173.4107742039024,0.19,186.888823156911,0.19,203.5926944080726,0.19,216.0640128163874,0.19,225.6814952722237,0.19,233.2970877868529,0.19,239.4621349380171,0.19,248.8062898303584,0.19,287.7619539229445,0.19,326.1825552342668,0.19,364.0773695641618,0.19,401.4558536997993,0.19,438.3275253198427,0.19,474.7018788765675
0.2,76.42604469349553,0.2,150.0190284437879,0.2,173.0278217576007,0.2,186.4514482030179,0.2,203.0921547900845,0.2,215.5151401907678,0.2,225.0946872456713,0.2,232.6798257630368,0.2,238.8199392138094,0.2,248.1257861947633,0.2,286.9627354380413,0.2,325.266016888192,0.2,363.0447873229749,0.2,400.3084272747253,0.2,437.0664021476638,0.2,473.328168274103
0.21,76.32348600362249,0.21,149.6949192465777,0.21,172.604184348932,0.21,185.966602157362,0.21,202.538356966729,0.21,214.9089635109751,0.21,224.4476536139773,0.21,232.0001674380834,0.21,238.1136938177547,0.21,247.3789262398956,0.21,286.0872065679827,0.21,324.2633802175873,0.21,361.9164264192574,0.21,399.0556130592008,0.21,435.6903298263006,0.21,471.8299794911209
0.2200000000000001,76.2131586081656,0.2200000000000001,149.3373004013006,0.2200000000000001,172.1345736726902,0.2200000000000001,185.4283227996275,0.2200000000000001,201.9252766408219,0.2200000000000001,214.2395891212921,0.2200000000000001,223.7347197443138,0.2200000000000001,231.252693397453,0.2200000000000001,237.3382442462751,0.2200000000000001,246.5610675014148,0.2200000000000001,285.1307414989349,0.2200000000000001,323.1700537736018,0.2200000000000001,360.6877279733476,0.2200000000000001,397.692870936575,0.2200000000000001,434.194765598643,0.2200000000000001,470.2027408726519
0.2300000000000001,76.09402173575904,0.2300000000000001,148.9418767752228,0.2300000000000001,171.6134088292433,0.2300000000000001,184.8304380848773,0.2300000000000001,201.2469489057489,0.2300000000000001,213.501444564673,0.2300000000000001,222.9507734724679,0.2300000000000001,230.432764424089,0.2300000000000001,236.4894112109652,0.2300000000000001,245.6688734510856,0.2300000000000001,284.0905107153141,0.2300000000000001,321.9837283558325,0.2300000000000001,359.356892167086,0.2300000000000001,396.2188847297238,0.2300000000000001,432.5788419096559,0.2300000000000001,468.4459926204401
0.2400000000000001,75.96493819210929,0.2400000000000001,148.5041059652026,0.2400000000000001,171.034969287417,0.2400000000000001,184.1667962843754,0.2400000000000001,200.4978122299243,0.2400000000000001,212.6897210659442,0.2400000000000001,222.0917917960238,0.2400000000000001,229.5371202230102,0.2400000000000001,235.5646513053998,0.2400000000000001,244.7010746033674,0.2400000000000001,282.9664274463588,0.2400000000000001,320.7055038492737,0.2400000000000001,357.9261801438922,0.2400000000000001,394.6370337019198,0.2400000000000001,430.8470020378969,0.2400000000000001,466.565181146077
0.2500000000000001,75.82468229185643,0.2500000000000001,148.0193098557891,0.2500000000000001,170.3936247219143,0.2500000000000001,183.4315979720836,0.2500000000000001,199.6731788609264,0.2500000000000001,211.8009606386127,0.2500000000000001,221.1555258273939,0.2500000000000001,228.5646467766447,0.2500000000000001,234.5638943126184,0.2500000000000001,243.6594175161,0.2500000000000001,281.7623103447007,0.2500000000000001,319.3412578380345,0.2500000000000001,356.4034808995498,0.2500000000000001,392.9571502732815,0.2500000000000001,429.0109414377893,0.2500000000000001,464.5737771035189
0.2600000000000001,75.67195562114534,0.2600000000000001,147.4828419275437,0.2600000000000001,169.6841576600673,0.2600000000000001,182.6198470842619,0.2600000000000001,198.7698454233443,0.2600000000000001,210.8337968510106,0.2600000000000001,220.1423478949514,0.2600000000000001,227.5173110851806,0.2600000000000001,233.4905509809986,0.2600000000000001,242.5497865517831,0.2600000000000001,280.4872333427784,0.2600000000000001,317.9032119172304,0.2600000000000001,354.8040833159106,0.2600000000000001,391.1974878340774,0.2600000000000001,427.0917620726175,0.2600000000000001,462.4956075761108
0.2700000000000001,75.50541302949807,0.2700000000000001,146.8903213066456,0.2700000000000001,168.9021904986178,0.2700000000000001,181.7279296390861,0.2700000000000001,197.786842103402,0.2700000000000001,209.7898366257598,0.2700000000000001,219.0562373926014,0.2700000000000001,226.4012297857007,0.2700000000000001,232.352648455017,0.2700000000000001,241.3834393333337,0.2700000000000001,279.1569758488437,0.2700000000000001,316.4115798297076,0.2700000000000001,353.152507658772,0.2700000000000001,389.3867227250602,0.2700000000000001,425.1221333389303,0.2700000000000001,460.3671654890744
0.2800000000000001,75.32370139615627,0.2800000000000001,146.23794111135,0.2800000000000001,168.0447177990687,0.2800000000000001,180.7543106302186,0.2800000000000001,196.7262905012975,0.2800000000000001,208.6746330355887,0.2800000000000001,217.9058366906578,0.2800000000000001,225.2277860814431,0.2800000000000001,231.1639926452297,0.2800000000000001,240.1782294540007,0.2800000000000001,277.7954000720906,0.2800000000000001,314.8960762627853,0.2800000000000001,351.4841268394366,0.2800000000000001,387.5656719601998,0.2800000000000001,423.1480925073898,0.2800000000000001,458.2394807839815
0.2900000000000001,75.12551350996965,0.2900000000000001,145.5228506761727,0.2900000000000001,167.1107247229556,0.2900000000000001,179.7003081385878,0.2900000000000001,195.5942947305172,0.2900000000000001,207.4986417316804,0.2900000000000001,216.7054412760971,0.2900000000000001,224.0146341074239,0.2900000000000001,229.9451746893227,0.2900000000000001,238.9595971970824,0.2900000000000001,276.4354664280764,0.2900000000000001,313.396926840392,0.2900000000000001,349.8461475891402,0.2900000000000001,385.7882268780897,0.2900000000000001,421.2299155846245,0.2900000000000001,456.1789158290366
0.3000000000000001,74.90965856328395,0.3000000000000001,144.7435965430881,0.3000000000000001,166.1018398045219,0.3000000000000001,178.5708554430134,0.3000000000000001,194.4017251662821,0.3000000000000001,206.2779752288704,0.3000000000000001,215.4756995767987,0.3000000000000001,222.7863330723258,0.3000000000000001,228.724135473075,0.3000000000000001,237.7609965537234,0.3000000000000001,275.1194624721808,0.3000000000000001,311.9648627582448,0.3000000000000001,348.2973443214931,0.3000000000000001,384.1208064200351,0.3000000000000001,419.4412749604307,0.3000000000000001,454.2660159222764
0.3100000000000001,74.67514889871811,0.3100000000000001,143.9005834783186,0.3100000000000001,165.0229229604827,0.3100000000000001,177.3750963394177,0.3100000000000001,193.1646720912418,0.3100000000000001,205.0346759160444,0.3100000000000001,214.2436971140836,0.3100000000000001,221.5742478070096,0.3100000000000001,227.5358933185605,0.3100000000000001,236.6233149102399,0.3100000000000001,273.8978944231881,0.3100000000000001,310.6594454007791,0.3100000000000001,346.9057908933451,0.3100000000000001,382.6394786211048,0.3100000000000001,417.8657391859239,0.3100000000000001,452.5913802499568
0.3200000000000001,74.42129927375076,0.3200000000000001,142.9964828575599,0.3200000000000001,163.8824293821818,0.3200000000000001,176.1265822964012,0.3200000000000001,191.9042604171929,0.3200000000000001,203.7961398294541,0.3200000000000001,213.0420119265729,0.3200000000000001,220.415267957432,0.3200000000000001,226.4209600366626,0.3200000000000001,235.5927722346144,0.3200000000000001,272.8264289506404,0.3200000000000001,309.5450173253926,0.3200000000000001,345.7438022855527,0.3200000000000001,381.4238841348641,0.3200000000000001,416.5896760561445,0.3200000000000001,451.2475468844195
0.3300000000000001,74.14782950662581,0.3300000000000001,142.0364728243516,0.3300000000000001,162.6923259544472,0.3300000000000001,174.8427709006089,0.3300000000000001,190.645456097296,0.3300000000000001,202.593277764904,0.3300000000000001,211.9063002787826,0.3300000000000001,219.3488880946333,0.3300000000000001,225.4219780298292,0.3300000000000001,234.7168260550088,0.3300000000000001,271.9603612919172,0.3300000000000001,308.6837187748346,0.3300000000000001,344.8794993619793,0.3300000000000001,380.547358089533,0.3300000000000001,415.6909462551967,0.3300000000000001,450.3162768451004
0.3400000000000001,73.85495358536252,0.3400000000000001,141.0281492005873,0.3400000000000001,161.467290398677,0.3400000000000001,173.5434987261426,0.3400000000000001,189.4145091654078,0.3400000000000001,201.4570580288948,0.3400000000000001,210.8710709968361,0.3400000000000001,218.4123285883695,0.3400000000000001,224.5782832666275,0.3400000000000001,234.0378395559035,0.3400000000000001,271.346422719648,0.3400000000000001,308.1254568245685,0.3400000000000001,344.3649720665815,0.3400000000000001,380.0633251272092,0.3400000000000001,415.2235710351285,0.3400000000000001,449.8515368602322
0.3500000000000001,73.54342833367899,0.3500000000000001,139.9809131971191,0.3500000000000001,160.2229308060999,0.3500000000000001,172.2481708450384,0.3500000000000001,188.2348317084041,0.3500000000000001,200.4133062241433,0.3500000000000001,209.9636060045105,0.3500000000000001,217.6337351136963,0.3500000000000001,223.9185075840739,0.3500000000000001,233.5847604182497,0.3500000000000001,271.0123956202891,0.3500000000000001,307.8955359540132,0.3500000000000001,344.2220045388474,0.3500000000000001,379.9891961524181,0.3500000000000001,415.1998751903411,0.3500000000000001,449.8599605745565
0.3600000000000002,73.21452381420674,0.3600000000000002,138.9046471051658,0.3600000000000002,158.9728726864978,0.3600000000000002,170.9716313104379,0.3600000000000002,187.1214580071457,0.3600000000000002,199.4760910458278,0.3600000000000002,209.1965227193899,0.3600000000000002,217.0241009879974,0.3600000000000002,223.4519956346254,0.3600000000000002,233.3638034741658,0.3600000000000002,270.9559453595597,0.3600000000000002,307.9817887899075,0.3600000000000002,344.4276380777995,0.3600000000000002,380.2904838376497,0.3600000000000002,415.5732649812323,0.3600000000000002,450.282390239256
0.3700000000000002,72.86986892821615,0.3700000000000002,137.8075663999332,0.3700000000000002,157.7248157420999,0.3700000000000002,169.7190856193866,0.3700000000000002,186.0747828894059,0.3700000000000002,198.6406753618446,0.3700000000000002,208.5601962142429,0.3700000000000002,216.5693300564153,0.3700000000000002,223.1606221330879,0.3700000000000002,233.3499864478729,0.3700000000000002,271.1350901934092,0.3700000000000002,308.3241958993182,0.3700000000000002,344.9031207199108,0.3700000000000002,380.8692360647405,0.3700000000000002,416.2262801723151,0.3700000000000002,450.9816670673849
0.3800000000000002,72.51112467950361,0.3800000000000002,136.6933177631535,0.3800000000000002,156.4760693280621,0.3800000000000002,168.4809937795242,0.3800000000000002,185.0749184698141,0.3800000000000002,197.8777003757526,0.3800000000000002,208.0169617135803,0.3800000000000002,216.2245573834284,0.3800000000000002,222.9932817250039,0.3800000000000002,233.4820154421368,0.3800000000000002,271.4633924261709,0.3800000000000002,308.8106319119304,0.3800000000000002,345.5104046496846,0.3800000000000002,381.5614445515411,0.3800000000000002,416.9690474841042,0.3800000000000002,451.7422432513718
0.3900000000000002,72.13945204001581,0.3900000000000002,135.5576840809737,0.3900000000000002,155.2095589180432,0.3900000000000002,167.2293769894028,0.3900000000000002,184.0785026043019,0.3900000000000002,197.130690965471,0.3900000000000002,207.4993515125866,0.3900000000000002,215.9130901378675,0.3900000000000002,222.8654841636826,0.3900000000000002,233.6630251178893,0.3900000000000002,271.8127463520416,0.3900000000000002,309.2819224367838,0.3900000000000002,346.0596332341175,0.3900000000000002,382.1470834839445,0.3900000000000002,417.5519644639788,0.3900000000000002,452.2855841764907
0.4000000000000002,71.75477919349994,0.4000000000000002,134.3856103852919,0.4000000000000002,153.8916722846334,0.4000000000000002,165.9172016261283,0.4000000000000002,183.0197937133409,0.4000000000000002,196.3187542968564,0.4000000000000002,206.9142087429889,0.4000000000000002,215.5317485839504,0.4000000000000002,222.6657571564726,0.4000000000000002,233.7687088226305,0.4000000000000002,272.0252153419556,0.4000000000000002,309.5475055414665,0.4000000000000002,346.3286936578914,0.4000000000000002,382.3735883242906,0.4000000000000002,417.693118086716,0.4000000000000002,452.3015251501034
0.4100000000000002,71.3549375951448,0.4100000000000002,133.1495527232216,0.4100000000000002,152.4733235485486,0.4100000000000002,164.4821269949568,0.4100000000000002,181.8171243383571,0.4100000000000002,195.3452680145114,0.4100000000000002,206.1531957165042,0.4100000000000002,214.9628644788751,0.4100000000000002,222.2688776614666,0.4100000000000002,233.6624566393064,0.4100000000000002,271.9328893912958,0.4100000000000002,309.4099630334804,0.4100000000000002,346.0923522871029,0.4100000000000002,381.989512891204,0.4100000000000002,417.11637383147,0.4100000000000002,451.4906982268868
0.4200000000000002,70.93482005100604,0.4200000000000002,131.8101894489242,0.4200000000000002,150.8950416935173,0.4200000000000002,162.8548172158501,0.4200000000000002,180.3842885367119,0.4200000000000002,194.111578279638,0.4200000000000002,205.1082488942735,0.4200000000000002,214.0910977345885,0.4200000000000002,221.5537646046042,0.4200000000000002,233.2148212555537,0.4200000000000002,271.3820002908635,0.4200000000000002,308.6935648292329,0.4200000000000002,345.155021315592,0.4200000000000002,380.7813235394917,0.4200000000000002,415.592013001352,0.4200000000000002,449.6088369728965
0.4300000000000002,70.48579244899784,0.4300000000000002,130.3201572029151,0.4300000000000002,149.0957491150239,0.4300000000000002,160.9704800303635,0.4300000000000002,178.6446747889894,0.4300000000000002,192.5328756237474,0.4300000000000002,203.6886616999446,0.4300000000000002,212.8213789556531,0.4300000000000002,220.4220486558879,0.4300000000000002,232.3229074319339,0.4300000000000002,270.2557296105026,0.4300000000000002,307.2701516265702,0.4300000000000002,343.3794198783264,0.4300000000000002,378.6045766924432,0.4300000000000002,412.9701902239485,0.4300000000000002,446.5022973395747
0.4400000000000002,69.99562438043256,0.4400000000000002,128.6306657094345,0.4400000000000002,147.0235382028394,0.4400000000000002,158.7809281988739,0.4400000000000002,176.5447048803717,0.4400000000000002,190.5523430940318,0.4400000000000002,201.8355879902526,0.4400000000000002,211.0935711946852,0.4400000000000002,218.8127784258292,0.4400000000000002,230.9249922214204,0.4400000000000002,268.4902106576234,0.4400000000000002,305.0761462614278,0.4400000000000002,340.7042892236488,0.4400000000000002,375.4020777974463,0.4400000000000002,409.1993091248542,0.4400000000000002,442.1264480858354
0.4500000000000002,69.44915250742648,0.4500000000000002,126.6998321624251,0.4500000000000002,144.6457828068592,0.4500000000000002,156.2639613641834,0.4500000000000002,174.0630754309344,0.4500000000000002,188.1499803266464,0.4500000000000002,199.5303737600009,0.4500000000000002,208.8903081351496,0.4500000000000002,216.7097908585931,0.4500000000000002,229.007063974481,0.4500000000000002,266.0802462126312,0.4500000000000002,302.1171489113541,0.4500000000000002,337.1476292962736,0.4500000000000002,371.2055663486539,0.4500000000000002,404.3259935662376,0.4500000000000002,436.5437891940654
0.4600000000000002,68.82973839719455,0.4600000000000002,124.5007824681991,0.4600000000000002,141.9558716892161,0.4600000000000002,153.4275786884022,0.4600000000000002,171.2135508138554,0.4600000000000002,185.344141561443,0.4600000000000002,196.79503338079,0.4600000000000002,206.2365762258129,0.4600000000000002,214.140535649043,0.4600000000000002,226.6004384490416,0.4600000000000002,263.0743719654113,0.4600000000000002,298.460281755498,0.4600000000000002,332.7962050805583,0.4600000000000002,366.1222943724708,0.4600000000000002,398.4786698312772,0.4600000000000002,429.9044851843727
0.4700000000000003,68.12136034402694,0.4700000000000003,122.0274084414692,0.4700000000000003,138.9748354631946,0.4700000000000003,150.3081785921401,0.4700000000000003,168.0410807882096,0.4700000000000003,182.1860622071925,0.4700000000000003,193.6855443662355,0.4700000000000003,203.1920354107602,0.4700000000000003,211.1676094703999,0.4700000000000003,223.772104785469,0.4700000000000003,259.5617703794829,0.4700000000000003,294.2176503965162,0.4700000000000003,327.7855559688044,0.4700000000000003,360.3115968108966,0.4700000000000003,391.8407198428989,0.4700000000000003,422.4161295761687
0.4800000000000003,67.31096286717232,0.4800000000000003,119.2962913744174,0.4800000000000003,135.7477366658754,0.4800000000000003,146.9637330944601,0.4800000000000003,164.6129164825617,0.4800000000000003,178.7495273577659,0.4800000000000003,190.2804593497004,0.4800000000000003,199.8388335951287,0.4800000000000003,207.8759510935233,0.4800000000000003,220.6110283941907,0.4800000000000003,255.6551446181048,0.4800000000000003,289.5258804160284,0.4800000000000003,322.2762841727142,0.4800000000000003,353.9580185913811,0.4800000000000003,384.6205317648026,0.4800000000000003,414.3108024368081
0.4900000000000003,66.39056826964887,0.4900000000000003,116.3444582297355,0.4900000000000003,132.3361944784846,0.4900000000000003,143.4641727877736,0.4900000000000003,161.0074475072043,0.4900000000000003,175.1186983947112,0.4900000000000003,186.6680375286591,0.4900000000000003,196.2682400185819,0.4900000000000003,204.3591062289784,0.4900000000000003,217.2139188732157,0.4900000000000003,251.4737047086111,0.4900000000000003,284.5264714882096,0.4900000000000003,316.4319096150505,0.4900000000000003,347.2467913622282,0.4900000000000003,377.0247111048017,0.4900000000000003,405.8161218874145
0.5000000000000002,65.35868801190959,0.5000000000000002,113.2238256796796,0.5000000000000002,128.8092386397082,0.5000000000000002,139.8815112642277,0.5000000000000002,157.3034697259825,0.5000000000000002,171.3768768809919,0.5000000000000002,182.9346947623971,0.5000000000000002,192.5688929353298,0.5000000000000002,200.7073419939028,0.5000000000000002,213.6731979531318,0.5000000000000002,247.1293019933917,0.5000000000000002,279.3502561833441,0.5000000000000002,310.4017888804015,0.5000000000000002,340.3453333724869,0.5000000000000002,369.2382714187078,0.5000000000000002,397.1342271784005
0.5100000000000002,64.22074807515034,0.5100000000000002,109.9939416047445,0.5100000000000002,125.2346591448964,0.5100000000000002,136.2816995443326,0.5100000000000002,153.5718003348948,0.5100000000000002,167.598030941397,0.5100000000000002,179.1565100016751,0.5100000000000002,188.8183204807703,0.5100000000000002,196.9992001023169,0.5100000000000002,210.0686402908483,0.5100000000000002,242.7171841275683,0.5100000000000002,274.1074022813433,0.5100000000000002,304.31047751301,0.5100000000000002,333.392070541998,0.5100000000000002,361.4130027966029,0.5100000000000002,388.4297753643605
0.5200000000000002,62.98849278414315,0.5200000000000002,106.7147546989714,0.5200000000000002,121.6723660144184,0.5200000000000002,132.7192562368739,0.5200000000000002,149.8700835829664,0.5200000000000002,163.8417704097404,0.5200000000000002,175.3943518044053,0.5200000000000002,185.0782008731234,0.5200000000000002,193.2968754663555,0.5200000000000002,206.4629521758637,0.5200000000000002,238.3114482714518,0.5200000000000002,268.8828349450055,0.5200000000000002,298.2532001677242,0.5200000000000002,326.4920229962549,0.5200000000000002,353.6632353440679,0.5200000000000002,379.8259361137366
0.5300000000000002,61.67856492567334,0.5300000000000002,103.4407386048086,0.5300000000000002,118.1704002032098,0.5300000000000002,129.2348034692023,0.5300000000000002,146.240702645111,0.5300000000000002,160.1515387193836,0.5300000000000002,171.6922865142316,0.5300000000000002,181.3929435630452,0.5300000000000002,189.6449396643649,0.5300000000000002,202.9007173759797,0.5300000000000002,233.9643658143651,0.5300000000000002,263.73599642335,0.5300000000000002,292.2960914339915,0.5300000000000002,319.7175662529387,0.5300000000000002,346.0671547648777,0.5300000000000002,371.4062915377365
0.5400000000000003,60.31060677481662,0.5400000000000003,100.2170483603096,0.5400000000000003,114.7634874354489,0.5400000000000003,125.8550134989278,0.5400000000000003,142.711141499698,0.5400000000000003,156.5552631566777,0.5400000000000003,168.078440354107,0.5400000000000003,177.7907140637774,0.5400000000000003,186.0714952328728,0.5400000000000003,199.4097457387292,0.5400000000000003,229.7083734644649,0.5400000000000003,258.7035050338408,0.5400000000000003,286.4795427608893,0.5400000000000003,313.1124823517274,0.5400000000000003,338.6715710187208,0.5400000000000003,363.2203332767211
0.5500000000000003,58.90526164372159,0.5500000000000003,97.07777091490962,0.5500000000000003,111.473571047951,0.5500000000000003,122.5941946696774,0.5500000000000003,139.2959339446989,0.5500000000000003,153.067547277514,0.5500000000000003,164.5673657409829,0.5500000000000003,174.2859306263273,0.5500000000000003,182.5907737620913,0.5500000000000003,196.003819147388,0.5500000000000003,225.5595409367411,0.5500000000000003,253.8033491265737,0.5500000000000003,280.8231250702517,0.5500000000000003,306.6976118973253,0.5500000000000003,331.498299281128,0.5500000000000003,355.2905707507872
0.5600000000000003,57.48239577203785,0.5600000000000003,94.04591202917936,0.5600000000000003,108.3116027396058,0.5600000000000003,119.4567432742252,0.5600000000000003,135.9993913658128,0.5600000000000003,149.6925800989775,0.5600000000000003,161.1630779118794,0.5600000000000003,170.8823948019825,0.5600000000000003,179.2063383129811,0.5600000000000003,192.6859961567166,0.5600000000000003,221.5215575457731,0.5600000000000003,249.0395481794831,0.5600000000000003,275.3309165948893,0.5600000000000003,300.476840621991,0.5600000000000003,324.5507969501659,0.5600000000000003,347.6198100638177
0.5700000000000003,56.05974644142778,0.5700000000000003,91.13457490110206,0.5700000000000003,105.2799248364029,0.5700000000000003,116.4398406469773,0.5700000000000003,132.8184884240746,0.5700000000000003,146.4271448782046,0.5700000000000003,157.8621494224571,0.5700000000000003,167.5764484429356,0.5700000000000003,175.9142876118322,0.5700000000000003,189.4518818854278,0.5700000000000003,217.5895814674566,0.5700000000000003,244.4065686121847,0.5700000000000003,269.9964730164934,0.5700000000000003,294.442612035795,0.5700000000000003,317.8202072866565,0.5700000000000003,340.1977173144758
0.5800000000000003,54.65207753355613,0.5800000000000003,88.34878289932907,0.5800000000000003,102.3747384737648,0.5800000000000003,113.5359783524117,0.5800000000000003,129.7455053055702,0.5800000000000003,143.2633381814997,0.5800000000000003,154.6564827457288,0.5800000000000003,164.3597851669154,0.5800000000000003,172.7060966201046,0.5800000000000003,186.2925083808576,0.5800000000000003,213.7535746099236,0.5800000000000003,239.8930992953286,0.5800000000000003,264.8070306153826,0.5800000000000003,288.5805458798955,0.5800000000000003,311.2903813452202,0.5800000000000003,333.0062325862957
0.5900000000000003,53.27082031274267,0.5900000000000003,85.68750202023041,0.5900000000000003,99.58833601921516,0.5900000000000003,110.7350827343975,0.5900000000000003,126.7702173843888,0.5900000000000003,140.1908033077143,0.5900000000000003,151.5355746001814,0.5900000000000003,161.2217372383959,0.5900000000000003,169.5709202829021,0.5900000000000003,183.1966611700905,0.5900000000000003,210.000961738165,0.5900000000000003,235.4850307437781,0.5900000000000003,259.7467938469846,0.5900000000000003,282.8730230606604,0.5900000000000003,304.9417497759723,0.5900000000000003,326.0237185710102
0.6000000000000003,51.92411044136457,0.6000000000000003,83.1455589309482,0.6000000000000003,96.91093510070743,0.6000000000000003,108.0261537500942,0.6000000000000003,123.8815646064273,0.6000000000000003,137.19842146925,0.6000000000000003,148.4882230822932,0.6000000000000003,158.1509945800377,0.6000000000000003,166.4973215140293,0.6000000000000003,180.1526193829074,0.6000000000000003,206.3185973322147,0.6000000000000003,231.1676386409018,0.6000000000000003,254.7993260913094,0.6000000000000003,277.3017747238906,0.6000000000000003,298.7541017806783,0.6000000000000003,319.2279213547854
0.6100000000000003,50.61710310374897,0.6100000000000003,80.71528259989712,0.6100000000000003,94.33206727457548,0.6100000000000003,105.398426959148,0.6100000000000003,121.0688226501913,0.6100000000000003,134.2754909221048,0.6100000000000003,145.5037132385334,0.6100000000000003,155.1367954200012,0.6100000000000003,163.4744658083744,0.6100000000000003,177.1493558516312,0.6100000000000003,202.6941076479242,0.6100000000000003,226.9270604590072,0.6100000000000003,249.9491538380184,0.6100000000000003,271.8496073934521,0.6100000000000003,292.7084249339291,0.6100000000000003,312.5979189490296
0.6200000000000003,49.3524486012633,0.6200000000000003,78.38780024226531,0.6200000000000003,91.84154663371348,0.6200000000000003,102.8421193847719,0.6200000000000003,118.3223456454992,0.6200000000000003,131.4124693047637,0.6200000000000003,142.5725599147406,0.6200000000000003,152.1696698834922,0.6200000000000003,160.4928655704308,0.6200000000000003,174.1772826241626,0.6200000000000003,199.1167145357724,0.6200000000000003,222.7511926189934,0.6200000000000003,245.1827324325077,0.6200000000000003,266.5014327826435,0.6200000000000003,286.7879947581342,0.6200000000000003,306.1152665256871
0.6300000000000003,48.13082956818199,0.6300000000000003,76.15398705761888,0.6300000000000003,89.43008106770522,0.6300000000000003,100.3488413959875,0.6300000000000003,115.6339684056473,0.6300000000000003,128.6013706316504,0.6300000000000003,139.6869015774954,0.6300000000000003,149.2418317407052,0.6300000000000003,157.5447704301126,0.6300000000000003,171.2286394724956,0.6300000000000003,195.5776572434968,0.6300000000000003,218.6301426188812,0.6300000000000003,240.4889256244915,0.6300000000000003,261.2447719667236,0.6300000000000003,280.9789008383839,0.6300000000000003,299.7645419006785
0.6400000000000003,46.95148754083742,0.6400000000000003,74.00510844340828,0.6400000000000003,87.08960207971411,0.6400000000000003,97.91175889389017,0.6400000000000003,112.9971559748941,0.6400000000000003,125.8359068949665,0.6400000000000003,136.8406364558416,0.6400000000000003,146.347310593681,0.6400000000000003,154.6242964668074,0.6400000000000003,168.2976190643651,0.6400000000000003,192.0703210522748,0.6400000000000003,214.5563596715813,0.6400000000000003,235.8591367095678,0.6400000000000003,256.0698855489531,0.6400000000000003,275.2701745664845,0.6400000000000003,293.5334694449292
0.6500000000000004,45.81269335917733,0.6500000000000004,71.93321072247548,0.6500000000000004,84.81338747046217,0.6500000000000004,95.52558159955861,0.6500000000000004,110.4069783244654,0.6500000000000004,123.1114534222556,0.6500000000000004,134.0293810342139,0.6500000000000004,143.4819051378025,0.6500000000000004,151.7273753944214,0.6500000000000004,165.3803103325404,0.6500000000000004,188.590165914919,0.6500000000000004,210.5245481975814,0.6500000000000004,231.2872063735229,0.6500000000000004,250.9696553122852,0.6500000000000004,269.6536540307979,0.6500000000000004,287.4127676254653
0.6600000000000004,44.71213841811957,0.6600000000000004,69.93131956198836,0.6600000000000004,82.59604189103692,0.6600000000000004,93.18644010910174,0.6600000000000004,107.8599739909783,0.6600000000000004,120.424902597596,0.6600000000000004,131.2503160958991,0.6600000000000004,140.6430231264503,0.6600000000000004,148.8515896461971,0.6600000000000004,162.474526360806,0.6600000000000004,185.1345298727785,0.6600000000000004,206.5314470242516,0.6600000000000004,226.7691678170496,0.6600000000000004,245.9393153370058,0.6600000000000004,264.1236911329544,0.6600000000000004,281.39583207468
0.6700000000000004,43.6472404264941,0.6700000000000004,67.99350032912483,0.6700000000000004,80.43338795793895,0.6700000000000004,90.89170029240933,0.6700000000000004,105.3539518321967,0.6700000000000004,117.7744556438406,0.6700000000000004,128.501970440044,0.6700000000000004,137.8294584974574,0.6700000000000004,145.9959440783223,0.6700000000000004,159.5795678577196,0.6700000000000004,181.7023641579896,0.6700000000000004,202.5755367370011,0.6700000000000004,222.302926870468,0.6700000000000004,240.9761053041158,0.6700000000000004,258.6767784241723,0.6700000000000004,275.4783362315694
0.6800000000000004,42.61536815191609,0.6800000000000004,66.11482595776798,0.6800000000000004,78.3223081343985,0.6800000000000004,88.63975058997416,0.6800000000000004,102.8877667538695,0.6800000000000004,115.1593886705733,0.6800000000000004,125.7839788029459,0.6800000000000004,135.0411424723547,0.6800000000000004,143.1606113363116,0.6800000000000004,156.695959607241,0.6800000000000004,178.2939411636401,0.6800000000000004,198.6567199425793,0.6800000000000004,217.8879152347257,0.6800000000000004,236.0788973082524,0.6800000000000004,253.3111499973806,0.6800000000000004,269.6578067397706
0.6900000000000004,41.61399562322291,0.6900000000000004,64.29128823205193,0.6900000000000004,76.26056638769219,0.6900000000000004,86.42978672846749,0.6900000000000004,100.4610940630163,0.6900000000000004,112.579817887502,0.6900000000000004,123.0968391416002,0.6900000000000004,132.2788940254871,0.6900000000000004,140.3466764915289,0.6900000000000004,153.8251858377467,0.6900000000000004,174.9105635005689,0.6900000000000004,194.776004794272,0.6900000000000004,213.5247491898093,0.6900000000000004,231.2478303821613,0.6900000000000004,248.0263923758455,0.6900000000000004,263.9332111685958
0.7000000000000004,40.64079871661542,0.7000000000000004,62.51967927197801,0.7000000000000004,74.24662934441739,0.7000000000000004,84.26160958540588,0.7000000000000004,98.07421822223061,0.7000000000000004,110.036479929524,0.7000000000000004,120.4416854299678,0.7000000000000004,129.5441860746561,0.7000000000000004,137.5558974845716,0.7000000000000004,150.9694413563223,0.7000000000000004,171.5542921879162,0.7000000000000004,190.9352109355025,0.7000000000000004,209.2149139473154,0.7000000000000004,226.4839738449836,0.7000000000000004,242.8230873676925,0.7000000000000004,258.3045808103131
0.7100000000000004,39.6937071862009,0.7100000000000004,60.79746216923025,0.7100000000000004,72.27949938700951,0.7100000000000004,82.13544527491125,0.7100000000000004,95.7278450703501,0.7100000000000004,107.5305364752026,0.7100000000000004,117.820085305969,0.7100000000000004,126.8389368941433,0.7100000000000004,134.7904910321426,0.7100000000000004,148.1314083778975,0.7100000000000004,168.2277043771739,0.7100000000000004,187.1367086822045,0.7100000000000004,204.9604848371583,0.7100000000000004,221.7890309850993,0.7100000000000004,237.7024986716056,0.7100000000000004,252.7726805711029
0.7200000000000004,38.77092399725883,0.7200000000000004,59.12264340310433,0.7200000000000004,70.35856669992241,0.7200000000000004,80.05179171625917,0.7200000000000004,93.4229417338739,0.7200000000000004,105.0634074540041,0.7200000000000004,115.2338669762894,0.7200000000000004,124.1653312813386,0.7200000000000004,132.0529486523325,0.7200000000000004,145.3140639304665,0.7200000000000004,164.9336854927001,0.7200000000000004,183.3831963086531,0.7200000000000004,200.7638901513473,0.7200000000000004,217.1650878352467,0.7200000000000004,232.6663069043197,0.7200000000000004,247.3387305187103
0.7300000000000004,37.87092198997675,0.7300000000000004,57.49365482224017,0.7300000000000004,68.4834834007399,0.7300000000000004,78.01129264324369,0.7300000000000004,91.16060512960095,0.7300000000000004,102.6366337749851,0.7300000000000004,112.6849763825062,0.7300000000000004,121.5256725669451,0.7300000000000004,129.3458839891401,0.7300000000000004,142.5205191922985,0.7300000000000004,161.6752568680686,0.7300000000000004,179.6775162389255,0.7300000000000004,196.6277161651735,0.7300000000000004,212.6144072727686,0.7300000000000004,227.7163929895364,0.7300000000000004,242.004178728125
0.7400000000000004,36.99242590564389,0.7400000000000004,55.90924942637153,0.7400000000000004,66.65406026934033,0.7400000000000004,76.01463788046406,0.7400000000000004,88.94195781248743,0.7400000000000004,100.2517683301816,0.7400000000000004,110.1753634159706,0.7400000000000004,118.9222643077646,0.7400000000000004,126.6719103347468,0.7400000000000004,139.7538897834577,0.7400000000000004,158.45543747819,0.7400000000000004,176.0225083329766,0.7400000000000004,192.554552121315,0.7400000000000004,208.1392658325824,0.7400000000000004,222.854666902913,0.7400000000000004,236.7705220313422
0.7500000000000004,36.1343859178406,0.7500000000000004,54.36841269343709,0.7500000000000004,64.87018492461698,0.7500000000000004,74.06248745532864,0.7500000000000004,86.7680686545668,0.7500000000000004,97.91029273047501,0.7500000000000004,107.7068946420234,0.7500000000000004,116.3573191434803,0.7500000000000004,124.0335458621033,0.7500000000000004,137.017194600026,0.7500000000000004,155.2771368762267,0.7500000000000004,172.4208969150224,0.7500000000000004,188.5468713772013,0.7500000000000004,203.7418289984573,0.7500000000000004,218.0829371150324,0.7500000000000004,231.639169599947
0.7600000000000005,35.29594716433742,0.7600000000000005,52.87028954090501,0.7600000000000005,63.13175934038022,0.7600000000000005,72.15541648425219,0.7600000000000005,84.63989520265265,0.7600000000000005,95.61355657197926,0.7600000000000005,105.2812893087556,0.7600000000000005,113.8328915877169,0.7600000000000005,121.4331433449929,0.7600000000000005,134.3132800018986,0.7600000000000005,152.1430756660344,0.7600000000000005,168.87520741545,0.7600000000000005,184.6069441453258,0.7600000000000005,199.4240599760542,0.7600000000000005,213.4028153239406,0.7600000000000005,226.6113435529604
0.7700000000000005,34.47641842004203,0.7700000000000005,51.41412597996372,0.7700000000000005,61.43865413334105,0.7700000000000005,70.29387757133105,0.7700000000000005,82.5582443573759,0.7700000000000005,93.3627358097914,0.7700000000000005,102.9000751745513,0.7700000000000005,111.3508312622727,0.7700000000000005,118.8728408616536,0.7700000000000005,131.6447658486531,0.7700000000000005,149.055729557054,0.7700000000000005,165.3877082466362,0.7700000000000005,180.7367770384338,0.7700000000000005,195.1876567682853,0.7700000000000005,208.8156509216158,0.7700000000000005,221.6880106724547
0.7800000000000005,33.6752419845383,0.7800000000000005,49.99922394486741,0.7800000000000005,59.79067693481141,0.7800000000000005,68.47817753685175,0.7800000000000005,80.52374809300319,0.7800000000000005,91.15880688206821,0.7800000000000005,100.5645607405891,0.7800000000000005,108.9127531201475,0.7800000000000005,116.3545299997012,0.7800000000000005,129.0140098718263,0.7800000000000005,146.017293092226,0.7800000000000005,161.9603736251384,0.7800000000000005,176.9380747720511,0.7800000000000005,191.0340125615627,0.7800000000000005,204.3224898738056,0.7800000000000005,216.8698395903986
0.7900000000000005,32.8919660497853,0.7900000000000005,48.62490751967371,0.7900000000000005,58.18755225197139,0.7900000000000005,66.708465539976,0.7900000000000005,78.53685118487347,0.7900000000000005,89.00253346870481,0.7900000000000005,98.27582070670267,0.7900000000000005,106.5200214248237,0.7900000000000005,113.8798382911409,0.7900000000000005,126.4230870622361,0.7900000000000005,143.0296593865488,0.7900000000000005,158.5948633545136,0.7900000000000005,173.2122197313776,0.7900000000000005,186.9641948375314,0.7900000000000005,199.9240531492795,0.7900000000000005,212.1571783169781
0.8000000000000005,32.12622022353153,0.8000000000000005,47.29049873515079,0.8000000000000005,56.62891044514064,0.8000000000000005,64.9847299952382,0.8000000000000005,76.59780824935808,0.8000000000000005,86.89446310493561,0.8000000000000005,96.03469180030407,0.8000000000000005,104.1737445783324,0.8000000000000005,111.4501229244588,0.8000000000000005,123.8737810549322,0.8000000000000005,140.0944125747331,0.8000000000000005,155.2925159982049,0.8000000000000005,169.5602655772398,0.8000000000000005,182.9789391436704,0.8000000000000005,195.6207304023561,0.8000000000000005,207.5500475953233
0.8100000000000005,31.37769446936634,0.8100000000000005,45.99530119131763,0.8100000000000005,55.11428373190505,0.8100000000000005,63.30680205164187,0.8100000000000005,74.70668777516123,0.8100000000000005,84.83493124528032,0.8100000000000005,93.84177650201185,0.8100000000000005,101.8747782618867,0.8100000000000005,109.06647314833,0.8100000000000005,121.3675848532709,0.8100000000000005,137.2128300785902,0.8100000000000005,152.0543523349688,0.8100000000000005,165.9829415775368,0.8100000000000005,179.0786540142095,0.8100000000000005,191.4125852152964,0.8100000000000005,203.0481462137811
0.8200000000000005,30.64612144580152,0.8200000000000005,44.73858991947718,0.8200000000000005,53.64310743477,0.8200000000000005,61.67436377052105,0.8200000000000005,72.86338119844919,0.8200000000000005,82.82407075071255,0.8200000000000005,91.69745257071637,0.8200000000000005,99.62373473198878,0.8200000000000005,106.729719159567,0.8200000000000005,118.9057086076585,0.8200000000000005,134.3858922264432,0.8200000000000005,148.8810864560818,0.8200000000000005,162.4806648603608,0.8200000000000005,175.2634340836543,0.8200000000000005,187.2993687977518,0.8200000000000005,198.6508650351414
0.8300000000000005,29.93126205052672,0.8300000000000005,43.51960609250574,0.8300000000000005,52.21472498910956,0.8300000000000005,60.08695948224999,0.8300000000000005,71.06761542562182,0.8300000000000005,80.86182512877023,0.8300000000000005,89.60188663134073,0.8300000000000005,97.42099647759994,0.8300000000000005,104.4404456316142,0.8300000000000005,116.4890925278363,0.8300000000000005,131.6142971611906,0.8300000000000005,145.7731423069811,0.8300000000000005,159.053558265413,0.8300000000000005,171.5330789511777,0.8300000000000005,183.2805395894081,0.8300000000000005,194.3573070830319
0.8400000000000005,29.2328938743457,0.8400000000000005,42.33755539745205,0.8400000000000005,50.82839550634622,0.8400000000000005,58.54400911050746,0.8400000000000005,69.31896752422287,0.8400000000000005,78.94796417976816,0.8400000000000005,87.55505041709796,0.8400000000000005,95.26673277613388,0.8400000000000005,102.1990083744647,0.8400000000000005,114.118423344531,0.8400000000000005,128.8984793453173,0.8400000000000005,142.7306738801814,0.8400000000000005,155.7014719054872,0.8400000000000005,167.8871158181435,0.8400000000000005,179.3552867041801,0.8400000000000005,190.1663115443396
0.8500000000000005,28.55080222034354,0.8500000000000005,41.19160908364897,0.8500000000000005,49.48330293505492,0.8500000000000005,57.04482252104076,0.8500000000000005,67.6168805790707,0.8500000000000005,77.08210098620542,0.8500000000000005,85.5567385479288,0.8500000000000005,93.16091798051288,0.8500000000000005,100.005552914855,0.8500000000000005,111.7941530386009,0.8500000000000005,126.2386303017507,0.8500000000000005,139.7535876239792,0.8500000000000005,152.424006932711,0.8500000000000005,164.3248243283237,0.8500000000000005,175.5225555840914,0.8500000000000005,186.0764799979142
0.8600000000000005,27.88477333078247,0.8600000000000005,40.08090688291272,0.8600000000000005,48.17856607672725,0.8600000000000005,55.58861417910546,0.8600000000000005,65.96067994619227,0.8600000000000005,75.2637094255801,0.8600000000000005,83.60658697628192,0.8600000000000005,91.10335062413675,0.8600000000000005,97.86003404421727,0.8600000000000005,109.516518820078,0.8600000000000005,123.634720516863,0.8600000000000005,136.841565940309,0.8600000000000005,149.2205403336366,0.8600000000000005,160.8452623884992,0.8600000000000005,171.7810745970343,0.8600000000000005,182.086203562813
0.8700000000000006,27.23458947448068,0.8700000000000006,39.00456116109025,0.8700000000000006,46.91324889334842,0.8700000000000006,54.17451758802692,0.8700000000000006,64.34958933340992,0.8700000000000006,73.49214159054752,0.8700000000000006,81.7040914415679,0.8700000000000006,89.09367264611356,0.8700000000000006,95.76223560173881,0.8700000000000006,107.285563565702,0.8700000000000006,121.0865216761913,0.8700000000000006,133.9940909066842,0.8700000000000006,146.090249854657,0.8700000000000006,157.4472920399301,0.8700000000000006,168.1293816198416,0.8700000000000006,178.1936899794741
0.8800000000000006,26.60002557186241,0.8800000000000006,37.96166180052428,0.8800000000000006,45.68637069279258,0.8800000000000006,52.80159913429901,0.8800000000000006,62.78274629685199,0.8800000000000006,71.76664466790422,0.8800000000000006,79.84862544838994,0.8800000000000006,87.13138821816176,0.8800000000000006,93.71178994334505,0.8800000000000006,105.1011561137003,0.8800000000000006,118.5936286078786,0.8800000000000006,131.2104675747068,0.8800000000000006,143.0321383894134,0.8800000000000006,154.1296046927877,0.8800000000000006,164.5658499001743,0.8800000000000006,174.3969899004441
0.8900000000000006,25.98084706696303,0.8900000000000006,36.95128143123659,0.8900000000000006,44.49691589849861,0.8900000000000006,51.46887108655527,0.8900000000000006,61.25921687143772,0.8900000000000006,70.08637696325431,0.8900000000000006,78.03945742490771,0.8900000000000006,85.21588180090028,0.8900000000000006,91.70819669799896,0.8900000000000006,102.9630109717399,0.8900000000000006,116.1554804767797,0.8900000000000006,128.4898463759143,0.8900000000000006,140.0450573474224,0.8900000000000006,150.8907452320355,0.8900000000000006,161.0887126957646,0.8900000000000006,170.6940218789803
0.9000000000000006,25.37680879095912,0.9000000000000006,35.97248072629343,0.9000000000000006,43.3438432056088,0.9000000000000006,50.1753035911411,0.9000000000000006,59.77800915490899,0.9000000000000006,68.45042286572738,0.9000000000000006,76.27576683059497,0.9000000000000006,83.3464351748415,0.9000000000000006,89.75084053435687,0.9000000000000006,100.8707071220722,0.9000000000000006,113.7713809083807,0.9000000000000006,125.8312443092674,0.9000000000000006,137.1277286738925,0.9000000000000006,147.7291346604862,0.9000000000000006,157.696086352442,0.9000000000000006,167.0825957129545
0.9100000000000006,24.78765459730262,0.9100000000000006,35.02431355604957,0.9100000000000006,42.2260940003879,0.9100000000000006,48.91983558017407,0.9100000000000006,58.3380857435423,0.9100000000000006,66.85780663097218,0.9100000000000006,74.55665907134072,0.9100000000000006,81.52224328437897,0.9100000000000006,87.83900775752173,0.9100000000000006,98.82370571048776,0.9100000000000006,111.4405168301915,0.9100000000000006,123.2335646987698,0.9100000000000006,134.2787653096727,0.9100000000000006,144.6430910684882,0.9100000000000006,154.3859916106913,0.9100000000000006,163.5604339336818
0.9200000000000006,24.21311758239792,0.9200000000000006,34.10583185916114,0.9200000000000006,41.14259997681391,0.9200000000000006,47.70138456283129,0.9200000000000006,56.93837497721396,0.9200000000000006,65.30750492483497,0.9200000000000006,72.88117914831724,0.9200000000000006,79.74242880533873,0.9200000000000006,85.97190163123845,0.9200000000000006,96.82136648687377,0.9200000000000006,109.1619759035501,0.9200000000000006,120.6956153987051,0.9200000000000006,131.4966899730846,0.9200000000000006,141.6308488156091,0.9200000000000006,151.1563730292139,0.9200000000000006,160.1251913307374
0.9300000000000006,23.65292073688288,0.9300000000000006,33.2160901378056,0.9300000000000006,40.09228992692071,0.9300000000000006,46.51885531067129,0.9300000000000006,55.57778099551217,0.9300000000000006,63.79845811813274,0.9300000000000006,71.24832401872702,0.9300000000000006,78.0060554017015,0.9300000000000006,84.14865637892618,0.9300000000000006,94.86296292800715,0.9300000000000006,106.9347624844428,0.9300000000000006,118.2161253922897,0.9300000000000006,128.7799522158567,0.9300000000000006,138.6905758823077,0.9300000000000006,148.0051164886856,0.9300000000000006,156.7744724804275
0.9400000000000006,23.10677790041745,0.9400000000000006,32.35414952269895,0.9400000000000006,39.07409571254356,0.9400000000000006,45.37114747606298,0.9400000000000006,54.25519263819392,0.9400000000000006,62.32958035788233,0.9400000000000006,69.65705368467994,0.9400000000000006,76.31213967813518,0.9400000000000006,82.36834986051501,0.9400000000000006,92.9476960212363,0.9400000000000006,104.7578121016812,0.9400000000000006,115.793759780749,0.9400000000000006,126.1269437580537,0.9400000000000006,135.8203894036486,0.9400000000000006,144.9300647939169,0.9400000000000006,153.5058473013989
0.9500000000000006,22.57439491727073,0.9500000000000006,31.51908138231139,0.9500000000000006,38.08695744798856,0.9500000000000006,44.25716220181878,0.9500000000000006,52.96949124502742,0.9500000000000006,60.89976846488796,0.9500000000000006,68.10630105363947,0.9500000000000006,74.65966186461708,0.9500000000000006,80.63001495396024,0.9500000000000006,91.07470672330767,0.9500000000000006,102.6300044772896,0.9500000000000006,113.4271331973245,0.9500000000000006,123.5360121451155,0.9500000000000006,133.0183694358206,0.9500000000000006,141.9290314320857,0.9500000000000006,150.3168647012489
0.9600000000000006,22.05547091098549,0.9600000000000006,30.70997047192383,0.9600000000000006,37.12982793780743,0.9600000000000006,43.17580779202127,0.9600000000000006,51.71955742414008,0.9600000000000006,59.5079097239494,0.9600000000000006,66.59498063244772,0.9600000000000006,73.04757529004986,0.9600000000000006,78.9326496927936,0.9600000000000006,89.24308713435109,0.9600000000000006,100.550175140065,0.9600000000000006,111.1148217069258,0.9600000000000006,121.0054727965873,0.9600000000000006,130.2825710328783,0.9600000000000006,138.9998125713317,0.9600000000000006,147.2050644043145
0.9700000000000006,21.54969961420174,0.9700000000000006,29.9259176333868,0.9700000000000006,36.20167642297949,0.9700000000000006,42.12600452049557,0.9700000000000006,50.50427686619719,0.9700000000000006,58.15288864297504,0.9700000000000006,65.1219961287638,0.9700000000000006,71.47481471530728,0.9700000000000006,77.27522622617523,0.9700000000000006,87.45189044482886,0.9700000000000006,98.51712570098027,0.9700000000000006,108.8553732698523,0.9700000000000006,118.5336195335746,0.9700000000000006,127.6110347284758,0.9700000000000006,136.1401974012839,0.9700000000000006,144.1679870680763
0.9800000000000006,21.05677070461505,0.9800000000000006,29.16604206692736,0.9800000000000006,35.30149169372798,0.9800000000000006,41.10668865583786,0.9800000000000006,49.32254528550281,0.9800000000000006,56.8335927624894,0.9800000000000006,63.68624704037715,0.9800000000000006,69.94030360414871,0.9800000000000006,75.65669867720509,0.9800000000000006,85.70013972490644,0.9800000000000006,96.52963287024501,0.9800000000000006,106.6473168586532,0.9800000000000006,116.1187336822318,0.9800000000000006,125.0017955271166,0.9800000000000006,133.347976926345,0.9800000000000006,141.2031828045872
0.9900000000000007,20.57637111035816,0.9900000000000007,28.42948320315204,0.9900000000000007,34.42828462901765,0.9900000000000007,40.11681578143262,0.9900000000000007,48.1732725696261,0.9900000000000007,55.54891759863726,0.9900000000000007,62.28663431560167,0.9900000000000007,68.44296041427786,0.9900000000000007,74.07600998013721,0.9900000000000007,83.98683563232619,0.9900000000000007,94.58645630193777,0.9900000000000007,104.4891703227068,0.9900000000000007,113.7590918555171,0.9900000000000007,122.4528905138328,0.9900000000000007,130.62095132639,0.9900000000000007,138.3082182263736
1.000000000000001,20.10818625815359,1.000000000000001,27.71540220741404,1.000000000000001,33.58109022236039,1.000000000000001,39.1553634863731,1.000000000000001,47.05538621732489,1.000000000000001,54.29777080174268,1.000000000000001,60.92206516776693,1.000000000000001,66.981703991486,1.000000000000001,72.53209777861657,1.000000000000001,82.31096311798969,1.000000000000001,92.68634535434012,1.000000000000001,102.379447096517,1.000000000000001,111.4529725160806,1.000000000000001,119.9623651911134,1.000000000000001,127.9569359989073,1.000000000000001,135.4806821352754
1.010000000000001,19.65190124569997,1.010000000000001,27.02298315062132,1.010000000000001,32.75896915155369,1.010000000000001,38.22133349928982,1.010000000000001,45.96783414107961,1.010000000000001,53.07907560961412,1.010000000000001,59.59145712457984,1.010000000000001,65.55545814823549,1.010000000000001,71.02389946610997,1.010000000000001,80.67149720852724,1.010000000000001,90.82804485340336,1.010000000000001,100.3166618462449,1.010000000000001,109.1986614209235,1.010000000000001,117.5282786489734,1.010000000000001,125.3537663927795,1.010000000000001,132.7181899680785
1.020000000000001,19.20720192622807,1.020000000000001,26.35143388095022,1.020000000000001,31.96100894693362,1.020000000000001,37.31375333233031,1.020000000000001,44.90958690604317,1.020000000000001,51.89177367063126,1.020000000000001,58.29374138941058,1.020000000000001,64.16315550475723,1.020000000000001,69.55035644690513,1.020000000000001,79.06740794335505,1.020000000000001,89.01029994400092,1.020000000000001,98.29933514528298,1.020000000000001,106.9944560438502,1.020000000000001,115.1487076685791,1.020000000000001,122.8093017379075,1.020000000000001,130.0183871061358
1.030000000000001,18.7737758982534,1.030000000000001,25.69998663020614,1.030000000000001,31.1863248090228,1.030000000000001,36.43167749727461,1.030000000000001,43.8796394720535,1.030000000000001,50.73482730669353,1.030000000000001,57.02786558687853,1.030000000000001,62.80374066641273,1.030000000000001,68.1104176920376,1.030000000000001,77.49766454030372,1.030000000000001,87.23186010927272,1.030000000000001,96.32599726446189,1.030000000000001,104.8386690657628,1.030000000000001,112.821749853156,1.030000000000001,120.3214277672541,1.030000000000001,127.3789511478858
1.040000000000001,18.35131339748943,1.040000000000001,25.06789838711038,1.040000000000001,30.4340601223949,1.040000000000001,35.57418835032928,1.040000000000001,42.87701249987661,1.040000000000001,49.60722128071289,1.040000000000001,55.79279595986274,1.040000000000001,61.47617280597471,1.040000000000001,66.70304265964604,1.040000000000001,75.96123885948691,1.040000000000001,85.49148243303705,1.040000000000001,94.39519115618924,1.040000000000001,102.7296310156749,1.040000000000001,110.5455258718509,1.040000000000001,117.8880585192917,1.040000000000001,124.7975932338902
1.050000000000001,17.93950809088848,1.050000000000001,24.45445106783202,1.050000000000001,29.70338670838397,1.050000000000001,34.74039661670196,1.050000000000001,41.90075327728641,1.050000000000001,48.50796412772944,1.050000000000001,54.587519079488,1.050000000000001,60.17942771401349,1.050000000000001,65.32720364389742,1.050000000000001,74.45710822999028,1.050000000000001,83.78793417413968,1.050000000000001,92.50547470496149,1.050000000000001,100.6656921375092,1.050000000000001,108.3181808937852,1.050000000000001,115.5071372995169,1.050000000000001,122.2720585041778
1.060000000000001,17.53805777500056,1.060000000000001,23.85895151183508,1.060000000000001,28.99350485509207,1.060000000000001,33.92944164077483,1.060000000000001,40.94993631508866,1.060000000000001,47.43608910310209,1.060000000000001,53.41104312396948,1.060000000000001,58.91249937490709,1.060000000000001,63.98188761097281,1.060000000000001,72.98425769844236,1.060000000000001,82.11999471523542,1.060000000000001,90.65542230924036,1.060000000000001,98.64522354975551,1.060000000000001,106.1378852806197,1.060000000000001,113.1766368702682,1.060000000000001,119.8001257574055
1.070000000000001,17.14666498245015,1.070000000000001,23.28073132872413,1.070000000000001,28.30364315909867,1.070000000000001,33.14049140265504,1.070000000000001,40.02366365790272,1.070000000000001,46.3906547957578,1.070000000000001,52.26239877659512,1.070000000000001,57.67440112029573,1.070000000000001,62.66609757488228,1.070000000000001,71.54168175273809,1.070000000000001,80.48645694178683,1.070000000000001,88.84362585234022,1.070000000000001,96.6666177566254,1.070000000000001,104.0028345969002,1.070000000000001,110.8945589282726,1.070000000000001,117.3796063712486
1.080000000000001,16.76503750144177,1.080000000000001,22.71914661934135,1.080000000000001,27.63305820943542,1.080000000000001,32.3727423371547,1.080000000000001,39.12106494946769,1.080000000000001,45.37074544918078,1.080000000000001,51.14063978764936,1.080000000000001,56.46416640621012,1.080000000000001,61.3788535601766,1.080000000000001,70.12838556837038,1.080000000000001,78.88612810034408,1.080000000000001,87.06869511223825,1.080000000000001,94.72828856107549,1.080000000000001,101.9112489885958,1.080000000000001,108.6589329198884,1.080000000000001,115.0083425330991
1.090000000000001,16.392888813923,1.090000000000001,22.17357759199216,1.090000000000001,26.98103414078748,1.090000000000001,31.6254189868578,1.090000000000001,38.24129728751824,1.090000000000001,44.37547102781844,1.090000000000001,50.04484323983587,1.090000000000001,55.28084925466103,1.090000000000001,60.11919319302184,1.090000000000001,68.7433858189822,1.090000000000001,77.31783017847312,1.090000000000001,85.32925765290067,1.090000000000001,92.82867042193914,1.090000000000001,99.86137197117436,1.090000000000001,106.467814234473,1.090000000000001,112.684204820602
1.100000000000001,16.0299384584475,1.100000000000001,21.64342809238891,1.100000000000001,26.34688207955728,1.100000000000001,30.8977735169021,1.100000000000001,37.38354489886834,1.100000000000001,43.40396706186406,1.100000000000001,48.97410955177742,1.100000000000001,54.12352439525413,1.100000000000001,58.88617195668832,1.100000000000001,67.38571108696712,1.100000000000001,75.78039984213545,1.100000000000001,83.62395823221273,1.100000000000001,90.96621728918647,1.100000000000001,97.85146866012704,1.100000000000001,104.3192818072551,1.100000000000001,110.4050891615307
1.110000000000001,15.67591232395891,1.110000000000001,21.12812506374361,1.110000000000001,25.72993950338178,1.110000000000001,30.1890851154137,1.110000000000001,36.54701866128011,1.110000000000001,42.45539429895226,1.110000000000001,47.92756224943042,1.110000000000001,52.99128713740389,1.110000000000001,57.67886314225581,1.110000000000001,66.05440190432134,1.110000000000001,74.27268795978216,1.110000000000001,81.95145775446935,1.110000000000001,89.13940094361026,1.110000000000001,95.87982346819567,1.110000000000001,102.2114351540675,1.110000000000001,108.1689131937981
1.120000000000001,15.33054288071328,1.120000000000001,20.62711795144171,1.120000000000001,25.1295695319234,1.120000000000001,29.49865930019305,1.120000000000001,35.73095549495239,1.120000000000001,41.52893818720466,1.120000000000001,46.90434753082161,1.120000000000001,51.88325299895435,1.120000000000001,56.49635752031644,1.120000000000001,64.7485104484049,1.120000000000001,72.7935587361613,1.120000000000001,80.31043178828132,1.120000000000001,87.34670885952981,1.120000000000001,93.94473728573347,1.120000000000001,100.1423908520871,1.120000000000001,105.9736120371399
1.130000000000001,14.99356935442731,1.130000000000001,20.13987806487868,1.130000000000001,24.54516016426313,1.130000000000001,28.82582714922478,1.130000000000001,34.93461764303714,1.130000000000001,40.62380821023359,1.130000000000001,45.90363364531303,1.130000000000001,50.79855711250946,1.130000000000001,55.33776275460482,1.130000000000001,63.46709991187107,1.130000000000001,71.34188847259192,1.130000000000001,78.69956866395238,1.130000000000001,85.58664160167194,1.130000000000001,92.04452415250231,1.130000000000001,98.11027847238057,1.130000000000001,103.817133480612
1.140000000000001,14.66473784951151,1.140000000000001,19.66589790736439,1.140000000000001,23.97612347597644,1.140000000000001,28.16994446986605,1.140000000000001,34.15729185745229,1.140000000000001,39.73923709117,1.140000000000001,44.92461010466771,1.140000000000001,49.73635342643212,1.140000000000001,54.20220257382946,1.140000000000001,62.20924356072161,1.140000000000001,69.91656396448803,1.140000000000001,77.11756715768861,1.140000000000001,83.85770976043044,1.140000000000001,90.17750742218138,1.140000000000001,96.11323596295745,1.140000000000001,101.6974325819529
1.150000000000001,14.3438014269528,1.150000000000001,19.20469048348014,1.150000000000001,23.42189478697632,1.150000000000001,27.53039091911094,1.150000000000001,33.39828850338399,1.150000000000001,38.87447987946385,1.150000000000001,43.96648673945539,1.150000000000001,48.69581371337129,1.150000000000001,53.08881571347368,1.150000000000001,60.97402348930586,1.150000000000001,68.5164805409359,1.150000000000001,75.56313376356124,1.150000000000001,82.1584304227421,1.150000000000001,88.34201541377067,1.150000000000001,94.14940447397113,1.150000000000001,99.61246566909294
1.160000000000001,14.03052014207833,1.160000000000001,18.75578859190692,1.160000000000001,22.88193180942024,1.160000000000001,26.90656908513539,1.160000000000001,32.65694059323116,1.160000000000001,38.02881293112228,1.160000000000001,43.02849261080001,1.160000000000001,47.67612639519523,1.160000000000001,51.99675463497211,1.160000000000001,59.76052907591745,1.160000000000001,67.14053974543137,1.160000000000001,74.03497954799226,1.160000000000001,80.48732316963277,1.160000000000001,86.53637653787015,1.160000000000001,92.21692261116466,1.160000000000001,97.56018372849238
1.170000000000001,13.72466104707006,1.170000000000001,18.31874411052623,1.170000000000001,22.35571378339892,1.170000000000001,26.29790353833574,1.170000000000001,31.93260275831264,1.170000000000001,37.20153279013774,1.170000000000001,42.10987478409768,1.170000000000001,46.67649518938244,1.170000000000001,50.92518402539984,1.170000000000001,58.56785513769903,1.170000000000001,65.78764665124643,1.170000000000001,72.53181657560246,1.170000000000001,78.84290558558996,1.170000000000001,84.75891388053368,1.170000000000001,90.31392009868803,1.170000000000001,95.53852516175446
1.180000000000001,13.4259981627307,1.180000000000001,17.89312727951182,1.180000000000001,21.8427406067181,1.180000000000001,25.70383985829301,1.180000000000001,31.22465016440274,1.180000000000001,36.39195497610894,1.180000000000001,41.20989696807658,1.180000000000001,45.69613757819504,1.180000000000001,49.8732790766414,1.180000000000001,57.39509977851947,1.180000000000001,64.45670679948667,1.180000000000001,71.0523538898218,1.180000000000001,77.22368825982538,1.180000000000001,83.00793922307275,1.180000000000001,88.43851083001879,1.180000000000001,93.54540789061255
1.190000000000001,13.13431242363003,1.190000000000001,17.47852598717281,1.190000000000001,21.342531963846,1.190000000000001,25.12384364146969,1.190000000000001,30.53247737505706,1.190000000000001,35.59941268043167,1.190000000000001,40.32783801943289,1.190000000000001,44.73428309832172,1.190000000000001,48.84022353891954,1.190000000000001,56.2413619187065,1.190000000000001,63.1466227427743,1.190000000000001,69.59529302680632,1.190000000000001,75.6281692555818,1.190000000000001,81.28174647360258,1.190000000000001,86.588785284509,1.190000000000001,91.57872079250409
1.200000000000001,12.84939160039895,1.200000000000001,17.07454506246607,1.200000000000001,20.8546264579977,1.200000000000001,24.55739949297082,1.200000000000001,29.85549716470701,1.200000000000001,34.82325537090978,1.200000000000001,39.46299031020691,1.200000000000001,43.79017144509783,1.200000000000001,47.82520753951685,1.200000000000001,55.10573849070067,1.200000000000001,61.85629017276863,1.200000000000001,68.15932303716367,1.200000000000001,74.05482802092307,1.200000000000001,79.57860448580651,1.200000000000001,84.76280228998205,1.200000000000001,89.63631445449847
1.210000000000001,12.57103020258585,1.210000000000001,16.68080557735492,1.210000000000001,20.37858074935317,1.210000000000001,24.00401000434835,1.210000000000001,29.19313928162486,1.210000000000001,34.06284730219311,1.210000000000001,38.61465795206888,1.210000000000001,42.863050381924,1.210000000000001,46.82742515360975,1.210000000000001,53.98732128016416,1.210000000000001,60.58459360556031,1.210000000000001,66.7431149872272,1.210000000000001,72.50211871410302,1.210000000000001,77.89674924304964,1.210000000000001,82.95858011861219,1.210000000000001,87.71599124579997
1.220000000000001,12.29902936515926,1.220000000000001,16.2969441615444,1.220000000000001,19.91396870154134,1.220000000000001,23.4631947181672,1.220000000000001,28.54484915905391,1.220000000000001,33.31756592705928,1.220000000000001,37.78215486875032,1.220000000000001,41.95217344208946,1.220000000000001,45.84607171035041,1.220000000000001,52.88519338789712,1.220000000000001,59.33040159587442,1.220000000000001,65.34531591061483,1.220000000000001,70.96846291894961,1.220000000000001,76.23437539317244,1.220000000000001,81.17408691598094,1.220000000000001,85.81549472788353
1.230000000000001,12.03319672142437,1.230000000000001,15.92261233155915,1.230000000000001,19.46038053774699,1.230000000000001,22.93448907888415,1.230000000000001,27.91008657105767,1.230000000000001,32.58680020123902,1.230000000000001,36.96480270500528,1.230000000000001,41.05679740693142,1.230000000000001,44.88034081375531,1.230000000000001,51.79842528419072,1.230000000000001,58.09256144907144,1.230000000000001,63.96454218244836,1.230000000000001,69.45224173241965,1.230000000000001,74.58962713227534,1.230000000000001,79.40723048425934,1.230000000000001,83.93249845172959
1.240000000000001,11.77334626482891,1.240000000000001,15.5574758356368,1.240000000000001,19.01742200710846,1.240000000000001,22.41744336847962,1.240000000000001,27.28832422795695,1.240000000000001,31.8699487722119,1.240000000000001,36.16192855775735,1.240000000000001,40.17617954124304,1.240000000000001,43.92942105483918,1.240000000000001,50.72607042449864,1.240000000000001,56.86989340025407,1.240000000000001,62.59937229377564,1.240000000000001,67.95178721860276,1.240000000000001,72.96058845697205,1.240000000000001,77.65584747198774,1.240000000000001,82.0645942348425
1.250000000000001,11.51929820186062,1.250000000000001,15.20121401548596,1.250000000000001,18.58471356144689,1.250000000000001,21.91162162422752,1.250000000000001,26.67904630458001,1.250000000000001,31.16641804024626,1.250000000000001,35.37286251256037,1.250000000000001,39.30957456416234,1.250000000000001,42.99249238887489,1.250000000000001,49.66716039385866,1.250000000000001,55.66118423292284,1.250000000000001,61.24833901429206,1.250000000000001,66.46537324386694,1.250000000000001,71.34527283703186,1.250000000000001,75.91769206951049,1.250000000000001,80.20928007319128
1.260000000000001,11.27087879798886,1.260000000000001,14.85351918558395,1.260000000000001,18.16188954180057,1.260000000000001,21.4166005349813,1.260000000000001,26.08174689298128,1.260000000000001,30.4756200779321,1.260000000000001,34.59693496630359,1.260000000000001,38.45623133174389,1.260000000000001,42.06872215015625,1.260000000000001,48.62069954812068,1.260000000000001,54.46518031702671,1.260000000000001,59.90992094896458,1.260000000000001,64.99120573865061,1.260000000000001,69.7416124072723,1.260000000000001,74.19042437462646,1.260000000000001,78.36394792894934
1.270000000000001,11.02792021837191,1.270000000000001,14.51409603037324,1.270000000000001,17.74859737371736,1.270000000000001,20.93196831138177,1.270000000000001,25.49592836979438,1.270000000000001,29.796970392689,1.270000000000001,33.83347371542848,1.270000000000001,37.61538920632371,1.270000000000001,41.15726067662188,1.270000000000001,47.58565912365962,1.270000000000001,53.28058005982212,1.270000000000001,58.58253352187916,1.270000000000001,63.52741247721931,1.270000000000001,68.14744684481116,1.270000000000001,72.471598684206,1.270000000000001,76.52587175260939
1.280000000000001,10.79026036484307,1.280000000000001,14.182661019434,1.280000000000001,17.34449676977767,1.280000000000001,20.4573235244743,1.280000000000001,24.92109966705022,1.280000000000001,29.12988551536393,1.280000000000001,33.08180078809497,1.280000000000001,36.7862740881673,1.280000000000001,40.25723651897946,1.280000000000001,46.56097079536859,1.280000000000001,52.10602578472923,1.280000000000001,57.26451946169684,1.280000000000001,62.07203253173253,1.280000000000001,66.56051219074054,1.280000000000001,70.75865209159481,1.280000000000001,74.69219625477339
1.290000000000001,10.55774271049764,1.290000000000001,13.85894184047149,1.290000000000001,16.94925893737426,1.290000000000001,19.99227390635961,1.290000000000001,24.35677443418233,1.290000000000001,28.4737803972826,1.290000000000001,32.34122899918483,1.290000000000001,35.96809408745597,1.290000000000001,39.36775121459341,1.290000000000001,45.54551967703139,1.290000000000001,50.94009508707546,1.290000000000001,55.95413892263323,1.290000000000001,60.62300564821071,1.290000000000001,64.97843000257215,1.290000000000001,69.04889393615002,1.290000000000001,72.85992715120017
1.300000000000001,10.33021613303182,1.300000000000001,13.54267684974852,1.300000000000001,16.56256578936106,1.300000000000001,19.53643510573329,1.300000000000001,23.80246907820355,1.300000000000001,27.82806559833961,1.300000000000001,31.61105820938096,1.300000000000001,35.16003482042865,1.300000000000001,38.48787361682718,1.300000000000001,44.53813678147304,1.300000000000001,49.78129176501155,1.300000000000001,54.6495594588918,1.300000000000001,59.17816191687898,1.300000000000001,63.39869739461285,1.300000000000001,67.3394968707769,1.300000000000001,71.02592387424603
1.310000000000001,10.10753474782889,1.310000000000001,13.23361453941116,1.310000000000001,16.18410915479913,1.310000000000001,19.08942939054188,1.310000000000001,23.25770066886427,1.310000000000001,27.19214425036473,1.310000000000001,30.89057127470909,1.310000000000001,34.36125432387353,1.310000000000001,37.61663378781824,1.310000000000001,43.53759099349804,1.310000000000001,48.6280364950066,1.310000000000001,53.34884618650715,1.310000000000001,57.73521227803229,1.310000000000001,61.81867874908853,1.310000000000001,65.62749059882128,1.310000000000001,69.18689608940373
1.320000000000001,9.889557741649959,1.320000000000001,12.93151302099812,1.320000000000001,15.81358998668365,1.320000000000001,18.65088428956293,1.320000000000001,22.72198469629437,1.320000000000001,26.56540878377309,1.320000000000001,30.17902968208459,1.320000000000001,33.5708775990554,1.320000000000001,36.75301648952174,1.320000000000001,42.54258066120648,1.320000000000001,47.47865752089518,1.320000000000001,52.04995262460277,1.320000000000001,56.29174062824188,1.320000000000001,60.23560017449469,1.320000000000001,63.90975969573761,1.320000000000001,67.33940578844046
1.330000000000001,9.676149207662888,1.330000000000001,12.63613952428863,1.330000000000001,15.45071756323256,1.330000000000001,18.22043116463578,1.330000000000001,22.19483267058222,1.330000000000001,25.94723741233053,1.330000000000001,29.47566888126817,1.330000000000001,32.78799082218567,1.330000000000001,35.89595434793029,1.330000000000001,41.55172498688218,1.330000000000001,46.33138176267571,1.330000000000001,50.75071291894205,1.330000000000001,54.84519858343354,1.330000000000001,58.64654816197545,1.330000000000001,62.18304738577347,1.330000000000001,65.47987726091065
1.340000000000001,9.467177982431501,1.340000000000001,12.34726991052322,1.340000000000001,15.09520867908092,1.340000000000001,17.79770370566844,1.340000000000001,21.67574955654597,1.340000000000001,25.33699038201435,1.340000000000001,28.7796933464196,1.340000000000001,32.01163529710308,1.340000000000001,35.04432082345458,1.340000000000001,40.56355550481216,1.340000000000001,45.18432693676584,1.340000000000001,49.44883642767006,1.340000000000001,53.39290432844648,1.340000000000001,57.04847435768084,1.340000000000001,60.44396769820639,1.340000000000001,63.60461787537448
1.350000000000001,9.262517485390601,1.350000000000001,12.06468819893093,1.350000000000001,14.74678682257444,1.350000000000001,17.38233634166864,1.350000000000001,21.16423104337764,1.350000000000001,24.734006007167,1.350000000000001,28.09027143419061,1.350000000000001,31.24080128146965,1.350000000000001,34.19692320261927,1.350000000000001,39.57650807978607,1.350000000000001,44.03549552561918,1.350000000000001,48.14190600544804,1.350000000000001,51.93204744875963,1.350000000000001,55.43820893592353,1.350000000000001,58.68902907957807,1.350000000000001,61.70985331991248
1.360000000000001,9.062045561245441,1.360000000000001,11.78818610540878,1.360000000000001,14.40518133533545,1.360000000000001,16.97396256320858,1.360000000000001,20.65976065897339,1.360000000000001,24.13759654270464,1.360000000000001,27.40653015384381,1.360000000000001,30.47442189612759,1.360000000000001,33.35249594019281,1.360000000000001,38.5889160579336,1.360000000000001,42.88277175508441,1.360000000000001,46.82738177004305,1.360000000000001,50.4597022056889,1.360000000000001,53.81248572095674,1.360000000000001,56.91467327118315,1.360000000000001,59.79178172231374
1.370000000000001,8.865644325658074,1.370000000000001,11.51756259213248,1.370000000000001,14.07012655043721,1.370000000000001,16.57221315536461,1.370000000000001,20.1618067540072,1.370000000000001,23.54704397804139,1.370000000000001,26.72755003320756,1.370000000000001,29.71136743548667,1.370000000000001,32.50969483573424,1.370000000000001,37.59900546385499,1.370000000000001,41.72392314529624,1.370000000000001,45.50261268151862,1.370000000000001,48.97285237641997,1.370000000000001,52.16798294127666,1.370000000000001,55.11733402834819,1.370000000000001,57.84665182027518
1.380000000000001,8.67320001451786,1.380000000000001,11.25262342682314,1.380000000000001,13.74136090594489,1.380000000000001,16.17671434586849,1.380000000000001,19.66981940304326,1.380000000000001,22.9615958904113,1.380000000000001,26.05236035840465,1.380000000000001,28.95044054318179,1.380000000000001,31.66709273488602,1.380000000000001,36.6048934780347,1.380000000000001,40.55660870384808,1.380000000000001,44.16485890468145,1.380000000000001,47.46843150892543,1.380000000000001,50.50138425435095,1.380000000000001,53.29352096822363,1.380000000000001,55.87087095099768
1.390000000000001,8.484602837034513,1.390000000000001,10.99318075036897,1.390000000000001,13.41862603137985,1.390000000000001,15.78708588174321,1.390000000000001,19.18322730158467,1.390000000000001,22.38046156705995,1.390000000000001,25.37993519235717,1.390000000000001,28.19037291116585,1.390000000000001,30.8231777143836,1.390000000000001,35.60459185766748,1.390000000000001,39.37839642835716,1.390000000000001,42.81132863506669,1.390000000000001,45.94338317823734,1.390000000000001,48.8094653459315,1.390000000000001,51.43993433141671,1.390000000000001,53.86114886867411
1.400000000000001,8.299746832843313,1.400000000000001,10.73905265149845,1.400000000000001,13.10166580596906,1.400000000000001,15.40293906008938,1.400000000000001,18.70143478189276,1.400000000000001,21.80280870281466,1.400000000000001,24.70919074486411,1.400000000000001,27.42982441111501,1.400000000000001,29.97635505023948,1.400000000000001,34.59601748741238,1.400000000000001,38.18679345963507,1.400000000000001,41.43923378755815,1.400000000000001,44.39474646045601,1.400000000000001,47.08921180959688,1.400000000000001,49.55361648525812,1.400000000000001,51.81468296972096
1.410000000000001,8.118529733269991,1.410000000000001,10.49006274723864,1.410000000000001,12.79022538956224,1.410000000000001,15.02387475623065,1.410000000000001,18.22381913022524,1.410000000000001,21.22776110781085,1.410000000000001,24.03898488306943,1.410000000000001,26.66738588180746,1.410000000000001,29.12495468562638,1.410000000000001,33.57701285628927,1.410000000000001,36.97929292646966,1.410000000000001,40.04586956102236,1.410000000000001,42.81977217382528,1.410000000000001,45.33797387743435,1.410000000000001,47.63214523494084,1.410000000000001,49.7293889919079
1.420000000000001,7.940852826866595,1.420000000000001,10.24603976797603,1.420000000000001,12.4840502300796,1.420000000000001,14.64948151671946,1.420000000000001,17.74972846780577,1.420000000000001,20.65439802542961,1.420000000000001,23.36811984080262,1.420000000000001,25.90158717668191,1.420000000000001,28.26724640268088,1.420000000000001,32.54537992017245,1.420000000000001,35.75344214711023,1.420000000000001,38.6287232107614,1.420000000000001,41.21607518292099,1.420000000000001,43.55366251965911,1.420000000000001,45.67387198280036,1.420000000000001,47.60417814214826
1.430000000000001,7.766620829301216,1.430000000000001,10.00681714608917,1.430000000000001,12.18288505562808,1.430000000000001,14.27933381765191,1.430000000000001,17.27848056143744,1.430000000000001,20.0817558669976,1.430000000000001,22.69534950851843,1.430000000000001,25.13091251222008,1.430000000000001,27.40146543532759,1.430000000000001,31.49893145295723,1.430000000000001,34.50693722754848,1.430000000000001,37.18561709283848,1.430000000000001,39.5818268209837,1.430000000000001,41.73498897146573,1.430000000000001,43.67820394923572,1.430000000000001,45.43927635299587
1.440000000000001,7.595741757660701,1.440000000000001,9.772232607359586,1.440000000000001,11.88647286540891,1.440000000000001,13.9129906324767,1.440000000000001,16.80936306055815,1.440000000000001,19.50883341749856,1.440000000000001,22.01939305158569,1.440000000000001,24.35382561989822,1.440000000000001,26.52585177998636,1.440000000000001,30.43556447846894,1.440000000000001,33.23774895260347,1.440000000000001,35.71488978623573,1.440000000000001,37.9159887534632,1.440000000000001,39.88174533367838,1.440000000000001,41.64592351790522,1.440000000000001,43.23657353696383
1.450000000000001,7.428126809207408,1.450000000000001,9.542127764725151,1.450000000000001,11.59455394175092,1.450000000000001,13.54999451018883,1.450000000000001,16.34163581704252,1.450000000000001,18.93460184737642,1.450000000000001,21.33895698393436,1.450000000000001,23.56880762872304,1.450000000000001,25.63870685957817,1.450000000000001,29.35336048898412,1.450000000000001,31.94428382104495,1.450000000000001,34.21561634873644,1.450000000000001,36.21858484159513,1.450000000000001,37.99511704852227,1.450000000000001,39.57952896906208,1.450000000000001,40.99998021871208
1.460000000000001,7.263690244619274,1.460000000000001,9.316347714451645,1.460000000000001,11.30686491666531,1.460000000000001,13.18987143630108,1.460000000000001,15.87453612910742,1.460000000000001,18.35802115705331,1.460000000000001,20.65276815733873,1.460000000000001,22.77441087983236,1.460000000000001,24.73847129638737,1.460000000000001,28.25071656919625,1.460000000000001,30.62558164813962,1.460000000000001,32.68786398784403,1.460000000000001,34.49100033293197,1.460000000000001,36.07800858003447,1.460000000000001,37.48356959080827,1.460000000000001,38.73575640053214
1.470000000000001,7.102349275734826,1.470000000000001,9.094740635518985,1.470000000000001,11.02313794094145,1.470000000000001,12.83213183606571,1.470000000000001,15.40728795035587,1.470000000000001,17.77806493824713,1.470000000000001,19.95962031188325,1.470000000000001,21.96933182214002,1.470000000000001,23.82382708898449,1.470000000000001,27.12650982371498,1.470000000000001,29.28154682677038,1.470000000000001,31.13297222411413,1.470000000000001,32.73628793299969,1.470000000000001,34.13535196420013,1.470000000000001,35.36493545707654,1.470000000000001,36.45276466483138
1.480000000000001,6.944023957822695,1.480000000000001,8.877157394007632,1.480000000000001,10.743100022752,1.480000000000001,12.47627318064193,1.480000000000001,14.93911629560267,1.480000000000001,17.19375548240675,1.480000000000001,19.25843671311696,1.480000000000001,21.15250550668607,1.480000000000001,22.89382612016576,1.480000000000001,25.98029415272518,1.480000000000001,27.91320369043588,1.480000000000001,29.5538369823268,1.480000000000001,30.95944864943742,1.480000000000001,32.17435549160888,1.480000000000001,33.23305032536341,1.480000000000001,34.16258940810852
1.490000000000001,6.788637086399248,1.490000000000001,8.66345115560852,1.490000000000001,10.46647262675894,1.490000000000001,12.12178476688843,1.490000000000001,14.46926821401267,1.490000000000001,16.60421118286484,1.490000000000001,18.54835075775986,1.490000000000001,20.32322266900829,1.490000000000001,21.94804424828224,1.490000000000001,24.81252298320261,1.490000000000001,26.52295741866268,1.490000000000001,27.95516672805502,1.490000000000001,29.16764351977545,1.490000000000001,30.20463943905084,1.490000000000001,31.0999088085767,1.490000000000001,31.87946105204137
1.5,6.636114098626596,1.5,8.453477011164908,1.5,10.19297165434,1.5,11.76815534842686,1.5,13.99704171929996,1.5,16.00870769933821,1.5,17.82880499622235,1.5,19.48126762551065,1.5,20.98675589943134,1.5,23.62478386037434,1.5,25.1148312671468,1.5,26.34366769462059,1.5,27.37028357689972,1.5,28.23820157173089,1.5,28.97990086355648,1.5,29.61993285938393
