pch18_Id_W  (ll=2e-07) X,pch18_Id_W  (ll=2e-07) Y,pch18_Id_W  (ll=3e-07) X,pch18_Id_W  (ll=3e-07) Y,pch18_Id_W  (ll=4e-07) X,pch18_Id_W  (ll=4e-07) Y,pch18_Id_W  (ll=5e-07) X,pch18_Id_W  (ll=5e-07) Y,pch18_Id_W  (ll=6e-07) X,pch18_Id_W  (ll=6e-07) Y,pch18_Id_W  (ll=7e-07) X,pch18_Id_W  (ll=7e-07) Y,pch18_Id_W  (ll=8e-07) X,pch18_Id_W  (ll=8e-07) Y,pch18_Id_W  (ll=9e-07) X,pch18_Id_W  (ll=9e-07) Y,pch18_Id_W  (ll=1e-06) X,pch18_Id_W  (ll=1e-06) Y,pch18_Id_W  (ll=1.2e-06) X,pch18_Id_W  (ll=1.2e-06) Y,pch18_Id_W  (ll=1.4e-06) X,pch18_Id_W  (ll=1.4e-06) Y,pch18_Id_W  (ll=1.6e-06) X,pch18_Id_W  (ll=1.6e-06) Y,pch18_Id_W  (ll=1.8e-06) X,pch18_Id_W  (ll=1.8e-06) Y,pch18_Id_W  (ll=2e-06) X,pch18_Id_W  (ll=2e-06) Y,pch18_Id_W  (ll=2.2e-06) X,pch18_Id_W  (ll=2.2e-06) Y,pch18_Id_W  (ll=2.4e-06) X,pch18_Id_W  (ll=2.4e-06) Y
0,-1.860369528342931e-06,0,-1.010679312529127e-06,0,-7.428084250325091e-07,0,-5.921157053502402e-07,0,-5.790839562801559e-07,0,-5.534760085346063e-07,0,-5.241304506750565e-07,0,-4.947536563645867e-07,0,-4.668563218527016e-07,0,-4.17241633663037e-07,0,-3.772928059875743e-07,0,-3.436109807393761e-07,0,-3.151150952266779e-07,0,-2.908221366808982e-07,0,-2.699306011835905e-07,0,-2.518076410815894e-07
0.01,-2.465542929187224e-06,0.01,-1.357145276409317e-06,0.01,-1.002343633970551e-06,0.01,-8.009009153530682e-07,0.01,-7.822885040604298e-07,0.01,-7.469963533341919e-07,0.01,-7.06866143888561e-07,0.01,-6.668355382289225e-07,0.01,-6.28899881429953e-07,0.01,-5.615575302300294e-07,0.01,-5.074714640825541e-07,0.01,-4.619008079003861e-07,0.01,-4.233643297767702e-07,0.01,-3.905227362243985e-07,0.01,-3.622867818719322e-07,0.01,-3.377976772107867e-07
0.02,-3.267677003249614e-06,0.02,-1.823026454568808e-06,0.02,-1.353251852991839e-06,0.02,-1.084021036604398e-06,0.02,-1.057504162385163e-06,0.02,-1.008879652578143e-06,0.02,-9.540079228263478e-07,0.02,-8.994639742906866e-07,0.02,-8.478810768177575e-07,0.02,-7.564817671400664e-07,0.02,-6.832585036162137e-07,0.02,-6.216044225941204e-07,0.02,-5.694907343250737e-07,0.02,-5.250932592905829e-07,0.02,-4.869318945678378e-07,0.02,-4.538413034731433e-07
0.03,-4.330511818340626e-06,0.03,-2.449152250039914e-06,0.03,-1.827574540716699e-06,0.03,-1.467877132812831e-06,0.03,-1.430167677446696e-06,0.03,-1.363183154745013e-06,0.03,-1.288158050717878e-06,0.03,-1.213841930378786e-06,0.03,-1.143705805045324e-06,0.03,-1.019663832441125e-06,0.03,-9.205220003452939e-07,0.03,-8.371063002943212e-07,0.03,-7.666347844081633e-07,0.03,-7.066203080435625e-07,0.03,-6.550504344704095e-07,0.03,-6.103432505997575e-07
0.04,-5.738459951955546e-06,0.04,-3.29028712779388e-06,0.04,-2.468324865157491e-06,0.04,-1.98797953389956e-06,0.04,-1.934459436259328e-06,0.04,-1.842217609484059e-06,0.04,-1.739664725958223e-06,0.04,-1.638434076272894e-06,0.04,-1.543094714235637e-06,0.04,-1.374792949347006e-06,0.04,-1.240589304170404e-06,0.04,-1.12775871410944e-06,0.04,-1.032486302060312e-06,0.04,-9.513819070809095e-07,0.04,-8.817099663746175e-07,0.04,-8.213235895949889e-07
0.05,-7.603151146509577e-06,0.05,-4.419980183324338e-06,0.05,-3.333657893267773e-06,0.05,-2.692458651575772e-06,0.05,-2.616660974693114e-06,0.05,-2.48969837523355e-06,0.05,-2.349562146024478e-06,0.05,-2.211708214740632e-06,0.05,-2.082143520613153e-06,0.05,-1.853849058158714e-06,0.05,-1.672229132489522e-06,0.05,-1.519649769162918e-06,0.05,-1.390881462522939e-06,0.05,-1.281304385520788e-06,0.05,-1.187200923521795e-06,0.05,-1.105658136471786e-06
0.06,-1.007216462134269e-05,0.06,-5.936828191194047e-06,0.06,-4.501970540940846e-06,0.06,-3.646408090593462e-06,0.06,-3.539270618797466e-06,0.06,-3.364599233469565e-06,0.06,-3.17316761925066e-06,0.06,-2.985494289278049e-06,0.06,-2.809465968197048e-06,0.06,-2.499876848738499e-06,0.06,-2.254150836497026e-06,0.06,-2.047873807821255e-06,0.06,-1.873879497357582e-06,0.06,-1.725874040520931e-06,0.06,-1.598806475373591e-06,0.06,-1.48872544986082e-06
0.07000000000000001,-1.334054584930554e-05,0.07000000000000001,-7.972959769657171e-06,0.07000000000000001,-6.078895015834407e-06,0.07000000000000001,-4.937790154278978e-06,0.07000000000000001,-4.786629454062858e-06,0.07000000000000001,-4.546431686298247e-06,0.07000000000000001,-4.28501299685767e-06,0.07000000000000001,-4.02959002377663e-06,0.07000000000000001,-3.790502528062851e-06,0.07000000000000001,-3.370786099408052e-06,0.07000000000000001,-3.038414964869274e-06,0.07000000000000001,-2.75961822827044e-06,0.07000000000000001,-2.524578843382329e-06,0.07000000000000001,-2.324724551387353e-06,0.07000000000000001,-2.153194558667941e-06,0.07000000000000001,-2.004630281268816e-06
0.08,-1.766598845062538e-05,0.08,-1.070537323021926e-05,0.08,-8.206703376584083e-06,0.08,-6.685420286749521e-06,0.08,-6.472505123522144e-06,0.08,-6.142348357723943e-06,0.08,-5.785471829457963e-06,0.08,-5.437944816056026e-06,0.08,-5.113301799717783e-06,0.08,-4.544446320406768e-06,0.08,-4.095002532180094e-06,0.08,-3.718297748139591e-06,0.08,-3.400887987122967e-06,0.08,-3.131100880248942e-06,0.08,-2.89961970359103e-06,0.08,-2.699179356580373e-06
0.09,-2.338883716814679e-05,0.09,-1.437107866496467e-05,0.09,-1.107693326501195e-05,0.09,-9.049715802392327e-06,0.09,-8.750285027609607e-06,0.09,-8.296680059645273e-06,0.09,-7.809649882046438e-06,0.09,-7.336950498579739e-06,0.09,-6.896267871488333e-06,0.09,-6.125508878466826e-06,0.09,-5.517930982258315e-06,0.09,-5.009086316164095e-06,0.09,-4.580569818227451e-06,0.09,-4.216492074850557e-06,0.09,-3.904204607463489e-06,0.09,-3.633860118964169e-06
0.09999999999999999,-3.095842776192619e-05,0.09999999999999999,-1.928730690248953e-05,0.09999999999999999,-1.494732525718508e-05,0.09999999999999999,-1.224715425170789e-05,0.09999999999999999,-1.182666491877778e-05,0.09999999999999999,-1.120372869853718e-05,0.09999999999999999,-1.053930079833053e-05,0.09999999999999999,-9.896546041074965e-06,0.09999999999999999,-9.298531906274454e-06,0.09999999999999999,-8.254533022792864e-06,0.09999999999999999,-7.433431827682335e-06,0.09999999999999999,-6.746311265944727e-06,0.09999999999999999,-6.167982277307526e-06,0.09999999999999999,-5.676820629236375e-06,0.09999999999999999,-5.255659238669456e-06,0.09999999999999999,-4.891154534104628e-06
0.11,-4.096774933635711e-05,0.11,-2.587846017171266e-05,0.11,-2.016452482394229e-05,0.11,-1.656970395989461e-05,0.11,-1.598001351789154e-05,0.11,-1.512490988602853e-05,0.11,-1.421877924699906e-05,0.11,-1.334507495751299e-05,0.11,-1.253382127351431e-05,0.11,-1.112017970382571e-05,0.11,-1.00108719468958e-05,0.11,-9.083324632058061e-06,0.11,-8.303074642992228e-06,0.11,-7.64070109347673e-06,0.11,-7.072910518708587e-06,0.11,-6.581626944839409e-06
0.12,-5.419902649133737e-05,0.12,-3.471202254505541e-05,0.12,-2.719448144922338e-05,0.12,-2.2410909566847e-05,0.12,-2.158498303983476e-05,0.12,-2.041169730560714e-05,0.12,-1.917637366962013e-05,0.12,-1.798913877047493e-05,0.12,-1.688898198818007e-05,0.12,-1.497548291468877e-05,0.12,-1.347731929426954e-05,0.12,-1.222566332849905e-05,0.12,-1.117337745384671e-05,0.12,-1.028044411871393e-05,0.12,-9.515266289121368e-06,0.12,-8.853364621886283e-06
0.13,-7.168361417783459e-05,0.13,-4.654636224358911e-05,0.13,-3.66631098578654e-05,0.13,-3.030087045989535e-05,0.13,-2.9145447937091e-05,0.13,-2.75362913148055e-05,0.13,-2.585279311736032e-05,0.13,-2.424008867105037e-05,0.13,-2.274867959179171e-05,0.13,-2.015952924949775e-05,0.13,-1.813693909014955e-05,0.13,-1.644856630131536e-05,0.13,-1.502995669562113e-05,0.13,-1.382669490894496e-05,0.13,-1.279593326219833e-05,0.13,-1.190453127283663e-05
0.14,-9.47806298657219e-05,0.14,-6.239429346420377e-05,0.14,-4.941060927658683e-05,0.14,-4.095308016402028e-05,0.14,-3.933852584761829e-05,0.14,-3.713254931358936e-05,0.14,-3.48391468578922e-05,0.14,-3.264931709155902e-05,0.14,-3.06282842765139e-05,0.14,-2.712629325870083e-05,0.14,-2.439677668312944e-05,0.14,-2.212024909339559e-05,0.14,-2.020860417420494e-05,0.14,-1.858787047112138e-05,0.14,-1.719996221523819e-05,0.14,-1.6000028637122e-05
0.15,-0.0001252800820542649,0.15,-8.360748684193595e-05,0.15,-6.656392391891248e-05,0.15,-5.53270508212178e-05,0.15,-5.307331072805912e-05,0.15,-5.005051526600183e-05,0.15,-4.692748756631822e-05,0.15,-4.395518399964039e-05,0.15,-4.121756787785795e-05,0.15,-3.648291436482898e-05,0.15,-3.280096045218194e-05,0.15,-2.973276426855583e-05,0.15,-2.71579237233349e-05,0.15,-2.497591426508115e-05,0.15,-2.310801961334603e-05,0.15,-2.149356305538217e-05
0.16,-0.0001655379745401288,0.16,-0.0001119884055401029,0.16,-8.963324336758252e-05,0.16,-7.471189183196582e-05,0.16,-7.156908379237235e-05,0.16,-6.742891939227606e-05,0.16,-6.317793274076071e-05,0.16,-5.91452787865206e-05,0.16,-5.543863922963173e-05,0.16,-4.90403908921603e-05,0.16,-4.407596881714957e-05,0.16,-3.994282331582946e-05,0.16,-3.647646814869985e-05,0.16,-3.354033898107589e-05,0.16,-3.102780063242366e-05,0.16,-2.885679867862586e-05
0.17,-0.0002186530755543836,0.17,-0.0001499384978109899,0.17,-0.0001206402733508149,0.17,-0.0001008376221816472,0.17,-9.645922966232352e-05,0.17,-9.079134477741744e-05,0.17,-8.500758625123276e-05,0.17,-7.953882406076525e-05,0.17,-7.452256228481989e-05,0.17,-6.58805433756266e-05,0.17,-5.919038030283269e-05,0.17,-5.362564910804078e-05,0.17,-4.896170888760461e-05,0.17,-4.501310022606733e-05,0.17,-4.16354243139443e-05,0.17,-3.871776528824842e-05
0.18,-0.0002886978667047665,0.18,-0.000200654017638836,0.18,-0.0001622883612584493,0.18,-0.0001360230628957939,0.18,-0.0001299289508058342,0.18,-0.0001221734428648191,0.18,-0.0001143080118974748,0.18,-0.0001068954252246989,0.18,-0.0001001103858213463,0.18,-8.844420217530441e-05,0.18,-7.943349883966995e-05,0.18,-7.194579788377213e-05,0.18,-6.56744062474225e-05,0.18,-6.036756028530032e-05,0.18,-5.582980959195228e-05,0.18,-5.191129701924862e-05
0.19,-0.0003810197820335845,0.19,-0.0002683842165637029,0.19,-0.000218187559841487,0.19,-0.0001833717838828898,0.19,-0.0001748972303722091,0.19,-0.0001642906992271946,0.19,-0.000153599928429646,0.19,-0.0001435581166366575,0.19,-0.000134385915556686,0.19,-0.0001186469454423818,0.19,-0.0001065184542811952,0.19,-9.644996792271698e-05,0.19,-8.802292123826047e-05,0.19,-8.089568756235332e-05,0.19,-7.480384465202422e-05,0.19,-6.954503018593177e-05
0.2,-0.0005026333947822636,0.2,-0.0003587709181407102,0.2,-0.0002931514950996111,0.2,-0.0002470308824971684,0.2,-0.0002352564351514779,0.2,-0.0002207588825793544,0.2,-0.0002062361672739105,0.2,-0.000192640809368231,0.2,-0.0001802495301997054,0.2,-0.0001590303938374136,0.2,-0.0001427168559344836,0.2,-0.0001291881297716792,0.2,-0.0001178731982855191,0.2,-0.0001083087189670535,0.2,-0.0001001371544962457,0.2,-9.308540505117883e-05
0.21,-0.0006627299205673124,0.21,-0.000479293836347519,0.21,-0.0003935876169834454,0.21,-0.0003325314660969001,0.21,-0.0003161865677806755,0.21,-0.0002963825274949618,0.21,-0.0002766668215612592,0.21,-0.0002582728592253097,0.21,-0.0002415447275362016,0.21,-0.0002129590933689664,0.21,-0.0001910338551377565,0.21,-0.0001728708968775614,0.21,-0.0001576915755624152,0.21,-0.0001448678112773742,0.21,-0.0001339164627479598,0.21,-0.0001244692162894646
0.2200000000000001,-0.00087333751975598,0.2200000000000001,-0.0006398526245248742,0.2200000000000001,-0.0005280081964563963,0.2200000000000001,-0.0004472347027694911,0.2200000000000001,-0.0004245655466642731,0.2200000000000001,-0.0003975306624414316,0.2200000000000001,-0.0003707839633303562,0.2200000000000001,-0.0003459165834707186,0.2200000000000001,-0.0003233519153989316,0.2200000000000001,-0.0002848754091889104,0.2200000000000001,-0.0002554345708186757,0.2200000000000001,-0.0002310729231788703,0.2200000000000001,-0.0002107292622900046,0.2200000000000001,-0.0001935527381743033,0.2200000000000001,-0.0001788909475025334,0.2200000000000001,-0.0001662475531132869
0.2300000000000001,-0.00115017465814626,0.2300000000000001,-0.000853524728289879,0.2300000000000001,-0.0007076964062755313,0.2300000000000001,-0.0006009132648023863,0.2300000000000001,-0.0005695020548707407,0.2300000000000001,-0.0005326235239347246,0.2300000000000001,-0.0004963673290417389,0.2300000000000001,-0.0004627771681546227,0.2300000000000001,-0.0004323672386674798,0.2300000000000001,-0.0003806276097102027,0.2300000000000001,-0.0003411352497195219,0.2300000000000001,-0.0003084942671214602,0.2300000000000001,-0.0002812592626403274,0.2300000000000001,-0.0002582784554993922,0.2300000000000001,-0.0002386716112029863,0.2300000000000001,-0.0002217704667210998
0.2400000000000001,-0.001513749488920348,0.2400000000000001,-0.00113754781505514,0.2400000000000001,-0.0009475700442431209,0.2400000000000001,-0.0008065049242857045,0.2400000000000001,-0.0007630234350219427,0.2400000000000001,-0.0007127591626609898,0.2400000000000001,-0.000663656934688014,0.2400000000000001,-0.0006183284863360417,0.2400000000000001,-0.0005773879184316615,0.2400000000000001,-0.0005078894050657583,0.2400000000000001,-0.0004549752423114282,0.2400000000000001,-0.0004112940778432761,0.2400000000000001,-0.0003748787067740248,0.2400000000000001,-0.0003441713448519508,0.2400000000000001,-0.0003179855104006362,0.2400000000000001,-0.0002954223913431943
0.2500000000000001,-0.00199077109800354,0.2500000000000001,-0.001514586938583612,0.2500000000000001,-0.001267294882275511,0.2500000000000001,-0.001081082866230912,0.2500000000000001,-0.001020957698341809,0.2500000000000001,-0.0009525145307990327,0.2500000000000001,-0.0008860835684141587,0.2500000000000001,-0.0008249827850213181,0.2500000000000001,-0.0007699295742112246,0.2500000000000001,-0.0006766925301799341,0.2500000000000001,-0.0006058888087701392,0.2500000000000001,-0.0005475135849880808,0.2500000000000001,-0.0004988919271566585,0.2500000000000001,-0.0004579191185926125,0.2500000000000001,-0.0004229976923242994,0.2500000000000001,-0.0003929201997347096
0.2600000000000001,-0.002615953703725782,0.2600000000000001,-0.002014359610757161,0.2600000000000001,-0.001692710046500753,0.2600000000000001,-0.001447095695248775,0.2600000000000001,-0.001364055706100624,0.2600000000000001,-0.001270961605211973,0.2600000000000001,-0.00118119330529012,0.2600000000000001,-0.001098936799001857,0.2600000000000001,-0.001025005124954135,0.2600000000000001,-0.0009000973777163358,0.2600000000000001,-0.000805498806195787,0.2600000000000001,-0.0007276081109801362,0.2600000000000001,-0.0006627921114223246,0.2600000000000001,-0.0006082106588612113,0.2600000000000001,-0.0005617158021769666,0.2600000000000001,-0.000521687742734703
0.2700000000000001,-0.003434312610634977,0.2700000000000001,-0.002675706330813923,0.2700000000000001,-0.002257638814898168,0.2700000000000001,-0.001933938634385391,0.2700000000000001,-0.001819406527790675,0.2700000000000001,-0.001692944955038348,0.2700000000000001,-0.001571807244210788,0.2700000000000001,-0.001461231296332165,0.2700000000000001,-0.001362098831650678,0.2700000000000001,-0.001195029946370997,0.2700000000000001,-0.001068857252194025,0.2700000000000001,-0.0009651105100500264,0.2700000000000001,-0.0008788618318438696,0.2700000000000001,-0.0008062843473142171,0.2700000000000001,-0.0007444944497487721,0.2700000000000001,-0.000691322708162467
0.2800000000000001,-0.004504070807424895,0.2800000000000001,-0.003549209310105491,0.2800000000000001,-0.003006169010049525,0.2800000000000001,-0.002579925259990665,0.2800000000000001,-0.002422205196788449,0.2800000000000001,-0.002250672302725549,0.2800000000000001,-0.002087462044539002,0.2800000000000001,-0.001939064868157086,0.2800000000000001,-0.001806372410331168,0.2800000000000001,-0.001583316094106755,0.2800000000000001,-0.001415360289805374,0.2800000000000001,-0.001277450792314533,0.2800000000000001,-0.001162914946918733,0.2800000000000001,-0.001066605495337742,0.2800000000000001,-0.0009846583492958865,0.2800000000000001,-0.0009141734451113119
0.2900000000000001,-0.005900317240478196,0.2900000000000001,-0.00470047718371668,0.2900000000000001,-0.003995496611994658,0.2900000000000001,-0.00343473511476378,0.2900000000000001,-0.003217936559568773,0.2900000000000001,-0.00298567315652956,0.2900000000000001,-0.002766179724857949,0.2900000000000001,-0.002567405193292772,0.2900000000000001,-0.002390142207993704,0.2900000000000001,-0.002092945650571674,0.2900000000000001,-0.001869866636942243,0.2900000000000001,-0.001686958203422624,0.2900000000000001,-0.001535203818993478,0.2900000000000001,-0.001407694862770836,0.2900000000000001,-0.001299264554348359,0.2900000000000001,-0.00120604463935904
0.3000000000000001,-0.00771958131086683,0.3000000000000001,-0.006214226967149181,0.3000000000000001,-0.0052994326381372,0.3000000000000001,-0.004562415012762936,0.3000000000000001,-0.004265040152581048,0.3000000000000001,-0.003951181130228531,0.3000000000000001,-0.003656615280512523,0.3000000000000001,-0.003390940802077645,0.3000000000000001,-0.003154666016376856,0.3000000000000001,-0.002759598259858961,0.3000000000000001,-0.002464048161568359,0.3000000000000001,-0.002222071722430588,0.3000000000000001,-0.002021515559982182,0.3000000000000001,-0.001853130064937613,0.3000000000000001,-0.001710023946073751,0.3000000000000001,-0.001587050577077815
0.3100000000000001,-0.01008551189439482,0.3100000000000001,-0.008199304266232386,0.3100000000000001,-0.007012674301755681,0.3100000000000001,-0.006045008351544967,0.3100000000000001,-0.005638116725051145,0.3100000000000001,-0.005214990862596431,0.3100000000000001,-0.004820625783464918,0.3100000000000001,-0.00446641138991047,0.3100000000000001,-0.004152273110134753,0.3100000000000001,-0.003628457921582245,0.3100000000000001,-0.003237996856194214,0.3100000000000001,-0.002918780946331624,0.3100000000000001,-0.002654477305004014,0.3100000000000001,-0.002432738181786935,0.3100000000000001,-0.002244398837378592,0.3100000000000001,-0.002082631601368474
0.3200000000000001,-0.01315587141016964,0.3200000000000001,-0.01079478565773832,0.3200000000000001,-0.009255933331213932,0.3200000000000001,-0.007986873545992751,0.3200000000000001,-0.007431723358621855,0.3200000000000001,-0.006862826662244061,0.3200000000000001,-0.006336290910246031,0.3200000000000001,-0.005865341200069694,0.3200000000000001,-0.005448857826225399,0.3200000000000001,-0.004756330565513686,0.3200000000000001,-0.004242100735853468,0.3200000000000001,-0.003822308294490283,0.3200000000000001,-0.003475080090806126,0.3200000000000001,-0.003183988001253777,0.3200000000000001,-0.002936884159941341,0.3200000000000001,-0.002724740413098078
0.3300000000000001,-0.01713107351157711,0.3300000000000001,-0.01417729846793348,0.3300000000000001,-0.01218199136961467,0.3300000000000001,-0.01051972381031209,0.3300000000000001,-0.00976477474256068,0.3300000000000001,-0.009002230598668207,0.3300000000000001,-0.008301385780351949,0.3300000000000001,-0.007677171507882428,0.3300000000000001,-0.007126729232211792,0.3300000000000001,-0.006214052852402463,0.3300000000000001,-0.005539176417735857,0.3300000000000001,-0.004989019981661971,0.3300000000000001,-0.004534408629236782,0.3300000000000001,-0.004153569157868797,0.3300000000000001,-0.003830459564692466,0.3300000000000001,-0.003553185687431359
0.3400000000000001,-0.02226450277639971,0.3400000000000001,-0.01856966524991747,0.3400000000000001,-0.01598270522582592,0.3400000000000001,-0.01380836628398464,0.3400000000000001,-0.01278551275666591,0.3400000000000001,-0.01176692238049004,0.3400000000000001,-0.01083725247248822,0.3400000000000001,-0.01001273509518352,0.3400000000000001,-0.009287757933837088,0.3400000000000001,-0.008089132468078309,0.3400000000000001,-0.007206800509134017,0.3400000000000001,-0.006488509917262914,0.3400000000000001,-0.005895523249085707,0.3400000000000001,-0.005399106561478628,0.3400000000000001,-0.00497816290464427,0.3400000000000001,-0.004617085469687037
0.3500000000000001,-0.02887484979951611,0.3500000000000001,-0.02425092051384865,0.3500000000000001,-0.02089689852982346,0.3500000000000001,-0.01805702433883685,0.3500000000000001,-0.01667691027574696,0.3500000000000001,-0.01532148784683812,0.3500000000000001,-0.01409292346024434,0.3500000000000001,-0.01300792572544708,0.3500000000000001,-0.01205667480889223,0.3500000000000001,-0.01048848125499367,0.3500000000000001,-0.00933970718028489,0.3500000000000001,-0.008405730238306564,0.3500000000000001,-0.007635373972702475,0.3500000000000001,-0.006990896073820503,0.3500000000000001,-0.006444676692069519,0.3500000000000001,-0.005976327189859274
0.3600000000000002,-0.03736066441945129,0.3600000000000002,-0.03156763551746396,0.3600000000000002,-0.02721892962037321,0.3600000000000002,-0.02351597409974178,0.3600000000000002,-0.021662221110415,0.3600000000000002,-0.01986610284425983,0.3600000000000002,-0.01824920654690563,0.3600000000000002,-0.01682727927311739,0.3600000000000002,-0.01558424752643242,0.3600000000000002,-0.01354098750826385,0.3600000000000002,-0.01205201196830742,0.3600000000000002,-0.01084294237990754,0.3600000000000002,-0.009846533868236976,0.3600000000000002,-0.009013460886673142,0.3600000000000002,-0.008307738291316345,0.3600000000000002,-0.007702855381471576
0.3700000000000002,-0.0482172550272907,0.3700000000000002,-0.04094629374230171,0.3700000000000002,-0.03530749331596111,0.3700000000000002,-0.03048799835763743,0.3700000000000002,-0.02801016612047769,0.3700000000000002,-0.02564079015309629,0.3700000000000002,-0.02352224654977177,0.3700000000000002,-0.02166700347267506,0.3700000000000002,-0.02004989467058397,0.3700000000000002,-0.01739953121366106,0.3700000000000002,-0.01547889239357395,0.3700000000000002,-0.01392114496140161,0.3700000000000002,-0.01263843157357946,0.3700000000000002,-0.01156662982202193,0.3700000000000002,-0.01065909418919867,0.3700000000000002,-0.009881524566253653
0.3800000000000002,-0.06205591314396693,0.3800000000000002,-0.05290614961651664,0.3800000000000002,-0.04559388031629063,0.3800000000000002,-0.03933386023999564,0.3800000000000002,-0.03603897041705571,0.3800000000000002,-0.03292846208118696,0.3800000000000002,-0.03016586237056176,0.3800000000000002,-0.02775680168683717,0.3800000000000002,-0.02566312722135622,0.3800000000000002,-0.02224190981293744,0.3800000000000002,-0.01977723889186094,0.3800000000000002,-0.01778053340794093,0.3800000000000002,-0.01613767435240926,0.3800000000000002,-0.01476576073455723,0.3800000000000002,-0.01360464930302304,0.3800000000000002,-0.0126101925933302
0.3900000000000002,-0.0796251753759932,0.3900000000000002,-0.06807154919291028,0.3900000000000002,-0.05858850023898313,0.3900000000000002,-0.05047567182422041,0.3900000000000002,-0.04611820107167631,0.3900000000000002,-0.04205579064960113,0.3900000000000002,-0.03847179179159085,0.3900000000000002,-0.03535970479764294,0.3900000000000002,-0.03266310331644094,0.3900000000000002,-0.02827007707439337,0.3900000000000002,-0.0251247465036432,0.3900000000000002,-0.02257951896122811,0.3900000000000002,-0.02048703721834472,0.3900000000000002,-0.01874072474690426,0.3900000000000002,-0.01726346103096815,0.3900000000000002,-0.01599873309097848
0.4000000000000002,-0.1018333932195825,0.4000000000000002,-0.08718210729832493,0.4000000000000002,-0.074884059822504,0.4000000000000002,-0.06439679507469026,0.4000000000000002,-0.05866722367767706,0.4000000000000002,-0.05339089316313482,0.4000000000000002,-0.04876697538207698,0.4000000000000002,-0.04476916076546995,0.4000000000000002,-0.04131564254010758,0.4000000000000002,-0.03570718647381906,0.4000000000000002,-0.03171702208542782,0.4000000000000002,-0.02849194669218402,0.4000000000000002,-0.02584280863472796,0.4000000000000002,-0.02363338230318156,0.4000000000000002,-0.02176534167997732,0.4000000000000002,-0.02016675735995806
0.4100000000000002,-0.1297712127342954,0.4100000000000002,-0.1110985213230196,0.4100000000000002,-0.09515355701242963,0.4100000000000002,-0.08163694563990552,0.4100000000000002,-0.07414926424691412,0.4100000000000002,-0.0673370648910559,0.4100000000000002,-0.06140729464144037,0.4100000000000002,-0.05630293388717075,0.4100000000000002,-0.05190735493499117,0.4100000000000002,-0.04479223390840349,0.4100000000000002,-0.03976257990452574,0.4100000000000002,-0.03570243890735759,0.4100000000000002,-0.03237045653093344,0.4100000000000002,-0.02959354126779474,0.4100000000000002,-0.02724707853953812,0.4100000000000002,-0.02524006881192417
0.4200000000000002,-0.16473166049531,0.4200000000000002,-0.1408013824993133,0.4200000000000002,-0.1201414534464801,0.4200000000000002,-0.1027816595648687,0.4200000000000002,-0.09306065835848601,0.4200000000000002,-0.08432241439998425,0.4200000000000002,-0.07676779569810412,0.4200000000000002,-0.07029395857073244,0.4200000000000002,-0.06473710320268711,0.4200000000000002,-0.05577259649941833,0.4200000000000002,-0.04947606155415633,0.4200000000000002,-0.04440021577029042,0.4200000000000002,-0.04023896956658927,0.4200000000000002,-0.03677374807276965,0.4200000000000002,-0.03384761484561098,0.4200000000000002,-0.03134618344214446
0.4300000000000002,-0.2082244821733754,0.4300000000000002,-0.1773804552775653,0.4300000000000002,-0.1506472338692771,0.4300000000000002,-0.1284462948419986,0.4300000000000002,-0.1159158707926979,0.4300000000000002,-0.1047861877416237,0.4300000000000002,-0.09523027659386132,0.4300000000000002,-0.08707905826165588,0.4300000000000002,-0.08010570954835793,0.4300000000000002,-0.0688953377375346,0.4300000000000002,-0.06107051699049055,0.4300000000000002,-0.05477218565010409,0.4300000000000002,-0.04961461977718234,0.4300000000000002,-0.0453236132405485,0.4300000000000002,-0.04170285115028471,0.4300000000000002,-0.03860953745557077
0.4400000000000002,-0.2619804467045207,0.4400000000000002,-0.2220128590521811,0.4400000000000002,-0.1875020564814287,0.4400000000000002,-0.1592560955827014,0.4400000000000002,-0.143230028305889,0.4400000000000002,-0.129163537258892,0.4400000000000002,-0.1171699273671008,0.4400000000000002,-0.1069871241338833,0.4400000000000002,-0.09830540105242315,0.4400000000000002,-0.08439858418969552,0.4400000000000002,-0.07474993172010402,0.4400000000000002,-0.06699638170053905,0.4400000000000002,-0.0606551283150455,0.4400000000000002,-0.05538457099722693,0.4400000000000002,-0.0509408958964406,0.4400000000000002,-0.04714714928867016
0.4500000000000002,-0.3279409617783153,0.4500000000000002,-0.2759305039780189,0.4500000000000002,-0.2315410089033411,0.4500000000000002,-0.1958251061899512,0.4500000000000002,-0.1755015991920366,0.4500000000000002,-0.1578711169487831,0.4500000000000002,-0.1429431531327894,0.4500000000000002,-0.1303286586802131,0.4500000000000002,-0.1196107045686613,0.4500000000000002,-0.1025043776499996,0.4500000000000002,-0.09070321785344508,0.4500000000000002,-0.08123681249782383,0.4500000000000002,-0.07350518089627406,0.4500000000000002,-0.06708592050128545,0.4500000000000002,-0.06167853073276794,0.4500000000000002,-0.05706543289576424
0.4600000000000002,-0.4082290896536551,0.4600000000000002,-0.3403796712206613,0.4600000000000002,-0.2835749767806681,0.4600000000000002,-0.2387373482461068,0.4600000000000002,-0.2131980634149907,0.4600000000000002,-0.191295861112899,0.4600000000000002,-0.1728785515129317,0.4600000000000002,-0.1573883544522178,0.4600000000000002,-0.1442722246319314,0.4600000000000002,-0.1234140956879303,0.4600000000000002,-0.1091005629193316,0.4600000000000002,-0.09764047330068451,0.4600000000000002,-0.08829392785302304,0.4600000000000002,-0.08054269701261789,0.4600000000000002,-0.07401937038524777,0.4600000000000002,-0.06845858691645496
0.4700000000000003,-0.5051003013651085,0.4700000000000003,-0.4165780009634288,0.4700000000000003,-0.344366641332182,0.4700000000000003,-0.2885333154749671,0.4700000000000003,-0.2567467849921106,0.4700000000000003,-0.2297885773071591,0.4700000000000003,-0.2072722744579623,0.4700000000000003,-0.1884216548258831,0.4700000000000003,-0.1725140461692771,0.4700000000000003,-0.1473069150579465,0.4700000000000003,-0.1300924620568577,0.4700000000000003,-0.1163367447326386,0.4700000000000003,-0.1051346276991361,0.4700000000000003,-0.09585548389638661,0.4700000000000003,-0.0880537931979497,0.4700000000000003,-0.08140861013235676
0.4800000000000003,-0.620874979072619,0.4800000000000003,-0.5056753995417709,0.4800000000000003,-0.4146143214773046,0.4800000000000003,-0.3457035670316732,0.4800000000000003,-0.3065320282107123,0.4800000000000003,-0.2736628141225618,0.4800000000000003,-0.2463879495325011,0.4800000000000003,-0.2236552969252361,0.4800000000000003,-0.2045346522907236,0.4800000000000003,-0.1743410933587752,0.4800000000000003,-0.1538111542133291,0.4800000000000003,-0.1374388763252285,0.4800000000000003,-0.1241261247447122,0.4800000000000003,-0.1131118576932117,0.4800000000000003,-0.103860340815951,0.4800000000000003,-0.09598665025630498
0.4900000000000003,-0.7578589887498643,0.4900000000000003,-0.6087248555673058,0.4900000000000003,-0.4949454961853861,0.4900000000000003,-0.410689473597296,0.4900000000000003,-0.3628976214734659,0.4900000000000003,-0.3231982773784861,0.4900000000000003,-0.2904603465185251,0.4900000000000003,-0.263291001058936,0.4900000000000003,-0.2405105315287358,0.4900000000000003,-0.2046572995059839,0.4900000000000003,-0.180373738848658,0.4900000000000003,-0.1610468819851492,0.4900000000000003,-0.1453555364182255,0.4900000000000003,-0.1323888864277805,0.4900000000000003,-0.1215080471918326,0.4900000000000003,-0.1122551819521225
0.5000000000000002,-0.9182622367050173,0.5000000000000002,-0.7266669250361824,0.5000000000000002,-0.5859195702260396,0.5000000000000002,-0.4838896167774265,0.5000000000000002,-0.4261536577906852,0.5000000000000002,-0.3786472476531605,0.5000000000000002,-0.3397013538337008,0.5000000000000002,-0.3075109886578901,0.5000000000000002,-0.2806012663832592,0.5000000000000002,-0.2383829704908962,0.5000000000000002,-0.2098860690185773,0.5000000000000002,-0.1872510418124451,0.5000000000000002,-0.1689014264021716,0.5000000000000002,-0.1537560253491634,0.5000000000000002,-0.1410590983854469,0.5000000000000002,-0.1302704642134178
0.5100000000000002,-1.104126578442065,0.5100000000000002,-0.8603284839038263,0.5100000000000002,-0.6880375673343767,0.5100000000000002,-0.5656694292972585,0.5100000000000002,-0.4965851160293875,0.5100000000000002,-0.4402421743657836,0.5100000000000002,-0.3943066844904926,0.5100000000000002,-0.3564839471910278,0.5100000000000002,-0.32495488292451,0.5100000000000002,-0.2756367151484299,0.5100000000000002,-0.2424465872124034,0.5100000000000002,-0.2161352882583029,0.5100000000000002,-0.1948368289542301,0.5100000000000002,-0.1772778453082472,0.5100000000000002,-0.1625713152073781,0.5100000000000002,-0.1500848161793961
0.5200000000000002,-1.317273002174404,0.5200000000000002,-1.01043335296652,0.5200000000000002,-0.8017554649434332,0.5200000000000002,-0.6563715318263402,0.5200000000000002,-0.574460398601587,0.5200000000000002,-0.508202833467431,0.5200000000000002,-0.4544619827591739,0.5200000000000002,-0.410370324124356,0.5200000000000002,-0.3737125040551806,0.5200000000000002,-0.316532032133314,0.5200000000000002,-0.2781495023524072,0.5200000000000002,-0.2477799701992078,0.5200000000000002,-0.2232316894603333,0.5200000000000002,-0.203016214069273,0.5200000000000002,-0.1861001227634477,0.5200000000000002,-0.171748410819532
0.5300000000000002,-1.559273996456334,0.5300000000000002,-1.177620467228116,0.5300000000000002,-0.927497907428852,0.5300000000000002,-0.7563247096351268,0.5300000000000002,-0.6600383106690788,0.5300000000000002,-0.5827419415068051,0.5300000000000002,-0.5203474685719417,0.5300000000000002,-0.4693262568629067,0.5300000000000002,-0.4270117362088386,0.5300000000000002,-0.3611799339299083,0.5300000000000002,-0.3170869910877682,0.5300000000000002,-0.2822637405817119,0.5300000000000002,-0.2541545116297823,0.5300000000000002,-0.2310317541680817,0.5300000000000002,-0.2116998558728067,0.5300000000000002,-0.195310455304279
0.5400000000000003,-1.831451747473423,0.5400000000000003,-1.362464738041714,0.5400000000000003,-1.065669782676295,0.5400000000000003,-0.8658502683969175,0.5400000000000003,-0.7535726893812225,0.5400000000000003,-0.6640686990865179,0.5400000000000003,-0.592140753418647,0.5400000000000003,-0.5335058760499168,0.5400000000000003,-0.4849885968417214,0.5400000000000003,-0.4096903687227756,0.5400000000000003,-0.3593503596507383,0.5400000000000003,-0.3196645311024328,0.5400000000000003,-0.287673192229535,0.5400000000000003,-0.2613845697818451,0.5400000000000003,-0.2394244007014448,0.5400000000000003,-0.2208197638695668
0.5500000000000003,-2.134897970624871,0.5500000000000003,-1.56549643831417,0.5500000000000003,-1.216664210978746,0.5500000000000003,-0.9852653174361728,0.5500000000000003,-0.8553145149514788,0.5500000000000003,-0.7523902312469473,0.5500000000000003,-0.6700178650434827,0.5500000000000003,-0.6030620568576303,0.5500000000000003,-0.5477780775249901,0.5500000000000003,-0.4621725506220031,0.5500000000000003,-0.4050302808991771,0.5500000000000003,-0.3600597268755388,0.5500000000000003,-0.3238551522559195,0.5500000000000003,-0.294134346573622,0.5500000000000003,-0.2693272714451434,0.5500000000000003,-0.24832481700086
0.5600000000000003,-2.470508061310839,0.5600000000000003,-1.787216312376209,0.5600000000000003,-1.38086651766516,0.5600000000000003,-1.114883161699262,0.5600000000000003,-0.9655117828076234,0.5600000000000003,-0.8479112260544615,0.5600000000000003,-0.7541527778130366,0.5600000000000003,-0.6781459014423276,0.5600000000000003,-0.6155136093506409,0.5600000000000003,-0.518734432575936,0.5600000000000003,-0.4542163176138121,0.5600000000000003,-0.4035257318237973,0.5600000000000003,-0.3627669378956103,0.5600000000000003,-0.3293399830417267,0.5600000000000003,-0.3014612679021944,0.5600000000000003,-0.2778734418415785
0.5700000000000003,-2.839021338388096,0.5700000000000003,-2.028105127242021,0.5700000000000003,-1.558654529537108,0.5700000000000003,-1.255011372378528,0.5700000000000003,-1.084407662823311,0.5700000000000003,-0.9508322406860625,0.5700000000000003,-0.8447158659944249,0.5700000000000003,-0.7589053253253276,0.5700000000000003,-0.6883257660373152,0.5700000000000003,-0.5794815993726038,0.5700000000000003,-0.5069959722130318,0.5700000000000003,-0.4501371358688063,0.5700000000000003,-0.4044734791837445,0.5700000000000003,-0.3670589224780926,0.5700000000000003,-0.3358778675195068,0.5700000000000003,-0.3095122544064687
0.5800000000000003,-3.241060144196589,0.5800000000000003,-2.28862765360577,0.5800000000000003,-1.750395986552712,0.5800000000000003,-1.405948268958477,0.5800000000000003,-1.212237549809971,0.5800000000000003,-1.06134718117707,0.5800000000000003,-0.9418717119771127,0.5800000000000003,-0.8454831226891713,0.5800000000000003,-0.7663405348898507,0.5800000000000003,-0.6445158455642156,0.5800000000000003,-0.5634534871616225,0.5800000000000003,-0.4999656778780348,0.5800000000000003,-0.4490371769054105,0.5800000000000003,-0.4073463375183937,0.5800000000000003,-0.3726264888477134,0.5800000000000003,-0.343285988113431
0.5900000000000003,-3.677162692517729,0.5900000000000003,-2.569231916748361,0.5900000000000003,-1.956444030891421,0.5900000000000003,-1.567978542700208,0.5900000000000003,-1.349225573008516,0.5900000000000003,-1.179640414425638,0.5900000000000003,-1.045776651083153,0.5900000000000003,-0.9380148356820899,0.5900000000000003,-0.8496774376945495,0.5900000000000003,-0.71393365980829,0.5900000000000003,-0.6236685805843664,0.5900000000000003,-0.5530791619848489,0.5900000000000003,-0.4965169550096244,0.5900000000000003,-0.4502542886720526,0.5900000000000003,-0.4117537350842708,0.5900000000000003,-0.3792368069297463
0.6000000000000003,-4.14780699480951,0.6000000000000003,-2.870344983251703,0.6000000000000003,-2.177131706577982,0.6000000000000003,-1.741368650336405,0.6000000000000003,-1.495581033649918,0.6000000000000003,-1.30588388097973,0.6000000000000003,-1.156576353544104,0.6000000000000003,-1.036626679849611,0.6000000000000003,-0.9384477176381757,0.6000000000000003,-0.7878247821791194,0.6000000000000003,-0.6877152537406955,0.6000000000000003,-0.609540442678441,0.6000000000000003,-0.5469673781215604,0.6000000000000003,-0.4958309442444356,0.6000000000000003,-0.4533026954819335,0.6000000000000003,-0.4174036731115325
0.6100000000000003,-4.653425331034714,0.6100000000000003,-3.192366638073894,0.6100000000000003,-2.412766258927017,0.6100000000000003,-1.92636246219935,0.6100000000000003,-1.651495118629732,0.6100000000000003,-1.440234474952056,0.6100000000000003,-1.274403656596302,0.6100000000000003,-1.141433701507886,0.6100000000000003,-1.032752740994631,0.6100000000000003,-0.8662709467957499,0.6100000000000003,-0.7556607609537273,0.6100000000000003,-0.6694065541347003,0.6100000000000003,-0.6004378985755555,0.6100000000000003,-0.5441199176893258,0.6100000000000003,-0.497312354104714,0.6100000000000003,-0.457821813766902
0.6200000000000003,-5.194410251795368,0.6200000000000003,-3.535662176513363,0.6200000000000003,-2.663623831797587,0.6200000000000003,-2.123177498614392,0.6200000000000003,-1.817138120336864,0.6200000000000003,-1.582831861564429,0.6200000000000003,-1.399376779566088,0.6200000000000003,-1.252538274448158,0.6200000000000003,-1.132682702800368,0.6200000000000003,-0.949344875185352,0.6200000000000003,-0.8275647933637508,0.6200000000000003,-0.732728025672721,0.6200000000000003,-0.6569722680871057,0.6200000000000003,-0.5951597524773363,0.6200000000000003,-0.543817132149562,0.6200000000000003,-0.5005223094097246
0.6300000000000003,-5.771113950134165,0.6300000000000003,-3.900555293835207,0.6300000000000003,-2.929944966982998,0.6300000000000003,-2.332001953452278,0.6300000000000003,-1.992657291010802,0.6300000000000003,-1.733796822367387,0.6300000000000003,-1.531597988818569,0.6300000000000003,-1.370028987738392,0.6300000000000003,-1.238315677868563,0.6300000000000003,-1.037109548652919,0.6300000000000003,-0.9034788972497743,0.6300000000000003,-0.7995483992632454,0.6300000000000003,-0.7166081267122397,0.6300000000000003,-0.6489835647925036,0.6300000000000003,-0.5928465724199541,0.6300000000000003,-0.5455318117767451
0.6400000000000003,-6.383843131104603,0.6400000000000003,-4.287321780390001,0.6400000000000003,-3.211931138987461,0.6400000000000003,-2.552992593670242,0.6400000000000003,-2.178175379660305,0.6400000000000003,-1.893230155948541,0.6400000000000003,-1.671152729180449,0.6400000000000003,-1.493979934530226,0.6400000000000003,-1.34971702281268,0.6400000000000003,-1.129617760638605,0.6400000000000003,-0.9834461254612399,0.6400000000000003,-0.8699039463869362,0.6400000000000003,-0.7793767657464711,0.6400000000000003,-0.7056188403844976,0.6400000000000003,-0.6444251621340144,0.6400000000000003,-0.5928723870508137
0.6500000000000004,-7.032851405526028,0.6500000000000004,-4.696184470642616,0.6500000000000004,-3.509742420559151,0.6500000000000004,-2.786273540456617,0.6500000000000004,-2.37378984060468,0.6500000000000004,-2.061212117201739,0.6500000000000004,-1.818109202877728,0.6500000000000004,-1.624450382525848,0.6500000000000004,-1.466939110065372,0.6500000000000004,-1.226911931458361,0.6500000000000004,-1.067500905614047,0.6500000000000004,-0.9438235691980797,0.6500000000000004,-0.8453030507179429,0.6500000000000004,-0.7650873727974594,0.6500000000000004,-0.6985722822267405,0.6500000000000004,-0.6425614734739769
0.6600000000000004,-7.718330909298767,0.6600000000000004,-5.127309675435812,0.6600000000000004,-3.823496271315582,0.6600000000000004,-3.031935879170646,0.6600000000000004,-2.579572662635486,0.6600000000000004,-2.237802348574069,0.6600000000000004,-1.972518353903711,0.6600000000000004,-1.761484788035897,0.6600000000000004,-1.590021359288018,0.6600000000000004,-1.329024156333091,0.6600000000000004,-1.155669099699636,0.6600000000000004,-1.021328863611032,0.6600000000000004,-0.9144054844769663,0.6600000000000004,-0.8274053249239111,0.6600000000000004,-0.7553022667074503,0.6600000000000004,-0.6946119382674598
0.6700000000000004,-8.440404434176271,0.6700000000000004,-5.580805156509893,0.6700000000000004,-4.153267370496364,0.6700000000000004,-3.290038007812023,0.6700000000000004,-2.795570743248661,0.6700000000000004,-2.423040239180462,0.6700000000000004,-2.134414202470275,0.6700000000000004,-1.90511310509876,0.6700000000000004,-1.71899052305226,0.6700000000000004,-1.435976451571635,0.6700000000000004,-1.247968225214537,0.6700000000000004,-1.102434318354942,0.6700000000000004,-0.9866963874785469,0.6700000000000004,-0.8925833934068522,0.6700000000000004,-0.8146245535684169,0.6700000000000004,-0.7490322169876191
0.6800000000000004,-9.199118939315666,0.6800000000000004,-6.056719579638506,0.6800000000000004,-4.499088370162889,0.6800000000000004,-3.560606612987167,0.6800000000000004,-3.021806719881954,0.6800000000000004,-2.616945639394108,0.6800000000000004,-2.303814468359135,0.6800000000000004,-2.055351336826446,0.6800000000000004,-1.853861180389084,0.6800000000000004,-1.547781161716132,0.6800000000000004,-1.344407806599528,0.6800000000000004,-1.187147623162881,0.6800000000000004,-1.06218217175369,0.6800000000000004,-0.9606270549984438,0.6800000000000004,-0.8765439084539931,0.6800000000000004,-0.8058265182514406
0.6900000000000004,-9.994440946070901,0.6900000000000004,-6.555043301722187,0.6900000000000004,-4.860951421431164,0.6900000000000004,-3.843638154222004,0.6900000000000004,-3.258280166465932,0.6900000000000004,-2.81951985695018,0.6900000000000004,-2.480721421469193,0.6900000000000004,-2.212202276201453,0.6900000000000004,-1.994636392195364,0.6900000000000004,-1.664441491166508,0.6900000000000004,-1.444989826664997,0.6900000000000004,-1.275470060204651,0.6900000000000004,-1.140863686011427,0.6900000000000004,-1.03153687490765,0.6900000000000004,-0.9410607031913488,0.6900000000000004,-0.8649950776213101
0.7000000000000004,-10.82625402358743,0.7000000000000004,-7.075710300036498,0.7000000000000004,-5.238810318334519,0.7000000000000004,-4.139100738473198,0.7000000000000004,-3.504969066211487,0.7000000000000004,-3.030746863643699,0.7000000000000004,-2.665122900939145,0.7000000000000004,-2.375656386528059,0.7000000000000004,-2.141308475314724,0.7000000000000004,-1.785952126308744,0.7000000000000004,-1.549709249975404,0.7000000000000004,-1.367396954964782,0.7000000000000004,-1.222736611222286,0.7000000000000004,-1.10530885891951,0.7000000000000004,-1.008171232896698,0.7000000000000004,-0.9265344459313557
0.7100000000000004,-11.69435835361529,0.7100000000000004,-7.618601030716225,0.7100000000000004,-5.632583107147235,0.7100000000000004,-4.446936273905231,0.7100000000000004,-3.761831478270204,0.7100000000000004,-3.250594647703343,0.7100000000000004,-2.856993449562169,0.7100000000000004,-2.545692776517571,0.7100000000000004,-2.293859856415848,0.7100000000000004,-1.912299917747887,0.7100000000000004,-1.658554593274713,0.7100000000000004,-1.462918165503923,0.7100000000000004,-1.307791888473746,0.7100000000000004,-1.181934833266031,0.7100000000000004,-1.077868057367741,0.7100000000000004,-0.9904377991674695
0.7200000000000004,-12.59847221303128,0.7200000000000004,-8.18354600142464,0.7200000000000004,-6.042155019740923,0.7200000000000004,-4.767062803100233,0.7200000000000004,-4.028807325058949,0.7200000000000004,-3.479016654607543,0.7200000000000004,-3.05629551679395,0.7200000000000004,-2.722280230723226,0.7200000000000004,-2.452263971860186,0.7200000000000004,-2.043464596346126,0.7200000000000004,-1.771508521516954,0.7200000000000004,-1.562018592061221,0.7200000000000004,-1.396016163547724,0.7200000000000004,-1.261402838602929,0.7200000000000004,-1.150140354616158,0.7200000000000004,-1.056695258963958
0.7300000000000004,-13.53823512056244,0.7300000000000004,-8.77032985406634,0.7300000000000004,-6.467381604853811,0.7300000000000004,-5.099376929060083,0.7300000000000004,-4.305820237380596,0.7300000000000004,-3.715953267537801,0.7300000000000004,-3.262980690730354,0.7300000000000004,-2.905378262121695,0.7300000000000004,-2.616486185073608,0.7300000000000004,-2.179419501007667,0.7300000000000004,-1.888548451618518,0.7300000000000004,-1.664678692003436,0.7300000000000004,-1.487392235336522,0.7300000000000004,-1.343697526813188,0.7300000000000004,-1.224974276519728,0.7300000000000004,-1.125294214709172
0.7400000000000004,-14.51321234761817,0.7400000000000004,-9.378695772589973,0.7400000000000004,-6.908091948787206,0.7400000000000004,-5.443756261314003,0.7400000000000004,-4.592779405091153,0.7400000000000004,-3.961333287163572,0.7400000000000004,-3.476990926484396,0.7400000000000004,-3.09493815964398,0.7400000000000004,-2.786484698153863,0.7400000000000004,-2.320132300268296,0.7400000000000004,-2.009647149463194,0.7400000000000004,-1.770874988036924,0.7400000000000004,-1.581899497745111,0.7400000000000004,-1.428800551596598,0.7400000000000004,-1.302353298578211,0.7400000000000004,-1.1962196400663
0.7500000000000004,-15.52290048014824,0.7500000000000004,-10.00835005470732,0.7500000000000004,-7.364091895352172,0.7500000000000004,-5.800061823199004,0.7500000000000004,-4.889581391326286,0.7500000000000004,-4.215075378566737,0.7500000000000004,-3.698259745064378,0.7500000000000004,-3.290904009105281,0.7500000000000004,-2.962211439328229,0.7500000000000004,-2.465565693574116,0.7500000000000004,-2.134773308839455,0.7500000000000004,-1.880580560267386,0.7500000000000004,-1.679514367040448,0.7500000000000004,-1.516690945842585,0.7500000000000004,-1.382258557577527,0.7500000000000004,-1.269454398358356
0.7600000000000005,-16.56673372884755,0.7600000000000005,-10.65896671198663,0.7600000000000005,-7.83516719270288,0.7600000000000005,-6.168140374298118,0.7600000000000005,-5.196111877798013,0.7600000000000005,-4.477089460551924,0.7600000000000005,-3.926713382932773,0.7600000000000005,-3.493213671102487,0.7600000000000005,-3.143612912285559,0.7600000000000005,-2.61567808156793,0.7600000000000005,-2.263892103800392,0.7600000000000005,-1.993765515064283,0.7600000000000005,-1.780210688656614,0.7600000000000005,-1.607345480583105,0.7600000000000005,-1.464669172570327,0.7600000000000005,-1.344979532713189
0.7700000000000005,-17.64409071050637,0.7700000000000005,-11.33019198830589,0.7700000000000005,-8.321086511249559,0.7700000000000005,-6.547826613692084,0.7700000000000005,-5.512247317159861,0.7700000000000005,-4.747278019188927,0.7700000000000005,-4.162271877790754,0.7700000000000005,-3.701799703948161,0.7700000000000005,-3.330630997271758,0.7700000000000005,-2.770424197702182,0.7700000000000005,-2.396965708376236,0.7700000000000005,-2.11039742573837,0.7700000000000005,-1.883960119230935,0.7700000000000005,-1.70073900187249,0.7700000000000005,-1.549562545960167,0.7700000000000005,-1.422774538104508
0.7800000000000005,-18.75430145742772,0.7800000000000005,-12.02164871076534,0.7800000000000005,-8.821604291684064,0.7800000000000005,-6.938945239908545,0.7800000000000005,-5.837856475806455,0.7800000000000005,-5.025537333128304,0.7800000000000005,-4.404850080743565,0.7800000000000005,-3.916590223566432,0.7800000000000005,-3.523203697141795,0.7800000000000005,-2.929755696048979,0.7800000000000005,-2.533953779638503,0.7800000000000005,-2.230441741773515,0.7800000000000005,-1.990732481134986,0.7800000000000005,-1.796844743242971,0.7800000000000005,-1.636914642632905,0.7800000000000005,-1.502817613464736
0.7900000000000005,-19.89665444980034,0.7900000000000005,-12.73294040901924,0.7900000000000005,-9.336463395032128,0.7900000000000005,-7.341312852148977,0.7900000000000005,-6.172801856695878,0.7900000000000005,-5.311758603018251,0.7900000000000005,-4.654358588863974,0.7900000000000005,-4.137509695496842,0.7900000000000005,-3.721265824314424,0.7900000000000005,-3.093621692300447,0.7900000000000005,-2.674813901824768,0.7900000000000005,-2.353862164783817,0.7900000000000005,-2.100496087989013,0.7900000000000005,-1.895634612455106,0.7900000000000005,-1.726700246028391,0.7900000000000005,-1.585085892897657
0.8000000000000005,-21.07040350432223,0.8000000000000005,-13.46365515818067,0.8000000000000005,-9.865397537539828,0.8000000000000005,-7.75473968458348,0.8000000000000005,-6.516940996906872,0.8000000000000005,-5.60582898127335,0.8000000000000005,-4.91070459532488,0.8000000000000005,-4.364479656777778,0.8000000000000005,-3.924749626816813,0.8000000000000005,-3.261969256674257,0.8000000000000005,-2.819501990618354,0.8000000000000005,-2.480620990519191,0.8000000000000005,-2.213218040634001,0.8000000000000005,-1.997079452121734,0.8000000000000005,-1.818893190806057,0.8000000000000005,-1.669555655701171
0.8100000000000005,-22.27477438895323,0.8100000000000005,-14.21336911680453,0.8100000000000005,-10.40813350214225,0.8100000000000005,-8.179031171308125,0.8100000000000005,-6.8701276387452,0.8100000000000005,-5.907632501580579,0.8100000000000005,-5.173792656787677,0.8100000000000005,-4.597419367568468,0.8100000000000005,-4.133585353383936,0.8100000000000005,-3.434743858801387,0.8100000000000005,-2.967972657765037,0.8100000000000005,-2.610679417148118,0.8100000000000005,-2.328864493807201,0.8100000000000005,-2.101149274455451,0.8100000000000005,-1.9134665723527,0.8100000000000005,-1.756202515442261
0.8200000000000005,-23.50897106697764,0.8200000000000005,-14.98164974500558,0.8200000000000005,-10.96439312541266,0.8200000000000005,-8.613989344100904,0.8200000000000005,-7.232212776408327,0.8200000000000005,-6.217050909952581,0.8200000000000005,-5.44352537967154,0.8200000000000005,-4.836246393976964,0.8200000000000005,-4.347701758946759,0.8200000000000005,-3.611889765719873,0.8200000000000005,-3.120179537044748,0.8200000000000005,-2.743997820735517,0.8200000000000005,-2.447400894354557,0.8200000000000005,-2.207813470900455,0.8200000000000005,-2.010392933830496,0.8200000000000005,-1.845001588729306
0.8300000000000005,-24.7721815028749,0.8300000000000005,-15.7680586986913,0.8300000000000005,-11.53389506442539,0.8300000000000005,-9.059414068541582,0.8300000000000005,-7.603045582616212,0.8300000000000005,-6.533964400959929,0.8300000000000005,-5.719804028383273,0.8300000000000005,-5.080877124762623,0.8300000000000005,-4.567026552860722,0.8300000000000005,-3.793350394874068,0.8300000000000005,-3.276075573229037,0.8300000000000005,-2.880535999341858,0.8300000000000005,-2.568792192243283,0.8300000000000005,-2.317040997781704,0.8300000000000005,-2.109644431792163,0.8300000000000005,-1.935927644619598
0.8400000000000005,-26.06358298746994,0.8400000000000005,-16.57215440443091,0.8400000000000005,-12.11635635209751,0.8400000000000005,-9.515104126537876,0.8400000000000005,-7.982474221338743,0.8400000000000005,-6.858252264070487,0.8400000000000005,-6.00252905961662,0.8400000000000005,-5.331227225431403,0.8400000000000005,-4.791486792948415,0.8400000000000005,-3.979068624567031,0.8400000000000005,-3.435613276088645,0.8400000000000005,-3.020253387522339,0.8400000000000005,-2.693003025936803,0.8400000000000005,-2.428800539362774,0.8400000000000005,-2.21119298161656,0.8400000000000005,-2.028955235802365
0.8500000000000005,-27.38234696056765,0.8500000000000005,-17.39349432593083,0.8500000000000005,-12.71149375250858,0.8500000000000005,-9.980858154985031,0.8500000000000005,-8.370346553912006,0.8500000000000005,-7.189793445897927,0.8500000000000005,-6.291600587522963,0.8500000000000005,-5.58721203381114,0.8500000000000005,-5.021009228908249,0.8500000000000005,-4.16898706467506,0.8500000000000005,-3.598744941794452,0.8500000000000005,-3.1631092432348,0.8500000000000005,-2.819997883886422,0.8500000000000005,-2.543060649868438,0.8500000000000005,-2.315010384162221,0.8500000000000005,-2.124058812824806
0.8600000000000005,-28.72764332595299,0.8600000000000005,-18.23163693773955,0.8600000000000005,-13.31902492964708,0.8600000000000005,-10.45647545131695,0.8600000000000005,-8.76651074653963,0.8600000000000005,-7.528467034681426,0.8600000000000005,-6.586918784962821,0.8600000000000005,-5.848746901525765,0.8600000000000005,-5.25552059892073,0.8600000000000005,-4.363048290641972,0.8600000000000005,-3.765422844216566,0.8600000000000005,-3.309062809291035,0.8600000000000005,-2.94974124399897,0.8600000000000005,-2.659789876117646,0.8600000000000005,-2.421068435113948,0.8600000000000005,-2.22121282269726
0.8700000000000006,-30.09864426670087,0.8700000000000006,-19.08614342496444,0.8700000000000006,-13.93866944416903,0.8700000000000006,-10.94175665722622,0.8700000000000006,-9.170815787513266,0.8700000000000006,-7.874152673563492,0.8700000000000006,-6.888384226234061,0.8700000000000006,-6.115747485937653,0.8700000000000006,-5.494947883407174,0.8700000000000006,-4.561195043860259,0.8700000000000006,-3.9355993986878,0.8700000000000006,-3.458073451535648,0.8700000000000006,-3.08219769297777,0.8700000000000006,-2.778956862442687,0.8700000000000006,-2.529339018522306,0.8700000000000006,-2.320391793234533
0.8800000000000006,-31.49452757857319,0.8800000000000006,-19.95657912971341,0.8800000000000006,-14.57014959325709,0.8800000000000006,-11.43650433193617,0.8800000000000006,-9.583111922541947,0.8800000000000006,-8.226730909262644,0.8800000000000006,-7.195898176690029,0.8800000000000006,-6.388129997134084,0.8800000000000006,-5.739218519896536,0.8800000000000006,-4.763370401541432,0.8800000000000006,-4.109227300789136,0.8800000000000006,-3.61010077592237,0.8800000000000006,-3.217332027420066,0.8800000000000006,-2.900530439556494,0.8800000000000006,-2.639794186022335,0.8800000000000006,-2.421570404476777
0.8900000000000006,-32.91447954638467,0.8900000000000006,-20.84251476592643,0.8900000000000006,-15.21319110868092,0.8900000000000006,-11.9405234262176,0.8900000000000006,-10.00325101642028,0.8900000000000006,-8.586083482602692,0.8900000000000006,-7.509362834544009,0.8900000000000006,-6.665811404433423,0.8900000000000006,-5.988260582868452,0.8900000000000006,-4.969517919106445,0.8900000000000006,-4.286259642647785,0.8900000000000006,-3.765104726598423,0.8900000000000006,-3.35510933849984,0.8900000000000006,-3.024479698980223,0.8900000000000006,-2.752406223172297,0.8900000000000006,-2.52472354849179
0.9000000000000006,-34.35769739302754,0.9000000000000006,-21.7435274244526,0.9000000000000006,-15.86752372779442,0.9000000000000006,-12.45362166792426,0.9000000000000006,-10.43108684895207,0.9000000000000006,-8.952093567109253,0.9000000000000006,-7.828681529946528,0.9000000000000006,-6.948709606705948,0.9000000000000006,-6.242002932281475,0.9000000000000006,-5.17958174799957,0.9000000000000006,-4.466650009132545,0.9000000000000006,-3.923045667016788,0.9000000000000006,-3.495495081984808,0.9000000000000006,-3.150774054571882,0.9000000000000006,-2.867147704287801,0.9000000000000006,-2.62982637880073
0.9100000000000006,-35.82339133377866,0.9100000000000006,-22.65920138984341,0.9100000000000006,-16.53288165158155,0.9100000000000006,-12.97560986924564,0.9100000000000006,-10.86647535262064,0.9100000000000006,-9.324645961549598,0.9100000000000006,-8.153758886149435,0.9100000000000006,-7.236743570573065,0.9100000000000006,-6.500375334294718,0.9100000000000006,-5.393506731672327,0.9100000000000006,-4.650352556197761,0.9100000000000006,-4.083884445979135,0.9100000000000006,-3.638455135234262,0.9100000000000006,-3.279383292605955,0.9100000000000006,-2.983991537066802,0.9100000000000006,-2.736854350596313
0.9200000000000006,-37.31078626994649,0.9200000000000006,-23.58912878952472,0.9200000000000006,-17.20900390305381,0.9200000000000006,-13.50630216520448,0.9200000000000006,-11.30927479900113,0.9200000000000006,-9.703627241903694,0.9200000000000006,-8.484500947248621,0.9200000000000006,-7.529833440277308,0.9200000000000006,-6.763308557459507,0.9200000000000006,-5.611238482300072,0.9200000000000006,-4.837322073475203,0.9200000000000006,-4.247582450384867,0.9200000000000006,-3.783955842713341,0.9200000000000006,-3.410277611755523,0.9200000000000006,-3.102910998210443,0.9200000000000006,-2.845783252841425
0.9300000000000006,-38.81912315618786,0.9300000000000006,-24.53291009490492,0.9300000000000006,-17.89563459837426,0.9300000000000006,-14.04551619219092,0.9300000000000006,-11.75934594037933,0.9300000000000006,-10.08892587783571,0.9300000000000006,-8.820815276659376,0.9300000000000006,-7.827900622729838,0.9300000000000006,-7.0307344474059,0.9300000000000006,-5.832723440599679,0.9300000000000006,-5.027514033052753,0.9300000000000006,-4.414101646323588,0.9300000000000006,-3.931964051438828,0.9300000000000006,-3.543427654222041,0.9300000000000006,-3.22387976115142,0.9300000000000006,-2.956589233250894
0.9400000000000006,-40.34766007520788,0.9400000000000006,-25.49015449269034,0.9400000000000006,-18.59252314210039,0.9400000000000006,-14.59307321457084,0.9400000000000006,-12.21655211248591,0.9400000000000006,-10.48043231830611,0.9400000000000006,-9.162611030123758,0.9400000000000006,-8.130867850944,0.9400000000000006,-7.302585982796954,0.9400000000000006,-6.057908920916768,0.9400000000000006,-5.220884626213718,0.9400000000000006,-4.58340461000909,0.9400000000000006,-4.0824471376514,0.9400000000000006,-3.678804529151658,0.9400000000000006,-3.346871916905451,0.9400000000000006,-3.06924881707238
0.9500000000000006,-41.89567305229404,0.9500000000000006,-26.46048014327089,0.9500000000000006,-19.29942435692779,0.9500000000000006,-15.14879820665025,0.9500000000000006,-12.68075930370664,0.9500000000000006,-10.87803905053343,0.9500000000000006,-9.509799006701076,0.9500000000000006,-8.43865922876808,0.9500000000000006,-7.578797315066074,0.9500000000000006,-6.286743143552436,0.9500000000000006,-5.417390789747416,0.9500000000000006,-4.755454549913878,0.9500000000000006,-4.235373025888492,0.9500000000000006,-3.81637982937098,0.9500000000000006,-3.471861988966868,0.9500000000000006,-3.183738920497265
0.9600000000000006,-43.46245664042542,0.9600000000000006,-27.44351434159656,0.9600000000000006,-20.01609855732016,0.9600000000000006,-15.71251989653772,0.9600000000000006,-13.15183619559309,0.9600000000000006,-11.28164063609671,0.9600000000000006,-9.862291680848612,0.9600000000000006,-8.751200259544564,0.9600000000000006,-7.859303794206554,0.9600000000000006,-6.519175256104902,0.9600000000000006,-5.616990223282247,0.9600000000000006,-4.930215321329864,0.9600000000000006,-4.390710201516095,0.9600000000000006,-3.956125642372395,0.9600000000000006,-3.598824943077764,0.9600000000000006,-3.300036859449459
0.9700000000000006,-45.04732430468413,0.9700000000000006,-28.43889359451962,0.9700000000000006,-20.7423115754427,0.9700000000000006,-16.28407077774802,0.9700000000000006,-13.62965417898359,0.9700000000000006,-11.69113372756938,0.9700000000000006,-10.22000321837452,0.9700000000000006,-9.068417861045161,0.9700000000000006,-8.144041982643879,0.9700000000000006,-6.755155345417743,0.9700000000000006,-5.819641398941561,0.9700000000000006,-5.107651434450507,0.9700000000000006,-4.548427717665692,0.9700000000000006,-4.098014556380993,0.9700000000000006,-3.727736192612417,0.9700000000000006,-3.418120354420879
0.9800000000000006,-46.649608632521,0.9800000000000006,-29.44626362716193,0.9800000000000006,-21.47783474689727,0.9800000000000006,-16.86328709372253,0.9800000000000006,-14.11408734956185,0.9800000000000006,-12.10641706869766,0.9800000000000006,-10.58284947873632,0.9800000000000006,-9.39024036877356,0.9800000000000006,-8.432949658998648,0.9800000000000006,-6.994634441549005,0.9800000000000006,-6.025303564477635,0.9800000000000006,-5.287728056950384,0.9800000000000006,-4.708495197418421,0.9800000000000006,-4.242019662243115,0.9800000000000006,-3.858571600236777,0.9800000000000006,-3.537967531948267
0.9900000000000007,-48.26866139418038,0.9900000000000007,-30.46527932953236,0.9900000000000007,-22.22244486289718,0.9900000000000007,-17.45000879982863,0.9900000000000007,-14.60501248623038,0.9900000000000007,-12.52739148078318,0.9900000000000007,-10.95074800586889,0.9900000000000007,-9.716597529482831,0.9900000000000007,-8.725965813336551,0.9900000000000007,-7.237564515015223,0.9900000000000007,-6.233936740906967,0.9900000000000007,-5.470411011923771,0.9900000000000007,-4.870882831980627,0.9900000000000007,-4.388114551790238,0.9900000000000007,-3.991307476425117,0.9900000000000007,-3.659556923256162
1.000000000000001,-49.90385347532346,1.000000000000001,-31.49560465333726,1.000000000000001,-22.97592409471504,1.000000000000001,-18.04407950683028,1.000000000000001,-15.10230901525894,1.000000000000001,-12.95395983760676,1.000000000000001,-11.32361800946286,1.000000000000001,-10.04742048653341,1.000000000000001,-9.023030635311919,1.000000000000001,-7.483898468409731,1.000000000000001,-6.445501715545177,1.000000000000001,-5.655666771939472,1.000000000000001,-5.035561375503735,1.000000000000001,-4.536273313252075,1.000000000000001,-4.125920575345574,1.000000000000001,-3.782867460527209
1.010000000000001,-51.55457470171289,1.010000000000001,-32.53691246776062,1.010000000000001,-23.73805989550875,1.010000000000001,-18.6453464093081,1.010000000000001,-15.60585896279176,1.010000000000001,-13.38602703093127,1.010000000000001,-11.7013803383686,1.010000000000001,-10.38264175850813,1.010000000000001,-9.32408549643031,1.010000000000001,-7.733590123359377,1.010000000000001,-6.659960031226677,1.010000000000001,-5.843462449873443,1.010000000000001,-5.202502137119362,1.010000000000001,-4.68647052422004,1.010000000000001,-4.262388088560798,1.010000000000001,-3.907878471201547
1.020000000000001,-53.22023357370353,1.020000000000001,-33.58888438188967,1.020000000000001,-24.50864488395995,1.020000000000001,-19.25366020203356,1.020000000000001,-16.11554689795016,1.020000000000001,-13.8234999283513,1.020000000000001,-12.08395744758059,1.020000000000001,-10.72219521231888,1.020000000000001,-9.629072927497326,1.020000000000001,-7.986594203654638,1.020000000000001,-6.877273972390744,1.020000000000001,-6.033765787093305,1.020000000000001,-5.371676970684217,1.020000000000001,-4.83868124259529,1.020000000000001,-4.40068763693013,1.020000000000001,-4.034569670653571
1.030000000000001,-54.90025692629782,1.030000000000001,-34.65121054048478,1.030000000000001,-25.28747671355637,1.030000000000001,-19.86887498688553,1.030000000000001,-16.63125986845803,1.030000000000001,-14.26628732501516,1.030000000000001,-12.47127336005801,1.030000000000001,-11.0660160318652,1.030000000000001,-9.937936592172623,1.030000000000001,-8.242866315275929,1.030000000000001,-7.097406548621409,1.030000000000001,-6.226545139488659,1.030000000000001,-5.543058262660768,1.030000000000001,-4.992880995894664,1.030000000000001,-4.54079726104607,1.030000000000001,-4.162921153545579
1.040000000000001,-56.59408952869028,1.040000000000001,-35.72358939888408,1.040000000000001,-26.07435793080977,1.040000000000001,-20.49084817251727,1.040000000000001,-17.15288733044029,1.040000000000001,-14.71429989052436,1.040000000000001,-12.86325362445487,1.040000000000001,-11.41404068315692,1.040000000000001,-10.25062125741791,1.040000000000001,-8.502362923933184,1.040000000000001,-7.320321476145193,1.040000000000001,-6.421769461770482,1.040000000000001,-5.716618918497643,1.040000000000001,-5.149045769234291,1.040000000000001,-4.682695410488326,1.040000000000001,-4.292913384112886
1.050000000000001,-58.30119363549439,1.050000000000001,-36.8057274820308,1.050000000000001,-26.86909582521699,1.050000000000001,-21.11944036864844,1.050000000000001,-17.68032107379435,1.050000000000001,-15.16745011211807,1.050000000000001,-13.25982526967465,1.050000000000001,-11.76620687667523,1.050000000000001,-10.56707276150784,1.050000000000001,-8.765041330645605,1.050000000000001,-7.545983157712113,1.050000000000001,-6.619408290397226,1.050000000000001,-5.892332347817174,1.050000000000001,-5.307151992259413,1.050000000000001,-4.826360932135387,1.050000000000001,-4.424527185596568
1.060000000000001,-60.02104850030621,1.060000000000001,-37.89733913189059,1.060000000000001,-27.67150227334211,1.060000000000001,-21.75451527655986,1.060000000000001,-18.21345514431688,1.060000000000001,-15.62565223508211,1.060000000000001,-13.6609167570193,1.060000000000001,-12.12245352762248,1.060000000000001,-10.88723798016933,1.060000000000001,-9.030859645803185,1.060000000000001,-7.774356661219124,1.060000000000001,-6.81943172542845,1.060000000000001,-6.070172448668425,1.060000000000001,-5.467176525246377,1.060000000000001,-4.971773057732902,1.060000000000001,-4.557743729002111
1.070000000000001,-61.75314986082615,1.070000000000001,-38.99814624687733,1.070000000000001,-28.48139357902255,1.070000000000001,-22.39593957710781,1.070000000000001,-18.75218576356959,1.070000000000001,-16.08882220115779,1.070000000000001,-14.06645793057418,1.070000000000001,-12.48272071460702,1.070000000000001,-11.21106479131831,1.070000000000001,-9.299776762078247,1.070000000000001,-8.005407697373588,1.070000000000001,-7.021810411553227,1.070000000000001,-6.250113591057199,1.070000000000001,-5.629096644561302,1.070000000000001,-5.118911390882857,1.070000000000001,-4.692544521331432
1.080000000000001,-63.49700940348706,1.080000000000001,-40.10787801635039,1.080000000000001,-29.29859031136483,1.080000000000001,-23.04358281734326,1.080000000000001,-19.29641124730014,1.080000000000001,-16.55687758559833,1.080000000000001,-14.47637996635881,1.080000000000001,-12.84694963720804,1.080000000000001,-11.53850203878101,1.080000000000001,-9.571752326489205,1.080000000000001,-8.239102596637977,1.080000000000001,-7.226515518495422,1.080000000000001,-6.432130599925143,1.080000000000001,-5.79289002762502,1.080000000000001,-5.267755893585004,1.080000000000001,-4.828911393405513
1.090000000000001,-65.25215421439667,1.090000000000001,-41.22627065273579,1.090000000000001,-30.1229171419067,1.090000000000001,-23.69731729662396,1.090000000000001,-19.84603192307854,1.090000000000001,-17.02973753339386,1.090000000000001,-14.89061532067201,1.090000000000001,-13.21508257278274,1.090000000000001,-11.86949949531011,1.090000000000001,-9.846746711858746,1.090000000000001,-8.475408285650124,1.090000000000001,-7.433518720954908,1.090000000000001,-6.616198737712407,1.090000000000001,-5.958534737500313,1.090000000000001,-5.418286872433058,1.090000000000001,-4.966826487368513
1.100000000000001,-67.01812622237355,1.100000000000001,-42.35306712338857,1.100000000000001,-30.95420268206912,1.100000000000001,-24.35701795292741,1.100000000000001,-20.40095004767966,1.100000000000001,-17.50732269507986,1.100000000000001,-15.30909767796902,1.100000000000001,-13.58706283280062,1.100000000000001,-12.20400782514075,1.100000000000001,-10.12472098785527,1.100000000000001,-8.71429226326716,1.100000000000001,-7.64279217820586,1.100000000000001,-6.802293686606028,1.100000000000001,-6.126009207188786,1.100000000000001,-5.570484964540845,1.100000000000001,-5.106272243939956
1.110000000000001,-68.79448163895208,1.110000000000001,-43.4880168839401,1.110000000000001,-31.79227932179585,1.110000000000001,-25.02256224992447,1.110000000000001,-20.96106972462287,1.110000000000001,-17.98955516245132,1.110000000000001,-15.73176189853257,1.110000000000001,-13.96283471892083,1.110000000000001,-12.54197854627153,1.110000000000001,-10.40563689176043,1.110000000000001,-8.955722576342183,1.110000000000001,-7.854308513439293,1.110000000000001,-6.990391530544811,1.110000000000001,-6.295292223696694,1.110000000000001,-5.724331123249671,1.110000000000001,-5.247231389459635
1.120000000000001,-70.58079039944235,1.120000000000001,-44.63087561452585,1.120000000000001,-32.63698307009275,1.120000000000001,-25.6938300652356,1.120000000000001,-21.52629682217925,1.120000000000001,-18.47635840441883,1.120000000000001,-16.15854396612435,1.120000000000001,-14.34234347896933,1.120000000000001,-12.88336399260113,1.120000000000001,-10.68945679905939,1.120000000000001,-9.199667795305713,1.120000000000001,-8.068040792904778,1.120000000000001,-7.180468737023749,1.120000000000001,-6.466362911904714,1.120000000000001,-5.879806603644825,1.120000000000001,-5.389686922747435
1.130000000000001,-72.37663560841494,1.130000000000001,-45.78140496001942,1.130000000000001,-33.48815339800585,1.130000000000001,-26.37070358018071,1.130000000000001,-22.0965388920644,1.130000000000001,-18.96765720317029,1.130000000000001,-16.589380935746,1.130000000000001,-14.72553526291406,1.130000000000001,-13.22811727600221,1.130000000000001,-10.97614369391341,1.130000000000001,-9.446096989590922,1.130000000000001,-8.283962504876522,1.130000000000001,-7.372502138715533,1.130000000000001,-6.639200718251935,1.130000000000001,-6.036892947888136,1.130000000000001,-5.53362210178273
1.140000000000001,-74.18161299237536,1.140000000000001,-46.93937227513789,1.140000000000001,-34.34563308444263,1.140000000000001,-27.0530671712261,1.140000000000001,-22.67170508895489,1.140000000000001,-19.46337759073167,1.140000000000001,-17.02421088157356,1.140000000000001,-15.11235707889056,1.140000000000001,-13.57619224837095,1.140000000000001,-11.26566113953645,1.140000000000001,-9.69497970290816,1.140000000000001,-8.50204753844166,1.140000000000001,-7.566468914899817,1.140000000000001,-6.813785394222481,1.140000000000001,-6.195571970351443,1.140000000000001,-5.679020430186339
1.150000000000001,-75.99533036186162,1.150000000000001,-48.10455037507575,1.150000000000001,-35.20926806510853,1.150000000000001,-27.74080730325235,1.150000000000001,-23.25170609089502,1.150000000000001,-19.96344678596275,1.150000000000001,-17.46297284508332,1.150000000000001,-15.50275674927783,1.150000000000001,-13.92754346364572,1.150000000000001,-11.55797324846212,1.150000000000001,-9.946285928346024,1.150000000000001,-8.722270162080966,1.150000000000001,-7.762346572668113,1.150000000000001,-6.990096979599842,1.150000000000001,-6.355825742516442,1.150000000000001,-5.825865643470371
1.160000000000001,-77.81740708472311,1.160000000000001,-49.27671729214335,1.160000000000001,-36.07890728473319,1.160000000000001,-28.43381242467795,1.160000000000001,-23.83645402059492,1.160000000000001,-20.4677931319655,1.160000000000001,-17.9056067833334,1.160000000000001,-15.89668286678531,1.160000000000001,-14.28212613975173,1.160000000000001,-11.85304465265475,1.160000000000001,-10.19998608324484,1.160000000000001,-8.944605001984785,1.160000000000001,-7.960112927846004,1.160000000000001,-7.168115785432196,1.160000000000001,-6.517636577584403,1.160000000000001,-5.974141695000909
1.170000000000001,-79.64747357195245,1.170000000000001,-50.45565603872892,1.170000000000001,-36.95440255266021,1.170000000000001,-29.13197286441582,1.170000000000001,-24.42586236756145,1.170000000000001,-20.97634603383081,1.170000000000001,-18.35205351731796,1.170000000000001,-16.29408475046542,1.170000000000001,-14.63989612038535,1.170000000000001,-12.1508404733848,1.170000000000001,-10.45605098375867,1.170000000000001,-9.169027020020907,1.170000000000001,-8.159746085550635,1.170000000000001,-7.347822376627137,1.170000000000001,-6.680987014717449,1.170000000000001,-6.123832741598116
1.180000000000001,-81.48517077708753,1.180000000000001,-51.64115437677079,1.180000000000001,-37.83560840180425,1.180000000000001,-29.83518073056706,1.180000000000001,-25.01984591094821,1.180000000000001,-21.4890358965976,1.180000000000001,-18.80225468026824,1.180000000000001,-16.69491240152409,1.180000000000001,-15.0008098365165,1.180000000000001,-12.45132629075457,1.180000000000001,-10.71445181899132,1.180000000000001,-9.395511491240166,1.180000000000001,-8.361224420273153,1.180000000000001,-7.529197554070824,1.180000000000001,-6.845859802810122,1.180000000000001,-6.274923128676074
1.190000000000001,-83.33014970991708,1.190000000000001,-52.83300459381677,1.190000000000001,-38.72238195090214,1.190000000000001,-30.54332981070577,1.190000000000001,-25.61832064295491,1.190000000000001,-22.00579406324944,1.190000000000001,-19.25615266572235,1.190000000000001,-17.09911645876005,1.190000000000001,-15.36482426744381,1.190000000000001,-12.7544681127239,1.190000000000001,-10.97516012455787,1.190000000000001,-9.624033980777192,1.190000000000001,-8.564526555347038,1.190000000000001,-7.712222336137894,1.190000000000001,-7.012237883663182,1.190000000000001,-6.427397374800929
1.200000000000001,-85.18207096495864,1.200000000000001,-54.03100328564987,1.200000000000001,-39.61458276992797,1.200000000000001,-31.25631547355327,1.200000000000001,-26.22120369255873,1.200000000000001,-22.52655275252315,1.200000000000001,-19.71369057514279,1.200000000000001,-17.50664815341496,1.200000000000001,-15.7318969011951,1.200000000000001,-13.06023234344989,1.200000000000001,-11.23814775538823,1.200000000000001,-9.854570319966763,1.200000000000001,-8.769631341632167,1.200000000000001,-7.896877939428558,1.200000000000001,-7.180104374403432,1.200000000000001,-6.581240155516739
1.210000000000001,-87.0406042649853,1.210000000000001,-55.23495114538466,1.210000000000001,-40.51207274848965,1.210000000000001,-31.9740345717832,1.210000000000001,-26.82841324929865,1.210000000000001,-23.05124499624646,1.210000000000001,-20.17481216480384,1.210000000000001,-17.91745926316931,1.210000000000001,-16.10198569401999,1.210000000000001,-13.36858575070978,1.210000000000001,-11.5033868575471,1.210000000000001,-10.0870965814597,1.210000000000001,-8.97651783520544,1.210000000000001,-8.083145758533744,1.210000000000001,-7.349442548959907,1.210000000000001,-6.736436286259029
1.220000000000001,-88.90542801968159,1.220000000000001,-56.44465275886783,1.220000000000001,-41.41471596696892,1.220000000000001,-32.69638534565713,1.220000000000001,-27.43986848678416,1.220000000000001,-23.57980457587124,1.220000000000001,-20.63946179161881,1.220000000000001,-18.3315020649623,1.220000000000001,-16.47504902866622,1.220000000000001,-13.67949543212886,1.220000000000001,-11.77084983880055,1.220000000000001,-10.32158905307737,1.220000000000001,-9.185165273809314,1.220000000000001,-8.271007344590281,1.220000000000001,-7.520235818368229,1.220000000000001,-6.892970704137779
1.230000000000001,-90.77622889937135,1.230000000000001,-57.65991640615957,1.230000000000001,-42.32237857013005,1.230000000000001,-33.42326732712635,1.230000000000001,-28.05548948553731,1.230000000000001,-24.11216595779799,1.230000000000001,-21.10758435750984,1.230000000000001,-18.74872928625432,1.230000000000001,-16.85104567107375,1.230000000000001,-13.99292877988338,1.230000000000001,-12.04050933760471,1.230000000000001,-10.55802421009222,1.230000000000001,-9.39555305175762,1.230000000000001,-8.460444382339059,1.230000000000001,-7.692467709630342,1.230000000000001,-7.050828448329452
1.240000000000001,-92.65270142363291,1.240000000000001,-58.88055386883016,1.240000000000001,-43.23492864287174,1.240000000000001,-34.15458124398525,1.240000000000001,-28.67519715470648,1.240000000000001,-24.6482642270214,1.240000000000001,-21.57912525185357,1.240000000000001,-19.16909405427618,1.240000000000001,-17.22993472505145,1.240000000000001,-14.30885344348116,1.240000000000001,-12.3123381901306,1.240000000000001,-10.79637868556146,1.240000000000001,-9.607660692942114,1.240000000000001,-8.651438665345131,1.240000000000001,-7.866121842802887,1.240000000000001,-7.209994638766298
1.250000000000001,-94.5345475645165,1.250000000000001,-60.10638024275583,1.250000000000001,-44.15223608775702,1.250000000000001,-34.89022892360083,1.250000000000001,-29.29891315212043,1.250000000000001,-25.18803501854195,1.250000000000001,-22.05403029144976,1.250000000000001,-19.59254984272944,1.250000000000001,-17.61167558441911,1.250000000000001,-14.62723729015049,1.250000000000001,-12.58630939486505,1.250000000000001,-11.03662923827001,1.250000000000001,-9.821467821513078,1.250000000000001,-8.843972068971315,1.250000000000001,-8.041181905924505,1.250000000000001,-7.370454452750531
1.260000000000001,-96.42147636399528,1.260000000000001,-61.3372137560759,1.260000000000001,-45.07417250391183,1.260000000000001,-35.63011319566982,1.260000000000001,-29.92655980205841,1.260000000000001,-25.73141444589125,1.260000000000001,-22.53224565736302,1.260000000000001,-20.01905041530235,1.260000000000001,-17.99622788200305,1.260000000000001,-14.948048362278,1.260000000000001,-12.86239607423966,1.260000000000001,-11.27875271775222,1.260000000000001,-10.03695412972411,1.260000000000001,-9.038026520618292,1.260000000000001,-8.217631627316567,1.260000000000001,-7.532193099048205
1.270000000000001,-98.31320356521695,1.270000000000001,-62.57287559192778,1.270000000000001,-46.00061106683804,1.270000000000001,-36.37413779338267,1.270000000000001,-30.55806001001784,1.270000000000001,-26.27833902601469,1.270000000000001,-23.0137178278728,1.270000000000001,-20.44854976525086,1.270000000000001,-18.38355143475972,1.270000000000001,-15.27125483123107,1.270000000000001,-13.14057143263494,1.270000000000001,-11.52272602576077,1.270000000000001,-10.25409934233475,1.270000000000001,-9.233583966648382,1.270000000000001,-8.395454744699663,1.270000000000001,-7.695195788930588
1.280000000000001,-100.2094512570709,1.280000000000001,-63.81318971555991,1.280000000000001,-46.93142640863321,1.280000000000001,-37.12220725227901,1.280000000000001,-31.19333717363757,1.280000000000001,-26.82874559961019,1.280000000000001,-23.49839350662509,1.280000000000001,-20.88100205015511,1.280000000000001,-18.7736061841671,1.280000000000001,-15.59682494677184,1.280000000000001,-13.42080870998065,1.280000000000001,-11.76852607342627,1.280000000000001,-10.4728831768425,1.280000000000001,-9.430626335296985,1.280000000000001,-8.574634970460076,1.280000000000001,-7.859447703525116
1.290000000000001,-102.1099475315414,1.290000000000001,-65.05798270539388,1.290000000000001,-47.86649449805802,1.290000000000001,-37.87422680597926,1.290000000000001,-31.83231508879779,1.290000000000001,-27.38257124587709,1.290000000000001,-23.9862195449201,1.290000000000001,-21.31636152079868,1.290000000000001,-19.16635213085729,1.290000000000001,-15.92472698111929,1.290000000000001,-13.70308113002166,1.290000000000001,-12.01612973320522,1.290000000000001,-10.69328529867522,1.290000000000001,-9.629135494736639,1.290000000000001,-8.7551559522672,1.290000000000001,-8.024933956713037
1.300000000000001,-104.0144261532903,1.300000000000001,-66.3070835875773,1.300000000000001,-48.80569251982742,1.300000000000001,-38.63010227785308,1.300000000000001,-32.47491784975175,1.300000000000001,-27.93975319043319,1.300000000000001,-24.47714285686886,1.300000000000001,-21.75458244291566,1.300000000000001,-19.56174926227367,1.300000000000001,-16.25492916652841,1.300000000000001,-13.98736184213499,1.300000000000001,-12.26551378453364,1.300000000000001,-10.91528527030132,1.300000000000001,-9.829093205295116,1.300000000000001,-8.937001228085759,1.300000000000001,-8.191639552657804
1.310000000000001,-105.9226262408919,1.310000000000001,-67.56032367354751,1.310000000000001,-49.74889875243024,1.310000000000001,-39.38973996753699,1.310000000000001,-33.12106974195061,1.310000000000001,-28.50022870493598,1.310000000000001,-24.97111032591644,1.310000000000001,-22.19561901031534,1.310000000000001,-19.95975747189576,1.310000000000001,-16.5873996250388,1.310000000000001,-14.27362385536455,1.310000000000001,-12.51665485189087,1.310000000000001,-11.13886249300936,1.310000000000001,-10.03048106462879,1.310000000000001,-9.120154174435573,1.310000000000001,-8.359549336868197
1.320000000000001,-107.8342919591236,1.320000000000001,-68.81753640010348,1.320000000000001,-50.69599244369972,1.320000000000001,-40.15304653105271,1.320000000000001,-33.77069512598266,1.320000000000001,-29.06393499667844,1.320000000000001,-25.46806870095079,1.320000000000001,-22.63942524760754,1.320000000000001,-20.36033646829363,1.320000000000001,-16.92210628877086,1.320000000000001,-14.56183996307495,1.320000000000001,-12.76952933371877,1.320000000000001,-11.36399613985971,1.320000000000001,-10.23328044441626,1.320000000000001,-9.304597946525654,1.320000000000001,-8.528647939481889
1.330000000000001,-109.7491722217034,1.330000000000001,-70.07855717144402,1.330000000000001,-51.64685368325722,1.330000000000001,-40.91992885306313,1.330000000000001,-34.42371831077604,1.330000000000001,-29.6308090861059,1.330000000000001,-25.96796447987014,1.330000000000001,-23.08595490040785,1.330000000000001,-20.76344567193606,1.330000000000001,-17.2590168088337,1.330000000000001,-14.85198265630776,1.330000000000001,-13.0241133203359,1.330000000000001,-11.59066507801538,1.330000000000001,-10.43747241685309,1.330000000000001,-9.490315408618487,1.330000000000001,-8.69891970919916
1.340000000000001,-111.6670204038719,1.340000000000001,-71.34322320260796,1.340000000000001,-52.60136327084253,1.340000000000001,-41.69029390957254,1.340000000000001,-35.08006341387731,1.340000000000001,-30.20078766982033,1.340000000000001,-26.47074377808601,1.340000000000001,-23.5351613104922,1.340000000000001,-21.16904409726745,1.340000000000001,-17.59809845051786,1.340000000000001,-15.14402402354571,1.340000000000001,-13.28038249861713,1.340000000000001,-11.81884777830851,1.340000000000001,-10.64303766889549,1.340000000000001,-9.677289052662033,1.340000000000001,-8.870348635991641
1.350000000000001,-113.5875940642019,1.350000000000001,-72.61137336371009,1.350000000000001,-53.5594025794077,1.350000000000001,-42.46404861909117,1.350000000000001,-35.73965420623072,1.350000000000001,-30.7738069661878,1.350000000000001,-26.97635217895133,1.350000000000001,-23.98699727288211,1.350000000000001,-21.57709021708636,1.350000000000001,-17.93931797199012,1.350000000000001,-15.43793563413799,1.350000000000001,-13.53831204077819,1.350000000000001,-12.04852220948486,1.350000000000001,-10.84995640180485,1.350000000000001,-9.865500902855235,1.350000000000001,-9.042918260359503
1.360000000000001,-115.5106546750291,1.360000000000001,-73.88284802432814,1.360000000000001,-54.52085341169551,1.360000000000001,-43.24109967994863,1.360000000000001,-36.40241393840976,1.360000000000001,-31.34980254012144,1.360000000000001,-27.48473456253685,1.360000000000001,-24.44141487126481,1.360000000000001,-21.98754180568285,1.360000000000001,-18.28264148316028,1.360000000000001,-15.73368840211259,1.360000000000001,-13.79787647409508,1.360000000000001,-12.27966571408794,1.360000000000001,-11.0582082130946,1.360000000000001,-10.05493240338147,1.360000000000001,-9.216611566502927
1.370000000000001,-117.4359673609013,1.370000000000001,-75.15748889734058,1.370000000000001,-55.48559784883839,1.370000000000001,-44.02135339104947,1.370000000000001,-37.06826514471667,1.370000000000001,-31.9287091029901,1.370000000000001,-27.99583490851255,1.370000000000001,-24.89836528746968,1.370000000000001,-22.40035575652105,1.370000000000001,-18.62803428075264,1.370000000000001,-16.03125242648209,1.370000000000001,-14.05904952780686,1.370000000000001,-12.51225486239403,1.370000000000001,-11.26777195745985,1.370000000000001,-10.24556428606127,1.370000000000001,-9.391410856320022
1.380000000000001,-119.3633006444387,1.380000000000001,-76.43513888146826,1.380000000000001,-56.45351808930676,1.380000000000001,-44.80471545290447,1.380000000000001,-37.73712942092131,1.380000000000001,-32.51046028286288,1.380000000000001,-28.50959606810877,1.380000000000001,-25.35779857993889,1.380000000000001,-22.81548786946868,1.380000000000001,-18.97546065486928,1.380000000000001,-16.3305968034447,1.380000000000001,-14.32180395278382,1.380000000000001,-12.74626528019154,1.380000000000001,-11.47862558269919,1.380000000000001,-10.43737641414141,1.380000000000001,-9.567297600644725
1.390000000000001,-121.2924261990227,1.390000000000001,-77.7156419016963,1.390000000000001,-57.42449627627139,1.390000000000001,-45.59109074523982,1.390000000000001,-38.40892717067802,1.390000000000001,-33.09498835946219,1.390000000000001,-29.02595949924707,1.390000000000001,-25.81966342522576,1.390000000000001,-23.23289260168509,1.390000000000001,-19.32488366148952,1.390000000000001,-16.63168940509008,1.390000000000001,-14.586111308817,1.390000000000001,-12.98167144553089,1.390000000000001,-11.69074593602475,1.390000000000001,-10.63034759787478,1.390000000000001,-9.744252263621755
1.400000000000001,-123.2231186077255,1.400000000000001,-78.99884274668418,1.400000000000001,-58.39841431116834,1.400000000000001,-46.38038307687152,1.400000000000001,-39.08357731482812,1.400000000000001,-33.68222395724406,1.400000000000001,-29.54486495792982,1.400000000000001,-26.28390681554597,1.400000000000001,-23.65252277528214,1.400000000000001,-19.67626485440623,1.400000000000001,-16.93449661836339,1.400000000000001,-14.85194171361361,1.400000000000001,-13.21844644887897,1.400000000000001,-11.9041085355382,1.400000000000001,-10.82445537699221,1.400000000000001,-9.922254095618108
1.410000000000001,-125.1551551279015,1.410000000000001,-80.28458690217269,1.410000000000001,-59.37515365090869,1.410000000000001,-47.17249490284458,1.410000000000001,-39.76099695685588,1.410000000000001,-34.27209568897715,1.410000000000001,-30.06625013788642,1.410000000000001,-26.75047370431747,1.410000000000001,-24.07432923380091,1.410000000000001,-20.02956396909547,1.410000000000001,-17.2389830371574,1.410000000000001,-15.11926354681824,1.410000000000001,-13.45656171046075,1.410000000000001,-12.11868730109063,1.410000000000001,-11.01967576468569,1.410000000000001,-10.10128088965371
1.420000000000001,-127.0883154608799,1.420000000000001,-81.57272037930379,1.420000000000001,-60.35459508579773,1.420000000000001,-47.9673270030646,1.420000000000001,-40.44110099676898,1.420000000000001,-34.86452974108498,1.420000000000001,-30.59005024933898,1.420000000000001,-27.21930659049324,1.420000000000001,-24.49826043844633,1.420000000000001,-20.38473854999168,1.420000000000001,-17.54511109956768,1.420000000000001,-15.38804310171792,1.420000000000001,-13.69598664804356,1.420000000000001,-12.33445423833864,1.420000000000001,-11.21598294741488,1.420000000000001,-10.28130869611071
1.430000000000001,-129.0223815261978,1.430000000000001,-82.86308953663847,1.430000000000001,-61.33661849478896,1.430000000000001,-48.76477811581864,1.430000000000001,-41.12380168461645,1.430000000000001,-35.45944939089862,1.430000000000001,-31.11619752663744,1.430000000000001,-27.69034503142075,1.430000000000001,-24.92426199399625,1.430000000000001,-20.74174351171478,1.430000000000001,-17.85284066168582,1.430000000000001,-15.65824417685129,1.430000000000001,-13.93668828817825,1.430000000000001,-12.55137906971381,1.430000000000001,-11.41334893487366,1.430000000000001,-10.46231149059415
1.440000000000001,-130.9571372398215,1.440000000000001,-84.1555408945251,1.440000000000001,-62.32110257421429,1.440000000000001,-49.56474451871756,1.440000000000001,-41.80900810385435,1.440000000000001,-36.05677444496102,1.440000000000001,-31.64462065357421,1.440000000000001,-28.16352507308706,1.440000000000001,-25.3522760935,1.440000000000001,-21.10053062410942,1.440000000000001,-18.16212849900476,1.440000000000001,-15.92982759975932,1.440000000000001,-14.17863081416362,1.440000000000001,-12.76942880646299,1.440000000000001,-11.61174315502884,1.440000000000001,-10.64426079050029
1.450000000000001,-132.892368295823,1.450000000000001,-85.44992094031299,1.450000000000001,-63.30792453560336,1.450000000000001,-50.36711954874824,1.450000000000001,-42.49662557390204,1.450000000000001,-36.656420586799,1.450000000000001,-32.17524409461049,1.450000000000001,-28.6387785861795,1.450000000000001,-25.78224087055743,1.450000000000001,-21.46104791078466,1.450000000000001,-18.47292772687209,1.450000000000001,-16.20275067588188,1.450000000000001,-14.42177504507165,1.450000000000001,-12.98856725720128,1.450000000000001,-11.81113199058547,1.450000000000001,-10.82712521739093
1.460000000000001,-134.8278619509732,1.460000000000001,-86.74607592272677,1.460000000000001,-64.29695976763556,1.460000000000001,-51.17179305239046,1.460000000000001,-43.18655496070914,1.460000000000001,-37.25829862238751,1.460000000000001,-32.70798732036745,1.460000000000001,-29.11603249673447,1.460000000000001,-26.21408964848435,1.460000000000001,-21.82323895153686,1.460000000000001,-18.78518713284423,1.460000000000001,-16.47696655754264,1.460000000000001,-14.66607784246912,1.460000000000001,-13.20875447096081,1.460000000000001,-12.01147825592052,1.460000000000001,-11.01087000505569
1.470000000000001,-136.7634068117298,1.470000000000001,-88.04385163351867,1.470000000000001,-65.28808145668754,1.470000000000001,-51.97865075626246,1.470000000000001,-43.8786918842405,1.470000000000001,-37.86231361226203,1.470000000000001,-33.24276391699031,1.470000000000001,-29.59520790177727,1.470000000000001,-26.64775007753348,1.470000000000001,-22.18704208112957,1.470000000000001,-19.09885041682028,1.470000000000001,-16.75242353161996,1.470000000000001,-14.91149144552414,1.470000000000001,-13.42994611700276,1.470000000000001,-12.21274061794106,1.470000000000001,-11.19545645759669
1.480000000000001,-138.6987926231036,1.480000000000001,-89.34309317429445,1.480000000000001,-66.28116015989563,1.480000000000001,-52.78757354871419,1.480000000000001,-44.57292581286649,1.480000000000001,-38.46836388143097,1.480000000000001,-33.77948057200346,1.480000000000001,-30.07621906391647,1.480000000000001,-27.0831431552409,1.480000000000001,-22.55238948106233,1.480000000000001,-19.41385534014332,1.480000000000001,-17.02906423050924,1.480000000000001,-15.15796274157884,1.480000000000001,-13.6520928102309,1.480000000000001,-12.41487297092252,1.480000000000001,-11.38084136842351
1.490000000000001,-140.6338100588995,1.490000000000001,-90.64364470617313,1.490000000000001,-67.27606332416066,1.490000000000001,-53.59843666348559,1.490000000000001,-45.26913903726439,1.490000000000001,-39.07633990255598,1.490000000000001,-34.31803593483085,1.490000000000001,-30.55897228518227,1.490000000000001,-27.52018213173914,1.490000000000001,-22.9192061680141,1.490000000000001,-19.73013279320877,1.490000000000001,-17.30682478000891,1.490000000000001,-15.40543248856371,1.490000000000001,-13.87513940035391,1.490000000000001,-12.61782378456302,1.490000000000001,-11.5669764200008
1.5,-142.5682505128241,1.5,-91.94534917967947,1.5,-68.27265474424098,1.5,-54.41110875835668,1.5,-45.96720552124633,1.5,-39.68612305519785,1.5,-34.85831935917584,1.5,-31.04336467045885,1.5,-27.95877131248489,1.5,-23.28740889349286,1.5,-20.04760580324006,1.5,-17.58563391033858,1.5,-15.65383451818495,1.5,-14.09902425520554,1.5,-12.82153545631581,1.5,-11.75380759551945
