pch18_Cgd_Cgg (ll=2e-07) X,pch18_Cgd_Cgg (ll=2e-07) Y,pch18_Cgd_Cgg (ll=3e-07) X,pch18_Cgd_Cgg (ll=3e-07) Y,pch18_Cgd_Cgg (ll=4e-07) X,pch18_Cgd_Cgg (ll=4e-07) Y,pch18_Cgd_Cgg (ll=5e-07) X,pch18_Cgd_Cgg (ll=5e-07) Y,pch18_Cgd_Cgg (ll=6e-07) X,pch18_Cgd_Cgg (ll=6e-07) Y,pch18_Cgd_Cgg (ll=7e-07) X,pch18_Cgd_Cgg (ll=7e-07) Y,pch18_Cgd_Cgg (ll=8e-07) X,pch18_Cgd_Cgg (ll=8e-07) Y,pch18_Cgd_Cgg (ll=9e-07) X,pch18_Cgd_Cgg (ll=9e-07) Y,pch18_Cgd_Cgg (ll=1e-06) X,pch18_Cgd_Cgg (ll=1e-06) Y,pch18_Cgd_Cgg (ll=1.2e-06) X,pch18_Cgd_Cgg (ll=1.2e-06) Y,pch18_Cgd_Cgg (ll=1.4e-06) X,pch18_Cgd_Cgg (ll=1.4e-06) Y,pch18_Cgd_Cgg (ll=1.6e-06) X,pch18_Cgd_Cgg (ll=1.6e-06) Y,pch18_Cgd_Cgg (ll=1.8e-06) X,pch18_Cgd_Cgg (ll=1.8e-06) Y,pch18_Cgd_Cgg (ll=2e-06) X,pch18_Cgd_Cgg (ll=2e-06) Y,pch18_Cgd_Cgg (ll=2.2e-06) X,pch18_Cgd_Cgg (ll=2.2e-06) Y,pch18_Cgd_Cgg (ll=2.4e-06) X,pch18_Cgd_Cgg (ll=2.4e-06) Y
0,-0.287546158138715,0,-0.232366696585616,0,-0.194997277995321,0,-0.167997924460006,0,-0.1476946199094789,0,-0.1317718833576518,0,-0.1189500134721228,0,-0.1084034432417112,0,-0.09957576476978591,0,-0.08563142457276585,0,-0.07514959869360784,0,-0.06695475984438125,0,-0.06037194855998661,0,-0.05496802895196459,0,-0.0504522927109881,0,-0.04662236227522695
0.01,-0.2879373246291637,0.01,-0.2329657743270513,0.01,-0.195667939549401,0.01,-0.1686801109278993,0.01,-0.1483596285609381,0.01,-0.1324107283273128,0.01,-0.1195597161547413,0.01,-0.1089837935215606,0.01,-0.1001278213746056,0.01,-0.0861318892712413,0.01,-0.07560512107706724,0.01,-0.06737196197000192,0.01,-0.06075634861688779,0.01,-0.05532415828530991,0.01,-0.05078387019199997,0.01,-0.04693245530176516
0.02,-0.288378554785743,0.02,-0.2335827286167213,0.02,-0.1963407725662932,0.02,-0.1693624959434471,0.02,-0.1490236288832911,0.02,-0.133047904627716,0.02,-0.1201673891883036,0.02,-0.1095619242945725,0.02,-0.1006775695730862,0.02,-0.08663002656425416,0.02,-0.07605945559517886,0.02,-0.06779149842001633,0.02,-0.06114531297952801,0.02,-0.05568628339629771,0.02,-0.05112236348644836,0.02,-0.0472500472704923
0.03,-0.2888356436627593,0.03,-0.2342561607428623,0.03,-0.1970641401993577,0.03,-0.1700785729986331,0.03,-0.1497248253036323,0.03,-0.1337236264771266,0.03,-0.1208137917269007,0.03,-0.1101783256038813,0.03,-0.1012647762353927,0.03,-0.08716353574653772,0.03,-0.07654877653277628,0.03,-0.06823938740256563,0.03,-0.06155781424552984,0.03,-0.05606833090193358,0.03,-0.05147799128262862,0.03,-0.04758257418980866
0.04,-0.2893094282970444,0.04,-0.2349362370235861,0.04,-0.1978045650161471,0.04,-0.1708227737545642,0.04,-0.1504452750097204,0.04,-0.1344127841622999,0.04,-0.1214696521243466,0.04,-0.1108013741092386,0.04,-0.1018565915290225,0.04,-0.08769900469632071,0.04,-0.07703557263369384,0.04,-0.06868487812070624,0.04,-0.06196805301948932,0.04,-0.05644824858004792,0.04,-0.05183161389869465,0.04,-0.04791321094582503
0.05,-0.2898004778748572,0.05,-0.235623277700608,0.05,-0.1985473157823904,0.05,-0.1715670340648978,0.05,-0.1511644002413722,0.05,-0.1350998642803904,0.05,-0.1221230270991388,0.05,-0.1114217263451556,0.05,-0.1024456156579623,0.05,-0.08823167425838735,0.05,-0.07751966326201348,0.05,-0.06912779877990891,0.05,-0.0623758670470566,0.05,-0.05682588353975559,0.05,-0.05218308727402284,0.05,-0.04824182165170581
0.06,-0.2903091083471545,0.06,-0.2363174229563792,0.06,-0.1992923838114222,0.06,-0.1723112465053461,0.06,-0.1518820445327481,0.06,-0.1357846853959972,0.06,-0.1227737232285796,0.06,-0.1120391842449213,0.06,-0.1030316501934053,0.06,-0.08876135183609657,0.06,-0.07800086955741804,0.06,-0.06956798406780379,0.06,-0.06278110349549475,0.06,-0.05720109415667515,0.06,-0.05253227975978551,0.06,-0.04856828351926888
0.07000000000000001,-0.2908354034563606,0.07000000000000001,-0.2370186507607918,0.07000000000000001,-0.2000396440764284,0.07000000000000001,-0.1730552174414321,0.07000000000000001,-0.1525979960627438,0.07000000000000001,-0.1364670317680809,0.07000000000000001,-0.1234215273537427,0.07000000000000001,-0.1126535402708746,0.07000000000000001,-0.103614494588426,0.07000000000000001,-0.08928785197421227,0.07000000000000001,-0.0784790260883909,0.07000000000000001,-0.07000528560781409,0.07000000000000001,-0.06318362838859612,0.07000000000000001,-0.0575737586449438,0.07000000000000001,-0.05287907995709216,0.07000000000000001,-0.04889249406885111
0.08,-0.2913792410709484,0.08,-0.2377267999753229,0.08,-0.200788877293527,0.08,-0.1737986882671765,0.08,-0.1533120082164306,0.08,-0.1371466725676704,0.08,-0.1240662242985297,0.08,-0.1132645936842515,0.08,-0.1041939611201944,0.08,-0.08981100905744907,0.08,-0.07895399167800658,0.08,-0.07043958129230125,0.08,-0.06358333474718977,0.08,-0.05794378223528514,0.08,-0.05322340310895388,0.08,-0.04921437687130769
0.09,-0.2919403235013467,0.09,-0.2384415975146721,0.09,-0.2015397956228669,0.09,-0.1745413597635251,0.09,-0.1540238217371655,0.09,-0.1378233815159763,0.09,-0.1247076141600945,0.09,-0.1138721657802716,0.09,-0.1047698883669891,0.09,-0.09033068802534264,0.09,-0.07942565787692947,0.09,-0.07087078208904417,0.09,-0.06398014813882874,0.09,-0.05831110176071236,0.09,-0.05356519493422025,0.09,-0.04953388478661061
0.09999999999999999,-0.2925182102917659,0.09999999999999999,-0.2391626879555519,0.09999999999999999,-0.202292070181389,0.09999999999999999,-0.1752829176616233,0.09999999999999999,-0.1547331863138676,0.09999999999999999,-0.1384969547427189,0.09999999999999999,-0.1253455270173951,0.09999999999999999,-0.1144761120212883,0.09999999999999999,-0.1053421512527802,0.09999999999999999,-0.09084679133640822,0.09999999999999999,-0.07989395349723097,0.09999999999999999,-0.07129883489205402,0.09999999999999999,-0.064374028341183,0.09999999999999999,-0.058675686467288,0.09999999999999999,-0.05390443181682131,0.09999999999999999,-0.04985099969448979
0.11,-0.2931123518510449,0.11,-0.2398896636077253,0.11,-0.2030453580862643,0.11,-0.1760230569951428,0.11,-0.1554398790948353,0.11,-0.1391672244395537,0.11,-0.1259798327744615,0.11,-0.115076328937286,0.11,-0.1059106656746192,0.11,-0.09135926045001898,0.11,-0.08035884368904402,0.11,-0.07172372006838094,0.11,-0.06476496590648534,0.11,-0.05903753394753553,0.11,-0.05424111633901594,0.11,-0.05016572778231935
0.12,-0.2937221222124934,0.12,-0.240622092782954,0.12,-0.203799326420842,0.12,-0.1767615025066924,0.12,-0.1561437174956187,0.12,-0.1398340658856567,0.12,-0.1266104439294171,0.12,-0.1156727537754305,0.12,-0.106475385857866,0.12,-0.09186807022788868,0.12,-0.0808203221618964,0.12,-0.07214544245005325,0.12,-0.06515297248891368,0.12,-0.05939666014786296,0.12,-0.05457526718324809,0.12,-0.05047808947632858
0.13,-0.2943468492142589,0.13,-0.241359543873163,0.13,-0.2045536704072144,0.13,-0.1774980223043297,0.13,-0.1568445637802769,0.13,-0.1404973956073571,0.13,-0.1272373092593761,0.13,-0.1162653550656566,0.13,-0.1070362927438901,0.13,-0.09237321475789495,0.13,-0.08127839518668081,0.13,-0.07256401449864194,0.13,-0.06553806373164896,0.13,-0.05975308230325096,0.13,-0.05490690230448459,0.13,-0.05078810296132298
0.14,-0.294985840482213,0.14,-0.2421016029141051,0.14,-0.2053081231983742,0.14,-0.1782324321384381,0.14,-0.1575423191522695,0.14,-0.1411571586595399,0.14,-0.1278603965663344,0.14,-0.1168541123462149,0.14,-0.1075933717191383,0.14,-0.0928746829908071,0.14,-0.0817330557913844,0.14,-0.07297943007038926,0.14,-0.06592023315939434,0.14,-0.06010679326808063,0.14,-0.05523601386972017,0.14,-0.05109575981689003
0.15,-0.2956384037773441,0.15,-0.2428478825452745,0.15,-0.2060624549971738,0.15,-0.1789645879734057,0.15,-0.1582369053011723,0.15,-0.1418133030598728,0.15,-0.1284796625096007,0.15,-0.117438983035851,0.15,-0.108146577627299,0.15,-0.09337242206257215,0.15,-0.08218424591481398,0.15,-0.0733916264841778,0.15,-0.06629941475467496,0.15,-0.06045772492509322,0.15,-0.05556253266936667,0.15,-0.05140099051023815
0.16,-0.2963038605147185,0.16,-0.243598020588307,0.16,-0.2068164594991512,0.16,-0.1796943647429799,0.16,-0.1589282312513365,0.16,-0.1424657390065877,0.16,-0.1290950069127136,0.16,-0.1180198536258831,0.16,-0.1086957840665754,0.16,-0.09386628508573486,0.16,-0.08263180307303969,0.16,-0.07380043133145227,0.16,-0.06667543061834828,0.16,-0.06080569708458658,0.16,-0.05588627845654893,0.16,-0.05170361626575677
0.17,-0.296981551515413,0.17,-0.2443516666924589,0.17,-0.2075699256962054,0.17,-0.180421619015098,0.17,-0.1596161426709231,0.17,-0.1431142794245328,0.17,-0.1297062075713435,0.17,-0.1185964708211384,0.17,-0.1092407123125089,0.17,-0.09435595842105203,0.17,-0.0830753862400654,0.17,-0.07420548860313343,0.17,-0.06704791827678287,0.17,-0.06115034649332072,0.17,-0.05620689093250889,0.17,-0.05200328215234928
0.18,-0.2976708342324481,0.18,-0.2451084554323876,0.18,-0.2083225925976455,0.18,-0.1811461324585237,0.18,-0.1603003492909141,0.18,-0.1437585564345407,0.18,-0.1303128293675505,0.18,-0.1191683458784341,0.18,-0.1097808327409529,0.18,-0.09484086093211468,0.18,-0.08351437311747581,0.18,-0.07460615622791751,0.18,-0.06741622979392078,0.18,-0.06149102825770879,0.18,-0.0565237338746857,0.18,-0.05229936410044708
0.19,-0.2983710706976729,0.19,-0.2458679636859229,0.19,-0.2090740831870318,0.19,-0.1818675312633078,0.19,-0.1609803236018099,0.19,-0.1443979054324383,0.19,-0.130914098356261,0.19,-0.1197346221410815,0.19,-0.1103152283391183,0.19,-0.09532000448772994,0.19,-0.08394771779178496,0.19,-0.07500136405587327,0.19,-0.06777929192158734,0.19,-0.06182667920082519,0.19,-0.05683576225544506,0.19,-0.05259084004164077
0.2,-0.2990816051732281,0.2,-0.246629648904237,0.2,-0.2098238117750997,0.2,-0.1825851738753082,0.2,-0.1616551604781446,0.2,-0.145031204580642,0.2,-0.1315087274463496,0.2,-0.1202938916836948,0.2,-0.1108424058378253,0.2,-0.09579180108666266,0.2,-0.08437375405649336,0.2,-0.07538941780435879,0.2,-0.06813541321437866,0.2,-0.0621556295671788,0.2,-0.05714133928153612,0.2,-0.05287611261836364
0.21,-0.299801729883643,0.21,-0.2473927629138948,0.21,-0.2105708557556502,0.21,-0.1832979955127312,0.21,-0.1623233828478612,0.21,-0.1456566527226459,0.21,-0.1320946754537641,0.21,-0.1208439421985322,0.21,-0.1113600353391619,0.21,-0.09625379764768632,0.21,-0.08478992567130322,0.21,-0.07576773081294112,0.21,-0.06848202067874438,0.21,-0.0624753464164748,0.21,-0.05743798746478454,0.21,-0.05315276831570923
0.2200000000000001,-0.3005306362073534,0.2200000000000001,-0.2481562331242567,0.2200000000000001,-0.2113137786260653,0.2200000000000001,-0.1840042929782766,0.2200000000000001,-0.1629826730917044,0.2200000000000001,-0.1462714632208062,0.2200000000000001,-0.1326688159229927,0.2200000000000001,-0.1213814101056888,0.2200000000000001,-0.1118645944435088,0.2200000000000001,-0.09670231522215339,0.2200000000000001,-0.08519242113403847,0.2200000000000001,-0.07613246229557449,0.2200000000000001,-0.06881530583685226,0.2200000000000001,-0.06278208975957281,0.2200000000000001,-0.05772205588640206,0.2200000000000001,-0.05341725620688491
0.2300000000000001,-0.3012673473027688,0.2300000000000001,-0.2489184994736849,0.2300000000000001,-0.2120503860785257,0.2300000000000001,-0.1847014274102672,0.2300000000000001,-0.1636295038202865,0.2300000000000001,-0.146871445443162,0.2300000000000001,-0.133226486801034,0.2300000000000001,-0.121901311095528,0.2300000000000001,-0.1123508886545115,0.2300000000000001,-0.09713196617505826,0.2300000000000001,-0.08557568836108026,0.2300000000000001,-0.07647803946460928,0.2300000000000001,-0.06912975947686667,0.2300000000000001,-0.06307046244647695,0.2300000000000001,-0.05798828622509129,0.2300000000000001,-0.05366447027052209
0.2400000000000001,-0.3020106263398442,0.2400000000000001,-0.2496772912104912,0.2400000000000001,-0.2127773912087189,0.2400000000000001,-0.1853854161816268,0.2400000000000001,-0.1642586356967383,0.2400000000000001,-0.147450440568055,0.2400000000000001,-0.1337608880749354,0.2400000000000001,-0.1223964164257667,0.2400000000000001,-0.1128114179707471,0.2400000000000001,-0.09753502273347982,0.2400000000000001,-0.08593180628086479,0.2400000000000001,-0.07679654388037153,0.2400000000000001,-0.06941757838247013,0.2400000000000001,-0.06333283961735395,0.2400000000000001,-0.05822926549654779,0.2400000000000001,-0.05388722503509613
0.2500000000000001,-0.3027588523287605,0.2500000000000001,-0.2504293228480446,0.2500000000000001,-0.2134899588945339,0.2500000000000001,-0.1860503789393521,0.2500000000000001,-0.1648624454408699,0.2500000000000001,-0.147999575998578,0.2500000000000001,-0.1342622942977502,0.2500000000000001,-0.122856445134883,0.2500000000000001,-0.1132355631978067,0.2500000000000001,-0.09790061675322576,0.2500000000000001,-0.08624969965635436,0.2500000000000001,-0.07707695377316401,0.2500000000000001,-0.06966794019841831,0.2500000000000001,-0.06355867740170523,0.2500000000000001,-0.05843476799437036,0.2500000000000001,-0.05407562926408449
0.2600000000000001,-0.3035098530388113,0.2600000000000001,-0.2511698837536773,0.2600000000000001,-0.2141810941679279,0.2600000000000001,-0.1866877983968719,0.2600000000000001,-0.1654300467459554,0.2600000000000001,-0.1485063065849173,0.2600000000000001,-0.13471705686299,0.2600000000000001,-0.1232670537832754,0.2600000000000001,-0.1136085799177374,0.2600000000000001,-0.09821376934693903,0.2600000000000001,-0.08651420659996437,0.2600000000000001,-0.07730426016315642,0.2600000000000001,-0.06986617055025668,0.2600000000000001,-0.06373372964402051,0.2600000000000001,-0.05859101861535446,0.2600000000000001,-0.05421639231290761
0.2700000000000001,-0.3042606818054471,0.2700000000000001,-0.2518922916548176,0.2700000000000001,-0.2148408369104225,0.2700000000000001,-0.1872855570238474,0.2700000000000001,-0.1659461753065748,0.2700000000000001,-0.1489532271067097,0.2700000000000001,-0.1351063939601679,0.2700000000000001,-0.1236086340475285,0.2700000000000001,-0.1139104212831659,0.2700000000000001,-0.09845428849718817,0.2700000000000001,-0.08670505369869783,0.2700000000000001,-0.0774585236448251,0.2700000000000001,-0.06999287751958935,0.2700000000000001,-0.06383925324911001,0.2700000000000001,-0.05867996165645968,0.2700000000000001,-0.05429214929076618
0.2800000000000001,-0.3050073223917069,0.2800000000000001,-0.2525871784691884,0.2800000000000001,-0.2154552290231905,0.2800000000000001,-0.1878267215955431,0.2800000000000001,-0.1663898341753836,0.2800000000000001,-0.1493166783169795,0.2800000000000001,-0.1354050145152073,0.2800000000000001,-0.1238549850560295,0.2800000000000001,-0.1141144735275541,0.2800000000000001,-0.09859564317817707,0.2800000000000001,-0.08679587084849404,0.2800000000000001,-0.07751401905379306,0.2800000000000001,-0.07002320981249259,0.2800000000000001,-0.06385136344814375,0.2800000000000001,-0.05867869849502626,0.2800000000000001,-0.05428096860130437
0.2900000000000001,-0.3057443040150212,0.2900000000000001,-0.2532415801273386,0.2900000000000001,-0.2160050363123012,0.2900000000000001,-0.1882880772241793,0.2900000000000001,-0.1667327483659592,0.2900000000000001,-0.1495652405810518,0.2900000000000001,-0.1355797084910097,0.2900000000000001,-0.1239720236153888,0.2900000000000001,-0.1141863912151414,0.2900000000000001,-0.09860403242042241,0.2900000000000001,-0.0867534924157284,0.2900000000000001,-0.0774387296593378,0.2900000000000001,-0.06992650671810814,0.2900000000000001,-0.06374080806155696,0.2900000000000001,-0.05855936075977432,0.2900000000000001,-0.05415630386976359
0.3000000000000001,-0.3064642081061306,0.3000000000000001,-0.2538378150998618,0.3000000000000001,-0.2164642446837275,0.3000000000000001,-0.1886384731261289,0.3000000000000001,-0.1669377716076167,0.3000000000000001,-0.1496583274461245,0.3000000000000001,-0.1355881700433246,0.3000000000000001,-0.123916838782356,0.3000000000000001,-0.1140833669512522,0.3000000000000001,-0.09843801533723241,0.3000000000000001,-0.08653793455649776,0.3000000000000001,-0.07719458681985099,0.3000000000000001,-0.06966673172152167,0.3000000000000001,-0.06347354292446586,0.3000000000000001,-0.05828978854043336,0.3000000000000001,-0.05388774586413385
0.3100000000000001,-0.3071570509090001,0.3100000000000001,-0.2543521660811832,0.3100000000000001,-0.216798420738945,0.3100000000000001,-0.1888371482536625,0.3100000000000001,-0.1669575349094569,0.3100000000000001,-0.1495452615912897,0.3100000000000001,-0.1353784998989591,0.3100000000000001,-0.1236375777269235,0.3100000000000001,-0.1137543457252687,0.3100000000000001,-0.09804922530536675,0.3100000000000001,-0.08610357083969905,0.3100000000000001,-0.07673895757398233,0.3100000000000001,-0.06920416449826843,0.3100000000000001,-0.06301255287938154,0.3100000000000001,-0.05783542790283437,0.3100000000000001,-0.05344296003850502
0.3200000000000001,-0.3078095341152434,0.3200000000000001,-0.2547534347547799,0.3200000000000001,-0.216963142809733,0.3200000000000001,-0.1888323667796369,0.3200000000000001,-0.1667338240452566,0.3200000000000001,-0.1491654193611465,0.3200000000000001,-0.1348900250932202,0.3200000000000001,-0.1230748200407374,0.3200000000000001,-0.1131418386948089,0.3200000000000001,-0.09738478440149051,0.3200000000000001,-0.08540206280339516,0.3200000000000001,-0.07602786797586029,0.3200000000000001,-0.06849877232444689,0.3200000000000001,-0.06232127892577219,0.3200000000000001,-0.05716275529944964,0.3200000000000001,-0.0527910715152741
0.3300000000000001,-0.3084041728512431,0.3300000000000001,-0.2550015301567981,0.3300000000000001,-0.2169028754578002,0.3300000000000001,-0.1885609052976872,0.3300000000000001,-0.1661983852803695,0.3300000000000001,-0.1484502024073669,0.3300000000000001,-0.1340561893400108,0.3300000000000001,-0.1221651520534404,0.3300000000000001,-0.1121859882350996,0.3300000000000001,-0.09639193588836158,0.3300000000000001,-0.08438740888763258,0.3300000000000001,-0.07502118969814102,0.3300000000000001,-0.06751537652885667,0.3300000000000001,-0.06136867771743867,0.3300000000000001,-0.05624418456691994,0.3300000000000001,-0.05190739800337717
0.3400000000000001,-0.3089183408907571,0.3400000000000001,-0.2550463815446066,0.3400000000000001,-0.216550862953628,0.3400000000000001,-0.1879491504867151,0.3400000000000001,-0.165275990846678,0.3400000000000001,-0.1473276048277189,0.3400000000000001,-0.1328101542158875,0.3400000000000001,-0.1208474317222345,0.3400000000000001,-0.1108312265613962,0.3400000000000001,-0.09502497976934639,0.3400000000000001,-0.08302293937970207,0.3400000000000001,-0.07368942804825195,0.3400000000000001,-0.06623011837480774,0.3400000000000001,-0.0601353259433654,0.3400000000000001,-0.0550638076856008,0.3400000000000001,-0.05077884238342695
0.3500000000000001,-0.3093233213421739,0.3500000000000001,-0.2548276267753737,0.3500000000000001,-0.2158307974137081,0.3500000000000001,-0.1869166788748802,0.3500000000000001,-0.1638904848046724,0.3500000000000001,-0.1457298112368615,0.3500000000000001,-0.1310932391710653,0.3500000000000001,-0.1190715921089508,0.3500000000000001,-0.1090351395075651,0.3500000000000001,-0.09325377959621943,0.3500000000000001,-0.08128923180154968,0.3500000000000001,-0.07202091631099031,0.3500000000000001,-0.06463694162335085,0.3500000000000001,-0.05861925105653987,0.3500000000000001,-0.05362264722304834,0.3500000000000001,-0.0494086390419364
0.3600000000000002,-0.3095835193816857,0.3600000000000002,-0.254275677315527,0.3600000000000002,-0.2146610571768498,0.3600000000000002,-0.1853830225945228,0.3600000000000002,-0.161973990589815,0.3600000000000002,-0.1436034499276898,0.3600000000000002,-0.1288653563229179,0.3600000000000002,-0.1168087844818225,0.3600000000000002,-0.1067780831733536,0.3600000000000002,-0.09107210524683523,0.3600000000000002,-0.07919104471720155,0.3600000000000002,-0.07002749377825288,0.3600000000000002,-0.06275222250350518,0.3600000000000002,-0.0568397067187295,0.3600000000000002,-0.05194173962361356,0.3600000000000002,-0.0478188760810459
0.3700000000000002,-0.3096560774684444,0.3700000000000002,-0.2533148185790849,0.3700000000000002,-0.2129620444208701,0.3700000000000002,-0.1832776926927262,0.3700000000000002,-0.1594784224065095,0.3700000000000002,-0.1409209206223522,0.3700000000000002,-0.1261153923326442,0.3700000000000002,-0.1140605505703162,0.3700000000000002,-0.1040711229558791,0.3700000000000002,-0.08850338692881561,0.3700000000000002,-0.07676100123169308,0.3700000000000002,-0.06774663797182626,0.3700000000000002,-0.06061576659441913,0.3700000000000002,-0.05483734305645916,0.3700000000000002,-0.0500617029792971,0.3700000000000002,-0.04604962290938384
0.3800000000000002,-0.3094912158755418,0.3800000000000002,-0.251868849034207,0.3800000000000002,-0.21066644083781,0.3800000000000002,-0.1805523969073966,0.3800000000000002,-0.1563871367886858,0.3800000000000002,-0.13769007063039,0.3800000000000002,-0.1228686378401489,0.3800000000000002,-0.1108641782707757,0.3800000000000002,-0.1009596199625682,0.3800000000000002,-0.08560166424208816,0.3800000000000002,-0.07405835456088664,0.3800000000000002,-0.0652388596977314,0.3800000000000002,-0.05828736259362123,0.3800000000000002,-0.05267025805518177,0.3800000000000002,-0.0480385035331926,0.3800000000000002,-0.0441545523645849
0.3900000000000002,-0.3090336671459965,0.3900000000000002,-0.2498692827977174,0.3900000000000002,-0.207731087920735,0.3900000000000002,-0.1771930494533171,0.3900000000000002,-0.1527235999318324,0.3900000000000002,-0.1339591273319592,0.3900000000000002,-0.1191885521139546,0.3900000000000002,-0.1072920185462436,0.3900000000000002,-0.0975207313131176,0.3900000000000002,-0.08244682164064132,0.3900000000000002,-0.07116268037676268,0.3900000000000002,-0.06258071500832876,0.3900000000000002,-0.05583957935772932,0.3900000000000002,-0.05040682845249888,0.3900000000000002,-0.04593645094289731,0.3900000000000002,-0.04219416558101775
0.4000000000000002,-0.3082255298832416,0.4000000000000002,-0.2472653353746023,0.4000000000000002,-0.2041480420445663,0.4000000000000002,-0.1732282932763963,0.4000000000000002,-0.1485540657874309,0.4000000000000002,-0.1298147429869151,0.4000000000000002,-0.115171632937531,0.4000000000000002,-0.1034443175968669,0.4000000000000002,-0.09385499764296644,0.4000000000000002,-0.07913510229782048,0.4000000000000002,-0.06816406622861952,0.4000000000000002,-0.05985527374673547,0.4000000000000002,-0.05334874448130379,0.4000000000000002,-0.04811726498540844,0.4000000000000002,-0.04382032540082028,0.4000000000000002,-0.04022845674127247
0.4100000000000002,-0.3070106815267708,0.4100000000000002,-0.2440339886949385,0.4100000000000002,-0.1999517784870179,0.4100000000000002,-0.1687315589586562,0.4100000000000002,-0.1439827620602271,0.4100000000000002,-0.1253730854832874,0.4100000000000002,-0.1109363862899083,0.4100000000000002,-0.09943726247273368,0.4100000000000002,-0.09007415230384522,0.4100000000000002,-0.0757674155411006,0.4100000000000002,-0.06515240622757419,0.4100000000000002,-0.0571425396161831,0.4100000000000002,-0.05088641501507109,0.4100000000000002,-0.0458660041743713,0.4100000000000002,-0.04174855922359454,0.4100000000000002,-0.0383107677582377
0.4200000000000002,-0.3053405418934025,0.4200000000000002,-0.2401878073186068,0.4200000000000002,-0.1952200663104074,0.4200000000000002,-0.1638153677012303,0.4200000000000002,-0.1391404294536963,0.4200000000000002,-0.1207661558887995,0.4200000000000002,-0.1066092505207142,0.4200000000000002,-0.09538935871949093,0.4200000000000002,-0.08628830434496219,0.4200000000000002,-0.07243835355119067,0.4200000000000002,-0.06220830974089767,0.4200000000000002,-0.05451192191394458,0.4200000000000002,-0.04851308850798806,0.4200000000000002,-0.04370639589129993,0.4200000000000002,-0.03976869836980267,0.4200000000000002,-0.0364838694204985
0.4300000000000002,-0.3031805262060083,0.4300000000000002,-0.2357782862235391,0.4300000000000002,-0.1900677090377978,0.4300000000000002,-0.1586189963113151,0.4300000000000002,-0.1341691140535576,0.4300000000000002,-0.1161268136223554,0.4300000000000002,-0.1023109358826889,0.4300000000000002,-0.09140933326780626,0.4300000000000002,-0.08259534257483896,0.4300000000000002,-0.06922809215356562,0.4300000000000002,-0.05939715163552763,0.4300000000000002,-0.0520178117434224,0.4300000000000002,-0.0462748681072426,0.4300000000000002,-0.04167815813439057,0.4300000000000002,-0.03791544057501953,0.4300000000000002,-0.03477843826033637
0.4400000000000002,-0.3005161169458657,0.4400000000000002,-0.2308934902496737,0.4400000000000002,-0.184634458759275,0.4400000000000002,-0.1532925963282271,0.4400000000000002,-0.129206909371808,0.4400000000000002,-0.1115758430944297,0.4400000000000002,-0.09814590453282965,0.4400000000000002,-0.0875876923597064,0.4400000000000002,-0.07907418215800546,0.4400000000000002,-0.06619805554769294,0.4400000000000002,-0.05676657421424708,0.4400000000000002,-0.04969823375392191,0.4400000000000002,-0.0442028511167071,0.4400000000000002,-0.03980724867737518,0.4400000000000002,-0.03621082966194488,0.4400000000000002,-0.03321346921973938
0.4500000000000002,-0.2973573112151935,0.4500000000000002,-0.2256502644110978,0.4500000000000002,-0.1790699903785368,0.4500000000000002,-0.1479815150239493,0.4500000000000002,-0.124375716984326,0.4500000000000002,-0.1072131511831658,0.4500000000000002,-0.09419625839463613,0.4500000000000002,-0.08399259299162262,0.4500000000000002,-0.07578207926249388,0.4500000000000002,-0.06339005572685487,0.4500000000000002,-0.05434684272834191,0.4500000000000002,-0.04757584688031848,0.4500000000000002,-0.04231447275168137,0.4500000000000002,-0.03810738556164416,0.4500000000000002,-0.03466585830772845,0.4500000000000002,-0.03179790579215209
0.4600000000000002,-0.2937403961718945,0.4600000000000002,-0.220182712006991,0.4600000000000002,-0.1735192408608271,0.4600000000000002,-0.1428138370222797,0.4600000000000002,-0.1197736256653004,0.4600000000000002,-0.1031136313329094,0.4600000000000002,-0.0905198990826289,0.4600000000000002,-0.08066949139338742,0.4600000000000002,-0.07275524640385871,0.4600000000000002,-0.06082794895631503,0.4600000000000002,-0.05215305608709689,0.4600000000000002,-0.04566033961280116,0.4600000000000002,-0.04061591996435118,0.4600000000000002,-0.0365824041831086,0.4600000000000002,-0.03328273557192081,0.4600000000000002,-0.03053280575924518
0.4700000000000003,-0.2897265449584538,0.4700000000000003,-0.2146293945420289,0.4700000000000003,-0.1681107187677291,0.4700000000000003,-0.1378926711994122,0.4700000000000003,-0.1154719969262904,0.4700000000000003,-0.09932702975589656,0.4700000000000003,-0.08715194772018145,0.4700000000000003,-0.07764341958835666,0.4700000000000003,-0.07001158906319703,0.4700000000000003,-0.05852069835944559,0.4700000000000003,-0.05018823302893684,0.4700000000000003,-0.04395137199735495,0.4700000000000003,-0.03910488138759069,0.4700000000000003,-0.03522881126165206,0.4700000000000003,-0.03205725677648994,0.4700000000000003,-0.02941354369618425
0.4800000000000003,-0.2853974251642554,0.4800000000000003,-0.2091216265382717,0.4800000000000003,-0.1629491057912067,0.4800000000000003,-0.1332932192801627,0.4800000000000003,-0.111516322117001,0.4800000000000003,-0.09588056336786703,0.4800000000000003,-0.08410813248987466,0.4800000000000003,-0.07492266061727351,0.4800000000000003,-0.06755443119952549,0.4800000000000003,-0.05646591016298453,0.4800000000000003,-0.04844653368338082,0.4800000000000003,-0.0424414702162764,0.4800000000000003,-0.03777314818933625,0.4800000000000003,-0.03403813258334288,0.4800000000000003,-0.03098093551065515,0.4800000000000003,-0.02843175903413366
0.4900000000000003,-0.2808486261292052,0.4900000000000003,-0.2037745310362102,0.4900000000000003,-0.1581122118625389,0.4900000000000003,-0.1290636699215074,0.4900000000000003,-0.1079295111739414,0.4900000000000003,-0.09278298798714762,0.4900000000000003,-0.08138899095429768,0.4900000000000003,-0.07250282944444379,0.4900000000000003,-0.06537638001327827,0.4900000000000003,-0.05465321573321074,0.4900000000000003,-0.04691616598699174,0.4900000000000003,-0.04111854122368975,0.4900000000000003,-0.03660881389905372,0.4900000000000003,-0.03299885926851456,0.4900000000000003,-0.03004274352696713,0.4900000000000003,-0.02757692586569583
0.5000000000000002,-0.2761820589629617,0.5000000000000002,-0.1986815785685758,0.5000000000000002,-0.1536514877969657,0.5000000000000002,-0.1252285717311988,0.5000000000000002,-0.1047163397526401,0.5000000000000002,-0.09002907469796242,0.5000000000000002,-0.07898406199559924,0.5000000000000002,-0.07037070811655016,0.5000000000000002,-0.06346281229314829,0.5000000000000002,-0.05306716306606051,0.5000000000000002,-0.04558176931243409,0.5000000000000002,-0.03996787701173883,0.5000000000000002,-0.03559799120472449,0.5000000000000002,-0.03209794211243083,0.5000000000000002,-0.02923042928633847,0.5000000000000002,-0.02683752987862008
0.5100000000000002,-0.2714985113884571,0.5100000000000002,-0.1939124980977651,0.5100000000000002,-0.1495949331298659,0.5100000000000002,-0.1217934052957863,0.5100000000000002,-0.1018680901633452,0.5100000000000002,-0.08760381090880433,0.5100000000000002,-0.0768755868007517,0.5100000000000002,-0.06850749596198297,0.5100000000000002,-0.06179474202189545,0.5100000000000002,-0.05168949831235397,0.5100000000000002,-0.04442623240542282,0.5100000000000002,-0.0389736461695536,0.5100000000000002,-0.03472606576755127,0.5100000000000002,-0.03132186665849832,0.5100000000000002,-0.0285314549088313,0.5100000000000002,-0.02620189603699425
0.5200000000000002,-0.2668913096716504,0.5200000000000002,-0.1895139073446827,0.5200000000000002,-0.1459512567026435,0.5200000000000002,-0.1187493774811422,0.5200000000000002,-0.09936678361289736,0.5200000000000002,-0.08548596814671378,0.5200000000000002,-0.07504151236383599,0.5200000000000002,-0.06689136299414142,0.5200000000000002,-0.06035101790722367,0.5200000000000002,-0.05050085168492532,0.5200000000000002,-0.04343199514487116,0.5200000000000002,-0.038119936652849,0.5200000000000002,-0.03397855611135335,0.5200000000000002,-0.03065737886258344,0.5200000000000002,-0.02793362012194097,0.5200000000000002,-0.02565873337015744
0.5300000000000002,-0.2624416704352665,0.5300000000000002,-0.1855117878065765,0.5300000000000002,-0.1427143829091115,0.5300000000000002,-0.1160778196063661,0.5300000000000002,-0.09718870926476084,0.5300000000000002,-0.08365091645983594,0.5300000000000002,-0.07345777175036143,0.5300000000000002,-0.06549933303552005,0.5300000000000002,-0.05910990674513412,0.5300000000000002,-0.04948190910677516,0.5300000000000002,-0.0425819235321229,0.5300000000000002,-0.03739143791734231,0.5300000000000002,-0.03334166334133675,0.5300000000000002,-0.03009193983409496,0.5300000000000002,-0.02742544642471807,0.5300000000000002,-0.02519746514698392
0.5400000000000003,-0.2582159365954008,0.5400000000000003,-0.1819149536076448,0.5400000000000003,-0.1398676982124737,0.5400000000000003,-0.1137538794449391,0.5400000000000003,-0.09530717170170128,0.5400000000000003,-0.08207271140770392,0.5400000000000003,-0.0720999147180723,0.5400000000000003,-0.06430859140514021,0.5400000000000003,-0.05805016589053168,0.5400000000000003,-0.04861417359912372,0.5400000000000003,-0.04185985499986351,0.5400000000000003,-0.03677385058839718,0.5400000000000003,-0.03280259035576858,0.5400000000000003,-0.02961398179647046,0.5400000000000003,-0.02699638711645442,0.5400000000000003,-0.0248084045060859
0.5500000000000003,-0.254264572432232,0.5500000000000003,-0.1787188277713315,0.5500000000000003,-0.1373877068858674,0.5500000000000003,-0.1117494165823031,0.5500000000000003,-0.09369450636018993,0.5500000000000003,-0.08072555306014742,0.5500000000000003,-0.07094420373086707,0.5500000000000003,-0.06329733416615319,0.5500000000000003,-0.05715171827193397,0.5500000000000003,-0.04788041792113258,0.5500000000000003,-0.04125090217655011,0.5500000000000003,-0.03625410034120202,0.5500000000000003,-0.03234969786712102,0.5500000000000003,-0.02921302498463627,0.5500000000000003,-0.02663691669178574,0.5500000000000003,-0.0244828239031383
0.5600000000000003,-0.2506225869124158,0.5600000000000003,-0.1759090517447477,0.5600000000000003,-0.1352469711286713,0.5600000000000003,-0.1100351433918931,0.5600000000000003,-0.09232347355941575,0.5600000000000003,-0.079584741374222,0.5600000000000003,-0.06996829659524262,0.5600000000000003,-0.06244527202708368,0.5600000000000003,-0.05639603392847199,0.5600000000000003,-0.04726491581586911,0.5600000000000003,-0.04074158770866864,0.5600000000000003,-0.03582041741270332,0.5600000000000003,-0.03197255011312217,0.5600000000000003,-0.02887970171328671,0.5600000000000003,-0.02633854055951762,0.5600000000000003,-0.02421295506507251
0.5700000000000003,-0.247310965407583,0.5700000000000003,-0.1734646527833603,0.5700000000000003,-0.1334163436254487,0.5700000000000003,-0.1085821193930991,0.5700000000000003,-0.09116815937569434,0.5700000000000003,-0.07862724941787495,0.5700000000000003,-0.06915162496081795,0.5700000000000003,-0.06173388602173728,0.5700000000000003,-0.05576630451302828,0.5700000000000003,-0.04675352151889527,0.5700000000000003,-0.04031986627970951,0.5700000000000003,-0.03546232826610782,0.5700000000000003,-0.03166188971312601,0.5700000000000003,-0.02860572171938109,0.5700000000000003,-0.0260937550238031,0.5700000000000003,-0.02399194607325486
0.5800000000000003,-0.2443386945239991,0.5800000000000003,-0.1713606495462864,0.5800000000000003,-0.1318665728929463,0.5800000000000003,-0.1073627277363152,0.5800000000000003,-0.09020450496501886,0.5800000000000003,-0.07783201973843801,0.5800000000000003,-0.06847555878624301,0.5800000000000003,-0.06114651252117841,0.5800000000000003,-0.05524747820878102,0.5800000000000003,-0.04633365020375855,0.5800000000000003,-0.03997507526424381,0.5800000000000003,-0.03517059316934527,0.5800000000000003,-0.03140956994218368,0.5800000000000003,-0.02838380297430642,0.5800000000000003,-0.02589597859826013,0.5800000000000003,-0.02381379418780414
0.5900000000000003,-0.2417050283495595,0.5900000000000003,-0.1695700823160847,0.5900000000000003,-0.1305693912753582,0.5900000000000003,-0.1063512580008633,0.5900000000000003,-0.08941056819366099,0.5900000000000003,-0.07718006871201261,0.5900000000000003,-0.06792342682181306,0.5900000000000003,-0.06066831640816132,0.5900000000000003,-0.05482620529528792,0.5900000000000003,-0.04599419759375645,0.5900000000000003,-0.03969784346944692,0.5900000000000003,-0.03493711331874843,0.5900000000000003,-0.03120846397860316,0.5900000000000003,-0.02820758454242545,0.5900000000000003,-0.02573946897524111,0.5900000000000003,-0.02367326698009368
0.6000000000000003,-0.2394017339978875,0.6000000000000003,-0.1680655167345479,0.6000000000000003,-0.129498198571582,0.6000000000000003,-0.1055242027530776,0.6000000000000003,-0.08876660056621652,0.6000000000000003,-0.07665446379626488,0.6000000000000003,-0.06748044522125424,0.6000000000000003,-0.06028619528922757,0.6000000000000003,-0.05449073039857785,0.6000000000000003,-0.04572542552407346,0.6000000000000003,-0.03947997819112608,0.6000000000000003,-0.03475482349047421,0.6000000000000003,-0.03105236418906968,0.6000000000000003,-0.02807153244712456,0.6000000000000003,-0.02561923503864099,0.6000000000000003,-0.02356581994970938
0.6100000000000003,-0.2374151452834149,0.6100000000000003,-0.1668200997682356,0.6100000000000003,-0.1286284433781021,0.6100000000000003,-0.1048603546691365,0.6100000000000003,-0.08825500265348171,0.6100000000000003,-0.07624022141848366,0.6100000000000003,-0.06713359166506087,0.6100000000000003,-0.05998864492824805,0.6100000000000003,-0.05423075641168635,0.6100000000000003,-0.04551883159370233,0.6100000000000003,-0.03931434399551612,0.6100000000000003,-0.03461758063631794,0.6100000000000003,-0.03093587984401423,0.6100000000000003,-0.02797084549929612,0.6100000000000003,-0.02553094981303629,0.6100000000000003,-0.02348751570883428
0.6200000000000003,-0.235727931242545,0.6200000000000003,-0.1658082548179898,0.6200000000000003,-0.1279377875079056,0.6200000000000003,-0.1043407709923988,0.6200000000000003,-0.08786020434731599,0.6200000000000003,-0.07592415940436839,0.6200000000000003,-0.06687145093344388,0.6200000000000003,-0.05976560645203689,0.6200000000000003,-0.05403729682777362,0.6200000000000003,-0.04536701474583654,0.6200000000000003,-0.03919474176050803,0.6200000000000003,-0.03452005490920174,0.6200000000000003,-0.03085433838893774,0.6200000000000003,-0.02790136526333169,0.6200000000000003,-0.02547086783184439,0.6200000000000003,-0.02343494769563776
0.6300000000000003,-0.23432054514498,0.6300000000000003,-0.1650060984512856,0.6300000000000003,-0.1274061211449787,0.6300000000000003,-0.1039486547327494,0.6300000000000003,-0.08756850277997284,0.6300000000000003,-0.0756947272528375,0.6300000000000003,-0.06668404932217226,0.6300000000000003,-0.05960830881947722,0.6300000000000003,-0.05390252727143944,0.6300000000000003,-0.04526354415502351,0.6300000000000003,-0.03911579311362321,0.6300000000000003,-0.03445762689958613,0.6300000000000003,-0.03080369317189123,0.6300000000000003,-0.02785949245679055,0.6300000000000003,-0.02543574878878137,0.6300000000000003,-0.02340516996156622
0.6400000000000003,-0.2331723594910237,0.6400000000000003,-0.1643916505752133,0.6400000000000003,-0.1270154802188859,0.6400000000000003,-0.1036691879606526,0.6400000000000003,-0.08736788043585475,0.6400000000000003,-0.07554182972158024,0.6400000000000003,-0.06656268911190516,0.6400000000000003,-0.05950911502027016,0.6400000000000003,-0.05381964282728263,0.6400000000000003,-0.04520283572398669,0.6400000000000003,-0.0390728331002928,0.6400000000000003,-0.03442629305308054,0.6400000000000003,-0.03078043905213362,0.6400000000000003,-0.02784211084516796,0.6400000000000003,-0.02542278828114821,0.6400000000000003,-0.02339563365915315
0.6500000000000004,-0.2322625161905738,0.6500000000000004,-0.1639448970927141,0.6500000000000004,-0.1267499038675553,0.6500000000000004,-0.1034893416921932,0.6500000000000004,-0.0872478183706681,0.6500000000000004,-0.07545665355698039,0.6500000000000004,-0.06649978994846535,0.6500000000000004,-0.05946137698521043,0.6500000000000004,-0.05378272489836132,0.6500000000000004,-0.0451800384287343,0.6500000000000004,-0.03906181239706089,0.6500000000000004,-0.03442258006280616,0.6500000000000004,-0.03078153636820809,0.6500000000000004,-0.02784651890911713,0.6500000000000004,-0.02542955578928534,0.6500000000000004,-0.023404130284015
0.6600000000000004,-0.2315705326598804,0.6600000000000004,-0.1636477515624775,0.6600000000000004,-0.1265952589965972,0.6600000000000004,-0.1033976787689987,0.6600000000000004,-0.08719911399121766,0.6600000000000004,-0.07543150326447794,0.6600000000000004,-0.06648874100649073,0.6600000000000004,-0.05945930183861808,0.6600000000000004,-0.0537866194190578,0.6600000000000004,-0.04519093140714138,0.6600000000000004,-0.03907920941719598,0.6600000000000004,-0.03444346829482801,0.6600000000000004,-0.03080434316187046,0.6600000000000004,-0.02787036908677361,0.6600000000000004,-0.02545393963978756,0.6600000000000004,-0.02342874138661832
0.6700000000000004,-0.2310767078267252,0.6700000000000004,-0.1634839512928821,0.6700000000000004,-0.1265390506190606,0.6700000000000004,-0.1033841602816111,0.6700000000000004,-0.08721370903459587,0.6700000000000004,-0.07545964913597768,0.6700000000000004,-0.06652376582035621,0.6700000000000004,-0.05949783058576176,0.6700000000000004,-0.05382682701928098,0.6700000000000004,-0.04523183184666499,0.6700000000000004,-0.03912195206988115,0.6700000000000004,-0.03448632387149406,0.6700000000000004,-0.03084655522007854,0.6700000000000004,-0.02791161412770423,0.6700000000000004,-0.02549409848270416,0.6700000000000004,-0.02346779428816909
0.6800000000000004,-0.2307623702031627,0.6800000000000004,-0.1634389140825731,0.6800000000000004,-0.1265702304794903,0.6800000000000004,-0.1034399619630163,0.6800000000000004,-0.08728453079522279,0.6800000000000004,-0.07553518898366422,0.6800000000000004,-0.06659980038811764,0.6800000000000004,-0.05957252936300131,0.6800000000000004,-0.0538994049837378,0.6800000000000004,-0.04529951323325437,0.6800000000000004,-0.0391873486059711,0.6800000000000004,-0.0345488388065798,0.6800000000000004,-0.03090615332787446,0.6800000000000004,-0.02796845996682324,0.6800000000000004,-0.02554841871355395,0.6800000000000004,-0.02351982325639052
0.6900000000000004,-0.2306100056418725,0.6900000000000004,-0.1634995744961967,0.6900000000000004,-0.1266790120063844,0.6900000000000004,-0.1035573041584911,0.6900000000000004,-0.08740534794634235,0.6900000000000004,-0.07565292391041972,0.6900000000000004,-0.06671238437309882,0.6900000000000004,-0.05967949280913473,0.6900000000000004,-0.0540008804214864,0.6900000000000004,-0.04539113326306998,0.6900000000000004,-0.03927302682674993,0.6900000000000004,-0.03462897848838364,0.6900000000000004,-0.0309813570630225,0.6900000000000004,-0.02803932448761709,0.6900000000000004,-0.02561547724732777,0.6900000000000004,-0.02358353558387074
0.7000000000000004,-0.2306032967509683,0.7000000000000004,-0.1636542129456122,0.7000000000000004,-0.1268566965069284,0.7000000000000004,-0.1037292971101137,0.7000000000000004,-0.0875706412324149,0.7000000000000004,-0.07580824777961902,0.7000000000000004,-0.06685756478784619,0.7000000000000004,-0.05981525881566393,0.7000000000000004,-0.05412817385038723,0.7000000000000004,-0.04550417061198138,0.7000000000000004,-0.03937688088699297,0.7000000000000004,-0.03472493579447048,0.7000000000000004,-0.03107058446929183,0.7000000000000004,-0.02812280156089272,0.7000000000000004,-0.02569400907501821,0.7000000000000004,-0.02365778203891916
0.7100000000000004,-0.2307271002057981,0.7100000000000004,-0.1638922866639892,0.7100000000000004,-0.1270955133858222,0.7100000000000004,-0.1039498021086719,0.7100000000000004,-0.08777548867881992,0.7100000000000004,-0.07599704968816279,0.7100000000000004,-0.06703181133456579,0.7100000000000004,-0.0599767337908141,0.7100000000000004,-0.05427853233308284,0.7100000000000004,-0.04563636974970463,0.7100000000000004,-0.03949702494839409,0.7100000000000004,-0.03483509116182777,0.7100000000000004,-0.03117241699245065,0.7100000000000004,-0.02821762979543816,0.7100000000000004,-0.02578287908421668,0.7100000000000004,-0.02374153120952132
0.7200000000000004,-0.2309673829217598,0.7200000000000004,-0.1642042686294344,0.7200000000000004,-0.1273884757685332,0.7200000000000004,-0.1042133083577692,0.7200000000000004,-0.0880154646348049,0.7200000000000004,-0.07621562859294108,0.7200000000000004,-0.06723194251507857,0.7200000000000004,-0.06016112756321603,0.7200000000000004,-0.05444947132301412,0.7200000000000004,-0.04578569303755707,0.7200000000000004,-0.03963175300551724,0.7200000000000004,-0.03495797800637161,0.7200000000000004,-0.03128556913312557,0.7200000000000004,-0.02832266550517697,0.7200000000000004,-0.02588105769086627,0.7200000000000004,-0.02383384732363585
0.7300000000000004,-0.2313111334937787,0.7300000000000004,-0.1645814983551651,0.7300000000000004,-0.1277292520288203,0.7300000000000004,-0.1045148250124037,0.7300000000000004,-0.08828655183244184,0.7300000000000004,-0.0764606192184251,0.7300000000000004,-0.06745506165516631,0.7300000000000004,-0.06036589711111379,0.7300000000000004,-0.05463872445370844,0.7300000000000004,-0.04595027943450016,0.7300000000000004,-0.03977950429411984,0.7300000000000004,-0.03509225297060015,0.7300000000000004,-0.03140886235114923,0.7300000000000004,-0.02843685947314432,0.7300000000000004,-0.02598759990041873,0.7300000000000004,-0.02393387119595626
0.7400000000000004,-0.2317462615286925,0.7400000000000004,-0.1650160469896572,0.7400000000000004,-0.1281120531996767,0.7400000000000004,-0.1048497876847839,0.7400000000000004,-0.08858506563422425,0.7400000000000004,-0.07672892842850376,0.7400000000000004,-0.0676985020724257,0.7400000000000004,-0.06058869839970773,0.7400000000000004,-0.05484420060592841,0.7400000000000004,-0.04612840923661487,0.7400000000000004,-0.03993883378707975,0.7400000000000004,-0.03523667056687983,0.7400000000000004,-0.03154120283806749,0.7400000000000004,-0.02855923716855673,0.7400000000000004,-0.02610162748712526,0.7400000000000004,-0.02404080401689701
0.7500000000000004,-0.2322614944477967,0.7500000000000004,-0.1655005981759453,0.7500000000000004,-0.128531535963147,0.7500000000000004,-0.1052139786707062,0.7500000000000004,-0.08890758970061871,0.7500000000000004,-0.07701768134028435,0.7500000000000004,-0.06795978072407412,0.7500000000000004,-0.06082734571955498,0.7500000000000004,-0.05506394769624873,0.7500000000000004,-0.04631847437677669,0.7500000000000004,-0.04010838737610442,0.7500000000000004,-0.03539006186843027,0.7500000000000004,-0.03168156285162693,0.7500000000000004,-0.02868888214395304,0.7500000000000004,-0.0262223140453315,0.7500000000000004,-0.02415389375988635
0.7600000000000005,-0.2328462789121019,0.7600000000000005,-0.1660283454532504,0.7600000000000005,-0.1289827207745636,0.7600000000000005,-0.1056034601790275,0.7600000000000005,-0.08925092239631154,0.7600000000000005,-0.07732417656274077,0.7600000000000005,-0.06823655977977908,0.7600000000000005,-0.06107977802554077,0.7600000000000005,-0.0552961227330435,0.7600000000000005,-0.04651895390382488,0.7600000000000005,-0.04028688142021902,0.7600000000000005,-0.03555131697443911,0.7600000000000005,-0.03182896537329254,0.7600000000000005,-0.02882492240060252,0.7600000000000005,-0.02634887272277293,0.7600000000000005,-0.02427242403482132
0.7700000000000005,-0.2334906920940968,0.7700000000000005,-0.1665929065263829,0.7700000000000005,-0.1294609246100818,0.7700000000000005,-0.1060145198989157,0.7700000000000005,-0.08961203334016402,0.7700000000000005,-0.07764585003732041,0.7700000000000005,-0.06852661565807698,0.7700000000000005,-0.06134403186565279,0.7700000000000005,-0.05553896777085808,0.7700000000000005,-0.04672839433599522,0.7700000000000005,-0.04047308640864108,0.7700000000000005,-0.03571937103501081,0.7700000000000005,-0.03198247190308575,0.7700000000000005,-0.02896651955862097,0.7700000000000005,-0.02648054648993357,0.7700000000000005,-0.02439570525607227
0.7800000000000005,-0.2341853664584547,0.7800000000000005,-0.1671882543856696,0.7800000000000005,-0.1299617077801748,0.7800000000000005,-0.1064436282809166,0.7800000000000005,-0.08998802956681619,0.7800000000000005,-0.07798024702483761,0.7800000000000005,-0.06882781513089835,0.7800000000000005,-0.06161822055163791,0.7800000000000005,-0.05579079145338067,0.7800000000000005,-0.04694539463564263,0.7800000000000005,-0.04066581453126593,0.7800000000000005,-0.03589319366192593,0.7800000000000005,-0.03214117324199033,0.7800000000000005,-0.02911286070066908,0.7800000000000005,-0.0266166008290394,0.7800000000000005,-0.02452306802047494
0.7900000000000005,-0.2349214304056176,0.7900000000000005,-0.1678086649627777,0.7900000000000005,-0.1304808341879681,0.7900000000000005,-0.1068874069145313,0.7900000000000005,-0.0903761307917266,0.7900000000000005,-0.07832500181176927,0.7900000000000005,-0.06913809813029581,0.7900000000000005,-0.06190051925245251,0.7900000000000005,-0.05604995586275167,0.7900000000000005,-0.04716859557685903,0.7900000000000005,-0.04086391097111903,0.7900000000000005,-0.03607178156959361,0.7900000000000005,-0.03230418312841641,0.7900000000000005,-0.02926315277260381,0.7900000000000005,-0.02675631873932965,0.7900000000000005,-0.02465385860263572
0.8000000000000005,-0.2356904659848454,0.8000000000000005,-0.1684486807075536,0.8000000000000005,-0.1310142443051186,0.8000000000000005,-0.1073426073419849,0.8000000000000005,-0.09077365324667327,0.8000000000000005,-0.0786778246926783,0.8000000000000005,-0.06945546687954891,0.8000000000000005,-0.0621891556821489,0.8000000000000005,-0.05631486838538497,0.8000000000000005,-0.04739667327201895,0.8000000000000005,-0.04106624872786672,0.8000000000000005,-0.03625415428556515,0.8000000000000005,-0.03247063459042606,0.8000000000000005,-0.02941661941988565,0.8000000000000005,-0.02689899795088519,0.8000000000000005,-0.02478743647070484
0.8100000000000005,-0.2364844838340466,0.8100000000000005,-0.1691030891402831,0.8100000000000005,-0.1315580399774001,0.8100000000000005,-0.1078060995491432,0.8100000000000005,-0.09117800147632109,0.8100000000000005,-0.07903649572223834,0.8100000000000005,-0.06977798091644148,0.8100000000000005,-0.06248240600593062,0.8100000000000005,-0.05658397826153079,0.8100000000000005,-0.04762833658754127,0.8100000000000005,-0.04127172674993407,0.8100000000000005,-0.03643935274171238,0.8100000000000005,-0.03263967884980696,0.8100000000000005,-0.0295725001151112,0.8100000000000005,-0.02704395021769569,0.8100000000000005,-0.02492317370574066
0.8200000000000005,-0.2372959145208944,0.8200000000000005,-0.1697669150649852,0.8200000000000005,-0.1321084799579592,0.8200000000000005,-0.1082748692232241,0.8200000000000005,-0.09158666736231241,0.8200000000000005,-0.07939886462422739,0.8200000000000005,-0.07010375748350214,0.8200000000000005,-0.06277859550514772,0.8200000000000005,-0.05685577741083823,0.8200000000000005,-0.047862328116155,0.8200000000000005,-0.04147927109753885,0.8200000000000005,-0.03662644050797398,0.8200000000000005,-0.03281048656971323,0.8200000000000005,-0.02973005139163319,0.8200000000000005,-0.02719050252354694,0.8200000000000005,-0.02506045617348847
0.8300000000000005,-0.2381176145432589,0.8300000000000005,-0.1704354247338423,0.8300000000000005,-0.1326619848115764,0.8300000000000005,-0.1087460226753903,0.8300000000000005,-0.09199723548063547,0.8300000000000005,-0.07976285610584999,0.8300000000000005,-0.07043097663728473,0.8300000000000005,-0.0630761034320458,0.8300000000000005,-0.05712880502650493,0.8300000000000005,-0.04809742828888867,0.8300000000000005,-0.04168783878538883,0.8300000000000005,-0.03681450736516394,0.8300000000000005,-0.0329822511787019,0.8300000000000005,-0.02988854994467052,0.8300000000000005,-0.02733799998518751,0.8300000000000005,-0.02519868625203218
0.8400000000000005,-0.2389428844246968,0.8400000000000005,-0.1711041398585988,0.8400000000000005,-0.1332151495626045,0.8400000000000005,-0.1092167981153668,0.8400000000000005,-0.0924073937187487,0.8400000000000005,-0.08012647966953647,0.8400000000000005,-0.07075789029022296,0.8400000000000005,-0.06337337136054623,0.8400000000000005,-0.05740165531745171,0.8400000000000005,-0.04833246211428317,0.8400000000000005,-0.04189642387002914,0.8400000000000005,-0.03700267483887582,0.8400000000000005,-0.03315419393696464,0.8400000000000005,-0.03004729730035712,0.8400000000000005,-0.02748581018134356,0.8400000000000005,-0.02533728686716689
0.8500000000000005,-0.2397654956610407,0.8500000000000005,-0.171768859012085,0.8500000000000005,-0.1337647622055963,0.8500000000000005,-0.1096845817623491,0.8500000000000005,-0.09281494790447276,0.8500000000000005,-0.08048784286122325,0.8500000000000005,-0.07108283426208686,0.8500000000000005,-0.06366891421617847,0.8500000000000005,-0.0576729876657606,0.8500000000000005,-0.04856630793703626,0.8500000000000005,-0.04210406526330198,0.8500000000000005,-0.03719010324217031,0.8500000000000005,-0.03332557034356919,0.8500000000000005,-0.03020562569222477,0.8500000000000005,-0.02763332858022704,0.8500000000000005,-0.02547570653567857
0.8600000000000005,-0.2405797227949805,0.8600000000000005,-0.1724256836983555,0.8600000000000005,-0.1343078259982941,0.8600000000000005,-0.1101469271126108,0.8600000000000005,-0.09321783905526702,0.8600000000000005,-0.0808451667668055,0.8600000000000005,-0.07140424230366769,0.8600000000000005,-0.0639613330644561,0.8600000000000005,-0.05794153837158198,0.8600000000000005,-0.04879790752703653,0.8600000000000005,-0.04230985568184314,0.8600000000000005,-0.0373759997108553,0.8600000000000005,-0.03349567742582735,0.8600000000000005,-0.03036290473201014,0.8600000000000005,-0.02777998468984388,0.8600000000000005,-0.02561342507200328
0.8700000000000006,-0.2413803766709742,0.8700000000000006,-0.1730710462377865,0.8700000000000006,-0.1348415833477876,0.8700000000000006,-0.1106015755894705,0.8700000000000006,-0.09361416176983414,0.8700000000000006,-0.08119680248927662,0.8700000000000006,-0.07172066098274865,0.8700000000000006,-0.06424932867015146,0.8700000000000006,-0.05820613309584956,0.8700000000000006,-0.04902627675599092,0.8700000000000006,-0.04251295109464368,0.8700000000000006,-0.03755962667202376,0.8700000000000006,-0.03366386141268306,0.8700000000000006,-0.03051854842573046,0.8700000000000006,-0.02792524852224259,0.8700000000000006,-0.02574995958295635
0.8800000000000006,-0.2421628349893338,0.8800000000000006,-0.1737017366480509,0.8800000000000006,-0.1353635391110464,0.8800000000000006,-0.1110464768001,0.8800000000000006,-0.09400218227511253,0.8800000000000006,-0.08154124732648584,0.8800000000000006,-0.07203076430808385,0.8800000000000006,-0.0645317148248484,0.8800000000000006,-0.05846569909587213,0.8800000000000006,-0.04925051610395435,0.8800000000000006,-0.04271258001631049,0.8800000000000006,-0.03774031017282923,0.8800000000000006,-0.03382952528107817,0.8800000000000006,-0.03067202207376709,0.8800000000000006,-0.02806863695132209,0.8800000000000006,-0.02588487036433127
0.8900000000000006,-0.2429230666435207,0.8900000000000006,-0.1743149259195743,0.8900000000000006,-0.1358714812765977,0.8900000000000006,-0.1114798067303996,0.8900000000000006,-0.09438035472334823,0.8900000000000006,-0.08187715943484285,0.8900000000000006,-0.07233336702128673,0.8900000000000006,-0.06480743048618552,0.8900000000000006,-0.05871927638875719,0.8900000000000006,-0.04946982026936624,0.8900000000000006,-0.04290805201919409,0.8900000000000006,-0.03791744751796124,0.8900000000000006,-0.03399213568275088,0.8900000000000006,-0.03082284860990874,0.8900000000000006,-0.0282097195582315,0.8900000000000006,-0.02601776632613214
0.9000000000000006,-0.2436576469612734,0.9000000000000006,-0.1749081834787498,0.9000000000000006,-0.1363634972740645,0.9000000000000006,-0.1118999824248911,0.9000000000000006,-0.09474733450777856,0.9000000000000006,-0.08220336990961268,0.9000000000000006,-0.07262743561124338,0.9000000000000006,-0.0650755498813707,0.9000000000000006,-0.05896602707465753,0.9000000000000006,-0.04968348623555113,0.9000000000000006,-0.04309876490472594,0.9000000000000006,-0.03809051372251589,0.9000000000000006,-0.03415122881031186,0.9000000000000006,-0.03097061398029512,0.9000000000000006,-0.02834812360001244,0.9000000000000006,-0.0261483096112093
0.9100000000000006,-0.244363761816651,0.9100000000000006,-0.1754794871743977,0.9100000000000006,-0.1368379845540378,0.9100000000000006,-0.1123056720100184,0.9100000000000006,-0.09510198762117536,0.9100000000000006,-0.08251889142926656,0.9100000000000006,-0.07291209629384009,0.9100000000000006,-0.06533528989376337,0.9100000000000006,-0.05920524220068727,0.9100000000000006,-0.04989091926978918,0.9100000000000006,-0.04328421007956694,0.9100000000000006,-0.03825906637888603,0.9100000000000006,-0.03430641484305653,0.9100000000000006,-0.03111497123659195,0.9100000000000006,-0.02848353780381436,0.9100000000000006,-0.02627621913317168
0.9200000000000006,-0.2450391995484109,0.9200000000000006,-0.1760272247634032,0.9200000000000006,-0.1372936545581801,0.9200000000000006,-0.1126957993002466,0.9200000000000006,-0.09544339539780108,0.9200000000000006,-0.0828229228817641,0.9200000000000006,-0.0731866394359776,0.9200000000000006,-0.06558601426099483,0.9200000000000006,-0.05943634573489176,0.9200000000000006,-0.05009163648802504,0.9200000000000006,-0.04346397581698327,0.9200000000000006,-0.03842274865448141,0.9200000000000006,-0.03445738071820837,0.9200000000000006,-0.03125564311259178,0.9200000000000006,-0.02861571477538013,0.9200000000000006,-0.02640127283872323
0.9300000000000006,-0.2456823306089006,0.9300000000000006,-0.17655018654836,0.9300000000000006,-0.1377295297137194,0.9300000000000006,-0.1130695426416745,0.9300000000000006,-0.095770854327067,0.9300000000000006,-0.08311484968977077,0.9300000000000006,-0.07345052016534147,0.9300000000000006,-0.06582723434700617,0.9300000000000006,-0.05965889543062947,0.9300000000000006,-0.05028526779472581,0.9300000000000006,-0.04363774823592975,0.9300000000000006,-0.03858129027074388,0.9300000000000006,-0.03460389109254152,0.9300000000000006,-0.03139242296111171,0.9300000000000006,-0.02874447190866354,0.9300000000000006,-0.02652330858978015
0.9400000000000006,-0.246292075777607,0.9400000000000006,-0.1770475494685672,0.9400000000000006,-0.1381449335890333,0.9400000000000006,-0.1134263280585461,0.9400000000000006,-0.09608387097371303,0.9400000000000006,-0.08339423985159514,0.9400000000000006,-0.07370335517160145,0.9400000000000006,-0.06605860648659756,0.9400000000000006,-0.05987258057534245,0.9400000000000006,-0.05047155418678042,0.9400000000000006,-0.04380530998536562,0.9400000000000006,-0.03873450645049837,0.9400000000000006,-0.03474578748140397,0.9400000000000006,-0.03152517403843687,0.9400000000000006,-0.02886969078418303,0.9400000000000006,-0.02664222365339342
0.9500000000000006,-0.2468678645221969,0.9500000000000006,-0.1775188535077805,0.9500000000000006,-0.1385394747927795,0.9500000000000006,-0.113765817137205,0.9500000000000006,-0.09638215235342451,0.9500000000000006,-0.08366083598797777,0.9500000000000006,-0.07394491594670027,0.9500000000000006,-0.06627992611819535,0.9500000000000006,-0.06007721681459243,0.9500000000000006,-0.05065034357636836,0.9500000000000006,-0.04396653676525004,0.9500000000000006,-0.03888229494773631,0.9500000000000006,-0.03488298567592259,0.9500000000000006,-0.03165382722656229,0.9500000000000006,-0.02899131513783969,0.9500000000000006,-0.02675797287416289
0.9600000000000006,-0.2474095856222076,0.9600000000000006,-0.1779639717142362,0.9600000000000006,-0.1389130255527235,0.9600000000000006,-0.1140878903800965,0.9600000000000006,-0.0966655923690192,0.9600000000000006,-0.08391454390948562,0.9600000000000006,-0.07417511891183538,0.9600000000000006,-0.06649111910069266,0.9600000000000006,-0.06027273840616485,0.9600000000000006,-0.05082158442665211,0.9600000000000006,-0.04412139193649439,0.9600000000000006,-0.03902463138087137,0.9600000000000006,-0.03501547163511523,0.9600000000000006,-0.03177837737050038,0.9600000000000006,-0.02910934756154213,0.9600000000000006,-0.02687056567721513
0.9700000000000006,-0.2479175324635444,0.9700000000000006,-0.1783830754065114,0.9700000000000006,-0.1392656961505631,0.9700000000000006,-0.1143926269705058,0.9700000000000006,-0.09693425509404266,0.9700000000000006,-0.08415541838031183,0.9700000000000006,-0.07439401302325746,0.9700000000000006,-0.06669223074124467,0.9700000000000006,-0.06045918837885537,0.9700000000000006,-0.05098531759642605,0.9700000000000006,-0.04426991956152395,0.9700000000000006,-0.03916156316989516,0.9700000000000006,-0.0351432961210576,0.9700000000000006,-0.03189887847284038,0.9700000000000006,-0.02922384515649275,0.9700000000000006,-0.02698006210475798
0.9800000000000006,-0.2483923454735618,0.9800000000000006,-0.178776596258931,0.9800000000000006,-0.1395978065093163,0.9800000000000006,-0.1146802820000801,0.9800000000000006,-0.0971883557912311,0.9800000000000006,-0.084383646845564,0.9800000000000006,-0.07460176553229554,0.9800000000000006,-0.06688341313735784,0.9800000000000006,-0.06063670714115551,0.9800000000000006,-0.05114166685098511,0.9800000000000006,-0.04441223627100232,0.9800000000000006,-0.03929320242605899,0.9800000000000006,-0.03526656838884322,0.9800000000000006,-0.03201543802753624,0.9800000000000006,-0.02933491439658923,0.9800000000000006,-0.02708656812310896
0.9900000000000007,-0.2488349540294492,0.9900000000000007,-0.1791451869364119,0.9900000000000007,-0.1399098562377168,0.9900000000000007,-0.1149512622303483,0.9900000000000007,-0.09742824057587497,0.9900000000000007,-0.08459953191272927,0.9900000000000007,-0.07479864659857885,0.9900000000000007,-0.06706491145961793,0.9900000000000007,-0.06080552010727295,0.9900000000000007,-0.05129082851693195,0.9900000000000007,-0.04454852237097541,0.9900000000000007,-0.03941971815987988,0.9900000000000007,-0.0353854492589167,0.9900000000000007,-0.03212821078958564,0.9900000000000007,-0.02944270547307532,0.9900000000000007,-0.02719023044989343
1.000000000000001,-0.2492465198855172,1.000000000000001,-0.1794896818078126,1.000000000000001,-0.1402024943496864,1.000000000000001,-0.1152061013999226,1.000000000000001,-0.09765436558933381,1.000000000000001,-0.08480347334277427,1.000000000000001,-0.07498501342675165,1.000000000000001,-0.06723704977744453,1.000000000000001,-0.06096592488748812,1.000000000000001,-0.05143306074305264,1.000000000000001,-0.04467901259209194,1.000000000000001,-0.03954132816276845,1.000000000000001,-0.03550014389040163,1.000000000000001,-0.03223739226947808,1.000000000000001,-0.02954740638470784,1.000000000000001,-0.02729123114497685
1.010000000000001,-0.2496283837826258,1.010000000000001,-0.179811059043049,1.010000000000001,-0.1404764897208217,1.010000000000001,-0.1154454359699552,1.010000000000001,-0.09786727645150299,1.010000000000001,-0.08499595022554247,1.010000000000001,-0.07516129452757672,1.010000000000001,-0.06740021696949619,1.010000000000001,-0.06111827853583826,1.010000000000001,-0.05156867278523854,1.010000000000001,-0.04480398684505207,1.010000000000001,-0.03965829088498665,1.010000000000001,-0.03561089454523759,1.010000000000001,-0.03234321221548141,1.010000000000001,-0.02964923701433586,1.010000000000001,-0.02738978218734118
1.020000000000001,-0.2499820164782907,1.020000000000001,-0.18011040512789,1.020000000000001,-0.1407327031445618,1.020000000000001,-0.1156699820430428,1.020000000000001,-0.09806758863068742,1.020000000000001,-0.08517750390298708,1.020000000000001,-0.07532797460752304,1.020000000000001,-0.06755485317461568,1.020000000000001,-0.06126298527118913,1.020000000000001,-0.05169801466961309,1.020000000000001,-0.04492376129166969,1.020000000000001,-0.03977089758468124,1.020000000000001,-0.03571797359027538,1.020000000000001,-0.03244592830841173,1.020000000000001,-0.02974844339783234,1.020000000000001,-0.02748612022805621
1.030000000000001,-0.2503089750137762,1.030000000000001,-0.1803888825437344,1.030000000000001,-0.1409720616333757,1.030000000000001,-0.1158805140156048,1.030000000000001,-0.09825596922240905,1.030000000000001,-0.08534872207731327,1.030000000000001,-0.07548558047994476,1.030000000000001,-0.06770143714032288,1.030000000000001,-0.06140048499859199,1.030000000000001,-0.05182146751349063,1.030000000000001,-0.04503867997665918,1.030000000000001,-0.03987946496622571,1.030000000000001,-0.03582167693404752,1.030000000000001,-0.032545820247994,1.030000000000001,-0.02984529234980883,1.030000000000001,-0.0275805016713541
1.040000000000001,-0.2506108646483016,1.040000000000001,-0.1806477010839686,1.040000000000001,-0.14119553539594,1.040000000000001,-0.1160778453483581,1.040000000000001,-0.09843312048015855,1.040000000000001,-0.08551022441237925,1.040000000000001,-0.07563466827738494,1.040000000000001,-0.06784047472424451,1.040000000000001,-0.06153124286587858,1.040000000000001,-0.05193943470654752,1.040000000000001,-0.04514910719840427,1.040000000000001,-0.03998432846716882,1.040000000000001,-0.03592231804222942,1.040000000000001,-0.03264318436225393,1.040000000000001,-0.02994006656702851,1.040000000000001,-0.02767319819578592
1.050000000000001,-0.250889306561811,1.050000000000001,-0.1808880930323232,1.050000000000001,-0.1414041177255356,1.050000000000001,-0.1162628116771925,1.050000000000001,-0.09859976530255606,1.050000000000001,-0.08566264981591891,1.050000000000001,-0.07577581213748692,1.050000000000001,-0.06797248870775459,1.050000000000001,-0.06165574000323985,1.050000000000001,-0.05205233408099743,1.050000000000001,-0.04525542073310288,1.050000000000001,-0.04008583629666358,1.050000000000001,-0.03602022262526235,1.050000000000001,-0.03273832882560198,1.050000000000001,-0.03003306028859346,1.050000000000001,-0.02776449278891297
1.060000000000001,-0.251145911166975,1.060000000000001,-0.1811112922231596,1.060000000000001,-0.1415988078677415,1.060000000000001,-0.1164362563463532,1.060000000000001,-0.09875663476060563,1.060000000000001,-0.08580664548425047,1.060000000000001,-0.07590959444074433,1.060000000000001,-0.06809800999619403,1.060000000000001,-0.06177446551628624,1.060000000000001,-0.05216059113412683,1.060000000000001,-0.04535800596973791,1.060000000000001,-0.04018434427784016,1.060000000000001,-0.03611572404638006,1.060000000000001,-0.03283156953025351,1.060000000000001,-0.03012457555445809,1.060000000000001,-0.02785467633440373
1.070000000000001,-0.2513822566796382,1.070000000000001,-0.1813185168433532,1.070000000000001,-0.1417805968018322,1.070000000000001,-0.1165990183319651,1.070000000000001,-0.0989044576499449,1.070000000000001,-0.08594285770400667,1.070000000000001,-0.07603659760042474,1.070000000000001,-0.06821757020962277,1.070000000000001,-0.06188790973885414,1.070000000000001,-0.05226463331190583,1.070000000000001,-0.04545725096564614,1.070000000000001,-0.04028021150429154,1.070000000000001,-0.03620915946027464,1.070000000000001,-0.03292322662111848,1.070000000000001,-0.0302149190722141,1.070000000000001,-0.02794404476125469
1.080000000000001,-0.251599872469853,1.080000000000001,-0.1815109557198888,1.080000000000001,-0.1419504557707748,1.080000000000001,-0.1167519224377091,1.080000000000001,-0.09904395197744165,1.080000000000001,-0.08607192433831991,1.080000000000001,-0.07615739734470055,1.080000000000001,-0.0683316956133305,1.080000000000001,-0.0619965587017376,1.080000000000001,-0.05236488531958858,1.080000000000001,-0.04555354239499355,1.080000000000001,-0.04037379678752821,1.080000000000001,-0.03630086666264704,1.080000000000001,-0.03301362167702302,1.080000000000001,-0.03030439967709031,1.080000000000001,-0.0280328967417703
1.090000000000001,-0.2518002266440738,1.090000000000001,-0.1816897577623413,1.090000000000001,-0.1421093273270989,1.090000000000001,-0.116895771584465,1.090000000000001,-0.09917581823820094,1.090000000000001,-0.08619446887711427,1.090000000000001,-0.07627255738778634,1.090000000000001,-0.06844090229789149,1.090000000000001,-0.06210088973728478,1.090000000000001,-0.05246176539406045,1.090000000000001,-0.0456472623350855,1.090000000000001,-0.04046545584784327,1.090000000000001,-0.03639118160885872,1.090000000000001,-0.03310307550106048,1.090000000000001,-0.03039332635168731,1.090000000000001,-0.02812153190790949
1.100000000000001,-0.2519847172823833,1.100000000000001,-0.1818560241890058,1.100000000000001,-0.1422581186220288,1.100000000000001,-0.1170313409788698,1.100000000000001,-0.0993007343055551,1.100000000000001,-0.08631109590067777,1.100000000000001,-0.07638262535900842,1.100000000000001,-0.0685456924929138,1.100000000000001,-0.06220136811609338,1.100000000000001,-0.05255568245212582,1.100000000000001,-0.04573878581726219,1.100000000000001,-0.04055553918474721,1.100000000000001,-0.03648043654516317,1.100000000000001,-0.03319190646940961,1.100000000000001,-0.03048200675958547,1.100000000000001,-0.028210249544144
1.110000000000001,-0.2521546667618763,1.110000000000001,-0.1820108031525975,1.110000000000001,-0.1423976966480771,1.110000000000001,-0.1171593739280474,1.110000000000001,-0.09941935173967505,1.110000000000001,-0.08642238778975811,1.110000000000001,-0.07648812984382686,1.110000000000001,-0.06864655188469769,1.110000000000001,-0.06229844459899481,1.110000000000001,-0.05264703401741101,1.110000000000001,-0.04582847905883119,1.110000000000001,-0.04064439055383405,1.110000000000001,-0.03656895868752826,1.110000000000001,-0.03328042938019028,1.110000000000001,-0.03057074623979246,1.110000000000001,-0.0282993477083158
1.120000000000001,-0.2523113186285028,1.120000000000001,-0.1821550863892998,1.120000000000001,-0.1425288851455884,1.120000000000001,-0.1172805790650813,1.120000000000001,-0.09953229331656349,1.120000000000001,-0.08652890251103723,1.120000000000001,-0.07658957838626919,1.120000000000001,-0.06874394780344978,1.120000000000001,-0.06239255378302351,1.120000000000001,-0.05273620482432644,1.120000000000001,-0.04591669828855752,1.120000000000001,-0.04073234597329465,1.120000000000001,-0.03665706937967723,1.120000000000001,-0.03336895474077848,1.120000000000001,-0.03065984720605966,1.120000000000001,-0.02838912272923062
1.130000000000001,-0.252455836526125,1.130000000000001,-0.1822898075372331,1.130000000000001,-0.1426524628966226,1.130000000000001,-0.117395628758109,1.130000000000001,-0.09964015158499007,1.130000000000001,-0.08663117231108132,1.130000000000001,-0.07668745630543888,1.130000000000001,-0.06883832814818543,1.130000000000001,-0.06248411312204053,1.130000000000001,-0.05282356599883815,1.130000000000001,-0.0460037890791537,1.130000000000001,-0.04081973318397042,1.130000000000001,-0.03674508366248725,1.130000000000001,-0.03345778843239998,1.130000000000001,-0.03074960889541141,1.130000000000001,-0.02847986902998188
1.140000000000001,-0.2525893047463288,1.140000000000001,-0.182415841801832,1.140000000000001,-0.1427691631508187,1.140000000000001,-0.1175051584917036,1.140000000000001,-0.09974348827139615,1.140000000000001,-0.08672970316208858,1.140000000000001,-0.07678222618739866,1.140000000000001,-0.06893012092490669,1.140000000000001,-0.06257352250922679,1.140000000000001,-0.05290947472104372,1.140000000000001,-0.04609008610460112,1.140000000000001,-0.04090687149061069,1.140000000000001,-0.03683331019019246,1.140000000000001,-0.03354723169376807,1.140000000000001,-0.03084032741289002,1.140000000000001,-0.02857187922842076
1.150000000000001,-0.2527127300203246,1.150000000000001,-0.1825340066819047,1.150000000000001,-0.1428796739540166,1.150000000000001,-0.1176097670295289,1.150000000000001,-0.09984283436939734,1.150000000000001,-0.08682497481676506,1.150000000000001,-0.0768743279258263,1.150000000000001,-0.0690197342842846,1.150000000000001,-0.0626611643181543,1.150000000000001,-0.05299427428235668,1.150000000000001,-0.04617591324679265,1.150000000000001,-0.04099407191780561,1.150000000000001,-0.03692205143399036,1.150000000000001,-0.03363758137016501,1.150000000000001,-0.03093229602373192,1.150000000000001,-0.02866544447005477
1.160000000000001,-0.2528270442312865,1.160000000000001,-0.1826450635080546,1.160000000000001,-0.1429846391786913,1.160000000000001,-0.1177100171897989,1.160000000000001,-0.09993869076923968,1.160000000000001,-0.08691744134566096,1.160000000000001,-0.07696417919880799,1.160000000000001,-0.06910755695746364,1.160000000000001,-0.06274740381027853,1.160000000000001,-0.05307829445936107,1.160000000000001,-0.04626158398394163,1.160000000000001,-0.04108163762104618,1.160000000000001,-0.03701160411987336,1.160000000000001,-0.03372913037998284,1.160000000000001,-0.03102580564931204,1.160000000000001,-0.02876085495336404
1.170000000000001,-0.2529331077791724,1.170000000000001,-0.1827497195823655,1.170000000000001,-0.1430846600837113,1.170000000000001,-0.1178064370880958,1.170000000000001,-0.100031529301898,1.170000000000001,-0.08700753204695465,1.170000000000001,-0.07705217628376369,1.170000000000001,-0.06919395900164969,1.170000000000001,-0.06283258982846077,1.170000000000001,-0.05316185213624465,1.170000000000001,-0.04634740200170409,1.170000000000001,-0.04116986450084699,1.170000000000001,-0.03710225985419616,1.170000000000001,-0.03382216835679146,1.170000000000001,-0.03112114552872038,1.170000000000001,-0.02885840061261553
1.180000000000001,-0.2530317133788992,1.180000000000001,-0.1828486307432478,1.180000000000001,-0.1431802972581559,1.180000000000001,-0.1178995217244015,1.180000000000001,-0.1001217940913634,1.180000000000001,-0.08709565263501058,1.180000000000001,-0.07713869512690892,1.180000000000001,-0.06927929278003678,1.180000000000001,-0.0629170557077993,1.180000000000001,-0.05324525211752712,1.180000000000001,-0.04643366197645141,1.180000000000001,-0.04125904197536171,1.180000000000001,-0.03719430589720179,1.180000000000001,-0.03391698243108091,1.180000000000001,-0.03121860401339559,1.180000000000001,-0.02895837192837892
1.190000000000001,-0.2531235901159759,1.190000000000001,-0.1829424042111663,1.190000000000001,-0.1432720728290622,1.190000000000001,-0.1179897348119633,1.190000000000001,-0.1002099031263401,1.190000000000001,-0.08718218662941281,1.190000000000001,-0.07722409259726983,1.190000000000001,-0.06936389411283564,1.190000000000001,-0.06300112034611832,1.190000000000001,-0.05332878808213598,1.190000000000001,-0.04652065048823709,1.190000000000001,-0.04134945387408749,1.190000000000001,-0.03728802605115469,1.190000000000001,-0.03401385812165428,1.190000000000001,-0.03131846946757572,1.190000000000001,-0.0290610608408705
1.200000000000001,-0.253209407621104,1.200000000000001,-0.1830316015991863,1.200000000000001,-0.1433604728355286,1.200000000000001,-0.1180775107643918,1.200000000000001,-0.1002962499786207,1.200000000000001,-0.08726749688019375,1.200000000000001,-0.07730870786770963,1.200000000000001,-0.06944808354735876,1.200000000000001,-0.06308508938662841,1.200000000000001,-0.05341274363847836,1.200000000000001,-0.04660864702847527,1.200000000000001,-0.04144137942187356,1.200000000000001,-0.03738370163567416,1.200000000000001,-0.03411308031204539,1.200000000000001,-0.03142103125227139,1.200000000000001,-0.02916676174581549
1.210000000000001,-0.2532897802569865,1.210000000000001,-0.1831167419967366,1.210000000000001,-0.1434459496913675,1.210000000000001,-0.1181632567739655,1.210000000000001,-0.1003812056096464,1.210000000000001,-0.08735192717744709,1.210000000000001,-0.07739286387651806,1.210000000000001,-0.069532167705103,1.210000000000001,-0.06316925647436257,1.210000000000001,-0.05349739344786276,1.210000000000001,-0.04669792507406444,1.210000000000001,-0.04153509428840441,1.210000000000001,-0.03748161252821357,1.210000000000001,-0.03421493429219719,1.210000000000001,-0.03152658077492496,1.210000000000001,-0.02927577255663535
1.220000000000001,-0.2533652712370733,1.220000000000001,-0.1831983050558131,1.220000000000001,-0.1435289246755087,1.220000000000001,-0.1182473549284478,1.220000000000001,-0.1004651202191077,1.220000000000001,-0.08743580390436498,1.220000000000001,-0.07747686883279287,1.220000000000001,-0.06961644067250893,1.220000000000001,-0.06325390455595147,1.220000000000001,-0.05358300439038628,1.220000000000001,-0.04678875320558833,1.220000000000001,-0.04163087168356528,1.220000000000001,-0.03758203825234423,1.220000000000001,-0.0343197068499261,1.220000000000001,-0.03163541259085174,1.220000000000001,-0.02938839582040203
1.230000000000001,-0.2534363966177047,1.230000000000001,-0.1832767340262771,1.230000000000001,-0.1436097904037155,1.230000000000001,-0.1183301643259136,1.230000000000001,-0.1005483250999873,1.230000000000001,-0.08751943770202611,1.230000000000001,-0.07756101773713801,1.230000000000001,-0.06970118540957083,1.230000000000001,-0.06333930719913933,1.230000000000001,-0.05366983675322336,1.230000000000001,-0.04688139625231647,1.230000000000001,-0.04172898348362312,1.230000000000001,-0.03768525910057856,1.230000000000001,-0.03442768740040399,1.230000000000001,-0.0317478255459635,1.230000000000001,-0.02950493987814414
1.240000000000001,-0.2535036291226954,1.240000000000001,-0.1833524387012731,1.240000000000001,-0.1436889132471352,1.240000000000001,-0.1184120231572721,1.240000000000001,-0.1006311344732915,1.240000000000001,-0.08760312512207373,1.240000000000001,-0.07764559389619874,1.240000000000001,-0.06978667515680384,1.240000000000001,-0.06342572991422873,1.240000000000001,-0.05375814542618829,1.240000000000001,-0.04697611645104582,1.240000000000001,-0.04182970137700003,1.240000000000001,-0.03779155728193111,1.240000000000001,-0.03453916914504601,1.240000000000001,-0.03186412395316991,1.240000000000001,-0.02962572006276867
1.250000000000001,-0.2535674017734035,1.250000000000001,-0.1834257982454661,1.250000000000001,-0.1437666356730022,1.250000000000001,-0.1184932507345813,1.250000000000001,-0.100713847283038,1.250000000000001,-0.08768715024990292,1.250000000000001,-0.07773087041536494,1.250000000000001,-0.06987317482634488,1.250000000000001,-0.06351343146446121,1.250000000000001,-0.0538481810935621,1.250000000000001,-0.04707317460943627,1.250000000000001,-0.04193329802163408,1.250000000000001,-0.03790121808732123,1.250000000000001,-0.03465445025383673,1.250000000000001,-0.031984618797282,1.250000000000001,-0.02975105993010336
1.260000000000001,-0.253628111308323,1.260000000000001,-0.1834971638881439,1.260000000000001,-0.1438432784907415,1.260000000000001,-0.1185741494500825,1.260000000000001,-0.1007967489380432,1.260000000000001,-0.08777178628627924,1.260000000000001,-0.07781711165874083,1.260000000000001,-0.06996094236729108,1.260000000000001,-0.06360266515630529,1.260000000000001,-0.0539401914145675,1.260000000000001,-0.04717283126747447,1.260000000000001,-0.04204004820858098,1.260000000000001,-0.03801453106831747,1.260000000000001,-0.03477383506731115,1.260000000000001,-0.03210962896524658,1.260000000000001,-0.02988129252041549
1.270000000000001,-0.2536861213847,1.270000000000001,-0.1835668614706011,1.270000000000001,-0.1439191429930293,1.270000000000001,-0.1186550066563603,1.270000000000001,-0.1008801129918527,1.270000000000001,-0.08785729707958519,1.270000000000001,-0.07790457466932879,1.270000000000001,-0.07005023009888127,1.270000000000001,-0.06369368010383418,1.270000000000001,-0.05403442218763364,1.270000000000001,-0.04727534785312287,1.270000000000001,-0.04215023002867355,1.270000000000001,-0.03813179122667895,1.270000000000001,-0.03489763531618652,1.270000000000001,-0.03223948250016864,1.270000000000001,-0.03001676164926342
1.280000000000001,-0.2537417655610922,1.280000000000001,-0.1836351938429503,1.280000000000001,-0.14399451298633,1.280000000000001,-0.1187360964623672,1.280000000000001,-0.1009642027559762,1.280000000000001,-0.0879439386042967,1.280000000000001,-0.07799351054544831,1.280000000000001,-0.07014128600792706,1.280000000000001,-0.06378672246394806,1.280000000000001,-0.05413111849580306,1.280000000000001,-0.04738098783015959,1.280000000000001,-0.04226412604079519,1.280000000000001,-0.03825330021371687,1.280000000000001,-0.03502617135806557,1.280000000000001,-0.03237451787888293,1.280000000000001,-0.03015782322773195
1.290000000000001,-0.2537953500645307,1.290000000000001,-0.1837024431098558,1.290000000000001,-0.1440696567092496,1.290000000000001,-0.1188176814434144,1.290000000000001,-0.1010492728445657,1.290000000000001,-0.08803196038395726,1.290000000000001,-0.07808416577182434,1.290000000000001,-0.07023435500910175,1.290000000000001,-0.06388203664122229,1.290000000000001,-0.05423052583238043,1.290000000000001,-0.04749001783775512,1.290000000000001,-0.04238202444169876,1.290000000000001,-0.03837936753973743,1.290000000000001,-0.03515977343175335,1.290000000000001,-0.03251508531385473,1.290000000000001,-0.03030484661303294
1.300000000000001,-0.2538471563493438,1.300000000000001,-0.1837688727279465,1.300000000000001,-0.144144828639951,1.300000000000001,-0.1189000142658079,1.300000000000001,-0.1011355706509638,1.300000000000001,-0.08812160685897591,1.300000000000001,-0.07817678350564476,1.300000000000001,-0.07032968016840439,1.300000000000001,-0.06397986646273582,1.300000000000001,-0.05433289120728303,1.300000000000001,-0.04760270882253063,1.300000000000001,-0.04250422023837089,1.300000000000001,-0.0385103117947862,1.300000000000001,-0.03529878293059307,1.300000000000001,-0.03266154808096716,1.300000000000001,-0.0304582159911499
1.310000000000001,-0.2538974434570512,1.310000000000001,-0.1838347294600165,1.310000000000001,-0.1442202711960186,1.310000000000001,-0.1189833392287366,1.310000000000001,-0.1012233377582726,1.310000000000001,-0.08821311870112863,1.310000000000001,-0.07827160481930436,1.310000000000001,-0.0704275038914139,1.310000000000001,-0.06408045632443389,1.310000000000001,-0.0544384642355904,1.310000000000001,-0.04771933716475819,1.310000000000001,-0.04263101642475341,1.310000000000001,-0.03864646188263585,1.310000000000001,-0.03544355369686673,1.310000000000001,-0.0328142838753191,1.310000000000001,-0.03061833179370544
1.320000000000001,-0.2539464501882606,1.320000000000001,-0.1839002451927716,1.320000000000001,-0.1442962163316995,1.320000000000001,-0.1190678937274142,1.320000000000001,-0.1013128112873577,1.320000000000001,-0.08830673407779283,1.320000000000001,-0.07836886990259884,1.320000000000001,-0.0705280690789116,1.320000000000001,-0.06418405231146915,1.320000000000001,-0.05454749821056586,1.320000000000001,-0.04784018580104274,1.320000000000001,-0.04276272516523222,1.320000000000001,-0.03878815827048331,1.320000000000001,-0.03559445333976198,1.320000000000001,-0.03297368619754847,1.320000000000001,-0.03078561215155559
1.330000000000001,-0.2539943970983801,1.330000000000001,-0.1839656386259725,1.330000000000001,-0.1443728870385156,1.330000000000001,-0.1191539096424747,1.330000000000001,-0.101404225186601,1.330000000000001,-0.08840268986976046,1.330000000000001,-0.07846881922788612,1.330000000000001,-0.07063162025314587,1.330000000000001,-0.06429090329561013,1.330000000000001,-0.05466025116398124,1.330000000000001,-0.04796554534631255,1.330000000000001,-0.04289966898772245,1.330000000000001,-0.0389357542571765,1.330000000000001,-0.03575186457969848,1.330000000000001,-0.0331401657734239,1.330000000000001,-0.03096049438778473
1.340000000000001,-0.2540414883293711,1.340000000000001,-0.1840311168414768,1.340000000000001,-0.1444504987559183,1.340000000000001,-0.1192416146612647,1.340000000000001,-0.1014978114683203,1.340000000000001,-0.08850122284703814,1.340000000000001,-0.07857169468224645,1.340000000000001,-0.07073840465848794,1.340000000000001,-0.06440126201324704,1.340000000000001,-0.05477698691696073,1.340000000000001,-0.04809571521827194,1.340000000000001,-0.04304218198944967,1.340000000000001,-0.03908961726300553,1.340000000000001,-0.03591618662196137,1.340000000000001,-0.03331415200954472,1.340000000000001,-0.03114343655280687
1.350000000000001,-0.2540879132898079,1.350000000000001,-0.1840968767610178,1.350000000000001,-0.1445292606990605,1.350000000000001,-0.1193312335370845,1.350000000000001,-0.1015938013971509,1.350000000000001,-0.08860257080738991,1.350000000000001,-0.07867774067099942,1.350000000000001,-0.07084867334053112,1.350000000000001,-0.06451538612780684,1.350000000000001,-0.05489797612480336,1.350000000000001,-0.0482310047676665,1.350000000000001,-0.04319061105867261,1.350000000000001,-0.03925013014418088,1.350000000000001,-0.03608783656262016,1.350000000000001,-0.03349609448795338,1.350000000000001,-0.03133491900418155
1.360000000000001,-0.2541338481953008,1.360000000000001,-0.1841631065016263,1.360000000000001,-0.1446093771109292,1.360000000000001,-0.1194229892926268,1.360000000000001,-0.1016924266358849,1.360000000000001,-0.08870697368257101,1.360000000000001,-0.07878720519711463,1.360000000000001,-0.07096268220785144,1.360000000000001,-0.06463353928054226,1.360000000000001,-0.05502349731937146,1.360000000000001,-0.04837173441779768,1.360000000000001,-0.04334531711562845,1.360000000000001,-0.03941769253510287,1.360000000000001,-0.03626725082962713,1.360000000000001,-0.03368646450231681,1.360000000000001,-0.03153544603353033
1.370000000000001,-0.2541794574809443,1.370000000000001,-0.1842299866375104,1.370000000000001,-0.1446910484460928,1.370000000000001,-0.1195171043739126,1.370000000000001,-0.1017939203543222,1.370000000000001,-0.08881467461726167,1.370000000000001,-0.07890034092111094,1.370000000000001,-0.07108069308070168,1.370000000000001,-0.06475599213370682,1.370000000000001,-0.05515383795266598,1.370000000000001,-0.04851823681671716,1.370000000000001,-0.04350667637592513,1.370000000000001,-0.03959272222140668,1.370000000000001,-0.03645488666180433,1.370000000000001,-0.03388575663806975,1.370000000000001,-0.03174554754259831
1.380000000000001,-0.2542248950969309,1.380000000000001,-0.1842976913769633,1.380000000000001,-0.1447744724932021,1.380000000000001,-0.1196138017609606,1.380000000000001,-0.1018985183066472,1.380000000000001,-0.08892592102567606,1.380000000000001,-0.07901740620600781,1.380000000000001,-0.07120297473087715,1.380000000000001,-0.06488302341009289,1.380000000000001,-0.05528929544516644,1.380000000000001,-0.04867085800544405,1.380000000000001,-0.04367508163946043,1.380000000000001,-0.03977565654655572,1.380000000000001,-0.0366512236281352,1.380000000000001,-0.0340944903985363,1.380000000000001,-0.03196578077003694
1.390000000000001,-0.2542703056978756,1.390000000000001,-0.1843663896625595,1.390000000000001,-0.1448598454431858,1.390000000000001,-0.1197133060412796,1.390000000000001,-0.1020064598827155,1.390000000000001,-0.08904096563070564,1.390000000000001,-0.07913866615178225,1.390000000000001,-0.07132980391688609,1.390000000000001,-0.0650149209328021,1.390000000000001,-0.05543017824239924,1.390000000000001,-0.04882995860538756,1.390000000000001,-0.04385094360772172,1.390000000000001,-0.03996695385445025,1.390000000000001,-0.03685676518938445,1.390000000000001,-0.03431321187855602,1.390000000000001,-0.03219673206988792
1.400000000000001,-0.2543158257357583,1.400000000000001,-0.1844362462025065,1.400000000000001,-0.1449473629098174,1.400000000000001,-0.1198158444520633,1.400000000000001,-0.1021179891384511,1.400000000000001,-0.08916006749028312,1.400000000000001,-0.07926439362361813,1.400000000000001,-0.07146146641838982,1.400000000000001,-0.06515198266895178,1.400000000000001,-0.05557680688302724,1.400000000000001,-0.04899591502792819,1.400000000000001,-0.04403469223201434,1.400000000000001,-0.04016709497012189,1.400000000000001,-0.03707204030356776,1.400000000000001,-0.03454249548652296,1.400000000000001,-0.03243901874201383
1.410000000000001,-0.2543615844657368,1.410000000000001,-0.1845074224406173,1.410000000000001,-0.1450372209090341,1.410000000000001,-0.1199216478967116,1.410000000000001,-0.1022333558103196,1.410000000000001,-0.08928349301542569,1.410000000000001,-0.07939487027800958,1.410000000000001,-0.07159825807365694,1.410000000000001,-0.06529451778079719,1.410000000000001,-0.05572951508152453,1.410000000000001,-0.04916912070881142,1.410000000000001,-0.04422677809477822,1.410000000000001,-0.04037658472008837,1.410000000000001,-0.03729760507617701,1.410000000000001,-0.034782945715004,1.410000000000001,-0.032693290913835
1.420000000000001,-0.2544077048734303,1.420000000000001,-0.1845800774719329,1.420000000000001,-0.1451296168030616,1.420000000000001,-0.1200309519410155,1.420000000000001,-0.1023528163185659,1.420000000000001,-0.08941151698414873,1.420000000000001,-0.07953038759051612,1.420000000000001,-0.07174048582350837,1.420000000000001,-0.06544284768747964,1.420000000000001,-0.0558886508282174,1.420000000000001,-0.04934998736964371,1.420000000000001,-0.04442767382568058,1.420000000000001,-0.04059595349334613,1.420000000000001,-0.0375340444553312,1.420000000000001,-0.03503519895921139,1.420000000000001,-0.03296023347168835
1.430000000000001,-0.2544543045316384,1.430000000000001,-0.1846543689105927,1.430000000000001,-0.1452247502150601,1.430000000000001,-0.1201439977940279,1.430000000000001,-0.1024766347635976,1.430000000000001,-0.08954442355513023,1.430000000000001,-0.07967124788865235,1.430000000000001,-0.07188846876491117,1.430000000000001,-0.0655973071402856,1.430000000000001,-0.05605457750913398,1.430000000000001,-0.04953894630833963,1.430000000000001,-0.04463787555360689,1.430000000000001,-0.04082575884326906,1.430000000000001,-0.03778197397115286,1.430000000000001,-0.03529992538156818,1.430000000000001,-0.03324056803890176
1.440000000000001,-0.2545014963938496,1.440000000000001,-0.1847304537161296,1.440000000000001,-0.1453228239196648,1.440000000000001,-0.1202610332783091,1.440000000000001,-0.1026050839195606,1.440000000000001,-0.08968250728466444,1.440000000000001,-0.07981776539304281,1.440000000000001,-0.07204253921701784,1.440000000000001,-0.06575824531392986,1.440000000000001,-0.05622767504770992,1.440000000000001,-0.04973644971985689,1.440000000000001,-0.04485790439501627,1.440000000000001,-0.04106658712985833,1.440000000000001,-0.03804204151766365,1.440000000000001,-0.03557783081939869,1.440000000000001,-0.03353505499627234
1.450000000000001,-0.2545493895313203,1.450000000000001,-0.1848084889839491,1.450000000000001,-0.1454240447144444,1.450000000000001,-0.1203823137938842,1.450000000000001,-0.1027384462287825,1.450000000000001,-0.08982607415005699,1.450000000000001,-0.07997026726957555,1.450000000000001,-0.07220304380203577,1.450000000000001,-0.06592602691595038,1.450000000000001,-0.05640834106994452,1.450000000000001,-0.04994297204796496,1.450000000000001,-0.04508830797836876,1.450000000000001,-0.04131905520084094,1.450000000000001,-0.03831492917434057,1.450000000000001,-0.03586965873140849,1.450000000000001,-0.03384449553903628
1.460000000000001,-0.2545980898199554,1.460000000000001,-0.184888632705365,1.460000000000001,-0.1455286242769626,1.460000000000001,-0.1205081032798776,1.460000000000001,-0.1028770148003633,1.460000000000001,-0.08997544258219789,1.460000000000001,-0.08012909469484854,1.460000000000001,-0.07237034454285432,1.460000000000001,-0.06610103331582856,1.460000000000001,-0.05659699209408857,1.460000000000001,-0.05015901136812502,1.460000000000001,-0.0453296620034792,1.460000000000001,-0.04158381210905019,1.460000000000001,-0.0386013550631763,1.460000000000001,-0.03617619217707359,1.460000000000001,-0.03416973376262399
1.470000000000001,-0.254647700582725,1.470000000000001,-0.1849710445021826,1.470000000000001,-0.1456367800117774,1.470000000000001,-0.1206386751774048,1.470000000000001,-0.1030210944157735,1.470000000000001,-0.09013094450959429,1.470000000000001,-0.08029460393672617,1.470000000000001,-0.07254481997885866,1.470000000000001,-0.06628366369492497,1.470000000000001,-0.05679406474538221,1.470000000000001,-0.0503850908008215,1.470000000000001,-0.04558257183370607,1.470000000000001,-0.04186154086234163,1.470000000000001,-0.03890207523565532,1.470000000000001,-0.03649825582135864,1.470000000000001,-0.03451165876751072
1.480000000000001,-0.2546983231928802,1.480000000000001,-0.1850558863404691,1.480000000000001,-0.1457487358913755,1.480000000000001,-0.1207743133968919,1.480000000000001,-0.1031710025438605,1.480000000000001,-0.09029292641565809,1.480000000000001,-0.08046716745131051,1.480000000000001,-0.07272686630082045,1.480000000000001,-0.0664743362177634,1.480000000000001,-0.05700001699575122,1.480000000000001,-0.05062175995389178,1.480000000000001,-0.04584767411786834,1.480000000000001,-0.04215296020102597,1.480000000000001,-0.03921788558250665,1.480000000000001,-0.03683671795533769,1.480000000000001,-0.03487120677132762
1.490000000000001,-0.2547500576428028,1.490000000000001,-0.1851433232278199,1.490000000000001,-0.1458647232946952,1.490000000000001,-0.1209153132925677,1.490000000000001,-0.1033270703671935,1.490000000000001,-0.09046175041054165,1.490000000000001,-0.08064717499710347,1.490000000000001,-0.07291689850520797,1.490000000000001,-0.06667348922461987,1.490000000000001,-0.05721532942774372,1.490000000000001,-0.05086959639158017,1.490000000000001,-0.046125638437723,1.490000000000001,-0.0424588263964704,1.490000000000001,-0.03954962375746383,1.490000000000001,-0.03719249252134629,1.490000000000001,-0.03524936321412025
1.5,-0.2548030030829315,1.5,-0.1852335238981062,1.5,-0.1459849818465421,1.5,-0.1210619826464265,1.5,-0.1034896438211871,1.5,-0.09063779531830088,1.5,-0.08083503476661204,1.5,-0.07311535156771466,1.5,-0.06688158244481233,1.5,-0.05744050652137493,1.5,-0.05112920712723303,1.5,-0.04641716897578402,1.5,-0.04277993506317387,1.5,-0.0398981711045974,1.5,-0.03756654112928224,1.5,-0.03564716484028163
