pch18_Vgs_Vth (ll=2e-07) X,pch18_Vgs_Vth (ll=2e-07) Y,pch18_Vgs_Vth (ll=3e-07) X,pch18_Vgs_Vth (ll=3e-07) Y,pch18_Vgs_Vth (ll=4e-07) X,pch18_Vgs_Vth (ll=4e-07) Y,pch18_Vgs_Vth (ll=5e-07) X,pch18_Vgs_Vth (ll=5e-07) Y,pch18_Vgs_Vth (ll=6e-07) X,pch18_Vgs_Vth (ll=6e-07) Y,pch18_Vgs_Vth (ll=7e-07) X,pch18_Vgs_Vth (ll=7e-07) Y,pch18_Vgs_Vth (ll=8e-07) X,pch18_Vgs_Vth (ll=8e-07) Y,pch18_Vgs_Vth (ll=9e-07) X,pch18_Vgs_Vth (ll=9e-07) Y,pch18_Vgs_Vth (ll=1e-06) X,pch18_Vgs_Vth (ll=1e-06) Y,pch18_Vgs_Vth (ll=1.2e-06) X,pch18_Vgs_Vth (ll=1.2e-06) Y,pch18_Vgs_Vth (ll=1.4e-06) X,pch18_Vgs_Vth (ll=1.4e-06) Y,pch18_Vgs_Vth (ll=1.6e-06) X,pch18_Vgs_Vth (ll=1.6e-06) Y,pch18_Vgs_Vth (ll=1.8e-06) X,pch18_Vgs_Vth (ll=1.8e-06) Y,pch18_Vgs_Vth (ll=2e-06) X,pch18_Vgs_Vth (ll=2e-06) Y,pch18_Vgs_Vth (ll=2.2e-06) X,pch18_Vgs_Vth (ll=2.2e-06) Y,pch18_Vgs_Vth (ll=2.4e-06) X,pch18_Vgs_Vth (ll=2.4e-06) Y
0,0.5558281531988376,0,0.5274507049942135,0,0.5141279812971937,0,0.5066678988377633,0,0.4994436527340985,0,0.4944389055589159,0,0.4907517135794913,0,0.4879131742062,0,0.4856548720143471,0,0.4822765420757204,0,0.4788191624776951,0,0.4762318395230613,0,0.4742192077217597,0,0.4726068775600177,0,0.4712850174187628,0,0.4701808862111789
0.01,0.5458281532730906,0.01,0.5174507050347324,0.01,0.5041279814126894,0.01,0.4966678989295489,0.01,0.489443652823796,0.01,0.4844389056445758,0.01,0.480751713660537,0.01,0.4779131742826376,0.01,0.4756548720864098,0.01,0.4722765421400065,0.01,0.4688191625356368,0.01,0.4662318395756797,0.01,0.4642192077698889,0.01,0.4626068776043288,0.01,0.4612850174597961,0.01,0.4601808862493728
0.02,0.5358281533715133,0.02,0.5074507050892176,0.02,0.4941279814533797,0.02,0.4866678989622516,0.02,0.4794436528556099,0.02,0.4744389056748627,0.02,0.4707517136891304,0.02,0.4679131743095582,0.02,0.4656548721117549,0.02,0.4622765421625745,0.02,0.4588191625559603,0.02,0.4562318395941241,0.02,0.454219207786751,0.02,0.4526068776198494,0.02,0.4512850174741636,0.02,0.4501808862627436
0.03,0.5258281535019222,0.03,0.4974507051624413,0.03,0.4841279815083818,0.03,0.4766678990065929,0.03,0.4694436528986887,0.03,0.4644389057158388,0.03,0.460751713727789,0.03,0.4579131743459386,0.03,0.4556548721459968,0.03,0.4522765421930475,0.03,0.4488191625833917,0.03,0.4462318396190135,0.03,0.4442192078095016,0.03,0.4426068776407832,0.03,0.4412850174935418,0.03,0.4401808862807752
0.04,0.5158281536746755,0.04,0.4874507052608125,0.04,0.4741279815826811,0.04,0.4666678990666733,0.04,0.4594436529569831,0.04,0.4544389057712405,0.04,0.4507517137800238,0.04,0.4479131743950732,0.04,0.4456548721922237,0.04,0.4422765422341642,0.04,0.4388191626203967,0.04,0.4362318396525818,0.04,0.4342192078401813,0.04,0.4326068776690108,0.04,0.4312850175196683,0.04,0.4301808863050844
0.05,0.505828153903472,0.05,0.4774507053929294,0.05,0.4641279816830221,0.05,0.4566678991480505,0.05,0.4494436530358431,0.05,0.4444389058461227,0.05,0.4407517138505844,0.05,0.4379131744614142,0.05,0.4356548722546156,0.05,0.4322765422896294,0.05,0.4288191626703008,0.05,0.4262318396978419,0.05,0.42421920788154,0.05,0.4226068777070592,0.05,0.4212850175548817,0.05,0.4201808863378437
0.06,0.4958281542064185,0.06,0.4674507055703254,0.06,0.4541279818184975,0.06,0.446667899258244,0.06,0.4394436531424942,0.06,0.4344389059473059,0.06,0.4307517139458683,0.06,0.4279131745509571,0.06,0.4256548723388003,0.06,0.4222765423644264,0.06,0.4188191627375787,0.06,0.416231839758849,0.06,0.4142192079372774,0.06,0.4126068777583292,0.06,0.4112850176023263,0.06,0.4101808863819797
0.07000000000000001,0.4858281546074454,0.07000000000000001,0.4574507058084523,0.07000000000000001,0.4441279820013544,0.07000000000000001,0.4366678994074176,0.07000000000000001,0.4294436532866846,0.07000000000000001,0.4244389060839883,0.07000000000000001,0.4207517140744997,0.07000000000000001,0.4179131746717816,0.07000000000000001,0.4156548724523511,0.07000000000000001,0.4122765424652595,0.07000000000000001,0.4088191628282516,0.07000000000000001,0.406231839841051,0.07000000000000001,0.4042192080123692,0.07000000000000001,0.4026068778273934,0.07000000000000001,0.4012850176662283,0.07000000000000001,0.4001808864414199
0.08,0.4758281551381734,0.08,0.447450706128007,0.08,0.4341279822480909,0.08,0.4266678996092941,0.08,0.4194436534815649,0.08,0.4144389062685579,0.08,0.410751714248091,0.08,0.4079131748347589,0.08,0.4056548726054586,0.08,0.4022765426011466,0.08,0.3988191629504088,0.08,0.3962318399517708,0.08,0.3942192081134955,0.08,0.3926068779203901,0.08,0.3912850177522655,0.08,0.3901808865214441
0.09,0.4658281558403631,0.09,0.4374507065567107,0.09,0.4241279825809143,0.09,0.416667899882404,0.09,0.4094436537448671,0.09,0.4044389065177105,0.09,0.4007517144822715,0.09,0.3979131750545166,0.09,0.3956548728118289,0.09,0.392276542784201,0.09,0.3888191631149206,0.09,0.386231840100849,0.09,0.3842192082496312,0.09,0.3826068780455636,0.09,0.3812850178680592,0.09,0.3801808866291341
0.09999999999999999,0.4558281567691459,0.09999999999999999,0.4274507071316631,0.09999999999999999,0.4141279830297167,0.09999999999999999,0.406667900251753,0.09999999999999999,0.3994436541004861,0.09999999999999999,0.3944389068539158,0.09999999999999999,0.3907517147980692,0.09999999999999999,0.3879131753507186,0.09999999999999999,0.3856548730898806,0.09999999999999999,0.3822765430306987,0.09999999999999999,0.3788191633363811,0.09999999999999999,0.3762318403014865,0.09999999999999999,0.3742192084328181,0.09999999999999999,0.3726068782139775,0.09999999999999999,0.3712850180238383,0.09999999999999999,0.3701808867739969
0.11,0.4458281579972815,0.11,0.4174507079024973,0.11,0.4041279836346914,0.11,0.3966679007510696,0.11,0.3894436545805977,0.11,0.3844389073074079,0.11,0.3807517152237558,0.11,0.3779131757497879,0.11,0.3756548734643517,0.11,0.3722765433624835,0.11,0.3688191636343721,0.11,0.3662318405713966,0.11,0.3642192086792072,0.11,0.3626068784404661,0.11,0.3612850182333061,0.11,0.3601808869687679
0.12,0.4358281596207483,0.12,0.4074507089355819,0.12,0.39412798444987,0.12,0.3866679014258122,0.12,0.3794436552285108,0.12,0.3744389079188341,0.12,0.3707517157973094,0.12,0.3679131762872077,0.12,0.3656548739684405,0.12,0.3622765438088506,0.12,0.3588191640351455,0.12,0.3562318409343158,0.12,0.3542192090104405,0.12,0.3526068787448969,0.12,0.3512850185148281,0.12,0.3501808872305096
0.13,0.4258281617660941,0.13,0.3974507103196073,0.13,0.3841279855478285,0.13,0.3766679023372148,0.13,0.3694436561024729,0.13,0.3644389087428067,0.13,0.3607517165697157,0.13,0.3579131770105801,0.13,0.3556548746466755,0.13,0.3522765444090595,0.13,0.3488191645738671,0.13,0.3462318414220336,0.13,0.3442192094554908,0.13,0.3426068791538734,0.13,0.341285018892979,0.13,0.3401808875820569
0.14,0.4158281646000784,0.14,0.3874507121730221,0.14,0.3741279870259997,0.14,0.3666679035676963,0.14,0.3594436572807545,0.14,0.3544389098526316,0.14,0.3507517176093637,0.14,0.3479131779837128,0.14,0.3456548755587033,0.14,0.3422765452156704,0.14,0.3388191652975976,0.14,0.3362318420770756,0.14,0.3342192100531068,0.14,0.3326068797029624,0.14,0.3312850194006152,0.14,0.3301808880539278
0.15,0.4058281683423373,0.15,0.3774507146539023,0.15,0.3641279890150586,0.15,0.3566679052280949,0.15,0.3494436588684445,0.15,0.3444389113466166,0.15,0.3407517190078851,0.15,0.3379131792920508,0.15,0.3356548767843659,0.15,0.33227654629898,0.15,0.3288191662692471,0.15,0.3262318429562711,0.15,0.3242192108550598,0.15,0.3226068804396719,0.15,0.3212850200816161,0.15,0.3201808886868736
0.16,0.3958281732819492,0.16,0.3674507179730474,0.16,0.3541279916901228,0.16,0.34666790746732,0.16,0.3394436610064869,0.16,0.3344389133564618,0.16,0.3307517208879294,0.16,0.3279131810498784,0.16,0.3256548784303912,0.16,0.3222765477528842,0.16,0.3188191675728069,0.16,0.3162318441354653,0.16,0.3142192119304207,0.16,0.312606881427375,0.16,0.3112850209945008,0.16,0.3101808895352439
0.17,0.3858281797991286,0.17,0.357450722411307,0.17,0.3441279952856254,0.17,0.3366679104852152,0.17,0.3294436638836964,0.17,0.3244389160583684,0.17,0.3207517234134405,0.17,0.3179131834098583,0.17,0.3156548806392708,0.17,0.3122765497026361,0.17,0.3088191693202578,0.17,0.3062318457157406,0.17,0.3042192133712206,0.17,0.3026068827504861,0.17,0.3012850222172028,0.17,0.3001808906713925
0.18,0.375828188393569,0.18,0.3474507283424818,0.18,0.3341280001150414,0.18,0.3266679145496333,0.18,0.3194436677526717,0.18,0.3144389196877664,0.18,0.3107517268032599,0.18,0.3079131865756194,0.18,0.3056548836009467,0.18,0.3022765523150552,0.18,0.2988191716606655,0.18,0.2962318478315963,0.18,0.2942192152998671,0.18,0.2926068845212589,0.18,0.2912850238533398,0.18,0.2901808921915101
0.19,0.3658281997213929,0.19,0.3374507362635217,0.19,0.324128006596981,0.19,0.3166679200190858,0.19,0.3094436729508378,0.19,0.3044389245587034,0.19,0.3007517313490125,0.19,0.297913190818298,0.19,0.2956548875681853,0.19,0.2922765558119277,0.19,0.2888191747920906,0.19,0.2862318506616663,0.19,0.2842192178788883,0.19,0.2826068868886926,0.19,0.2812850260404099,0.19,0.2801808942232133
0.2,0.3558282146432852,0.2,0.3274507468342368,0.2,0.314128015289626,0.2,0.3066679273726176,0.2,0.2994436799281389,0.2,0.294438931089352,0.2,0.290751737438595,0.2,0.2879131964982437,0.2,0.2856548928766936,0.2,0.2822765604875217,0.2,0.2788191789771664,0.2,0.2762318544427076,0.2,0.2742192213236139,0.2,0.2726068900501369,0.2,0.2712850289604884,0.2,0.2701808969354629
0.21,0.3458282342869992,0.21,0.3174507609293782,0.21,0.3041280269359645,0.21,0.2966679372491523,0.21,0.2894436892833601,0.21,0.2844389398353639,0.21,0.2807517455868445,0.21,0.2779132040933136,0.21,0.2756548999713382,0.21,0.2722765667313831,0.21,0.2688191845633331,0.21,0.2662318594877784,0.21,0.2642192259186599,0.21,0.2626068942663614,0.21,0.2612850328541087,0.21,0.260180900551407
0.2200000000000001,0.3358282601283815,0.2200000000000001,0.3074507797067108,0.2200000000000001,0.2941280425230619,0.2200000000000001,0.2866679504990098,0.2200000000000001,0.2794437018115672,0.2200000000000001,0.2744389515333285,0.2200000000000001,0.270751756475425,0.2200000000000001,0.2679132142356169,0.2200000000000001,0.2656549094401535,0.2200000000000001,0.2622765750578496,0.2200000000000001,0.2588191920090181,0.2200000000000001,0.2562318662097275,0.2200000000000001,0.254219232039215,0.2200000000000001,0.2526068998810138,0.2200000000000001,0.2512850380381559,0.2200000000000001,0.2501809053649759
0.2300000000000001,0.3258282940960712,0.2300000000000001,0.2974508046956402,0.2300000000000001,0.2841280633592868,0.2300000000000001,0.2766679682510703,0.2300000000000001,0.2694437185656885,0.2300000000000001,0.2644389671570641,0.2300000000000001,0.2607517710043915,0.2300000000000001,0.257913227758953,0.2300000000000001,0.2556549220581896,0.2300000000000001,0.2522765861440341,0.2300000000000001,0.2488192019172967,0.2300000000000001,0.2462318751513812,0.2300000000000001,0.2442192401783863,0.2300000000000001,0.2426069073455918,0.2300000000000001,0.2412850449288589,0.2300000000000001,0.2401809117621518
0.2400000000000001,0.3158283387064023,0.2400000000000001,0.287450837912106,0.2400000000000001,0.2741280911744729,0.2400000000000001,0.2666679919998336,0.2400000000000001,0.2594437409360388,0.2400000000000001,0.2544389879900767,0.2400000000000001,0.2507517903584262,0.2400000000000001,0.2479132457596563,0.2400000000000001,0.2456549388436824,0.2400000000000001,0.2422766008783982,0.2400000000000001,0.2388192150789009,0.2400000000000001,0.2362318870240789,0.2400000000000001,0.2342192509820808,0.2400000000000001,0.2326069172513007,0.2400000000000001,0.2312850540710877,0.2400000000000001,0.2301809202480959
0.2500000000000001,0.3058283972365539,0.2500000000000001,0.2774508820067829,0.2500000000000001,0.2641281282490132,0.2500000000000001,0.2566680237174914,0.2500000000000001,0.2494437707522768,0.2500000000000001,0.2444390157182169,0.2500000000000001,0.2407518160913624,0.2500000000000001,0.2379132696740959,0.2500000000000001,0.2356549611295141,0.2500000000000001,0.2322766204224131,0.2500000000000001,0.2288192325267612,0.2500000000000001,0.2262319027565309,0.2500000000000001,0.224219265293222,0.2500000000000001,0.2226069303694097,0.2500000000000001,0.2212850661754664,0.2500000000000001,0.2201809314814877
0.2600000000000001,0.2958284739459293,0.2600000000000001,0.2674509404551293,0.2600000000000001,0.2541281775791541,0.2600000000000001,0.2466680659971772,0.2600000000000001,0.239443810413125,0.2600000000000001,0.2344390525471948,0.2600000000000001,0.230751850233137,0.2600000000000001,0.2279133013765874,0.2600000000000001,0.2256549906533643,0.2600000000000001,0.2222766462882115,0.2600000000000001,0.2188192556046579,0.2600000000000001,0.2162319235562548,0.2600000000000001,0.214219284207323,0.2600000000000001,0.2126069477019778,0.2600000000000001,0.2112850821650046,0.2600000000000001,0.2101809463176801
0.2700000000000001,0.2858285743578595,0.2700000000000001,0.2574510177995285,0.2700000000000001,0.2441282430869588,0.2700000000000001,0.2366681222344524,0.2700000000000001,0.2294438630499754,0.2700000000000001,0.2244391013503272,0.2700000000000001,0.2207518954239584,0.2700000000000001,0.2179133433020098,0.2700000000000001,0.2156550296704442,0.2700000000000001,0.2122766804354833,0.2700000000000001,0.2088192860528227,0.2700000000000001,0.206231950986208,0.2700000000000001,0.2042193091417919,0.2700000000000001,0.202606970545081,0.2700000000000001,0.201285103233244,0.2700000000000001,0.2001809658624867
0.2800000000000001,0.2758287056162444,0.2800000000000001,0.2474511199555577,0.2800000000000001,0.234128329884739,0.2800000000000001,0.2266681968550786,0.2800000000000001,0.2194439327312374,0.2800000000000001,0.2144391658524883,0.2800000000000001,0.2107519550809756,0.2800000000000001,0.2079133985978338,0.2800000000000001,0.2056550810931088,0.2800000000000001,0.2022767253912233,0.2800000000000001,0.1988193261137421,0.2800000000000001,0.1962319870594406,0.2800000000000001,0.1942193419215519,0.2800000000000001,0.1926070005669533,0.2800000000000001,0.1912851309160725,0.2800000000000001,0.1901809915386473
0.2900000000000001,0.2658288769344093,0.2900000000000001,0.2374512545961197,0.2900000000000001,0.2241284446047955,0.2900000000000001,0.2166682955977384,0.2900000000000001,0.2094440247147817,0.2900000000000001,0.2044392508566367,0.2900000000000001,0.2007520336030177,0.2900000000000001,0.1979134713105845,0.2900000000000001,0.1956551486618243,0.2900000000000001,0.1922767843960876,0.2900000000000001,0.1888193786614509,0.2900000000000001,0.1862320343548262,0.2900000000000001,0.1842193848837243,0.2900000000000001,0.1826070399035216,0.2900000000000001,0.1812851671795973,0.2900000000000001,0.1801810251671254
0.3000000000000001,0.2558291001563879,0.3000000000000001,0.2274514316288276,0.3000000000000001,0.2141285958060568,0.3000000000000001,0.2066684258607323,0.3000000000000001,0.1994441457559871,0.3000000000000001,0.1944393625193222,0.3000000000000001,0.1907521366190563,0.3000000000000001,0.1879135666116937,0.3000000000000001,0.1856552371519911,0.3000000000000001,0.1822768615810603,0.3000000000000001,0.1788194473576851,0.3000000000000001,0.1762320961568789,0.3000000000000001,0.1742194410041424,0.3000000000000001,0.1726070912739023,0.3000000000000001,0.1712852145263508,0.3000000000000001,0.1701810690654272
0.3100000000000001,0.2458293904537189,0.3100000000000001,0.2174516637831116,0.3100000000000001,0.2041287944693529,0.3100000000000001,0.1966685971212133,0.3100000000000001,0.189444304478397,0.3100000000000001,0.1844395086810973,0.3100000000000001,0.1807522712854326,0.3100000000000001,0.1779136910671771,0.3100000000000001,0.1756553526204713,0.3100000000000001,0.1722769621775301,0.3100000000000001,0.1688195368376721,0.3100000000000001,0.166232176622152,0.3100000000000001,0.1642195140479788,0.3100000000000001,0.1626071581179411,0.3100000000000001,0.1612852761218101,0.3100000000000001,0.1601811261647024
0.3200000000000001,0.235829767183597,0.3200000000000001,0.2074519673238676,0.3200000000000001,0.1941290545920649,0.3200000000000001,0.1866688214340093,0.3200000000000001,0.1794445118124161,0.3200000000000001,0.1744396992561015,0.3200000000000001,0.1707524466352928,0.3200000000000001,0.1679138529539349,0.3200000000000001,0.1656555026942188,0.3200000000000001,0.1622770927624696,0.3200000000000001,0.1588196529270029,0.3200000000000001,0.156232280973523,0.3200000000000001,0.1542196087455907,0.3200000000000001,0.1526072447567628,0.3200000000000001,0.1512853559420778,0.3200000000000001,0.1501812001464369
0.3300000000000001,0.2258302549364,0.3300000000000001,0.1974523629074889,0.3300000000000001,0.1841293938902777,0.3300000000000001,0.1766691140137887,0.3300000000000001,0.1694447815040654,0.3300000000000001,0.164439946681702,0.3300000000000001,0.1607526739803675,0.3300000000000001,0.1579140626222418,0.3300000000000001,0.1556556969001018,0.3300000000000001,0.1522772615373121,0.3300000000000001,0.1488198028881954,0.3300000000000001,0.146232415720903,0.3300000000000001,0.1442197309921506,0.3300000000000001,0.1426073565749023,0.3300000000000001,0.1412854589412557,0.3300000000000001,0.1401812955972522
0.3400000000000001,0.2158308848018492,0.3400000000000001,0.1874528765927852,0.3400000000000001,0.1741298346110686,0.3400000000000001,0.1666694938979746,0.3400000000000001,0.1594451306894373,0.3400000000000001,0.1544402664227323,0.3400000000000001,0.1507529673588517,0.3400000000000001,0.147914332897814,0.3400000000000001,0.1456559470291273,0.3400000000000001,0.1422774786336505,0.3400000000000001,0.1388199956902307,0.3400000000000001,0.1362325889018947,0.3400000000000001,0.1342198880648,0.3400000000000001,0.1326075002180048,0.3400000000000001,0.1312855912328081,0.3400000000000001,0.1301814181763614
0.3500000000000001,0.2058316958824347,0.3500000000000001,0.1774535410123795,0.3500000000000001,0.1641304044475466,0.3500000000000001,0.156669984677038,0.3500000000000001,0.1494455805193143,0.3500000000000001,0.1444406775136756,0.3500000000000001,0.1407533440124486,0.3500000000000001,0.1379146795064318,0.3500000000000001,0.1356562675182345,0.3500000000000001,0.1322777564296584,0.3500000000000001,0.1288202422857322,0.3500000000000001,0.1262328103278658,0.3500000000000001,0.1242200888435431,0.3500000000000001,0.1226076837930005,0.3500000000000001,0.1212857602724276,0.3500000000000001,0.1201815747837847
0.3600000000000002,0.195832737078932,0.3600000000000002,0.1674543966970291,0.3600000000000002,0.1541311375322904,0.3600000000000002,0.1466706152610432,0.3600000000000002,0.1394461568006849,0.3600000000000002,0.1344412031049683,0.3600000000000002,0.1307538248589144,0.3600000000000002,0.1279151214883182,0.3600000000000002,0.1256566758179484,0.3600000000000002,0.1222781098478948,0.3600000000000002,0.1188205558680689,0.3600000000000002,0.1162330918092572,0.3600000000000002,0.1142203440112657,0.3600000000000002,0.112607917047585,0.3600000000000002,0.1112859750205802,0.3600000000000002,0.1101817737087055
0.3700000000000002,0.1858340691637091,0.3700000000000002,0.1574554935227757,0.3700000000000002,0.1441320754578663,0.3700000000000002,0.1366714206250895,0.3700000000000002,0.1294468905961709,0.3700000000000002,0.1244418709552571,0.3700000000000002,0.1207544349040861,0.3700000000000002,0.1179156815487283,0.3700000000000002,0.1156571926949188,0.3700000000000002,0.1122785565886137,0.3700000000000002,0.1088209520656376,0.3700000000000002,0.1062334473204936,0.3700000000000002,0.1042206661959463,0.3700000000000002,0.1026082114945689,0.3700000000000002,0.101286246052488,0.3700000000000002,0.1001820247277393
0.3800000000000002,0.1758357671392147,0.3800000000000002,0.1474568922145114,0.3800000000000002,0.1341332682343886,0.3800000000000002,0.1266724424414666,0.3800000000000002,0.119447818690606,0.3800000000000002,0.1144427137832107,0.3800000000000002,0.1107552035121874,0.3800000000000002,0.1079163862689319,0.3800000000000002,0.1056578423987188,0.3800000000000002,0.1022791172369099,0.3800000000000002,0.09882144901709039,0.3800000000000002,0.09623389305304036,0.3800000000000002,0.09422107000793056,0.3800000000000002,0.09260858043762121,0.3800000000000002,0.0912865855753256,0.3800000000000002,0.09018233911567108
0.3900000000000002,0.1658379228462618,0.3900000000000002,0.1374586657865045,0.3900000000000002,0.1241347750456541,0.3900000000000002,0.1166737294685979,0.3900000000000002,0.1094489838033333,0.3900000000000002,0.104443769368034,0.3900000000000002,0.1007561644340579,0.3900000000000002,0.09791726608668738,0.3900000000000002,0.09565865261024958,0.3900000000000002,0.09227981517454897,0.3900000000000002,0.08882206726629316,0.3900000000000002,0.0862344473020768,0.3900000000000002,0.08422157192325491,0.3900000000000002,0.08260903885411691,0.3900000000000002,0.0812870073122568,0.3900000000000002,0.08018272953166189
0.4000000000000002,0.1558406477324928,0.4000000000000002,0.1274609007320605,0.4000000000000002,0.1141366646173093,0.4000000000000002,0.1066753375393452,0.4000000000000002,0.09945043440959045,0.4000000000000002,0.09444508028165705,0.4000000000000002,0.09075735549281128,0.4000000000000002,0.08791835495934686,0.4000000000000002,0.08565965409607612,0.4000000000000002,0.08228067623759866,0.4000000000000002,0.07882282942782648,0.4000000000000002,0.07623513014516409,0.4000000000000002,0.07422218997730057,0.4000000000000002,0.07260960310402281,0.4000000000000002,0.07128752622605572,0.4000000000000002,0.07018320975675529
0.4100000000000002,0.1458440756093941,0.4100000000000002,0.1174636977026416,0.4100000000000002,0.1041390149837513,0.4100000000000002,0.09667732899509451,0.4100000000000002,0.08945222405384096,0.4100000000000002,0.08444669316371056,0.4100000000000002,0.08075881785923128,0.4100000000000002,0.07791968965773988,0.4100000000000002,0.07566088002878846,0.4100000000000002,0.0722817280960884,0.4100000000000002,0.06882375960834697,0.4100000000000002,0.06623596290439226,0.4100000000000002,0.06422294326462774,0.4100000000000002,0.062610290463748,0.4100000000000002,0.0612881580833774,0.4100000000000002,0.06018379428535209
0.4200000000000002,0.1358483651150418,0.4200000000000002,0.1074671713677857,0.4200000000000002,0.09414191246384684,0.4200000000000002,0.08667977146859063,0.4200000000000002,0.07945441010669857,0.4200000000000002,0.07444865752260021,0.4200000000000002,0.07076059492054576,0.4200000000000002,0.06792130870760549,0.4200000000000002,0.0656623649986674,0.4200000000000002,0.06228299939006543,0.4200000000000002,0.05882488262265217,0.4200000000000002,0.05623696743265644,0.4200000000000002,0.05422385128591034,0.4200000000000002,0.0526111185253737,0.4200000000000002,0.05128891889926684,0.4200000000000002,0.05018449780906215
0.4300000000000002,0.1258537014708994,0.4300000000000002,0.09747144915989447,0.4300000000000002,0.0841454497537123,0.4300000000000002,0.07668273603538467,0.4300000000000002,0.0694570520329002,0.4300000000000002,0.06445102415360326,0.4300000000000002,0.06076273084418304,0.4300000000000002,0.05792325108396612,0.4300000000000002,0.05566414382216139,0.4300000000000002,0.05228451872282341,0.4300000000000002,0.04882622310117385,0.4300000000000002,0.04623816531558639,0.4300000000000002,0.04422493322810478,0.4300000000000002,0.04261210454222319,0.4300000000000002,0.0412898243378958,0.4300000000000002,0.04018533466452673
0.4400000000000002,0.1158602970064539,0.4400000000000002,0.08747666872083748,0.4400000000000002,0.07414972321819846,0.4400000000000002,0.06668629491040301,0.4400000000000002,0.05946020937176139,0.4400000000000002,0.05445384337707154,0.4400000000000002,0.05076526903190975,0.4400000000000002,0.04792555484297217,0.4400000000000002,0.0456662503201189,0.4400000000000002,0.04228631366239938,0.4400000000000002,0.03882780462595348,0.4400000000000002,0.03623957711345899,0.4400000000000002,0.0342262072911399,0.4400000000000002,0.03261326482446253,0.4400000000000002,0.03129088916509426,0.4400000000000002,0.03018631833358731
0.4500000000000002,0.1058683898804385,0.4500000000000002,0.0774829740914863,0.4500000000000002,0.06415482967271779,0.4500000000000002,0.05669051901164335,0.4500000000000002,0.04946393973459384,0.4500000000000002,0.04445716337221123,0.4500000000000002,0.04076825071085483,0.4500000000000002,0.03792825591169924,0.4500000000000002,0.03566871626376111,0.4500000000000002,0.03228840991391113,0.4500000000000002,0.02882964903584717,0.4500000000000002,0.02624122176643645,0.4500000000000002,0.02422769017035076,0.4500000000000002,0.02261461428251771,0.4500000000000002,0.0212921268408871,0.4500000000000002,0.02018746107609148
0.4600000000000002,0.0958782405186589,0.4600000000000002,0.06749051098233916,0.4600000000000002,0.05416086312012391,0.4600000000000002,0.04669547578524358,0.4600000000000002,0.03946829714784011,0.4600000000000002,0.03446102887904534,0.4600000000000002,0.03077171388946387,0.4600000000000002,0.02793138722918792,0.4600000000000002,0.02567157065439485,0.4600000000000002,0.0222908307892723,0.4600000000000002,0.01883177600433911,0.4600000000000002,0.01624311624934355,0.4600000000000002,0.0142293967679627,0.4600000000000002,0.01261616618154859,0.4600000000000002,0.01129354930737297,0.4600000000000002,0.01018877374429727
0.4700000000000003,0.08589012556456799,0.4700000000000003,0.05749942174087741,0.4700000000000003,0.04416791196640657,0.4700000000000003,0.0367012276448998,0.4700000000000003,0.02947333099758576,0.4700000000000003,0.0244654804571785,0.4700000000000003,0.0207756928207215,0.4700000000000003,0.01793497834832219,0.4700000000000003,0.0156748394226765,0.4700000000000003,0.01229359702921257,0.4700000000000003,0.008834202927598067,0.4700000000000003,0.006245275502174019,0.4700000000000003,0.004231340151919949,0.4700000000000003,0.002617932119734767,0.4700000000000003,0.001295166980694928,0.4700000000000003,0.0001902657846193923
0.4800000000000003,0.07590432958940363,0.4800000000000003,0.04750984077734377,0.4800000000000003,0.03417605714609961,0.4800000000000003,0.02670783123128628,0.4800000000000003,0.01947908568431628,0.4800000000000003,0.01447055435460942,0.4800000000000003,0.01078021799287116,0.4800000000000003,0.007939055498511149,0.4800000000000003,0.005678545534737678,0.4800000000000003,0.002296726951598049,0.4800000000000003,-0.001163054909525507,0.4800000000000003,-0.003752287398592458,0.4800000000000003,-0.005766468273622538,0.4800000000000003,-0.007380077805089924,0.4800000000000003,-0.008703011087638712,0.4800000000000003,-0.009808054606970928
0.4900000000000003,0.06592113533807942,0.4900000000000003,0.03752189114956483,0.4900000000000003,0.02418537137026722,0.4900000000000003,0.01671533749774035,0.4900000000000003,0.009485600930522198,0.4900000000000003,0.004476282902611706,0.4900000000000003,0.0007853165534522089,0.4900000000000003,-0.002056357987469892,0.4900000000000003,-0.004317290590382716,0.4900000000000003,-0.007699763163025564,0.4900000000000003,-0.01115998397320805,0.4900000000000003,-0.0137495609056279,0.4900000000000003,-0.01576401845820269,0.4900000000000003,-0.01737785470733083,0.4900000000000003,-0.01870097694231182,0.4900000000000003,-0.01980618023401243
0.5000000000000002,0.05594081372780113,0.5000000000000002,0.02753568274660556,0.5000000000000002,0.01419591944640008,0.5000000000000002,0.00672379244900545,0.5000000000000002,-0.0005070874450581186,0.5000000000000002,-0.00551730474229789,0.5000000000000002,-0.009208986999442448,0.5000000000000002,-0.01205124103506872,0.5000000000000002,-0.01431265049186969,0.5000000000000002,-0.01769585856707878,0.5000000000000002,-0.02115657203059879,0.5000000000000002,-0.02374653459635295,0.5000000000000002,-0.02576130133890731,0.5000000000000002,-0.02737539057970678,0.5000000000000002,-0.02869872341764163,0.5000000000000002,-0.02980410461645061
0.5100000000000002,0.04596361499493118,0.5100000000000002,0.01755131214123018,0.5100000000000002,0.004207759401604227,0.5100000000000002,-0.003266761745696511,0.5100000000000002,-0.01049894653119554,0.5100000000000002,-0.01551018172032614,0.5100000000000002,-0.0192026700415272,0.5100000000000002,-0.02204557413782465,0.5100000000000002,-0.02430751704804984,0.5100000000000002,-0.0276915455361546,0.5100000000000002,-0.03115280770639567,0.5100000000000002,-0.03374319878189419,0.5100000000000002,-0.03575830849139261,0.5100000000000002,-0.03737267797862448,0.5100000000000002,-0.03869624385142723,0.5100000000000002,-0.03980182172843028
0.5200000000000002,0.03598976220801675,0.5200000000000002,0.007568863830970329,0.5200000000000002,-0.005779055971964264,0.5200000000000002,-0.01325628555915781,0.5200000000000002,-0.02048994533760645,0.5200000000000002,-0.02550232264086955,0.5200000000000002,-0.02919571111601693,0.5200000000000002,-0.03203933874488041,0.5200000000000002,-0.0343018739379109,0.5200000000000002,-0.03768681093862702,0.5200000000000002,-0.04114868011560385,0.5200000000000002,-0.04373954418790416,0.5200000000000002,-0.04575503184827734,0.5200000000000002,-0.04736970977263444,0.5200000000000002,-0.04869353185795328,0.5200000000000002,-0.0497993257916603
0.5300000000000002,0.0260194478723007,0.5300000000000002,-0.002411587638462498,0.5300000000000002,-0.01576447752784249,0.5300000000000002,-0.02324474106984731,0.5300000000000002,-0.03048005398858417,0.5300000000000002,-0.0354937029335084,0.5300000000000002,-0.03918808939652807,0.5300000000000002,-0.04203251680637959,0.5300000000000002,-0.04429570524924153,0.5300000000000002,-0.04768164193194435,0.5300000000000002,-0.05114417860908083,0.5300000000000002,-0.05373556173658994,0.5300000000000002,-0.05575146350909732,0.5300000000000002,-0.05736647897433594,0.5300000000000002,-0.05869058117753845,0.5300000000000002,-0.05979661113942891
0.5400000000000003,0.01605283370479937,0.5400000000000003,-0.01238997523488705,0.5400000000000003,-0.02574845842382711,0.5400000000000003,-0.03323209122834891,0.5400000000000003,-0.04046924318828793,0.5400000000000003,-0.04548429843850932,0.5400000000000003,-0.04917978436151538,0.5400000000000003,-0.05202509050708209,0.5400000000000003,-0.05428899525566883,0.5400000000000003,-0.05767602579808068,0.5400000000000003,-0.06113929263928175,0.5400000000000003,-0.06373124243419814,0.5400000000000003,-0.06574759564400889,0.5400000000000003,-0.06736297865658464,0.5400000000000003,-0.06868738560260662,0.5400000000000003,-0.06979367215062221
0.5500000000000003,0.006090053064852996,0.5500000000000003,-0.0223662371742156,0.5500000000000003,-0.03573095319660957,0.5500000000000003,-0.04321829947873868,0.5500000000000003,-0.05045748397713107,0.5500000000000003,-0.05547408524052416,0.5500000000000003,-0.05917077567594797,0.5500000000000003,-0.06201704217959636,0.5500000000000003,-0.06428172835160778,0.5500000000000003,-0.06766994990539332,0.5500000000000003,-0.07113401173291872,0.5500000000000003,-0.07372657735088517,0.5500000000000003,-0.07574342047869376,0.5500000000000003,-0.07735920194099377,0.5500000000000003,-0.07868393896887232,0.5500000000000003,-0.07979050324292525
0.5600000000000003,-0.003868784857824825,0.5600000000000003,-0.03234031515509717,0.5600000000000003,-0.04571191730213919,0.5600000000000003,-0.05320332971393715,0.5600000000000003,-0.06044474774696457,0.5600000000000003,-0.06546303971067557,0.5600000000000003,-0.06916104324583766,0.5600000000000003,-0.07200835436442737,0.5600000000000003,-0.07427388911426819,0.5600000000000003,-0.0776634017697399,0.5600000000000003,-0.08112832554612454,0.5600000000000003,-0.08372155767095701,0.5600000000000003,-0.08573893034043573,0.5600000000000003,-0.08735514204049172,0.5600000000000003,-0.08868023519482499,0.5600000000000003,-0.08978709890966419
0.5700000000000003,-0.01382359010744705,0.5700000000000003,-0.042312153243665,0.5700000000000003,-0.05569130708220205,0.5700000000000003,-0.06318714649914392,0.5700000000000003,-0.07043100645423095,0.5700000000000003,-0.07545113870271597,0.5700000000000003,-0.07915056739737814,0.5700000000000003,-0.08199900997369969,0.5700000000000003,-0.0842654624538704,0.5700000000000003,-0.08765636918270786,0.5700000000000003,-0.09112222397437836,0.5700000000000003,-0.09371617478908711,0.5700000000000003,-0.09573411774370605,0.5700000000000003,-0.09735079233637006,0.5700000000000003,-0.09867626835182847,0.5700000000000003,-0.09978345378408365
0.5800000000000003,-0.02377428716679975,0.5800000000000003,-0.05228169740962341,0.5800000000000003,-0.06566908006541861,0.5800000000000003,-0.07316971547871953,0.5800000000000003,-0.08041623296123301,0.5800000000000003,-0.08543835984471498,0.5800000000000003,-0.08913932913066142,0.5800000000000003,-0.0919889925151654,0.5800000000000003,-0.09425643381386722,0.5800000000000003,-0.09764884037632815,0.5800000000000003,-0.10111569729123,0.5800000000000003,-0.1037104204301245,0.5800000000000003,-0.1057289754955517,0.5800000000000003,-0.1073461464723587,0.5800000000000003,-0.1086720327490359,0.5800000000000003,-0.109779562716722
0.5900000000000003,-0.03372081092920665,0.5900000000000003,-0.06224889561534286,0.5900000000000003,-0.07564519549102389,0.5900000000000003,-0.08315100388212648,0.5900000000000003,-0.09040040143986394,0.5900000000000003,-0.09542468187321923,0.5900000000000003,-0.09912731040385109,0.5900000000000003,-0.101978286338864,0.5900000000000003,-0.1042467893885088,0.5900000000000003,-0.1076408041985986,0.5900000000000003,-0.1111087362945214,0.5900000000000003,-0.1137042867742717,0.5900000000000003,-0.1157234968049681,0.5900000000000003,-0.1173411984516787,0.5900000000000003,-0.1186675230205899,0.5900000000000003,-0.1197754208545651
0.6000000000000003,-0.04366310376513216,0.6000000000000003,-0.07221369830976998,0.6000000000000003,-0.08561961494718229,0.6000000000000003,-0.09313098105629303,0.6000000000000003,-0.1003834877835729,0.6000000000000003,-0.10541008496728,0.6000000000000003,-0.1091144944129927,0.6000000000000003,-0.1119668768772458,0.6000000000000003,-0.1142365163327461,0.6000000000000003,-0.117632250280552,0.6000000000000003,-0.1211013324442686,0.6000000000000003,-0.1236977665743063,0.6000000000000003,-0.1257176753847448,0.6000000000000003,-0.1273359427270066,0.6000000000000003,-0.1286627342061563,0.6000000000000003,-0.1297710237138896
0.6100000000000003,-0.05360111374870713,0.6100000000000003,-0.08217605916867288,0.6100000000000003,-0.09559230303230459,0.6100000000000003,-0.10310961896846,0.6100000000000003,-0.1103654699873393,0.6100000000000003,-0.11539455105151,0.6100000000000003,-0.1191008658428658,0.6100000000000003,-0.1219547508584322,0.6100000000000003,-0.1242256029472376,0.6100000000000003,-0.127623169181836,0.6100000000000003,-0.1310934779817681,0.6100000000000003,-0.1336908532561519,0.6100000000000003,-0.1357115055383646,0.6100000000000003,-0.1373303742769006,0.6100000000000003,-0.1386576618190735,0.6100000000000003,-0.1397663672417245
0.6200000000000003,-0.06353479392275363,0.6200000000000003,-0.09213593593794212,0.6200000000000003,-0.1055632279699801,0.6200000000000003,-0.1130868926409317,0.6200000000000003,-0.1203463284690355,0.6200000000000003,-0.1253780640484959,0.6200000000000003,-0.1290864110734719,0.6200000000000003,-0.1319418964801707,0.6200000000000003,-0.1342140388281683,0.6200000000000003,-0.1376135525072708,0.6200000000000003,-0.1410851660239577,0.6200000000000003,-0.1436835409979257,0.6200000000000003,-0.1457049822278852,0.6200000000000003,-0.14732448866521,0.6200000000000003,-0.1486523018991061,0.6200000000000003,-0.149761447863263
0.6300000000000003,-0.07346410237646606,0.6300000000000003,-0.1020932912649678,0.6300000000000003,-0.1155323621306729,0.6300000000000003,-0.1230627804947662,0.6300000000000003,-0.1303260463173679,0.6300000000000003,-0.1353606100700889,0.6300000000000003,-0.1390711183344343,0.6300000000000003,-0.1419283035385058,0.6300000000000003,-0.144201814977049,0.6300000000000003,-0.1476033929910565,0.6300000000000003,-0.1510763906306481,0.6300000000000003,-0.1536758247856569,0.6300000000000003,-0.1556981011213696,0.6300000000000003,-0.1573182820822628,0.6300000000000003,-0.1586466510488017,0.6300000000000003,-0.1597562625143565
0.6400000000000003,-0.08338900287438566,0.6400000000000003,-0.1120480934353305,0.6400000000000003,-0.1254996824331199,0.6400000000000003,-0.1330372645921455,0.6400000000000003,-0.1403046094608191,0.6400000000000003,-0.1453421775444326,0.6400000000000003,-0.1490549778054051,0.6400000000000003,-0.1519139635100016,0.6400000000000003,-0.1541889238698758,0.6400000000000003,-0.1575926845485794,0.6400000000000003,-0.161067146844806,0.6400000000000003,-0.1636677004459565,0.6400000000000003,-0.1656908586202278,0.6400000000000003,-0.1673117513682919,0.6400000000000003,-0.1686407064539091,0.6400000000000003,-0.1697508086595749
0.6500000000000004,-0.0933094657878687,0.6500000000000004,-0.1220003169623489,0.6500000000000004,-0.1354651706143778,0.6500000000000004,-0.1430103307767923,0.6500000000000004,-0.1502820067589042,0.6500000000000004,-0.1553227572806365,0.6500000000000004,-0.1590379816646435,0.6500000000000004,-0.161898869589793,0.6500000000000004,-0.1641753594878534,0.6500000000000004,-0.1675814222978053,0.6500000000000004,-0.1710574307077459,0.6500000000000004,-0.1736591646574163,0.6500000000000004,-0.1756832518680836,0.6500000000000004,-0.1773048940205317,0.6500000000000004,-0.1786344658892115,0.6500000000000004,-0.1797450842970831
0.6600000000000004,-0.1032254691202229,0.6600000000000004,-0.1319499430027289,0.6600000000000004,-0.1454288133694659,0.6600000000000004,-0.1529819687185335,0.6600000000000004,-0.1602582300216052,0.6600000000000004,-0.1653023424765187,0.6600000000000004,-0.1690201240906806,0.6600000000000004,-0.1718830166898396,0.6600000000000004,-0.1741611173136542,0.6600000000000004,-0.1775696025536643,0.6600000000000004,-0.1810472392521988,0.6600000000000004,-0.1836502149432847,0.6600000000000004,-0.1856752787434656,0.6600000000000004,-0.1872977081861058,0.6600000000000004,-0.1886279277116595,0.6600000000000004,-0.189739087952055
0.6700000000000004,-0.1131369994677709,0.6700000000000004,-0.1418969595914368,0.6700000000000004,-0.155390602369753,0.6700000000000004,-0.1629521718724891,0.6700000000000004,-0.1702332739657457,0.6700000000000004,-0.1752809286768249,0.6700000000000004,-0.179001401223444,0.6700000000000004,-0.1818664014030181,0.6700000000000004,-0.1841461942982616,0.6700000000000004,-0.1875572227994795,0.6700000000000004,-0.1910365704767042,0.6700000000000004,-0.1936408496484412,0.6700000000000004,-0.1956669378389816,0.6700000000000004,-0.1972901926430409,0.6700000000000004,-0.1986210908429609,0.6700000000000004,-0.1997328186606194
0.6800000000000004,-0.1230440528102339,0.6800000000000004,-0.1518413617033162,0.6800000000000004,-0.1653505341744796,0.6800000000000004,-0.1729209373656774,0.6800000000000004,-0.1802071361185089,0.6800000000000004,-0.1852585136903074,0.6800000000000004,-0.1889818110919456,0.6800000000000004,-0.1918490219391734,0.6800000000000004,-0.194130588803722,0.6800000000000004,-0.1975442816397484,0.6800000000000004,-0.2010254233049152,0.6800000000000004,-0.2036310679037635,0.6800000000000004,-0.2056582284296588,0.6800000000000004,-0.2072823467718319,0.6800000000000004,-0.20861395474378,0.6800000000000004,-0.2097262759462376
0.6900000000000004,-0.1329466350689475,0.6900000000000004,-0.1617831511584222,0.6900000000000004,-0.1753086100525382,0.6900000000000004,-0.1828882658248671,0.6900000000000004,-0.1901798166786728,0.6900000000000004,-0.1952350974742361,0.6900000000000004,-0.1989613535156612,0.6900000000000004,-0.2018308780392276,0.6900000000000004,-0.2041143005271647,0.6900000000000004,-0.2075307787385197,0.6900000000000004,-0.2110137975333589,0.6900000000000004,-0.213620869580874,0.6900000000000004,-0.2156491504330958,0.6900000000000004,-0.2172741705198536,0.6900000000000004,-0.2186065193816112,0.6900000000000004,-0.2197194597904504
0.7000000000000004,-0.142844762407621,0.7000000000000004,-0.1717223363935865,0.7000000000000004,-0.1852648357325584,0.7000000000000004,-0.1928541611593073,0.7000000000000004,-0.2001513183459147,0.7000000000000004,-0.2052106819945278,0.7000000000000004,-0.2089400299864211,0.7000000000000004,-0.2118119708731405,0.7000000000000004,-0.2140973304110682,0.7000000000000004,-0.2175167147472709,0.7000000000000004,-0.2210016937708567,0.7000000000000004,-0.2236102552400266,0.7000000000000004,-0.2256397043637739,0.7000000000000004,-0.2272656643607227,0.7000000000000004,-0.2285987851942038,0.7000000000000004,-0.2297123705996232
0.7100000000000004,-0.152738461277259,0.7100000000000004,-0.1816589321251733,0.7100000000000004,-0.1952192210989712,0.7100000000000004,-0.2028186303111805,0.7100000000000004,-0.2101216461276769,0.7100000000000004,-0.215185271069027,0.7100000000000004,-0.2189178435369202,0.7100000000000004,-0.2217923029268854,0.7100000000000004,-0.224079680544311,0.7100000000000004,-0.227502091225844,0.7100000000000004,-0.2309891133725226,0.7100000000000004,-0.2335992260735514,0.7100000000000004,-0.2356298912836526,0.7100000000000004,-0.2372568292504657,0.7100000000000004,-0.2385907530501849,0.7100000000000004,-0.2397050091692394
0.7200000000000004,-0.1626277682252769,0.7200000000000004,-0.1915929589282392,0.7200000000000004,-0.2051717798504911,0.7200000000000004,-0.2127816829853314,0.7200000000000004,-0.2200908071320911,0.7200000000000004,-0.2251588702005531,0.7200000000000004,-0.2288947986013304,0.7200000000000004,-0.2317718778830434,0.7200000000000004,-0.2340613540578739,0.7200000000000004,-0.2374869105594481,0.7200000000000004,-0.2409760583707879,0.7200000000000004,-0.2435877838469542,0.7200000000000004,-0.2456197127508212,0.7200000000000004,-0.2472476665820539,0.7200000000000004,-0.2485824242082948,0.7200000000000004,-0.2496973766469468
0.7300000000000004,-0.1725127295001321,0.7300000000000004,-0.2015244427560359,0.7300000000000004,-0.2151225291356552,0.7300000000000004,-0.2227433313682716,0.7300000000000004,-0.2300588103542209,0.7300000000000004,-0.2351314864053704,0.7300000000000004,-0.2388709008725373,0.7300000000000004,-0.2417507004988289,0.7300000000000004,-0.2440423550185283,0.7300000000000004,-0.2474711758743239,0.7300000000000004,-0.2509625314055396,0.7300000000000004,-0.2535759308393994,0.7300000000000004,-0.2556091707677247,0.7300000000000004,-0.2572381781396137,0.7300000000000004,-0.2585738002763673,0.7300000000000004,-0.2596894744954218
0.7400000000000004,-0.1823934004884865,0.7400000000000004,-0.2114534144215321,0.7400000000000004,-0.2250714891780072,0.7400000000000004,-0.2327035898448923,0.7400000000000004,-0.2400256664616794,0.7400000000000004,-0.2451031280417418,0.7400000000000004,-0.2488461571598068,0.7400000000000004,-0.2517287764847005,0.7400000000000004,-0.2540226883232007,0.7400000000000004,-0.2574548909541032,0.7400000000000004,-0.2609485356550423,0.7400000000000004,-0.2635636697849769,0.7400000000000004,-0.2655982677301346,0.7400000000000004,-0.2672283660533508,0.7400000000000004,-0.2685648831709829,0.7400000000000004,-0.2696813044558993
0.7500000000000004,-0.1922698450234858,0.7500000000000004,-0.2213799090598602,0.7500000000000004,-0.2350186829014359,0.7500000000000004,-0.2426624747196703,0.7500000000000004,-0.2499913875844684,0.7500000000000004,-0.2550738046422913,0.7500000000000004,-0.2588205752498726,0.7500000000000004,-0.2617061123860552,0.7500000000000004,-0.2640023595961234,0.7500000000000004,-0.2674380601585476,0.7500000000000004,-0.2709340747689438,0.7500000000000004,-0.2735510038158233,0.7500000000000004,-0.2755870063777959,0.7500000000000004,-0.2772182327560156,0.7500000000000004,-0.2785556750785442,0.7500000000000004,-0.2796728685129564
0.7600000000000005,-0.2021421346014696,0.7600000000000005,-0.2313039655875698,0.7600000000000005,-0.2449641355640442,0.7600000000000005,-0.2526200039477385,0.7600000000000005,-0.2599559871128091,0.7600000000000005,-0.2650435267530467,0.7600000000000005,-0.268794163773745,0.7600000000000005,-0.2716827154699217,0.7600000000000005,-0.2739813750904198,0.7600000000000005,-0.2774206883458559,0.7600000000000005,-0.280919152804368,0.7600000000000005,-0.2835379364079356,0.7600000000000005,-0.2855753897474592,0.7600000000000005,-0.2872077809414688,0.7600000000000005,-0.288546178418246,0.7600000000000005,-0.2896641688610692
0.7700000000000005,-0.212010347541244,0.7700000000000005,-0.2412256261715571,0.7700000000000005,-0.2549078744070233,0.7700000000000005,-0.2625761968797241,0.7700000000000005,-0.2699194795057401,0.7700000000000005,-0.2750123057812532,0.7700000000000005,-0.2787669320808949,0.7700000000000005,-0.2816585936180034,0.7700000000000005,-0.2839597415952603,0.7700000000000005,-0.2874027807994726,0.7700000000000005,-0.2909037741657662,0.7700000000000005,-0.2935244713302353,0.7700000000000005,-0.2955634211287554,0.7700000000000005,-0.2971970135258151,0.7700000000000005,-0.2985363958073555,0.7700000000000005,-0.2996552078732582
0.7800000000000005,-0.2218745681158524,0.7800000000000005,-0.2511449357177916,0.7800000000000005,-0.2648499283233323,0.7800000000000005,-0.2725310740232152,0.7800000000000005,-0.2798818801124056,0.7800000000000005,-0.2849801538534137,0.7800000000000005,-0.2887388901219721,0.7800000000000005,-0.2916337552270361,0.7800000000000005,-0.2939374663494084,0.7800000000000005,-0.2973843431599594,0.7800000000000005,-0.3008879435490339,0.7800000000000005,-0.3035106125972746,0.7800000000000005,-0.3055511040232639,0.7800000000000005,-0.3071859336113474,0.7800000000000005,-0.3085263300290187,0.7800000000000005,-0.3096459880720248
0.7900000000000005,-0.2317348856821008,0.7900000000000005,-0.261061941387298,0.7900000000000005,-0.2747903275493861,0.7900000000000005,-0.2824846568225882,0.7900000000000005,-0.2898432050072313,0.7900000000000005,-0.2949470836844409,0.7900000000000005,-0.2987100483407601,0.7900000000000005,-0.3016082091170141,0.7900000000000005,-0.3039145569616143,0.7900000000000005,-0.3073653813622961,0.7900000000000005,-0.3108716658901025,0.7900000000000005,-0.3134963644257784,0.7900000000000005,-0.3155384421069163,0.7900000000000005,-0.3171745444534497,0.7900000000000005,-0.3185159840027312,0.7900000000000005,-0.3196365121026934
0.8000000000000005,-0.2415913938283237,0.8000000000000005,-0.2709766921446533,0.8000000000000005,-0.2847291033817987,0.8000000000000005,-0.2924369674581681,0.8000000000000005,-0.2998034708396208,0.8000000000000005,-0.3049131084583334,0.8000000000000005,-0.3086804175756472,0.8000000000000005,-0.3115819644475276,0.8000000000000005,-0.3138910213380587,0.8000000000000005,-0.3173459015787514,0.8000000000000005,-0.3208549463181733,0.8000000000000005,-0.3234817311951121,0.8000000000000005,-0.3255254391958211,0.8000000000000005,-0.3271628494305326,0.8000000000000005,-0.3285053607574983,0.8000000000000005,-0.3296267827092054
0.8100000000000005,-0.2514441895564343,0.8100000000000005,-0.2808892383423498,0.8100000000000005,-0.2946662879201083,0.8100000000000005,-0.3023880286649918,0.8100000000000005,-0.3097626946982813,0.8100000000000005,-0.3148782417204893,0.8100000000000005,-0.3186500089707195,0.8100000000000005,-0.3215550306422573,0.8100000000000005,-0.3238668676168577,0.8100000000000005,-0.3273259101673191,0.8100000000000005,-0.3308377901135087,0.8100000000000005,-0.3334667174116557,0.8100000000000005,-0.3355120992154664,0.8100000000000005,-0.3371508520169328,0.8100000000000005,-0.3384944634076789,0.8100000000000005,-0.3396168027123204
0.8200000000000005,-0.261293372510105,0.8200000000000005,-0.2907996313427619,0.8200000000000005,-0.304601913835618,0.8200000000000005,-0.3123378635709275,0.8200000000000005,-0.3197208939899638,0.8200000000000005,-0.3248424972813952,0.8200000000000005,-0.3286188338962137,0.8200000000000005,-0.3315274173214123,0.8200000000000005,-0.3338421041094811,0.8200000000000005,-0.3373054136255893,0.8200000000000005,-0.3408202026697229,0.8200000000000005,-0.3434513276769531,0.8200000000000005,-0.3454984261732081,0.8200000000000005,-0.3471385557587261,0.8200000000000005,-0.3484832951314063,0.8200000000000005,-0.3496065749901646
0.8300000000000005,-0.2711390442574044,0.8300000000000005,-0.300707923178173,0.8300000000000005,-0.314536014165838,0.8300000000000005,-0.3222864955535103,0.8300000000000005,-0.3296780863321088,0.8300000000000005,-0.3348058891313258,0.8300000000000005,-0.3385869038780471,0.8300000000000005,-0.3414991342418617,0.8300000000000005,-0.3438167392488015,0.8300000000000005,-0.3472844185498326,0.8300000000000005,-0.3508021894603279,0.8300000000000005,-0.353435566659503,0.8300000000000005,-0.3554844241339041,0.8300000000000005,-0.3571259642523026,0.8300000000000005,-0.3584718591514899,0.8300000000000005,-0.3595961024609982
0.8400000000000005,-0.2809813076330581,0.8400000000000005,-0.3106141662483327,0.8400000000000005,-0.3244686221335333,0.8400000000000005,-0.3322339481145545,0.8400000000000005,-0.3396342894586805,0.8400000000000005,-0.3447684313654321,0.8400000000000005,-0.3485542305358799,0.8400000000000005,-0.3514701912444895,0.8400000000000005,-0.3537907815434173,0.8400000000000005,-0.3572629315990101,0.8400000000000005,-0.3607837560093501,0.8400000000000005,-0.3634194390699553,0.8400000000000005,-0.3654700971984982,0.8400000000000005,-0.3671130811255466,0.8400000000000005,-0.3684601587186375,0.8400000000000005,-0.3695853880680995
0.8500000000000005,-0.2908202661430205,0.8500000000000005,-0.320518413054259,0.8500000000000005,-0.3343997709890232,0.8500000000000005,-0.3421802447714271,0.8500000000000005,-0.3495895211383367,0.8500000000000005,-0.3547301381185818,0.8500000000000005,-0.3585208255291966,0.8500000000000005,-0.3614405982083456,0.8500000000000005,-0.3637642395378426,0.8500000000000005,-0.3672409594633911,0.8500000000000005,-0.3707649078656903,0.8500000000000005,-0.3734029496395136,0.8500000000000005,-0.3754554494853743,0.8500000000000005,-0.3770999100214427,0.8500000000000005,-0.3784481970968436,0.8500000000000005,-0.37957443476659
0.8600000000000005,-0.3006560234319078,0.8600000000000005,-0.3304207159664301,0.8600000000000005,-0.3443294938741919,0.8600000000000005,-0.3521254089637132,0.8600000000000005,-0.3595437991040273,0.8600000000000005,-0.3646910235092024,0.8600000000000005,-0.3684867005108057,0.8600000000000005,-0.3714103650110614,0.8600000000000005,-0.373737121778126,0.8600000000000005,-0.3772185088374243,0.8600000000000005,-0.3807456505809949,0.8600000000000005,-0.3833861031012606,0.8600000000000005,-0.3854404851142466,0.8600000000000005,-0.3870864545839287,0.8600000000000005,-0.3884359775507883,0.8600000000000005,-0.3895632455120713
0.8700000000000006,-0.3104886828123222,0.8700000000000006,-0.3403211270251649,0.8700000000000006,-0.3542578237065023,0.8700000000000006,-0.3620694639740142,0.8700000000000006,-0.3694971409930475,0.8700000000000006,-0.3746511015913692,0.8700000000000006,-0.3784518670870893,0.8700000000000006,-0.3813795014950001,0.8700000000000006,-0.3837094367824307,0.8700000000000006,-0.3871955863965146,0.8700000000000006,-0.3907259896906905,0.8700000000000006,-0.3933689041741849,0.8700000000000006,-0.3954252081923678,0.8700000000000006,-0.3970727184457739,0.8700000000000006,-0.3984235033350295,0.8700000000000006,-0.3995518232508942
0.8800000000000006,-0.3203183468538132,0.8800000000000006,-0.350219697770763,0.8800000000000006,-0.3641847930812421,0.8800000000000006,-0.3720124328615056,0.8800000000000006,-0.3794495642965737,0.8800000000000006,-0.3846103863143805,0.8800000000000006,-0.3884163367844297,0.8800000000000006,-0.3913480174386127,0.8800000000000006,-0.3936811930161093,0.8800000000000006,-0.3971721987773086,0.8800000000000006,-0.400705930697918,0.8800000000000006,-0.4033513575496515,0.8800000000000006,-0.4054096228028613,0.8800000000000006,-0.4070587052183344,0.8800000000000006,-0.4084107776848738,0.8800000000000006,-0.4095401709119261
0.8900000000000006,-0.3301451170283896,0.8900000000000006,-0.3601164791008489,0.8900000000000006,-0.3741104341902812,0.8900000000000006,-0.3819543384069932,0.8900000000000006,-0.3894010863177197,0.8900000000000006,-0.3945688914890665,0.8900000000000006,-0.3983801210211697,0.8900000000000006,-0.4013159225324985,0.8900000000000006,-0.4036523988708566,0.8900000000000006,-0.4071483525611985,0.8900000000000006,-0.4106854790600707,0.8900000000000006,-0.4133334678800413,0.8900000000000006,-0.4153937329949238,0.8900000000000006,-0.4170444184829445,0.8900000000000006,-0.4183978038087272,0.8900000000000006,-0.4195282913996574
0.9000000000000006,-0.3399690934088885,0.9000000000000006,-0.3700115211523508,0.9000000000000006,-0.3840347787555952,0.9000000000000006,-0.391895203068222,0.9000000000000006,-0.3993517241372161,0.9000000000000006,-0.4045266307601063,0.9000000000000006,-0.4083432310845037,0.9000000000000006,-0.4112832263596345,0.9000000000000006,-0.4136230626474786,0.9000000000000006,-0.4171240542606434,0.9000000000000006,-0.4206646401776512,0.9000000000000006,-0.4233152397693888,0.9000000000000006,-0.4253775427757475,0.9000000000000006,-0.4270298617838293,0.9000000000000006,-0.4283845848817519,0.9000000000000006,-0.4295161875884975
0.9100000000000006,-0.3497903744161618,0.9100000000000006,-0.3799048732055978,0.9100000000000006,-0.393957857975919,0.9100000000000006,-0.4018350489442319,0.9100000000000006,-0.4093014945858408,0.9100000000000006,-0.4144836175836888,0.9100000000000006,-0.4183056781117921,0.9100000000000006,-0.4212499383793515,0.9100000000000006,-0.4235931925418742,0.9100000000000006,-0.4270993103080383,0.9100000000000006,-0.4306434193852002,0.9100000000000006,-0.4332966777657294,0.9100000000000006,-0.4353610561039217,0.9100000000000006,-0.4370150386223061,0.9100000000000006,-0.4383711240407316,0.9100000000000006,-0.4395038623181363
0.9200000000000006,-0.3596090566108467,0.9200000000000006,-0.3897965836081098,0.9200000000000006,-0.4038797024850062,0.9200000000000006,-0.4117738977476866,0.9200000000000006,-0.419250414222765,0.9200000000000006,-0.4244398652098693,0.9200000000000006,-0.4282674730757196,0.9200000000000006,-0.4312160679145668,0.9200000000000006,-0.4335627966338857,0.9200000000000006,-0.4370741270468095,0.9200000000000006,-0.4406218219440399,0.9200000000000006,-0.4432777863550013,0.9200000000000006,-0.4453442768841823,0.9200000000000006,-0.4469999524521787,0.9200000000000006,-0.4483574243799539,0.9200000000000006,-0.4494913183898392
0.9300000000000006,-0.3694252345254718,0.9300000000000006,-0.3996866997157668,0.9300000000000006,-0.4138003423200221,0.9300000000000006,-0.4217117707841356,0.9300000000000006,-0.4291984993191088,0.9300000000000006,-0.4343953866690336,0.9300000000000006,-0.4382286267728601,0.9300000000000006,-0.4411816241419111,0.9300000000000006,-0.44353188287861,0.9300000000000006,-0.447048510724472,0.9300000000000006,-0.450599853036624,0.9300000000000006,-0.4532585699562842,0.9300000000000006,-0.4553272089633049,0.9300000000000006,-0.456984606676134,0.9300000000000006,-0.4583434889480048,0.9300000000000006,-0.4594785585635695
0.9400000000000006,-0.3792390005327225,0.9400000000000006,-0.4095752678492307,0.9400000000000006,-0.4237198068987726,0.9400000000000006,-0.4316486889372859,0.9400000000000006,-0.4391457658459864,0.9400000000000006,-0.4443501947619396,0.9400000000000006,-0.4481891498151803,0.9400000000000006,-0.4511466160843577,0.9400000000000006,-0.4535004590999043,0.9400000000000006,-0.4570224674873843,0.9400000000000006,-0.4605775177622731,0.9400000000000006,-0.4632390329182258,0.9400000000000006,-0.4653098561270229,0.9400000000000006,-0.4669690046430341,0.9400000000000006,-0.4683293207453672,0.9400000000000006,-0.4694655855558175
0.9500000000000006,-0.3890504447458391,0.9500000000000006,-0.419462333263621,0.9500000000000006,-0.4336381250045417,0.9500000000000006,-0.4415846726594581,0.9500000000000006,-0.4490922294664353,0.9500000000000006,-0.4543043020528506,0.9500000000000006,-0.458149052624108,0.9500000000000006,-0.4611110526060052,0.9500000000000006,-0.4634685329857551,0.9500000000000006,-0.4669960033769981,0.9500000000000006,-0.4705548211341277,0.9500000000000006,-0.4732191795164613,0.9500000000000006,-0.4752922220978149,0.9500000000000006,-0.4769531496459826,0.9500000000000006,-0.4783149227226932,0.9500000000000006,-0.4794524020380481
0.9600000000000006,-0.3988596549473576,0.9600000000000006,-0.4293479401296431,0.9600000000000006,-0.4435553247774653,0.9600000000000006,-0.4515197419664302,0.9600000000000006,-0.4590379055306736,0.9600000000000006,-0.464257720865306,0.9600000000000006,-0.4681083454267811,0.9600000000000006,-0.4710749424087394,0.9600000000000006,-0.4734361120852739,0.9600000000000006,-0.4769691243273581,0.9600000000000006,-0.4805317680771215,0.9600000000000006,-0.48319901395194,0.9600000000000006,-0.485274310533459,0.9600000000000006,-0.4869370449210546,0.9600000000000006,-0.4883002977796794,0.9600000000000006,-0.4894390106356898
0.9700000000000006,-0.408666716542622,0.9700000000000006,-0.4392321315245356,0.9700000000000006,-0.4534714337114419,0.9700000000000006,-0.4614539164360364,0.9700000000000006,-0.4689828090741792,0.9700000000000006,-0.4742104632801535,0.9700000000000006,-0.4780670382541595,0.9700000000000006,-0.4810382940304708,0.9700000000000006,-0.4834032038070628,0.9700000000000006,-0.4869418361637182,0.9700000000000006,-0.4905083634268648,0.9700000000000006,-0.4931785403499692,0.9700000000000006,-0.4952561250262197,0.9700000000000006,-0.496920693646589,0.9700000000000006,-0.4982854487644349,0.9700000000000006,-0.4994254139275706
0.9800000000000006,-0.4184717125347843,0.9800000000000006,-0.4491149494313292,0.9800000000000006,-0.4633864786557182,0.9800000000000006,-0.4713872152098875,0.9800000000000006,-0.478926954818148,0.9800000000000006,-0.4841625411354935,0.9800000000000006,-0.488025140940737,0.9800000000000006,-0.4910011158447322,0.9800000000000006,-0.4933698154187697,0.9800000000000006,-0.4969141446020512,0.9800000000000006,-0.5004846119292646,0.9800000000000006,-0.5031577627599126,0.9800000000000006,-0.5052376691025868,0.9800000000000006,-0.506904098942963,0.9800000000000006,-0.5082703784732925,0.9800000000000006,-0.5094116144457455
0.9900000000000007,-0.4282747235183088,0.9900000000000007,-0.4589964347451458,0.9900000000000007,-0.4733004858203917,0.9900000000000007,-0.4813196569977113,0.9900000000000007,-0.4888703571719525,0.9900000000000007,-0.4941139660282048,0.9900000000000007,-0.4979826631255623,0.9900000000000007,-0.5009634160613943,0.9900000000000007,-0.503335954047601,0.9900000000000007,-0.5068860552493715,0.9900000000000007,-0.5104605182407879,0.9900000000000007,-0.5131366851554255,0.9900000000000007,-0.5152189462234897,0.9900000000000007,-0.5168872638727826,0.9900000000000007,-0.5182550896509721,0.9900000000000007,-0.5193976146756485
1.000000000000001,-0.4380758276882089,1.000000000000001,-0.4688766272853179,1.000000000000001,-0.4832134807851218,1.000000000000001,-0.4912512600838205,1.000000000000001,-0.4988130302372297,1.000000000000001,-0.5040647493168149,1.000000000000001,-0.5079396142543822,1.000000000000001,-0.5109252027283516,1.000000000000001,-0.5133016266816917,1.000000000000001,-0.5168575736046781,1.000000000000001,-0.5204360869292601,1.000000000000001,-0.5231153114351298,1.000000000000001,-0.5251999597848825,1.000000000000001,-0.5268701914414002,1.000000000000001,-0.5282395849910497,1.000000000000001,-0.529383417056521
1.010000000000001,-0.4478751008626022,1.010000000000001,-0.4787555658123536,1.010000000000001,-0.4931254885104793,1.010000000000001,-0.5011820423353465,1.010000000000001,-0.5087549878133345,1.010000000000001,-0.5140149021254556,1.010000000000001,-0.5178960035826895,1.010000000000001,-0.5208864837339575,1.010000000000001,-0.5232668401721269,1.010000000000001,-0.5268287050604611,1.010000000000001,-0.5304113224751034,1.010000000000001,-0.5330936454236634,1.010000000000001,-0.5351807131186574,1.010000000000001,-0.5368528845977247,1.010000000000001,-0.5382238671366832,1.010000000000001,-0.5393690239820639
1.020000000000001,-0.4576726165163786,1.020000000000001,-0.4886332880487878,1.020000000000001,-0.5030365333514141,1.020000000000001,-0.5111120212118482,1.020000000000001,-0.5186962434038785,1.020000000000001,-0.5239644353486965,1.020000000000001,-0.5278518401795085,1.020000000000001,-0.5308472668101314,1.020000000000001,-0.533231601235542,1.020000000000001,-0.5367994549046351,1.020000000000001,-0.5403862292729358,1.020000000000001,-0.5430716908730442,1.020000000000001,-0.5451612094938247,1.020000000000001,-0.5468353462352651,1.020000000000001,-0.5482079386815405,1.020000000000001,-0.5493544378012769
1.030000000000001,-0.4674684458240065,1.030000000000001,-0.4985098307031784,1.030000000000001,-0.5129466390723809,1.030000000000001,-0.5210412137760273,1.030000000000001,-0.5286368102241256,1.030000000000001,-0.5339133596571004,1.030000000000001,-0.5378071329317966,1.030000000000001,-0.5408075595359513,1.030000000000001,-0.5431959164571619,1.030000000000001,-0.5467698283228493,1.030000000000001,-0.5503608116334562,1.030000000000001,-0.5530494514642704,1.030000000000001,-0.5551414521179057,1.030000000000001,-0.5568175791933483,1.030000000000001,-0.5581918021709015,1.030000000000001,-0.5593396608194598
1.040000000000001,-0.4772626577098031,1.040000000000001,-0.5083852294965452,1.040000000000001,-0.5228558288637671,1.040000000000001,-0.5309696367052766,1.040000000000001,-0.5385767012090765,1.040000000000001,-0.5438616855033409,1.040000000000001,-0.5477618905493007,1.040000000000001,-0.550767369341671,1.040000000000001,-0.5531597922942111,1.040000000000001,-0.5567398304010656,1.040000000000001,-0.5603350737855883,1.040000000000001,-0.5630269308091335,1.040000000000001,-0.5651214441385013,1.040000000000001,-0.566799586258514,1.040000000000001,-0.5681754601028861,1.040000000000001,-0.5693246952993141
1.050000000000001,-0.4870553189041181,1.050000000000001,-0.5182595191906686,1.050000000000001,-0.5327641253592723,1.050000000000001,-0.5408973063038565,1.050000000000001,-0.5485159290220512,1.050000000000001,-0.5538094231287239,1.050000000000001,-0.5577161215697919,1.050000000000001,-0.560726703513066,1.050000000000001,-0.5631232350795921,1.050000000000001,-0.5667094661283838,1.050000000000001,-0.5703090198787946,1.050000000000001,-0.5730041324521743,1.050000000000001,-0.57510118864499,1.050000000000001,-0.5767813701660073,1.050000000000001,-0.578158914929803,1.050000000000001,-0.5793095434621728
1.060000000000001,-0.4968464940041418,1.060000000000001,-0.5281327336177591,1.060000000000001,-0.5426715506539685,1.060000000000001,-0.5508242385155052,1.060000000000001,-0.5584545060636674,1.060000000000001,-0.5637565825700716,1.060000000000001,-0.567669834364585,1.060000000000001,-0.5706855691960004,1.060000000000001,-0.5730862510257928,1.060000000000001,-0.5766787404000281,1.060000000000001,-0.5802826539855288,1.060000000000001,-0.5829810598727856,1.060000000000001,-0.5850806886703465,1.060000000000001,-0.5867629336013843,1.060000000000001,-0.5881421690595812,1.060000000000001,-0.5892942074892846
1.070000000000001,-0.5066362455381926,1.070000000000001,-0.5380049057110443,1.070000000000001,-0.5525781263228231,1.070000000000001,-0.5607504489363456,1.070000000000001,-0.5683924444810556,1.070000000000001,-0.5737031736668009,1.070000000000001,-0.5776230371442437,1.070000000000001,-0.5806439734011982,1.070000000000001,-0.5830488462289485,1.070000000000001,-0.586647658020474,1.070000000000001,-0.5902559801038281,1.070000000000001,-0.5929577164873844,1.070000000000001,-0.5950599471930329,1.070000000000001,-0.5967442792021805,1.070000000000001,-0.5981252248572644,1.070000000000001,-0.5992786895231674
1.080000000000001,-0.516424634032487,1.080000000000001,-0.5478760675359465,1.080000000000001,-0.5624838734394675,1.080000000000001,-0.5706759528279383,1.080000000000001,-0.5783297561772639,1.080000000000001,-0.5836492060681754,1.080000000000001,-0.5875757379644402,1.080000000000001,-0.5906019230091295,1.080000000000001,-0.5930110266730322,1.080000000000001,-0.5966162237066714,1.080000000000001,-0.6002290021599523,1.080000000000001,-0.6029341056516746,1.080000000000001,-0.6050389671389642,1.080000000000001,-0.6067254095596444,1.080000000000001,-0.6081080846465535,1.080000000000001,-0.6092629916690128
1.090000000000001,-0.5262117180795784,1.090000000000001,-0.5577462503215407,1.090000000000001,-0.5723888125950631,1.090000000000001,-0.5806007651304156,1.090000000000001,-0.5882664528207405,1.090000000000001,-0.5935946892406616,1.090000000000001,-0.5975279447319171,1.090000000000001,-0.6005594247749894,1.090000000000001,-0.6029727982341135,1.090000000000001,-0.6065844420913399,1.090000000000001,-0.6102017240111157,1.090000000000001,-0.612910230662958,1.090000000000001,-0.615017751383505,1.090000000000001,-0.6167063272205069,1.090000000000001,-0.6180907507114041,1.090000000000001,-0.6192471159961187
1.100000000000001,-0.5359975544077367,1.100000000000001,-0.5676154844920148,1.100000000000001,-0.5822929639171452,1.100000000000001,-0.5905249004755651,1.100000000000001,-0.598202545854852,1.100000000000001,-0.6035396324753143,1.100000000000001,-0.6074796652104841,1.100000000000001,-0.6105164853337355,1.100000000000001,-0.6129341666846762,1.100000000000001,-0.6165523177263039,1.100000000000001,-0.6201741494482413,1.100000000000001,-0.6228860947624821,1.100000000000001,-0.624996302753523,1.100000000000001,-0.6266870346887925,1.100000000000001,-0.628073225297638,1.100000000000001,-0.629231064539352
1.110000000000001,-0.54578219795065,1.110000000000001,-0.5774837996979909,1.110000000000001,-0.5921963470883124,1.110000000000001,-0.6004483731998528,1.110000000000001,-0.60813804650738,1.110000000000001,-0.6134840448951849,1.110000000000001,-0.6174309070270589,1.110000000000001,-0.6204731112051454,1.110000000000001,-0.6228951376979702,1.110000000000001,-0.6265198550858774,1.110000000000001,-0.6301462821987567,1.110000000000001,-0.6328617011378181,1.110000000000001,-0.6349746240294587,1.110000000000001,-0.6366675344276496,1.110000000000001,-0.6380555106145923,1.110000000000001,-0.639214839300652
1.120000000000001,-0.5555657019169883,1.120000000000001,-0.5873512248474666,1.120000000000001,-0.6020989813647114,1.120000000000001,-0.6103711973572851,1.120000000000001,-0.6180729657999622,1.120000000000001,-0.6234279354627081,1.120000000000001,-0.6273816776776825,1.120000000000001,-0.630429308798901,1.120000000000001,-0.6328557168523806,1.120000000000001,-0.6364870585702491,1.120000000000001,-0.6401181259294011,1.120000000000001,-0.6428370529252707,1.120000000000001,-0.6449527179474116,1.120000000000001,-0.6466478288612094,1.120000000000001,-0.6480376088367787,1.120000000000001,-0.6491984422505257
1.130000000000001,-0.565348117859376,1.130000000000001,-0.5972177881363105,1.130000000000001,-0.6120008855942188,1.130000000000001,-0.620293386732117,1.130000000000001,-0.6280073145574598,1.130000000000001,-0.6333713129870615,1.130000000000001,-0.6373319845335557,1.130000000000001,-0.6403850844196495,1.130000000000001,-0.6428159096357935,1.130000000000001,-0.6464539325088898,1.130000000000001,-0.6500896842490729,1.130000000000001,-0.6528121532122904,1.130000000000001,-0.6549305872012676,1.130000000000001,-0.6566279203764602,1.130000000000001,-0.65801952210558,1.130000000000001,-0.6591818753295873
1.140000000000001,-0.5751294957424362,1.140000000000001,-0.6070835170781742,1.140000000000001,-0.6219020782343122,1.140000000000001,-0.6302149548513433,1.140000000000001,-0.6379411034172221,1.140000000000001,-0.6433141861314657,1.140000000000001,-0.6472818348470266,1.140000000000001,-0.6503404442720857,1.140000000000001,-0.6527757214499817,1.140000000000001,-0.656420481163977,1.140000000000001,-0.6600609607116648,1.140000000000001,-0.6627870050399221,1.140000000000001,-0.6649082344448292,1.140000000000001,-0.6666078113251486,1.140000000000001,-0.6680012525309518,1.140000000000001,-0.6691651404501144
1.150000000000001,-0.5849098840096632,1.150000000000001,-0.6169484385337455,1.150000000000001,-0.6318025773695574,1.150000000000001,-0.6401359149970023,1.150000000000001,-0.64787434283825,1.150000000000001,-0.6532565634204409,1.150000000000001,-0.6572312357575696,1.150000000000001,-0.6602953944660044,1.150000000000001,-0.6627351576149744,1.150000000000001,-0.6663867087338209,1.150000000000001,-0.6700319588189394,1.150000000000001,-0.6727616114052744,1.150000000000001,-0.6748856622939849,1.150000000000001,-0.6765875040257039,1.150000000000001,-0.677982802193163,1.150000000000001,-0.6791482394976232
1.160000000000001,-0.5946893296488593,1.160000000000001,-0.6268125787393029,1.160000000000001,-0.6417024007287314,1.160000000000001,-0.6500562802182368,1.160000000000001,-0.6578070431102565,1.160000000000001,-0.663198453247015,1.160000000000001,-0.6671801942977484,1.160000000000001,-0.6702499410213628,1.160000000000001,-0.6726942233734527,1.160000000000001,-0.6763526193563099,1.160000000000001,-0.6800026820234275,1.160000000000001,-0.6827359752640098,1.160000000000001,-0.6848628733288948,1.160000000000001,-0.6865670007652079,1.160000000000001,-0.6879641731445647,1.160000000000001,-0.6891311743324893
1.170000000000001,-0.6044678782560139,1.170000000000001,-0.6366759633345171,1.170000000000001,-0.6516015657015365,1.170000000000001,-0.6599760633431647,1.170000000000001,-0.6677392143626275,1.170000000000001,-0.67313986387989,1.170000000000001,-0.6771287173991518,1.170000000000001,-0.6802040898733571,1.170000000000001,-0.682652923895148,1.170000000000001,-0.6863182171123903,1.170000000000001,-0.6899731337313558,1.170000000000001,-0.6927100995328932,1.170000000000001,-0.6948398700962379,1.170000000000001,-0.6965463038013838,1.170000000000001,-0.697945367411404,1.170000000000001,-0.6991139467915991
1.180000000000001,-0.6142455740974643,1.180000000000001,-0.6465386173894913,1.180000000000001,-0.661500089354931,1.180000000000001,-0.6698952769905334,1.180000000000001,-0.6776708665733007,1.180000000000001,-0.6830808034705811,1.180000000000001,-0.6870768118983588,1.180000000000001,-0.6901578468774983,1.180000000000001,-0.6926112642812816,1.180000000000001,-0.6962835060295867,1.180000000000001,-0.6999433173056289,1.180000000000001,-0.7026839870923659,1.180000000000001,-0.7048166551115035,1.180000000000001,-0.7065254153646616,1.180000000000001,-0.7079263869956904,1.180000000000001,-0.7090965586900534
1.190000000000001,-0.6240224601702755,1.190000000000001,-0.656400565431018,1.190000000000001,-0.6713979884490742,1.190000000000001,-0.6798139335811879,1.190000000000001,-0.6876020095775695,1.190000000000001,-0.6930212800605469,1.190000000000001,-0.6970244845429066,1.190000000000001,-0.7001112178147584,1.190000000000001,-0.7025692495690558,1.190000000000001,-0.706248490085559,1.190000000000001,-0.7099132360688725,1.190000000000001,-0.7126576407892189,1.190000000000001,-0.7147932308613481,1.190000000000001,-0.7165043376603013,1.190000000000001,-0.7179072338771291,1.190000000000001,-0.7190790118229574
1.200000000000001,-0.6337985782607536,1.200000000000001,-0.6662618314680611,1.200000000000001,-0.6812952794528926,1.200000000000001,-0.6897320453493931,1.200000000000001,-0.6975326530768661,1.200000000000001,-0.7029613015883587,1.200000000000001,-0.7069717419973287,1.200000000000001,-0.7100642083967602,1.200000000000001,-0.712526884736207,1.200000000000001,-0.716213173211766,1.200000000000001,-0.7198828933065728,1.200000000000001,-0.722631063439338,1.200000000000001,-0.7247695998060554,1.200000000000001,-0.7264830728706131,1.200000000000001,-0.7278879100151439,1.200000000000001,-0.7290613079672654
1.210000000000001,-0.6435739690010915,1.210000000000001,-0.6761224390164754,1.210000000000001,-0.6911919785593112,1.210000000000001,-0.6996496243539896,1.210000000000001,-0.7074628066475164,1.210000000000001,-0.7129008758968893,1.210000000000001,-0.7169185908492608,1.210000000000001,-0.7200168242710825,1.210000000000001,-0.7224841747056862,1.210000000000001,-0.7261775592972233,1.210000000000001,-0.7298522922703168,1.210000000000001,-0.732604257830565,1.210000000000001,-0.7347457643820933,1.210000000000001,-0.7364616231572774,1.210000000000001,-0.7378684173510066,1.210000000000001,-0.7390434488837525
1.220000000000001,-0.6533486719241111,1.220000000000001,-0.6859824111229867,1.220000000000001,-0.7010881017001448,1.220000000000001,-0.7095666824894826,1.220000000000001,-0.7173924797495266,1.220000000000001,-0.7228400107406243,1.220000000000001,-0.7268650376156767,1.220000000000001,-0.7299690710266805,1.220000000000001,-0.7324411243504547,1.220000000000001,-0.7361416521923843,1.220000000000001,-0.7398214361811879,1.220000000000001,-0.7425772267257127,1.220000000000001,-0.7447217270048379,1.220000000000001,-0.7464399906638213,1.220000000000001,-0.7478487578100995,1.220000000000001,-0.7490254363191076
1.230000000000001,-0.6631227255161238,1.230000000000001,-0.6958417703884365,1.230000000000001,-0.7109836645607135,1.230000000000001,-0.7194832314970592,1.230000000000001,-0.7273216817354571,1.230000000000001,-0.7327787137930866,1.230000000000001,-0.7368110887492832,1.230000000000001,-0.7399209541995093,1.230000000000001,-0.742397738498473,1.230000000000001,-0.7461054557132205,1.230000000000001,-0.7497903282333287,1.230000000000001,-0.7525499728657548,1.230000000000001,-0.7546974900714474,1.230000000000001,-0.7564181775182455,1.230000000000001,-0.7578289333043513,1.230000000000001,-0.7590072720081846
1.240000000000001,-0.6728961672679264,1.240000000000001,-0.7057005389903614,1.240000000000001,-0.7208786825941991,1.240000000000001,-0.7293992829755868,1.240000000000001,-0.7372504218594075,1.240000000000001,-0.7427169926544667,1.240000000000001,-0.7467567506451447,1.240000000000001,-0.7498724792783518,1.240000000000001,-0.7523540219379194,1.240000000000001,-0.7560689736455088,1.240000000000001,-0.7597589715977477,1.240000000000001,-0.7625224989732348,1.240000000000001,-0.7646730559639714,1.240000000000001,-0.7663961858358853,1.240000000000001,-0.767808945734868,1.240000000000001,-0.7689889576764564
1.250000000000001,-0.6826690337239754,1.250000000000001,-0.7155587387048934,1.250000000000001,-0.7307731710357865,1.250000000000001,-0.739314848392674,1.250000000000001,-0.7471787092862018,1.250000000000001,-0.7526548548595067,1.250000000000001,-0.7567020296475793,1.250000000000001,-0.7598236517109564,1.250000000000001,-0.7623099794227034,1.250000000000001,-0.7660322097493961,1.250000000000001,-0.7697273694263902,1.250000000000001,-0.772494807755961,1.250000000000001,-0.7746484270527316,1.250000000000001,-0.7763740177225087,1.250000000000001,-0.7777887969948112,1.250000000000001,-0.7789704950426993
1.260000000000001,-0.6924413605297716,1.260000000000001,-0.7254163909280745,1.260000000000001,-0.7406671449166417,1.260000000000001,-0.74922993909582,1.260000000000001,-0.757106553100814,1.260000000000001,-0.7625923078856922,1.260000000000001,-0.7666469320574176,1.260000000000001,-0.769774476910534,1.260000000000001,-0.7722656156783343,1.260000000000001,-0.7759951677642986,1.260000000000001,-0.7796955248565605,1.260000000000001,-0.7824669019110259,1.260000000000001,-0.784623605700004,1.260000000000001,-0.7863516752777457,1.260000000000001,-0.7877684889725929,1.260000000000001,-0.7889518858219712
1.270000000000001,-0.7022131824775254,1.270000000000001,-0.7352735166965841,1.270000000000001,-0.7505606190777834,1.270000000000001,-0.7591445663237574,1.270000000000001,-0.7670339623181534,1.270000000000001,-0.7725293591619002,1.270000000000001,-0.7765914641397141,1.270000000000001,-0.7797249602627085,1.270000000000001,-0.7822209354082306,1.270000000000001,-0.785957851414233,1.270000000000001,-0.7896634410157537,1.270000000000001,-0.7924387841292477,1.270000000000001,-0.7945985942641282,1.270000000000001,-0.796329160598886,1.270000000000001,-0.7977480235554136,1.270000000000001,-0.7989331317289425
1.280000000000001,-0.7119845335501537,1.280000000000001,-0.7451301367079455,1.280000000000001,-0.7604536081838914,1.280000000000001,-0.7690587412180369,1.280000000000001,-0.7769609458932804,1.280000000000001,-0.7824660160775232,1.280000000000001,-0.786535632131995,1.280000000000001,-0.7896751071330095,1.280000000000001,-0.7921759433005957,1.280000000000001,-0.7959202644136348,1.280000000000001,-0.7996311210269953,1.280000000000001,-0.8024104571000934,1.280000000000001,-0.8045733951040754,1.280000000000001,-0.8063064757851496,1.280000000000001,-0.807727402633265,1.280000000000001,-0.8089142344816429
1.290000000000001,-0.7217554469636738,1.290000000000001,-0.754986271340276,1.290000000000001,-0.7703461267371261,1.290000000000001,-0.7789724748349763,1.290000000000001,-0.7868875127321715,1.290000000000001,-0.792402285992259,1.290000000000001,-0.796479442253186,1.290000000000001,-0.7996249228750612,1.290000000000001,-0.8021306440359193,1.290000000000001,-0.8058824104738125,1.290000000000001,-0.809598568014801,1.290000000000001,-0.8123819235172085,1.290000000000001,-0.8145480105846032,1.290000000000001,-0.8162836229425,1.290000000000001,-0.8177066281034486,1.290000000000001,-0.8188951958057313
1.300000000000001,-0.7315259552080583,1.300000000000001,-0.7648419406716008,1.300000000000001,-0.7802381890910305,1.300000000000001,-0.7888857781580719,1.300000000000001,-0.7968136717031521,1.300000000000001,-0.8023381762466789,1.300000000000001,-0.8064229007133652,1.300000000000001,-0.8095744128395742,1.300000000000001,-0.8120850422953119,1.300000000000001,-0.815844293310124,1.300000000000001,-0.8195657851118738,1.300000000000001,-0.8223531860846679,1.300000000000001,-0.8245224430821017,1.300000000000001,-0.8262606041891452,1.300000000000001,-0.8276857018757535,1.300000000000001,-0.8288760174393723
1.310000000000001,-0.7412960900866423,1.310000000000001,-0.7746971644988035,1.310000000000001,-0.7901298094645887,1.310000000000001,-0.7987986621109712,1.310000000000001,-0.8067394316491898,1.310000000000001,-0.8122736941737312,1.310000000000001,-0.8163660137244779,1.310000000000001,-0.8195235823843243,1.310000000000001,-0.8220391427697989,1.310000000000001,-0.8258059166500851,1.310000000000001,-0.8295327754666917,1.310000000000001,-0.8323242475241093,1.310000000000001,-0.8344966949912984,1.310000000000001,-0.8362374216618369,1.310000000000001,-0.8376646258783984,1.310000000000001,-0.8388567011388622
1.320000000000001,-0.7510658827541369,1.320000000000001,-0.7845519623562861,1.320000000000001,-0.800021001956543,1.320000000000001,-0.8087111375712001,1.320000000000001,-0.8166648014011731,1.320000000000001,-0.8222088471114077,1.320000000000001,-0.8263087875122854,1.320000000000001,-0.8294724368853396,1.320000000000001,-0.8319929501707715,1.320000000000001,-0.8357672842425349,1.320000000000001,-0.8394995422521854,1.320000000000001,-0.8422951105828986,1.320000000000001,-0.8444707687329649,1.320000000000001,-0.8462140775231528,1.320000000000001,-0.8476434020649164,1.320000000000001,-0.8488372486851461
1.330000000000001,-0.7608353637533192,1.330000000000001,-0.7944063535343659,1.330000000000001,-0.8099117805600433,1.330000000000001,-0.8186232153847632,1.330000000000001,-0.8265897897924358,1.330000000000001,-0.8321436424167884,1.330000000000001,-0.836251228329713,1.330000000000001,-0.8394209817495146,1.330000000000001,-0.8419464692418626,1.330000000000001,-0.8457283998681364,1.330000000000001,-0.8494660886757065,1.330000000000001,-0.8522657780435807,1.330000000000001,-0.8544446667628458,1.330000000000001,-0.856190573969936,1.330000000000001,-0.85762203242216,1.330000000000001,-0.8588176618914092
1.340000000000001,-0.7706045630504998,1.340000000000001,-0.8042603570975095,1.340000000000001,-0.8198021591777681,1.340000000000001,-0.8285349063818302,1.340000000000001,-0.8365144056747349,1.340000000000001,-0.8420780874817333,1.340000000000001,-0.8461933424719532,1.340000000000001,-0.8493692224289564,1.340000000000001,-0.8518997047725053,1.340000000000001,-0.8556892673514407,1.340000000000001,-0.8594324179905682,1.340000000000001,-0.8622362527348379,1.340000000000001,-0.8644183915820591,1.340000000000001,-0.866166913243172,1.340000000000001,-0.867600518979639,1.340000000000001,-0.868797942611958
1.350000000000001,-0.7803735100698157,1.350000000000001,-0.8141139919024417,1.350000000000001,-0.8296921516376388,1.350000000000001,-0.8384462213937444,1.350000000000001,-0.8464386579360308,1.350000000000001,-0.8520121897505895,1.350000000000001,-0.8561351362936304,1.350000000000001,-0.8593171644373983,1.350000000000001,-0.8618526616135366,1.350000000000001,-0.8656498905748635,1.350000000000001,-0.8693985335094516,1.350000000000001,-0.8722065375442964,1.350000000000001,-0.8743919457492575,1.350000000000001,-0.8761430976395139,1.350000000000001,-0.8775788638205094,1.350000000000001,-0.8787780927526535
1.360000000000001,-0.7901422337264377,1.360000000000001,-0.8239672766162434,1.360000000000001,-0.8395817717092621,1.360000000000001,-0.8483571712715957,1.360000000000001,-0.8563625555203467,1.360000000000001,-0.8619459567402621,1.360000000000001,-0.866076616228441,1.360000000000001,-0.8692648133691183,1.360000000000001,-0.8718053446952223,1.360000000000001,-0.8756102734949257,1.360000000000001,-0.879364438620089,1.360000000000001,-0.8821766354334902,1.360000000000001,-0.8843653318948987,1.360000000000001,-0.8861191295248718,1.360000000000001,-0.8875570690944643,1.360000000000001,-0.8887581142831724
1.370000000000001,-0.799910762458772,1.370000000000001,-0.8338202297344696,1.370000000000001,-0.849471033121269,1.370000000000001,-0.8582677669066811,1.370000000000001,-0.8662861074501848,1.370000000000001,-0.8718793960631447,1.370000000000001,-0.8760177888117835,1.370000000000001,-0.8792121749208177,1.370000000000001,-0.8817577590482313,1.370000000000001,-0.8855704201612568,1.370000000000001,-0.8893301368036302,1.370000000000001,-0.8921465494554894,1.370000000000001,-0.8943385527380424,1.370000000000001,-0.8960950113503894,1.370000000000001,-0.8975351370329399,1.370000000000001,-0.898738009251499
1.380000000000001,-0.8096791242597038,1.380000000000001,-0.843672869599416,1.380000000000001,-0.8593599495797695,1.380000000000001,-0.8681780192532016,1.380000000000001,-0.876209322851941,1.380000000000001,-0.8818125154534355,1.380000000000001,-0.8859586607069141,1.380000000000001,-0.8891592549170695,1.380000000000001,-0.8917099098280932,1.380000000000001,-0.8955303347388593,1.380000000000001,-0.8992956316562621,1.380000000000001,-0.9021162827756327,1.380000000000001,-0.9043116111061458,1.380000000000001,-0.9060707456713037,1.380000000000001,-0.9075130699670757,1.380000000000001,-0.9087177798010138
1.390000000000001,-0.819447346706984,1.390000000000001,-0.8535252144186013,1.390000000000001,-0.8692485347880909,1.390000000000001,-0.8780879393536433,1.390000000000001,-0.8861322109848909,1.390000000000001,-0.8917453227975034,1.390000000000001,-0.8958992387353349,1.390000000000001,-0.8991060593400149,1.390000000000001,-0.901661802343845,1.390000000000001,-0.9054900215343096,1.390000000000001,-0.9092609269146625,1.390000000000001,-0.9120858386959871,1.390000000000001,-0.9142845099584378,1.390000000000001,-0.9160463351692125,1.390000000000001,-0.9174908703489039,1.390000000000001,-0.9186974281906648
1.400000000000001,-0.8292154569928237,1.400000000000001,-0.8633772822835903,1.400000000000001,-0.8791368024681022,1.400000000000001,-0.8879975383672871,1.400000000000001,-0.8960547812744345,1.400000000000001,-0.9016778261690452,1.400000000000001,-0.9058395299121991,1.400000000000001,-0.9090525943640915,1.400000000000001,-0.9116134420916331,1.400000000000001,-0.9154494850266098,1.400000000000001,-0.9192260264860399,1.400000000000001,-0.9220552206842301,1.400000000000001,-0.9242572524134873,1.400000000000001,-0.9260217826783361,1.400000000000001,-0.9274685407763443,1.400000000000001,-0.9286769568187748
1.410000000000001,-0.8389834819527446,1.410000000000001,-0.8732290911892391,1.410000000000001,-0.8890247663833848,1.410000000000001,-0.8979068276024651,1.410000000000001,-0.9059770433503176,1.410000000000001,-0.9116100338698954,1.410000000000001,-0.9157795414876404,1.410000000000001,-0.9189988663967501,1.410000000000001,-0.9215648347942118,1.410000000000001,-0.9254087299035982,1.410000000000001,-0.9291909344835606,1.410000000000001,-0.9320244324076663,1.410000000000001,-0.9342298417817056,1.410000000000001,-0.9359970912164481,1.410000000000001,-0.9374460840226269,1.410000000000001,-0.938656368251009
1.420000000000001,-0.8487514480937899,1.420000000000001,-0.8830806590535232,1.420000000000001,-0.8989124403645982,1.420000000000001,-0.907815818553187,1.420000000000001,-0.9158990070907733,1.420000000000001,-0.9215419544775219,1.420000000000001,-0.9257192809950958,1.420000000000001,-0.9289448821261812,1.420000000000001,-0.931515986447348,1.420000000000001,-0.9353677611048388,1.420000000000001,-0.9391556552680713,1.420000000000001,-0.9419934777732969,1.420000000000001,-0.9442022816035279,1.420000000000001,-0.9459722640211947,1.420000000000001,-0.9474235030707767,1.420000000000001,-0.9486356652531587
1.430000000000001,-0.8585193816221354,1.430000000000001,-0.8929320037380609,1.430000000000001,-0.908799838337419,1.430000000000001,-0.917724522940909,1.430000000000001,-0.9258206826735308,1.430000000000001,-0.9314735969003014,1.430000000000001,-0.9356587563077607,1.430000000000001,-0.938890648577263,1.430000000000001,-0.9414669033743182,1.430000000000001,-0.9453265838721463,1.430000000000001,-0.949120193497144,1.430000000000001,-0.9519623609747762,1.430000000000001,-0.9541745756941082,1.430000000000001,-0.9559473045924923,1.430000000000001,-0.9574008011538451,1.430000000000001,-0.9586148508292975
1.440000000000001,-0.8682873084701748,1.440000000000001,-0.9027831430694969,1.440000000000001,-0.9186869743534879,1.440000000000001,-0.9276329527622758,1.440000000000001,-0.9357420806348482,1.440000000000001,-0.9414049704418228,1.440000000000001,-0.9455979757045019,1.440000000000001,-0.9488361731769633,1.440000000000001,-0.9514175922897306,1.440000000000001,-0.9552852038088494,1.440000000000001,-0.9590845541824198,1.440000000000001,-0.9619310865471604,1.440000000000001,-0.9641467281952736,1.440000000000001,-0.965922216741717,1.440000000000001,-0.9673779818014179,1.440000000000001,-0.9685939282658227
1.450000000000001,-0.8780552543231591,1.450000000000001,-0.9126340948619149,1.450000000000001,-0.9285738626248718,1.450000000000001,-0.9375411203437892,1.450000000000001,-0.9456632119377621,1.450000000000001,-0.951336084875556,1.450000000000001,-0.9555369479465351,1.450000000000001,-0.9587814638305783,1.450000000000001,-0.9613680603739583,1.450000000000001,-0.9652436269490192,1.450000000000001,-0.9690487427562731,1.450000000000001,-0.9718996594302829,1.450000000000001,-0.9741187436354032,1.450000000000001,-0.9758970046481603,1.450000000000001,-0.9773550488928864,1.450000000000001,-0.9785729011817217
1.460000000000001,-0.8878232446454333,1.460000000000001,-0.9224848769404688,1.460000000000001,-0.9384605175626126,1.460000000000001,-0.9474490384044406,1.460000000000001,-0.9555840880508317,1.460000000000001,-0.9612669505312299,1.460000000000001,-0.9654756823662189,1.460000000000001,-0.9687265290100421,1.460000000000001,-0.9713183153594231,1.460000000000001,-0.9752018598377474,1.460000000000001,-0.9790127651485976,1.460000000000001,-0.9818680850412899,1.460000000000001,-0.9840906269976102,1.460000000000001,-0.9858716729230386,1.460000000000001,-0.9873320067175155,1.460000000000001,-0.9885517735850791
1.470000000000001,-0.8975913047063476,1.470000000000001,-0.9323355071664555,1.470000000000001,-0.9483469538199533,1.470000000000001,-0.9573567201273778,1.470000000000001,-0.9655047210386505,1.470000000000001,-0.9711975783941369,1.470000000000001,-0.9754141889691568,1.470000000000001,-0.9786713778554273,1.470000000000001,-0.9812683656297144,1.470000000000001,-0.9851599096233402,1.470000000000001,-0.988976627874192,1.470000000000001,-0.9918363693565215,1.470000000000001,-0.9940623837961448,1.470000000000001,-0.9958462266807266,1.470000000000001,-0.9973088600409818,1.470000000000001,-0.9985305499353108
1.480000000000001,-0.9073594596058946,1.480000000000001,-0.942186003464062,1.480000000000001,-0.9582331863409964,1.480000000000001,-0.9672641792416873,1.480000000000001,-0.9754251236652414,1.480000000000001,-0.9811279802184396,1.480000000000001,-0.98535247855042,1.480000000000001,-0.9886160202903331,1.480000000000001,-0.9912182203321389,1.480000000000001,-0.9951177841618211,1.480000000000001,-0.9989403381305985,1.480000000000001,-1.001804519002199,1.480000000000001,-1.004034020160208,1.480000000000001,-1.005820671616252,1.480000000000001,-1.007285614177159,1.480000000000001,-1.008509235209873
1.490000000000001,-0.9171277343001577,1.490000000000001,-0.9520363838490529,1.490000000000001,-0.9681192304154591,1.490000000000001,-0.9771714301153129,1.490000000000001,-0.9853453095111998,1.490000000000001,-0.9910581686549338,1.490000000000001,-0.9952905628251244,1.490000000000001,-0.9985604671510802,1.490000000000001,-1.001167889503433,1.490000000000001,-1.005075492133289,1.490000000000001,-1.008903903905287,1.490000000000001,-1.011772541352343,1.490000000000001,-1.014005542923266,1.490000000000001,-1.015795014086939,1.490000000000001,-1.01726227506298,1.490000000000001,-1.018487834973185
1.5,-0.9268961536265897,1.5,-0.9618866664596872,1.5,-0.9780051017403861,1.5,-0.9870784878599027,1.5,-0.9952652931048366,1.5,-1.000988157392946,1.5,-1.005228454572499,1.5,-1.00850473032857,1.5,-1.011117384207266,1.5,-1.01503304316847,1.5,-1.018867334089707,1.5,-1.021740444630904,1.5,-1.023976959714574,1.5,-1.025769261194687,1.5,-1.027238849332794,1.5,-1.028466355444156
