nch18_Cgd_Cgg (ll=4e-07) X,nch18_Cgd_Cgg (ll=4e-07) Y,nch18_Cgd_Cgg (ll=5e-07) X,nch18_Cgd_Cgg (ll=5e-07) Y,nch18_Cgd_Cgg (ll=6e-07) X,nch18_Cgd_Cgg (ll=6e-07) Y,nch18_Cgd_Cgg (ll=7e-07) X,nch18_Cgd_Cgg (ll=7e-07) Y,nch18_Cgd_Cgg (ll=8e-07) X,nch18_Cgd_Cgg (ll=8e-07) Y,nch18_Cgd_Cgg (ll=9e-07) X,nch18_Cgd_Cgg (ll=9e-07) Y,nch18_Cgd_Cgg (ll=1e-06) X,nch18_Cgd_Cgg (ll=1e-06) Y,nch18_Cgd_Cgg (ll=1.2e-06) X,nch18_Cgd_Cgg (ll=1.2e-06) Y,nch18_Cgd_Cgg (ll=1.4e-06) X,nch18_Cgd_Cgg (ll=1.4e-06) Y,nch18_Cgd_Cgg (ll=1.6e-06) X,nch18_Cgd_Cgg (ll=1.6e-06) Y,nch18_Cgd_Cgg (ll=1.8e-06) X,nch18_Cgd_Cgg (ll=1.8e-06) Y,nch18_Cgd_Cgg (ll=2e-06) X,nch18_Cgd_Cgg (ll=2e-06) Y,nch18_Cgd_Cgg (ll=2.2e-06) X,nch18_Cgd_Cgg (ll=2.2e-06) Y,nch18_Cgd_Cgg (ll=2.4e-06) X,nch18_Cgd_Cgg (ll=2.4e-06) Y,nch18_Cgd_Cgg (ll=3.5e-07) X,nch18_Cgd_Cgg (ll=3.5e-07) Y
0,-0.2034080040112766,0,-0.1728683587032794,0,-0.1503987542065797,0,-0.1331511880945899,0,-0.1194829819873796,0,-0.1083782008543118,0,-0.09917380743003393,0,-0.08479283784139985,0,-0.07406736678934471,0,-0.06575735633370632,0,-0.05912774148538451,0,-0.0537147428898066,0,-0.04921111699142602,0,-0.0454051727902008,0,-0.2232264933818959
0.01,-0.2040527041533968,0.01,-0.1734732851551053,0.01,-0.1509593134784616,0.01,-0.1336694752993988,0.01,-0.11996295779933,0.01,-0.1088240652104595,0.01,-0.09958945824133116,0.01,-0.08515794251391025,0.01,-0.074392272901043,0.01,-0.06604973988756352,0.01,-0.05939336323279735,0.01,-0.05395800200760925,0.01,-0.04943543370716829,0.01,-0.04561325149670738,0.01,-0.2238837480869004
0.02,-0.2046864640707034,0.02,-0.1740679135675933,0.02,-0.1515102800556996,0.02,-0.1341788416474555,0.02,-0.1204346251956249,0.02,-0.1092621709836312,0.02,-0.09999784189390359,0.02,-0.08551661292260294,0.02,-0.0747114177469151,0.02,-0.06633691397853339,0.02,-0.05965423461530574,0.02,-0.05419689790278445,0.02,-0.04965571762286567,0.02,-0.04581758245059501,0.02,-0.2245298512426644
0.03,-0.2053092844224514,0.03,-0.1746522088885849,0.03,-0.1520516052675775,0.03,-0.1346792350602922,0.03,-0.1208979333134079,0.03,-0.1096924704725685,0.03,-0.1003989145062905,0.03,-0.08586881270028765,0.03,-0.07502477123469344,0.03,-0.06661885343804468,0.03,-0.05991033427792783,0.03,-0.05443141218772194,0.03,-0.04987195268666574,0.03,-0.0460181514648654,0.03,-0.225164836839457
0.04,-0.2059211926923683,0.04,-0.1752261675791793,0.04,-0.1525832735246835,0.04,-0.1351706363115595,0.04,-0.121352862913942,0.04,-0.1101149458562265,0.04,-0.1007926601063271,0.04,-0.08621452937306678,0.04,-0.07533232349487855,0.04,-0.06689555015876671,0.04,-0.06016165526697569,0.04,-0.05466153865703614,0.04,-0.05008413318034759,0.04,-0.04621495314307575,0.04,-0.2257887615069581
0.05,-0.2065222437937995,0.05,-0.1757898171546858,0.05,-0.1531053005580659,0.05,-0.1356530560232419,0.05,-0.1217994222941139,0.05,-0.1105296041993175,0.05,-0.1011790848990065,0.05,-0.08655376757183879,0.05,-0.07563407745178735,0.05,-0.06716700530568084,0.05,-0.06040819706798917,0.05,-0.05488727527656072,0.05,-0.05029225574184129,0.05,-0.04640798298986019,0.05,-0.2264017053431548
0.06,-0.2071125174002915,0.06,-0.1763432121109307,0.06,-0.1536177278293132,0.06,-0.1361265277150122,0.06,-0.1222376391998452,0.06,-0.1109364684522331,0.06,-0.1015582075492413,0.06,-0.08688653834634376,0.06,-0.07593003761344709,0.06,-0.06743321787163244,0.06,-0.06064995411472649,0.06,-0.05510861276717254,0.06,-0.0504963081018314,0.06,-0.04659722634954005,0.06,-0.227003769687829
0.07000000000000001,-0.207692111335503,0.07000000000000001,-0.1768864255782139,0.07000000000000001,-0.1541206124681883,0.07000000000000001,-0.1365910962709066,0.07000000000000001,-0.1226675481042371,0.07000000000000001,-0.1113355637995756,0.07000000000000001,-0.1019300448204378,0.07000000000000001,-0.0872128438904958,0.07000000000000001,-0.07622019435850465,0.07000000000000001,-0.06769416883140514,0.07000000000000001,-0.06088690000669103,0.07000000000000001,-0.0553255190113516,0.07000000000000001,-0.05069625375868246,0.07000000000000001,-0.04678264339810483,0.07000000000000001,-0.2275950711823836
0.08,-0.2082611303490834,0.08,-0.1774195360069035,0.08,-0.1546140120117307,0.08,-0.1370468010565598,0.08,-0.1230891720357836,0.08,-0.1117268984919953,0.08,-0.1022945916538957,0.08,-0.0875326566761362,0.08,-0.07650450265026862,0.08,-0.06794979977825923,0.08,-0.06111896629065834,0.08,-0.05553791812349657,0.08,-0.05089201142893632,0.08,-0.04696414902999538,0.08,-0.2281757314563585
0.09,-0.2088196694926782,0.09,-0.1779426080196961,0.09,-0.1550979629828728,0.09,-0.1374936526193735,0.09,-0.1235024977835335,0.09,-0.112110437889243,0.09,-0.1026517943280879,0.09,-0.08784589149184309,0.09,-0.07678285357721577,0.09,-0.06819998438220537,0.09,-0.06134601411389642,0.09,-0.05574566248105226,0.09,-0.05108342757486755,0.09,-0.0471415859562439,0.09,-0.2287458616852918
0.09999999999999999,-0.2093677910367899,0.09999999999999999,-0.1784556662109069,0.09999999999999999,-0.1555724519065752,0.09999999999999999,-0.1379316013877277,0.09999999999999999,-0.1239074427269186,0.09999999999999999,-0.112486069813731,0.09999999999999999,-0.1030015146708767,0.09999999999999999,-0.08815236817143733,0.09999999999999999,-0.07705503638837059,0.09999999999999999,-0.06844449027643183,0.09999999999999999,-0.06156779633237273,0.09999999999999999,-0.05594849530373441,0.09999999999999999,-0.05127023961893833,0.09999999999999999,-0.04731468865882703,0.09999999999999999,-0.2293055410206681
0.11,-0.2099054933879789,0.11,-0.1789586600888571,0.11,-0.1560373766788224,0.11,-0.1383604960210899,0.11,-0.1243038107107757,0.11,-0.1128535584407389,0.11,-0.1033434823927943,0.11,-0.0884517618600716,0.11,-0.07732068775158035,0.11,-0.06868292805086237,0.11,-0.06178390675207071,0.11,-0.05614600049020422,0.11,-0.05145202660661005,0.11,-0.04748303502796434,0.11,-0.2298547874545548
0.12,-0.2104326697424584,0.12,-0.1794514175126945,0.12,-0.1564924952530014,0.12,-0.1387800280300331,0.12,-0.1246912332945415,0.12,-0.1132124828208553,0.12,-0.103677231455682,0.12,-0.08874353649907624,0.12,-0.0775792238115928,0.12,-0.06891468291182734,0.12,-0.06199371210060432,0.12,-0.05633753538308066,0.12,-0.05162814308376432,0.12,-0.04764598155643376,0.12,-0.2303935190148292
0.13,-0.2109490532240842,0.13,-0.1799335828507289,0.13,-0.1569373573741425,0.13,-0.1391896579725999,0.13,-0.1250690913411603,0.13,-0.1135621547381955,0.13,-0.1040020149875315,0.13,-0.08902685582000959,0.13,-0.07782974927538878,0.13,-0.06913882327287794,0.13,-0.06219626109374504,0.13,-0.05652214096318402,0.13,-0.05179763084617939,0.13,-0.04780257691459645,0.13,-0.2309215022688606
0.14,-0.2114541439885675,0.14,-0.1804045346730064,0.14,-0.1573712135678026,0.14,-0.1395885169394532,0.14,-0.1254364102795505,0.14,-0.1139015089640029,0.14,-0.1043166916173095,0.14,-0.08930046455303961,0.14,-0.078070936247078,0.14,-0.06935397912853783,0.14,-0.06239016364259163,0.14,-0.05669842274678237,0.14,-0.05195910207803509,0.14,-0.04795144766979625,0.14,-0.231438283930094
0.15,-0.211947112225271,0.15,-0.1808632760850561,0.15,-0.1577928937829939,0.15,-0.1399752751804172,0.15,-0.1257917205016314,0.15,-0.1142289571092265,0.15,-0.104619574286114,0.15,-0.08956253085521221,0.15,-0.07830086397944719,0.15,-0.06955818165811976,0.15,-0.06257343198843009,0.15,-0.05686439453716339,0.15,-0.05211058639835173,0.15,-0.04809064902784264,0.15,-0.2319430999057369
0.16,-0.2124266691582791,0.16,-0.1813082888290636,0.16,-0.1582006460309267,0.16,-0.1403479676539056,0.16,-0.1261328723194944,0.16,-0.1145421943158348,0.16,-0.1049082307235536,0.16,-0.08981043933090244,0.16,-0.07851680932900046,0.16,-0.06974865437296617,0.16,-0.062743274646412,0.16,-0.05701727648040485,0.16,-0.05224933381314487,0.16,-0.04821747311052067,0.16,-0.2324347543963386
0.17,-0.2128908960708081,0.17,-0.1817373400806474,0.17,-0.1585919231467796,0.17,-0.1407037641340854,0.17,-0.1264567928920952,0.17,-0.1148379461838145,0.17,-0.1051792231358637,0.17,-0.09004052281026202,0.17,-0.07871497692868389,0.17,-0.06992154574825407,0.17,-0.06289583402156855,0.17,-0.05715323916403699,0.17,-0.0523715661206027,0.17,-0.04832820805210555,0.17,-0.232911459682068
0.18,-0.2133370191398606,0.18,-0.1821472285961679,0.18,-0.1589631036411996,0.18,-0.1410386695767451,0.18,-0.1267591709025868,0.18,-0.1151116420574007,0.18,-0.1054277737594077,0.18,-0.09024772093117849,0.18,-0.07889015869530415,0.18,-0.07007159452052222,0.18,-0.06302586034266706,0.18,-0.0572670877298977,0.18,-0.05247217191792496,0.18,-0.04841784409709807,0.18,-0.2333706250755096
0.19,-0.2137611156709197,0.19,-0.1825334548164457,0.19,-0.1593091309223088,0.19,-0.1413471392747231,0.19,-0.1270340542093009,0.19,-0.1153570008978968,0.19,-0.1056473437137965,0.19,-0.09042515565719675,0.19,-0.07903531553651577,0.19,-0.07019172305877504,0.19,-0.06312631958448041,0.19,-0.05735188563344623,0.19,-0.05254434651601551,0.19,-0.04847972941926455,0.19,-0.2338085813493872
0.2,-0.21415773556113,0.2,-0.1828897982754797,0.2,-0.1596230547240644,0.2,-0.1416215938997173,0.2,-0.1272733473765588,0.2,-0.1155655188058596,0.2,-0.1058291165603066,0.2,-0.09056361993428917,0.2,-0.07914108196557752,0.2,-0.0702725634849477,0.2,-0.06318794342221665,0.2,-0.05739852888743451,0.2,-0.05257918988191661,0.2,-0.04850519062323512,0.2,-0.2342202250886861
0.21,-0.2145194212103028,0.21,-0.1832077861906662,0.21,-0.1598954606716172,0.21,-0.1418518234289515,0.21,-0.1274662017921003,0.21,-0.1157258549393476,0.21,-0.1059613874504809,0.21,-0.09065098833968811,0.21,-0.07919520950769891,0.21,-0.07030193830111668,0.21,-0.06319874771851339,0.21,-0.05739530102918795,0.21,-0.05256529573689756,0.21,-0.04848315324414726,0.21,-0.234598566473967
0.2200000000000001,-0.2148361108489238,0.2200000000000001,-0.1834760410474579,0.2200000000000001,-0.1601137806037467,0.2200000000000001,-0.1420242786446373,0.2200000000000001,-0.1275983037828934,0.2200000000000001,-0.1158231281548081,0.2200000000000001,-0.1060288769692133,0.2200000000000001,-0.09067158120438149,0.2200000000000001,-0.07918199064149267,0.2200000000000001,-0.07026434534232182,0.2200000000000001,-0.06314357548347224,0.2200000000000001,-0.05732746924232499,0.2200000000000001,-0.05248839541764441,0.2200000000000001,-0.04839982799311469,0.2200000000000001,-0.2349341650046212
0.2300000000000001,-0.2150944162619717,0.2300000000000001,-0.1836795048109738,0.2300000000000001,-0.1602614905713197,0.2300000000000001,-0.1421212678221513,0.2300000000000001,-0.1276510895015794,0.2300000000000001,-0.1158381640834356,0.2300000000000001,-0.1060120196746475,0.2300000000000001,-0.09060554997470908,0.2300000000000001,-0.07908174469495742,0.2300000000000001,-0.07014053835824673,0.2300000000000001,-0.06300376237922443,0.2300000000000001,-0.05717702403110436,0.2300000000000001,-0.05233116136936079,0.2300000000000001,-0.04823856870412525,0.2300000000000001,-0.2352144422563045
0.2400000000000001,-0.2152767789417502,0.2400000000000001,-0.183798556571008,0.2400000000000001,-0.1603172293405995,0.2400000000000001,-0.1421201086783984,0.2400000000000001,-0.127600953684046,0.2400000000000001,-0.1157467756391997,0.2400000000000001,-0.1058863245791549,0.2400000000000001,-0.09042840390836146,0.2400000000000001,-0.07887050143757475,0.2400000000000001,-0.06990734865883493,0.2400000000000001,-0.06275707537588791,0.2400000000000001,-0.05692271495239747,0.2400000000000001,-0.05207332238058097,0.2400000000000001,-0.04798005213530982,0.2400000000000001,-0.2354228713723563
0.2500000000000001,-0.2153605325170218,0.2500000000000001,-0.1838080732757184,0.2500000000000001,-0.1602539122661444,0.2500000000000001,-0.141992335858119,0.2500000000000001,-0.1274185761506618,0.2500000000000001,-0.1155192214953699,0.2500000000000001,-0.1056219693818976,0.2500000000000001,-0.09011086439772734,0.2500000000000001,-0.07852008169658428,0.2500000000000001,-0.06953795175306152,0.2500000000000001,-0.06237812736051512,0.2500000000000001,-0.05654058041945378,0.2500000000000001,-0.0516922815948929,0.2500000000000001,-0.04760296248782293,0.2500000000000001,-0.2355380629396135
0.2600000000000001,-0.2153169381572672,0.2600000000000001,-0.1836765340517269,0.2600000000000001,-0.1600379770575381,0.2600000000000001,-0.1417031340323221,0.2600000000000001,-0.1270685646588049,0.2600000000000001,-0.1151200636304429,0.2600000000000001,-0.1051838659559965,0.2600000000000001,-0.08961930120357624,0.2600000000000001,-0.07799882997966219,0.2600000000000001,-0.06900282453937272,0.2600000000000001,-0.06183949819003703,0.2600000000000001,-0.05600518435184346,0.2600000000000001,-0.05116443157487498,0.2600000000000001,-0.04708535673428432,0.2600000000000001,-0.2355328001885913
0.2700000000000001,-0.2151103171350723,0.2700000000000001,-0.1833653395765485,0.2700000000000001,-0.1596289784080444,0.2700000000000001,-0.1412112510798162,0.2700000000000001,-0.1265096955791559,0.2700000000000001,-0.1145087217390137,0.2700000000000001,-0.1045325016239483,0.2700000000000001,-0.08891704651061413,0.2700000000000001,-0.07727326778784697,0.2700000000000001,-0.06827162590352601,0.2700000000000001,-0.06111375690301851,0.2700000000000001,-0.0552917174320937,0.2700000000000001,-0.0504672901313812,0.2700000000000001,-0.04640680400791926,0.2700000000000001,-0.2353731268393382
0.2800000000000001,-0.2146974810120839,0.2800000000000001,-0.1828286048119757,0.2800000000000001,-0.1589798368974739,0.2800000000000001,-0.140469726389577,0.2800000000000001,-0.125696098686549,0.2800000000000001,-0.1136410658898738,0.2800000000000001,-0.1036258799907783,0.2800000000000001,-0.08796685124030207,0.2800000000000001,-0.07631085886917045,0.2800000000000001,-0.06731611875184752,0.2800000000000001,-0.06017643656898607,0.2800000000000001,-0.05437895703894934,0.2800000000000001,-0.04958240298190728,0.2800000000000001,-0.04555120576845387,0.2800000000000001,-0.2350176597500768
0.2900000000000001,-0.2140277469969217,0.2900000000000001,-0.1820137691914781,0.2900000000000001,-0.158038116212088,0.2900000000000001,-0.1394278075594333,0.2900000000000001,-0.1245797317560743,0.2900000000000001,-0.1124723457433124,0.2900000000000001,-0.1024227997584604,0.2900000000000001,-0.08673458804871882,0.2900000000000001,-0.07508386235569778,0.2900000000000001,-0.06611400016134196,0.2900000000000001,-0.05900974155214899,0.2900000000000001,-0.05325279945003589,0.2900000000000001,-0.04849867809997116,0.2900000000000001,-0.04450992687475103,0.2900000000000001,-0.234417380881746
0.3000000000000001,-0.2130439015015937,0.3000000000000001,-0.1808634169158065,0.3000000000000001,-0.1567487020529118,0.3000000000000001,-0.1380343657018302,0.3000000000000001,-0.1231143616663469,0.3000000000000001,-0.110961563557615,0.3000000000000001,-0.1008874650684908,0.3000000000000001,-0.08519398419712849,0.3000000000000001,-0.0735738911615008,0.3000000000000001,-0.06465313947328494,0.3000000000000001,-0.05760641046569381,0.3000000000000001,-0.05190974241838057,0.3000000000000001,-0.04721550739247038,0.3000000000000001,-0.04328458658282344,0.3000000000000001,-0.2335162421858846
0.3100000000000001,-0.2116844970843777,0.3100000000000001,-0.1793186546748977,0.3100000000000001,-0.1550581211497132,0.3100000000000001,-0.1362428919323766,0.3100000000000001,-0.1212609595403447,0.3100000000000001,-0.1090770262074125,0.3100000000000001,-0.09899500689036449,0.3100000000000001,-0.08333172492709905,0.3100000000000001,-0.07177637406845788,0.3100000000000001,-0.06293535617957167,0.3100000000000001,-0.0559728514525034,0.3100000000000001,-0.05035945151253182,0.3100000000000001,-0.0457448442427317,0.3100000000000001,-0.04188872266766538,0.3100000000000001,-0.2322529589379436
0.3200000000000001,-0.2098877787399391,0.3200000000000001,-0.17732419112384,0.3200000000000001,-0.1529204165419697,0.3200000000000001,-0.1340177388305316,0.3200000000000001,-0.1189939381478742,0.3200000000000001,-0.1068023088737071,0.3200000000000001,-0.09673700090126322,0.3200000000000001,-0.08115185419638604,0.3200000000000001,-0.0697038245929838,0.3200000000000001,-0.06097869536125651,0.3200000000000001,-0.05413060015147305,0.3200000000000001,-0.0486255665982316,0.3200000000000001,-0.04411149934334128,0.3200000000000001,-0.04034769054586958,0.3200000000000001,-0.2305643206889903
0.3300000000000001,-0.2075972801096372,0.3300000000000001,-0.1748348673095668,0.3300000000000001,-0.1503039955019912,0.3300000000000001,-0.1313407276172224,0.3300000000000001,-0.1163071342949586,0.3300000000000001,-0.1041414015748617,0.3300000000000001,-0.09412569866410885,0.3300000000000001,-0.07867824578600839,0.3300000000000001,-0.06738686319242802,0.3300000000000001,-0.05881735576964935,0.3300000000000001,-0.05211545736902106,0.3300000000000001,-0.04674428391391156,0.3300000000000001,-0.04235134082905336,0.3300000000000001,-0.03869660729600875,0.3300000000000001,-0.2283901591834881
0.3400000000000001,-0.2047686975713997,0.3400000000000001,-0.1718228481018758,0.3400000000000001,-0.1471983132926933,0.3400000000000001,-0.1282167670935489,0.3400000000000001,-0.1132181052120498,0.3400000000000001,-0.101121645045278,0.3400000000000001,-0.09119569463714934,0.3400000000000001,-0.07595421083742215,0.3400000000000001,-0.06487242132789199,0.3400000000000001,-0.05649901034512672,0.3400000000000001,-0.04997429025256034,0.3400000000000001,-0.04476087971131147,0.3400000000000001,-0.04050769658923121,0.3400000000000001,-0.03697673169674699,0.3400000000000001,-0.2256797518760549
0.3500000000000001,-0.2013771204755937,0.3500000000000001,-0.1682841690235559,0.3500000000000001,-0.1436188883189642,0.3500000000000001,-0.1246769918384106,0.3500000000000001,-0.1097694172821368,0.3500000000000001,-0.09779339529039606,0.3500000000000001,-0.08800226274371609,0.3500000000000001,-0.07303903065343627,0.3500000000000001,-0.06221933989290086,0.3500000000000001,-0.05408001676341312,0.3500000000000001,-0.0477601708086561,0.3500000000000001,-0.04272494904997207,0.3500000000000001,-0.03862678112174759,0.3500000000000001,-0.03523111853568168,0.3500000000000001,-0.222398952576986
0.3600000000000002,-0.1974232566333325,0.3600000000000002,-0.1642430947415174,0.3600000000000002,-0.1396092182980448,0.3600000000000002,-0.1207783172762784,0.3600000000000002,-0.1060262470372257,0.3600000000000002,-0.09422616176346786,0.3600000000000002,-0.08461648403575264,0.3600000000000002,-0.07000208167761081,0.3600000000000002,-0.05949232409998802,0.3600000000000002,-0.05161960485318823,0.3600000000000002,-0.04552696263986223,0.3600000000000002,-0.04068544020072132,0.3600000000000002,-0.03675317023067065,0.3600000000000002,-0.03350050234984343,0.3600000000000002,-0.2185368714860824
0.3700000000000002,-0.1929371801123857,0.3700000000000002,-0.1597529984315222,0.3700000000000002,-0.1352387853199308,0.3700000000000002,-0.1165991784779378,0.3700000000000002,-0.1020705949828056,0.3700000000000002,-0.09050194147447119,0.3700000000000002,-0.08111818545022141,0.3700000000000002,-0.06691586267017874,0.3700000000000002,-0.05675559776586577,0.3700000000000002,-0.04917429602849802,0.3700000000000002,-0.04332447889484081,0.3700000000000002,-0.03868646819418177,0.3700000000000002,-0.03492617635773431,0.3700000000000002,-0.03182014709123393,0.3700000000000002,-0.2141106897220857
0.3800000000000002,-0.1879784965905465,0.3800000000000002,-0.1548932276679289,0.3800000000000002,-0.1305973269499787,0.3800000000000002,-0.1122322433617737,0.3800000000000002,-0.09799332549786516,0.3800000000000002,-0.08670719750600248,0.3800000000000002,-0.07758822756722543,0.3800000000000002,-0.06384938081401496,0.3800000000000002,-0.05406748937095721,0.3800000000000002,-0.04679354432048585,0.3800000000000002,-0.04119498506227212,0.3800000000000002,-0.03676450280867987,0.3800000000000002,-0.03317757716921731,0.3800000000000002,-0.03021800167766057,0.3800000000000002,-0.2091673698228132
0.3900000000000002,-0.1826326126805745,0.3900000000000002,-0.1497624301452959,0.3900000000000002,-0.1257865177672985,0.3900000000000002,-0.1077756391761638,0.3900000000000002,-0.09388570946944345,0.3900000000000002,-0.08292511967843434,0.3900000000000002,-0.07410164031691178,0.3900000000000002,-0.06086301757751,0.3900000000000002,-0.05147671413774905,0.3900000000000002,-0.04451708375544646,0.3900000000000002,-0.03917132666972185,0.3900000000000002,-0.03494706522767378,0.3900000000000002,-0.03153072888783515,0.3900000000000002,-0.02871412089129922,0.3900000000000002,-0.2037816354258496
0.4000000000000002,-0.1770037323531126,0.4000000000000002,-0.1444696716241323,0.4000000000000002,-0.1209107610260172,0.4000000000000002,-0.1033244248317783,0.4000000000000002,-0.08983202882897101,0.4000000000000002,-0.07922946336991109,0.4000000000000002,-0.07072262303578708,0.4000000000000002,-0.0580054085162109,0.4000000000000002,-0.04902055147047595,0.4000000000000002,-0.04237396867555134,0.4000000000000002,-0.03727653903438286,0.4000000000000002,-0.03325271438473332,0.4000000000000002,-0.03000080264028231,0.4000000000000002,-0.02732106789596544,0.4000000000000002,-0.1980504511391725
0.4100000000000002,-0.1712059295042924,0.4100000000000002,-0.1391250694379165,0.4100000000000002,-0.1160687686467712,0.4100000000000002,-0.09896369420981863,0.4100000000000002,-0.08590425783224243,0.4100000000000002,-0.07568063040162595,0.4100000000000002,-0.06750177935989914,0.4100000000000002,-0.05531230661526591,0.4100000000000002,-0.04672467429344772,0.4100000000000002,-0.04038296224988885,0.4100000000000002,-0.0355245542000091,0.4100000000000002,-0.031691930215816,0.4100000000000002,-0.02859575947896006,0.4100000000000002,-0.02604493028652224,0.4100000000000002,-0.192085021370031
0.4200000000000002,-0.16535392048072,0.4200000000000002,-0.1338315132229337,0.4200000000000002,-0.1113471241691816,0.4200000000000002,-0.09476404884289176,0.4200000000000002,-0.08215915901999894,0.4200000000000002,-0.07232402586952427,0.4200000000000002,-0.06447540877757187,0.4200000000000002,-0.05280702696095731,0.4200000000000002,-0.04460415771720672,0.4200000000000002,-0.0385537997245398,0.4200000000000002,-0.03392155889384863,0.4200000000000002,-0.03026848422642799,0.4200000000000002,-0.02731769210024703,0.4200000000000002,-0.02488661298401989,0.4200000000000002,-0.186001771625245
0.4300000000000002,-0.1595549654454238,0.4300000000000002,-0.1286785131845734,0.4300000000000002,-0.1068163504615089,0.4300000000000002,-0.09077952379101938,0.4300000000000002,-0.07863757525030411,0.4300000000000002,-0.06919028913207646,0.4300000000000002,-0.06166635582541834,0.4300000000000002,-0.0505019261321842,0.4300000000000002,-0.04266515819596138,0.4300000000000002,-0.03688887832562496,0.4300000000000002,-0.0324676163456102,0.4300000000000002,-0.02898096419870289,0.4300000000000002,-0.02616424579090179,0.4300000000000002,-0.0238431585667262,0.4300000000000002,-0.1799137793417403
0.4400000000000002,-0.1539028271828408,0.4400000000000002,-0.1237385683303628,0.4400000000000002,-0.1025294013437297,0.4400000000000002,-0.08704758346149062,0.4400000000000002,-0.0753653806201323,0.4400000000000002,-0.06629680606312441,0.4400000000000002,-0.05908582492904561,0.4400000000000002,-0.04840039749012515,0.4400000000000002,-0.04090683764498815,0.4400000000000002,-0.03538503083650864,0.4400000000000002,-0.03115827536562579,0.4400000000000002,-0.02782422826511111,0.4400000000000002,-0.025129934088479,0.4400000000000002,-0.02290894194006016,0.4400000000000002,-0.1739237716675031
0.4500000000000002,-0.1484741352486718,0.4500000000000002,-0.1190659018069731,0.4500000000000002,-0.09852210691699845,0.4500000000000002,-0.08359058220501071,0.4500000000000002,-0.0723554645402385,0.4500000000000002,-0.06364991381081422,0.4500000000000002,-0.05673563228963368,0.4500000000000002,-0.04649898147458991,0.4500000000000002,-0.03932323612791007,0.4500000000000002,-0.03403516351641036,0.4500000000000002,-0.02998600279988187,0.4500000000000002,-0.0267906644391285,0.4500000000000002,-0.02420725438826433,0.4500000000000002,-0.02207666613412794,0.4500000000000002,-0.1681192920948804
0.4600000000000002,-0.1433270191302504,0.4600000000000002,-0.1146970742218484,0.4600000000000002,-0.09481494590383387,0.4600000000000002,-0.08041806590391842,0.4600000000000002,-0.06961019102770563,0.4600000000000002,-0.06124732412135534,0.4600000000000002,-0.05461050249569697,0.4600000000000002,-0.04478933035109856,0.4600000000000002,-0.03790492188093333,0.4600000000000002,-0.03282964579587891,0.4600000000000002,-0.02894136550761552,0.4600000000000002,-0.02587120769507508,0.4600000000000002,-0.02338757330150516,0.4600000000000002,-0.02133814134012327,0.4600000000000002,-0.1625701382400787
0.4700000000000003,-0.1385015701918496,0.4700000000000003,-0.1106528612103195,0.4700000000000003,-0.09141553856638492,0.4700000000000003,-0.07752939456920209,0.4700000000000003,-0.06712391629511648,0.4700000000000003,-0.05908044211275903,0.4700000000000003,-0.05270016403077595,0.4700000000000003,-0.04325988970105337,0.4700000000000003,-0.03664034499561214,0.4700000000000003,-0.03175741594723739,0.4700000000000003,-0.02801394880114594,0.4700000000000003,-0.0250561154108722,0.4700000000000003,-0.02266179113850006,0.4700000000000003,-0.02068486185660694,0.4700000000000003,-0.1573278033822509
0.4800000000000003,-0.134021570659853,0.4800000000000003,-0.1069408125275899,0.4800000000000003,-0.08832137240279865,0.4800000000000003,-0.07491631669945663,0.4800000000000003,-0.06488529965726197,0.4800000000000003,-0.05713639685739139,0.4800000000000003,-0.05099112038634879,0.4800000000000003,-0.04189724878708266,0.4800000000000003,-0.03551688595446643,0.4800000000000003,-0.03080681417106087,0.4800000000000003,-0.02719303322132312,0.4800000000000003,-0.0243355282417211,0.4800000000000003,-0.02202081492100171,0.4800000000000003,-0.02010841110245571,0.4800000000000003,-0.1524264511752717
0.4900000000000003,-0.1298969440642019,0.4900000000000003,-0.1035580260731155,0.4900000000000003,-0.08552242321496988,0.4900000000000003,-0.07256527292666075,0.4900000000000003,-0.06287927116209711,0.4900000000000003,-0.05539970705876692,0.4900000000000003,-0.04946806057601959,0.4900000000000003,-0.04068716848036173,0.4900000000000003,-0.03452162697553176,0.4900000000000003,-0.02996617868414158,0.4900000000000003,-0.0264680675113073,0.4900000000000003,-0.02369985409341277,0.4900000000000003,-0.02145587628564057,0.4900000000000003,-0.01960072929399346,0.4900000000000003,-0.1478848971444139
0.5000000000000002,-0.126126477497712,0.5000000000000002,-0.1004938130045811,0.5000000000000002,-0.08300347383001887,0.5000000000000002,-0.07045932400467801,0.5000000000000002,-0.06108861198891927,0.5000000000000002,-0.05385357598576852,0.5000000000000002,-0.04811492634191101,0.5000000000000002,-0.03961532538704303,0.5000000000000002,-0.03364189055535011,0.5000000000000002,-0.02922424898318479,0.5000000000000002,-0.02582897957905754,0.5000000000000002,-0.02314001395736325,0.5000000000000002,-0.02095872997862565,0.5000000000000002,-0.01915427662407405,0.5000000000000002,-0.1437091168700849
0.5100000000000002,-0.1227004917057331,0.5100000000000002,-0.0977320622349872,0.5100000000000002,-0.08074604196398599,0.5100000000000002,-0.0685796797861697,0.5100000000000002,-0.0594951617899199,0.5100000000000002,-0.05248085016852599,0.5100000000000002,-0.04691568076841395,0.5100000000000002,-0.03866782243631223,0.5100000000000002,-0.0328655931825903,0.5100000000000002,-0.02857041988564674,0.5100000000000002,-0.02526636449925506,0.5100000000000002,-0.02264758451317076,0.5100000000000002,-0.02052176424019725,0.5100000000000002,-0.01876212015136201,0.5100000000000002,-0.1398949007378041
0.5200000000000002,-0.1196032565059676,0.5200000000000002,-0.09525321656308632,0.5200000000000002,-0.07872990337336803,0.5200000000000002,-0.0669068551395746,0.5200000000000002,-0.05808069799448309,0.5200000000000002,-0.05126469458035642,0.5200000000000002,-0.04585483281198506,0.5200000000000002,-0.03783151672418093,0.5200000000000002,-0.03218145871436386,0.5200000000000002,-0.02799488479957831,0.5200000000000002,-0.02477158285857131,0.5200000000000002,-0.02221486656022351,0.5200000000000002,-0.02013804866757756,0.5200000000000002,-0.01841796713544803,0.5200000000000002,-0.1364303901885857
0.5300000000000002,-0.1168150486405357,0.5300000000000002,-0.09303584464758888,0.5300000000000002,-0.07693424094444945,0.5300000000000002,-0.06542150351121341,0.5300000000000002,-0.05682754408405774,0.5300000000000002,-0.05018904111160927,0.5300000000000002,-0.04491777153949029,0.5300000000000002,-0.03709421016360458,0.5300000000000002,-0.03157912927383706,0.5300000000000002,-0.02748869985689536,0.5300000000000002,-0.02433679620167994,0.5300000000000002,-0.02183490221794662,0.5300000000000002,-0.01980133947863775,0.5300000000000002,-0.01811616232411288,0.5300000000000002,-0.133298335880585
0.5400000000000003,-0.1143138212891106,0.5400000000000003,-0.09105783676485542,0.5400000000000003,-0.07533847224315517,0.5400000000000003,-0.06410498709709551,0.5400000000000003,-0.05571896429006075,0.5400000000000003,-0.04923886330120806,0.5400000000000003,-0.04409095779063985,0.5400000000000003,-0.0364447409366022,0.5400000000000003,-0.0310492040965257,0.5400000000000003,-0.02704379370021236,0.5400000000000003,-0.02395496016173233,0.5400000000000003,-0.02150145829185425,0.5400000000000003,-0.01950605711431,0.5400000000000003,-0.0178516621974592,0.5400000000000003,-0.1304780021056118
0.5500000000000003,-0.1120765008590836,0.5500000000000003,-0.08929727450500125,0.5500000000000003,-0.07392281481945161,0.5500000000000003,-0.06293974101767916,0.5500000000000003,-0.05473939648489974,0.5500000000000003,-0.04840032279243822,0.5500000000000003,-0.04336201286070886,0.5500000000000003,-0.035873005894116,0.5500000000000003,-0.03058322977553602,0.5500000000000003,-0.02665294163770998,0.5500000000000003,-0.02361979057223365,0.5500000000000003,-0.02120898857432413,0.5500000000000003,-0.01924724703262824,0.5500000000000003,-0.0176199955368495,0.5500000000000003,-0.127946701332726
0.5600000000000003,-0.1100799524232602,0.5600000000000003,-0.08773303214204084,0.5600000000000003,-0.07266864637015821,0.5600000000000003,-0.06190948229206254,0.5600000000000003,-0.05387456680839896,0.5600000000000003,-0.0476608244453291,0.5600000000000003,-0.04271973555318421,0.5600000000000003,-0.03536993692867444,0.5600000000000003,-0.03017365938174864,0.5600000000000003,-0.02630971785955871,0.5600000000000003,-0.02332571359288475,0.5600000000000003,-0.02095258418128355,0.5600000000000003,-0.01902053135342761,0.5600000000000003,-0.01741721687353736,0.5600000000000003,-0.1256809803045402
0.5700000000000003,-0.1083016661644449,0.5700000000000003,-0.08634516608748204,0.5700000000000003,-0.07155871012040375,0.5700000000000003,-0.06099930590171655,0.5700000000000003,-0.05311152093027945,0.5700000000000003,-0.04700900890702523,0.5700000000000003,-0.04215407153961988,0.5700000000000003,-0.03492744836289822,0.5700000000000003,-0.02981379310656924,0.5700000000000003,-0.02600843545326179,0.5700000000000003,-0.0230678075821243,0.5700000000000003,-0.02072791822619675,0.5700000000000003,-0.01882205660049803,0.5700000000000003,-0.01723985726541674,0.5700000000000003,-0.1236574993985363
0.5800000000000003,-0.1067202186417947,0.5800000000000003,-0.08511514280523952,0.5800000000000003,-0.0705772073448549,0.5800000000000003,-0.060195701637896,0.5800000000000003,-0.0524385989127292,0.5800000000000003,-0.04643470437839521,0.5800000000000003,-0.04165605275884055,0.5800000000000003,-0.03453836761788263,0.5800000000000003,-0.02949770932700839,0.5800000000000003,-0.02574408094460374,0.5800000000000003,-0.02284174197422515,0.5800000000000003,-0.02053118905640345,0.5800000000000003,-0.01864844101511318,0.5800000000000003,-0.0170848753136038,0.5800000000000003,-0.1218536550398667
0.5900000000000003,-0.1053155586754963,0.5900000000000003,-0.08402594761933745,0.5900000000000003,-0.06970981048860588,0.5900000000000003,-0.05948651767197163,0.5900000000000003,-0.05184537388154162,0.5900000000000003,-0.04592885352447466,0.5900000000000003,-0.04121771963363152,0.5900000000000003,-0.03419635774332335,0.5900000000000003,-0.02922019217126862,0.5900000000000003,-0.02551224786152118,0.5900000000000003,-0.02264371660911899,0.5900000000000003,-0.02035906477370167,0.5900000000000003,-0.01849672364186373,0.5900000000000003,-0.01694961023469658,0.5900000000000003,-0.1202479952089066
0.6000000000000003,-0.1040691610008232,0.6000000000000003,-0.08306210866783219,0.6000000000000003,-0.06894362272306034,0.6000000000000003,-0.05886089024747054,0.6000000000000003,-0.05132256924395008,0.6000000000000003,-0.04548342691686592,0.6000000000000003,-0.04083203506230019,0.6000000000000003,-0.03389583763284294,0.6000000000000003,-0.02897665959100678,0.6000000000000003,-0.02530907220522247,0.6000000000000003,-0.02247040366899375,0.6000000000000003,-0.02020863069635261,0.6000000000000003,-0.01836431649324168,0.6000000000000003,-0.01683173803981523,0.6000000000000003,-0.1188204738994852
0.6100000000000003,-0.1029640833944765,0.6100000000000003,-0.08220966274866202,0.6100000000000003,-0.06826710333012573,0.6100000000000003,-0.058309153621569,0.6100000000000003,-0.05086196491810437,0.6100000000000003,-0.04509133091401011,0.6100000000000003,-0.04049279627462064,0.6100000000000003,-0.03363190372954377,0.6100000000000003,-0.02876309445788202,0.6100000000000003,-0.02513117157053408,0.6100000000000003,-0.02231889346981488,0.6100000000000003,-0.02007734068169144,0.6100000000000003,-0.01824896048467886,0.6100000000000003,-0.01672923134986468,0.6100000000000003,-0.1175525841074624
0.6200000000000003,-0.1019849557856052,0.6200000000000003,-0.08145608336199758,0.6200000000000003,-0.0676699730990598,0.6200000000000003,-0.05782274027544391,0.6200000000000003,-0.05045629979301886,0.6200000000000003,-0.04474631529081343,0.6200000000000003,-0.04019454853772327,0.6200000000000003,-0.03340025558088679,0.6200000000000003,-0.02857598015487457,0.6200000000000003,-0.02497558886571117,0.6200000000000003,-0.0221866447359527,0.6200000000000003,-0.0199629727290128,0.6200000000000003,-0.01814868541972798,0.6200000000000003,-0.01664032302992526,0.6200000000000003,-0.1164274020723273
0.6300000000000003,-0.1011179234678087,0.6300000000000003,-0.08079018597440259,0.6300000000000003,-0.06714310984329482,0.6300000000000003,-0.05739407829427794,0.6300000000000003,-0.05009917522856702,0.6300000000000003,-0.04444288403741561,0.6300000000000003,-0.03993250318588327,0.6300000000000003,-0.03319712658770634,0.6300000000000003,-0.02841224141247077,0.6300000000000003,-0.02483974104629873,0.6300000000000003,-0.02207143957285817,0.6300000000000003,-0.01986358895392865,0.6300000000000003,-0.01806177403749924,0.6300000000000003,-0.01656347360322099,0.6300000000000003,-0.1154295689332906
0.6400000000000003,-0.1003505611322756,0.6400000000000003,-0.08020202134616812,0.6400000000000003,-0.06667844103511081,0.6400000000000003,-0.05701649050277174,0.6400000000000003,-0.04978496265386397,0.6400000000000003,-0.04417621139555664,0.6400000000000003,-0.03970246138447994,0.6400000000000003,-0.03301922059669804,0.6400000000000003,-0.02826919065688341,0.6400000000000003,-0.02472137292586783,0.6400000000000003,-0.02197134308653831,0.6400000000000003,-0.0197774998176492,0.6400000000000003,-0.01798672996817882,0.6400000000000003,-0.01649734226918805,0.6400000000000003,-0.1145452301392257
0.6500000000000004,-0.09967177005844881,0.6500000000000004,-0.07968276453411066,0.6500000000000004,-0.0662688382362311,0.6500000000000004,-0.05668409825839896,0.6500000000000004,-0.0495087170750865,0.6500000000000004,-0.043942064255922,0.6500000000000004,-0.03950074430676009,0.6500000000000004,-0.03286365452170956,0.6500000000000004,-0.02814447982438645,0.6500000000000004,-0.02461851590468418,0.6500000000000004,-0.02188466743536091,0.6500000000000004,-0.01970323237075333,0.6500000000000004,-0.01792224934604798,0.6500000000000004,-0.01644076127357589,0.6500000000000004,-0.1137619480363141
0.6600000000000004,-0.09907166733931286,0.6600000000000004,-0.07922460474516084,0.6600000000000004,-0.0659080163064064,0.6600000000000004,-0.05639173160477343,0.6600000000000004,-0.04926609743449999,0.6600000000000004,-0.04373673139467082,0.6600000000000004,-0.03932412991239553,0.6600000000000004,-0.03272790688059069,0.6600000000000004,-0.02803605740235063,0.6600000000000004,-0.02452945132605361,0.6600000000000004,-0.02180994000742436,0.6600000000000004,-0.01963950220439798,0.6600000000000004,-0.01786719578036335,0.6600000000000004,-0.01639271334185412,0.6600000000000004,-0.1130685990542711
0.6700000000000004,-0.09854147335300649,0.6700000000000004,-0.07882063941382303,0.6700000000000004,-0.06559043915679451,0.6700000000000004,-0.05613484665100132,0.6700000000000004,-0.04905329417184812,0.6700000000000004,-0.04355695960002948,0.6700000000000004,-0.03916979620086238,0.6700000000000004,-0.03260977195222514,0.6700000000000004,-0.02794213034695779,0.6700000000000004,-0.02445267810063925,0.6700000000000004,-0.02174587537238697,0.6700000000000004,-0.01958518877361259,0.6700000000000004,-0.01782057836678556,0.6700000000000004,-0.0163523118767775,0.6700000000000004,-0.1124552637424631
0.6800000000000004,-0.09807340168130817,0.6800000000000004,-0.07846477456989955,0.6800000000000004,-0.06531123296297828,0.6800000000000004,-0.055909450474793,0.6800000000000004,-0.04886696395091626,0.6800000000000004,-0.04339989646839598,0.6800000000000004,-0.03903527061947636,0.6800000000000004,-0.03250731915686605,0.6800000000000004,-0.02786113047335877,0.6800000000000004,-0.02438688421104106,0.6800000000000004,-0.02169135064398207,0.6800000000000004,-0.01953931375400115,0.6800000000000004,-0.01778153242457928,0.6800000000000004,-0.0163187836272426,0.6800000000000004,-0.1119131154554515
0.6900000000000004,-0.09766055418764155,0.6900000000000004,-0.07815163263523324,0.6900000000000004,-0.06506610717044292,0.6900000000000004,-0.05571203347424598,0.6900000000000004,-0.04870417127036987,0.6900000000000004,-0.04326303948781277,0.6900000000000004,-0.0389183851981053,0.6900000000000004,-0.0324188572161769,0.6900000000000004,-0.0277916848973451,0.6900000000000004,-0.02433092170795377,0.6900000000000004,-0.02164538389704758,0.6900000000000004,-0.01950102210554622,0.6900000000000004,-0.01774930265981946,0.6900000000000004,-0.01629145355198482,0.6900000000000004,-0.1114343116297287
0.7000000000000004,-0.09729682288821553,0.7000000000000004,-0.07787646814548393,0.7000000000000004,-0.06485128324084387,0.7000000000000004,-0.05553950886023762,0.7000000000000004,-0.04856233653604874,0.7000000000000004,-0.04314419094114611,0.7000000000000004,-0.03881723693301618,0.7000000000000004,-0.03234290263898526,0.7000000000000004,-0.02773259011510787,0.7000000000000004,-0.0242837848252106,0.7000000000000004,-0.0216071153028727,0.7000000000000004,-0.0194695655388952,0.7000000000000004,-0.01772322847704456,0.7000000000000004,-0.01626973162375145,0.7000000000000004,-0.1110118902130075
0.7100000000000004,-0.09697679948426829,0.7100000000000004,-0.07763509146100078,0.7100000000000004,-0.06466343084524791,0.7100000000000004,-0.05538915884700165,0.7100000000000004,-0.04843919010032401,0.7100000000000004,-0.04304141812737471,0.7100000000000004,-0.03873015293151644,0.7100000000000004,-0.03227815209163733,0.7100000000000004,-0.02768278933006433,0.7100000000000004,-0.02424459086701385,0.7100000000000004,-0.02157579067360224,0.7100000000000004,-0.01944428810616999,0.7100000000000004,-0.01770273118762625,0.7100000000000004,-0.01625310134435124,0.7100000000000004,-0.1106396728018995
0.7200000000000004,-0.09669569289387715,0.7200000000000004,-0.07742380025239554,0.7200000000000004,-0.06449961106923574,0.7200000000000004,-0.05525858703225842,0.7200000000000004,-0.04833273175000927,0.7200000000000004,-0.042953018399421,0.7200000000000004,-0.03865565984313345,0.7200000000000004,-0.03222345823885215,0.7200000000000004,-0.02764135266660158,0.7200000000000004,-0.02421256355189028,0.7200000000000004,-0.0215507471366691,0.7200000000000004,-0.01942461366706221,0.7200000000000004,-0.01768730289020443,0.7200000000000004,-0.01624110976644415,0.7200000000000004,-0.1103121753270133
0.7300000000000004,-0.09644925476723788,0.7300000000000004,-0.0772393183778189,0.7300000000000004,-0.06435722612344734,0.7300000000000004,-0.05514567643794972,0.7300000000000004,-0.04824119513115746,0.7300000000000004,-0.04287748853837692,0.7300000000000004,-0.0385924571322323,0.7300000000000004,-0.03217780867573953,0.7300000000000004,-0.0276074599454987,0.7300000000000004,-0.02418701853115366,0.7300000000000004,-0.02153140069128559,0.7300000000000004,-0.01941003500981603,0.7300000000000004,-0.01767649682529273,0.7300000000000004,-0.01623335884279938,0.7300000000000004,-0.1100245266261303
0.7400000000000004,-0.09623371274204598,0.7400000000000004,-0.07707874167725454,0.7400000000000004,-0.06423397502903637,0.7400000000000004,-0.05504855269200552,0.7400000000000004,-0.04816301662500824,0.7400000000000004,-0.04281349801785085,0.7400000000000004,-0.03853939378428139,0.7400000000000004,-0.03214030760975222,0.7400000000000004,-0.02758038573171391,0.7400000000000004,-0.02416735083271794,0.7400000000000004,-0.02151723542926337,0.7400000000000004,-0.01940010443437414,0.7400000000000004,-0.01766991903156775,0.7400000000000004,-0.01622949794717386,0.7400000000000004,-0.1097723949100667
0.7500000000000004,-0.09604571105892563,0.7500000000000004,-0.07693949016974326,0.7500000000000004,-0.0641278147538405,0.7500000000000004,-0.05496555185890968,0.7500000000000004,-0.04809680822588498,0.7500000000000004,-0.04275986575214497,0.7500000000000004,-0.038495448078573,0.7500000000000004,-0.03211015998972204,0.7500000000000004,-0.02755948640008823,0.7500000000000004,-0.02415302401250057,0.7500000000000004,-0.02150779423074354,0.7500000000000004,-0.01939442563061487,0.7500000000000004,-0.01766722115473288,0.7500000000000004,-0.0162292174323948,0.7500000000000004,-0.1095519219079633
0.7600000000000005,-0.09588225808270523,0.7600000000000005,-0.07681926613395774,0.7600000000000005,-0.06403692629960164,0.7600000000000005,-0.05489519246365908,0.7600000000000005,-0.0480413340129007,0.7600000000000005,-0.04271553996357159,0.7600000000000005,-0.03845971010066929,0.7600000000000005,-0.03208665781565204,0.7600000000000005,-0.02754418899689425,0.7600000000000005,-0.02414356082437624,0.7600000000000005,-0.02150267077105112,0.7600000000000005,-0.01939264670766305,0.7600000000000005,-0.01766809428074236,0.7600000000000005,-0.01623224311030148,0.7600000000000005,-0.1093596643447688
0.7700000000000005,-0.09574068024250604,0.7700000000000005,-0.07671601756738375,0.7700000000000005,-0.06395968527435358,0.7700000000000005,-0.05483615129391522,0.7700000000000005,-0.04799548984858221,0.7700000000000005,-0.04267958084424179,0.7700000000000005,-0.03843136670576157,0.7700000000000005,-0.03206916839612142,0.7700000000000005,-0.02753398170406259,0.7700000000000005,-0.02413853524498785,0.7700000000000005,-0.02150150269733354,0.7700000000000005,-0.01939445425032445,0.7700000000000005,-0.01767226368327432,0.7700000000000005,-0.01623833155466414,0.7700000000000005,-0.1091925423272057
0.7800000000000005,-0.09561858189617417,0.7800000000000005,-0.07662790654454069,0.7800000000000005,-0.06389463652067348,0.7800000000000005,-0.05478724260437413,0.7800000000000005,-0.04795828597589912,0.7800000000000005,-0.042651145723891,0.7800000000000005,-0.03840968867783328,0.7800000000000005,-0.03205712434898883,0.7800000000000005,-0.02752840573768294,0.7800000000000005,-0.02413756571123453,0.7800000000000005,-0.02150396585255597,0.7800000000000005,-0.01939956829551307,0.7800000000000005,-0.01767948439044982,0.7800000000000005,-0.01624726614188989,0.7800000000000005,-0.1090477941754334
0.7900000000000005,-0.09551381063079155,0.7900000000000005,-0.07655328202301856,0.7900000000000005,-0.06384047240531808,0.7900000000000005,-0.05474740038261149,0.7900000000000005,-0.04792883221861152,0.7900000000000005,-0.04262947648624852,0.7900000000000005,-0.03839401985790804,0.7900000000000005,-0.03205001516491551,0.7900000000000005,-0.02752704853259432,0.7900000000000005,-0.02414030944565613,0.7900000000000005,-0.02150976943961719,0.7900000000000005,-0.01940773813497059,0.7900000000000005,-0.01768953748780082,0.7900000000000005,-0.01625885375516107,0.7900000000000005,-0.1089229372209255
0.8000000000000005,-0.09542442752251629,0.8000000000000005,-0.07649065667269368,0.8000000000000005,-0.06379601440582974,0.8000000000000005,-0.05471566336498861,0.8000000000000005,-0.0479063255170667,0.8000000000000005,-0.04261388900126065,0.8000000000000005,-0.03838376803714454,0.8000000000000005,-0.03204738017176029,0.8000000000000005,-0.02752953808038558,0.8000000000000005,-0.02414645775813619,0.8000000000000005,-0.02151865202977164,0.8000000000000005,-0.01941873886060059,0.8000000000000005,-0.01770222708339224,0.8000000000000005,-0.01627292208564041,0.8000000000000005,-0.1088157340858743
0.8100000000000005,-0.09534868189031315,0.8100000000000005,-0.07643868732528933,0.8100000000000005,-0.0637601976533122,0.8100000000000005,-0.05469116251367592,0.8100000000000005,-0.04789003955204853,0.8100000000000005,-0.04260376435885692,0.8100000000000005,-0.03837839742698541,0.8100000000000005,-0.03204880275115944,0.8100000000000005,-0.02753553829902073,0.8100000000000005,-0.02415573222147391,0.8100000000000005,-0.02153037832733194,0.8100000000000005,-0.01943236857548854,0.8100000000000005,-0.01771737786693114,0.8100000000000005,-0.01628931746964549,0.8100000000000005,-0.1087241639583074
0.8200000000000005,-0.0952849900861855,0.8200000000000005,-0.07639615865710757,0.8200000000000005,-0.06373205810725104,0.8200000000000005,-0.05467311068141527,0.8200000000000005,-0.04787931622319578,0.8200000000000005,-0.04259854170220561,0.8200000000000005,-0.03837742252933524,0.8200000000000005,-0.03205390566698997,0.8200000000000005,-0.02754474531896941,0.8200000000000005,-0.02416788162379076,0.8200000000000005,-0.02154473660711502,0.8200000000000005,-0.01944844619746771,0.8200000000000005,-0.01773483319794121,0.8200000000000005,-0.01630790320350981,0.8200000000000005,-0.1086463983756614
0.8300000000000005,-0.09523191786840016,0.8300000000000005,-0.07636196972740814,0.8300000000000005,-0.06371072204858058,0.8300000000000005,-0.05466079420009054,0.8300000000000005,-0.04787355875671206,0.8300000000000005,-0.0425977124654011,0.8300000000000005,-0.03838040323567481,0.8300000000000005,-0.03206234736969256,0.8300000000000005,-0.02755688457385371,0.8300000000000005,-0.0241826796030685,0.8300000000000005,-0.02156153674285503,0.8300000000000005,-0.01946680978343259,0.8300000000000005,-0.01775445365911326,0.8300000000000005,-0.01632855827864792,0.8300000000000005,-0.1085807810260062
0.8400000000000005,-0.09518816590484416,0.8400000000000005,-0.07633512299996995,0.8400000000000005,-0.06369539758274399,0.8400000000000005,-0.05465356613405894,0.8400000000000005,-0.04787222622107255,0.8400000000000005,-0.04260081582365602,0.8400000000000005,-0.03838694098641744,0.8400000000000005,-0.03207381914173776,0.8400000000000005,-0.02757170858421659,0.8400000000000005,-0.02419992286924039,0.8400000000000005,-0.02158060874462202,0.8400000000000005,-0.01948731530221375,0.8400000000000005,-0.01777611601041721,0.8400000000000005,-0.01635117647872388,0.8400000000000005,-0.1085258110709199
0.8500000000000005,-0.0951525579534287,0.8500000000000005,-0.07631471547828476,0.8500000000000005,-0.06368536784758835,0.8500000000000005,-0.05465084094167693,0.8500000000000005,-0.0478748292311799,0.8500000000000005,-0.04260743516515429,0.8500000000000005,-0.0383966758223527,0.8500000000000005,-0.03208804294928538,0.8500000000000005,-0.02758899532231367,0.8500000000000005,-0.02421942991827779,0.8500000000000005,-0.02160180172214483,0.8500000000000005,-0.01950983578259585,0.8500000000000005,-0.01779971247828337,0.8500000000000005,-0.01637566577952818,0.8500000000000005,-0.1084801294893581
0.8600000000000005,-0.09512403126869885,0.8600000000000005,-0.07629993158870416,0.8600000000000005,-0.06367998562439497,0.8600000000000005,-0.05465209029107108,0.8600000000000005,-0.04788092662322076,0.8600000000000005,-0.04261719539484198,0.8600000000000005,-0.03840928416060217,0.8600000000000005,-0.03210476986492244,0.8600000000000005,-0.0276085470452282,0.8600000000000005,-0.02424104014185182,0.8600000000000005,-0.02162498318992381,0.8600000000000005,-0.0195342607619659,0.8600000000000005,-0.01782515031302579,0.8600000000000005,-0.01640194799101951,0.8600000000000005,-0.1084425079411574
0.8700000000000006,-0.09510162879216776,0.8700000000000006,-0.07629003745395729,0.8700000000000006,-0.06367866905707618,0.8700000000000006,-0.05465683978154824,0.8700000000000006,-0.04789012288665479,0.8700000000000006,-0.04262976088368402,0.8700000000000006,-0.03842447713003831,0.8700000000000006,-0.0321237789278798,0.8700000000000006,-0.027630189484489,0.8700000000000006,-0.02426461323662487,0.8700000000000006,-0.02165003863022594,0.8700000000000006,-0.01956049596110447,0.8700000000000006,-0.0178523515475811,0.8700000000000006,-0.01642995858080114,0.8700000000000006,-0.1084118396558655
0.8800000000000006,-0.09508449270168527,0.8800000000000006,-0.07628437621470839,0.8800000000000006,-0.06368089819714891,0.8800000000000006,-0.05466466633239077,0.8800000000000006,-0.04790206614835887,0.8800000000000006,-0.04264483388413329,0.8800000000000006,-0.03844199930725586,0.8800000000000006,-0.03214487631272108,0.8800000000000006,-0.02765377128394722,0.8800000000000006,-0.02429002882009802,0.8800000000000006,-0.02167687123242116,0.8800000000000006,-0.01958846311262373,0.8800000000000006,-0.01788125289234236,0.8800000000000006,-0.016459646619785,0.8800000000000006,-0.1083871318709281
0.8900000000000006,-0.09507185892469149,0.8900000000000006,-0.07628236408128583,0.8900000000000006,-0.06368621211234197,0.8900000000000006,-0.05467519601774903,0.8900000000000006,-0.04791644651838974,0.8900000000000006,-0.04266215324503069,0.8900000000000006,-0.03846162770510479,0.8900000000000006,-0.03216789468615332,0.8900000000000006,-0.02767916358477982,0.8900000000000006,-0.02431718616594866,0.8900000000000006,-0.02170540173230398,0.8900000000000006,-0.01961809987510894,0.8900000000000006,-0.01791180570491954,0.8900000000000006,-0.01649097479444561,0.8900000000000006,-0.1083674993753253
0.9000000000000006,-0.09506305226231235,0.9000000000000006,-0.07628348683217263,0.9000000000000006,-0.06369420632531805,0.9000000000000006,-0.05468810215057322,0.9000000000000006,-0.04793299462769893,0.9000000000000006,-0.04268149327741072,0.9000000000000006,-0.03848317088197147,0.9000000000000006,-0.0321926926447282,0.9000000000000006,-0.02770625966748288,0.9000000000000006,-0.0243460039812375,0.9000000000000006,-0.02173556828331462,0.9000000000000006,-0.01964935977237096,0.9000000000000006,-0.01794397598027246,0.9000000000000006,-0.01652391943607535,0.9000000000000006,-0.1083521587613166
0.9100000000000006,-0.09505748182497012,0.9100000000000006,-0.07628729651962414,0.9100000000000006,-0.06370453038546751,0.9100000000000006,-0.05470310344957031,0.9100000000000006,-0.04795148021504528,0.9100000000000006,-0.04270266264637839,0.9100000000000006,-0.03850646806112118,0.9100000000000006,-0.03221915414352045,0.9100000000000006,-0.02773497457536529,0.9100000000000006,-0.02437642016054399,0.9100000000000006,-0.02176732630274634,0.9100000000000006,-0.01968221210720104,0.9100000000000006,-0.01797774431568519,0.9100000000000006,-0.01655847052568486,0.9100000000000006,-0.1083404230468584
0.9200000000000006,-0.09505463654284313,0.9200000000000006,-0.07629340819374715,0.9200000000000006,-0.06371688541928815,0.9200000000000006,-0.05471996215951914,0.9200000000000006,-0.04797171065197676,0.9200000000000006,-0.04272550319216478,0.9200000000000006,-0.0385313881744142,0.9200000000000006,-0.03224718784648761,0.9200000000000006,-0.02776524466157419,0.9200000000000006,-0.02440839146731539,0.9200000000000006,-0.02180064824948725,0.9200000000000006,-0.01971664181108142,0.9200000000000006,-0.01801310581597728,0.9200000000000006,-0.01659463164317878,0.9200000000000006,-0.1083316964014184
0.9300000000000006,-0.0950540805820716,0.9300000000000006,-0.07630149651129907,0.9300000000000006,-0.06373102155078517,0.9300000000000006,-0.05473848203457226,0.9300000000000006,-0.04799352932902004,0.9300000000000006,-0.04274988861380861,0.9300000000000006,-0.0385578287719067,0.9300000000000006,-0.03227672635171916,0.9300000000000006,-0.02779702702086372,0.9300000000000006,-0.02444189310941988,0.9300000000000006,-0.02183552330463897,0.9300000000000006,-0.01975264920458277,0.9300000000000006,-0.01805006991639058,0.9300000000000006,-0.01663241984045728,0.9300000000000006,-0.1083254687837268
0.9400000000000006,-0.09505544856528696,0.9400000000000006,-0.07631129215045225,0.9400000000000006,-0.063746735129335,0.9400000000000006,-0.05475850613359333,0.9400000000000006,-0.04801681386063342,0.9400000000000006,-0.04277572297941958,0.9400000000000006,-0.03858571476622693,0.9400000000000006,-0.03230772526748333,0.9400000000000006,-0.02783029878669161,0.9400000000000006,-0.02447691819279095,0.9400000000000006,-0.02187195694133636,0.9400000000000006,-0.01979024965663443,0.9400000000000006,-0.01808866011280338,0.9400000000000006,-0.01667186542927553,0.9400000000000006,-0.108321310376041
0.9500000000000006,-0.09505844055799244,0.9500000000000006,-0.07632257800389451,0.9500000000000006,-0.06376386574524197,0.9500000000000006,-0.05477991441325287,0.9500000000000006,-0.04804147409851552,0.9500000000000006,-0.04280293905539329,0.9500000000000006,-0.03861499700613092,0.9500000000000006,-0.03234016213614904,0.9500000000000006,-0.0278650562923133,0.9500000000000006,-0.02451347705283015,0.9500000000000006,-0.02190997038408976,0.9500000000000006,-0.01982947314343341,0.9500000000000006,-0.01812891360034728,0.9500000000000006,-0.0167130116851571,0.9500000000000006,-0.1083188657702783
0.9600000000000006,-0.09506281683636478,0.9600000000000006,-0.07633518516649071,0.9600000000000006,-0.06378229304990224,0.9600000000000006,-0.05480262113604045,0.9600000000000006,-0.04806744997031966,0.9600000000000006,-0.04283149647129846,0.9600000000000006,-0.03864565069550644,0.9600000000000006,-0.0323740352212054,0.9600000000000006,-0.02790131411004088,0.9600000000000006,-0.02455159647676343,0.9600000000000006,-0.02194959996997328,0.9600000000000006,-0.01987036371854434,0.9600000000000006,-0.01817088083129755,0.9600000000000006,-0.01675591447763026,0.9600000000000006,-0.1083178479221669
0.9700000000000006,-0.09506839249418086,0.9700000000000006,-0.07634898876787342,0.9700000000000006,-0.06380193342600839,0.9700000000000006,-0.0548265721347622,0.9700000000000006,-0.04809470918212209,0.9700000000000006,-0.04286137975602883,0.9700000000000006,-0.03867767369102566,0.9700000000000006,-0.03240936218663568,0.9700000000000006,-0.027939103994817,0.9700000000000006,-0.02459131884059716,0.9700000000000006,-0.02199089643325218,0.9700000000000006,-0.01991297891407132,0.9700000000000006,-0.01821462501067214,0.9700000000000006,-0.01680064184398493,0.9700000000000006,-0.1083180319369866
0.9800000000000006,-0.09507503197528604,0.9800000000000006,-0.0763639037235261,0.9800000000000006,-0.06382273657253662,0.9800000000000006,-0.05485174199156267,0.9800000000000006,-0.04812324483732253,0.9800000000000006,-0.04289259629348047,0.9800000000000006,-0.0387110847229919,0.9800000000000006,-0.03244617870727596,0.9800000000000006,-0.02797847376623528,0.9800000000000006,-0.0246327011912716,0.9800000000000006,-0.02203392414119958,0.9800000000000006,-0.01995738909831151,0.9800000000000006,-0.01826022155299128,0.9800000000000006,-0.01684727352834281,0.9800000000000006,-0.1083192487828114
0.9900000000000007,-0.09508264363329522,0.9900000000000007,-0.07637988049015955,0.9900000000000007,-0.06384468207934105,0.9900000000000007,-0.0548781311980293,0.9900000000000007,-0.04815307303200445,0.9900000000000007,-0.04292517425246128,0.9900000000000007,-0.03874592158965866,0.9900000000000007,-0.03248453705347824,0.9900000000000007,-0.02801948616710245,0.9900000000000007,-0.02467581430804238,0.9900000000000007,-0.02207876031188145,0.9900000000000007,-0.02000367681801045,0.9900000000000007,-0.01830775752610492,0.9900000000000007,-0.01689590051007672,0.9900000000000007,-0.1083213790443917
1.000000000000001,-0.09509117442334865,1.000000000000001,-0.07639690091351198,1.000000000000001,-0.06386777606792027,1.000000000000001,-0.05490576336426211,1.000000000000001,-0.04818423048781071,1.000000000000001,-0.04295916054635548,1.000000000000001,-0.03878223937595925,1.000000000000001,-0.03252450469384725,1.000000000000001,-0.02806221773696236,1.000000000000001,-0.02472074177736478,1.000000000000001,-0.02212549424488122,1.000000000000001,-0.02005193615349619,1.000000000000001,-0.01835733110812638,1.000000000000001,-0.0169466245457307,1.000000000000001,-0.1083243468343946
1.010000000000001,-0.09510060482393902,1.010000000000001,-0.0764149742509352,1.010000000000001,-0.06389204796984661,1.010000000000001,-0.05493468254024096,1.010000000000001,-0.04821677227925992,1.010000000000001,-0.04299461887428311,1.010000000000001,-0.0388201087440968,1.010000000000001,-0.03256616295680806,1.010000000000001,-0.02810675773635427,1.010000000000001,-0.02476757911319911,1.010000000000001,-0.02217422659381307,1.010000000000001,-0.02010227211304239,1.010000000000001,-0.01840905108174914,1.010000000000001,-0.01699955774696879,1.010000000000001,-0.108328113971114
1.020000000000001,-0.09511094407281104,1.020000000000001,-0.07643413343948184,1.020000000000001,-0.06391754750432724,1.020000000000001,-0.05496495070400743,1.020000000000001,-0.04825076970455706,1.020000000000001,-0.04303162788838254,1.020000000000001,-0.03885961433695771,1.020000000000001,-0.03260960578624544,1.020000000000001,-0.02815320715278345,1.020000000000001,-0.02481643295041745,1.020000000000001,-0.02222506870567984,1.020000000000001,-0.02015480008937835,1.020000000000001,-0.01846303638709074,1.020000000000001,-0.01705482221420276,1.020000000000001,-0.1083326745160639
1.030000000000001,-0.09512222578251331,1.030000000000001,-0.0764544316649784,1.030000000000001,-0.06394434190333688,1.030000000000001,-0.05499664545978218,1.030000000000001,-0.04828630833881615,1.030000000000001,-0.04307027952271505,1.030000000000001,-0.03890085332700967,1.030000000000001,-0.03265493861942855,1.030000000000001,-0.02820167781329345,1.030000000000001,-0.0248674203336243,1.030000000000001,-0.02227814204733352,1.030000000000001,-0.02020964539692922,1.030000000000001,-0.018519415750257,1.030000000000001,-0.01711254974192029,1.030000000000001,-0.1083380497441975
1.040000000000001,-0.09513450398092305,1.040000000000001,-0.07647593927084997,1.040000000000001,-0.06397251341849337,1.040000000000001,-0.05502985797667866,1.040000000000001,-0.04832348629755246,1.040000000000001,-0.04311067750934854,1.040000000000001,-0.03894393413431465,1.040000000000001,-0.03270227740780735,1.040000000000001,-0.02825229162193024,1.040000000000001,-0.02492066811789054,1.040000000000001,-0.02233357773410489,1.040000000000001,-0.02026694290368236,1.040000000000001,-0.01857832740054888,1.040000000000001,-0.01717288160781416,1.040000000000001,-0.1083442835967728
1.050000000000001,-0.09514784960208432,1.050000000000001,-0.07649874102898487,1.050000000000001,-0.0640021571297972,1.050000000000001,-0.05506469118641936,1.050000000000001,-0.04836241272743435,1.050000000000001,-0.04315293609741333,1.050000000000001,-0.03898897532842392,1.050000000000001,-0.03275174779378535,1.050000000000001,-0.02830517993392036,1.050000000000001,-0.02497631249220797,1.050000000000001,-0.02239151617058846,1.050000000000001,-0.02032683676699028,1.050000000000001,-0.01863991888505815,1.050000000000001,-0.01723596845398122,1.050000000000001,-0.1083514386444645
1.060000000000001,-0.09516234743453604,1.060000000000001,-0.07652293377995087,1.060000000000001,-0.06403337906358936,1.060000000000001,-0.05510125824732953,1.060000000000001,-0.04840320653141231,1.060000000000001,-0.04319717898205427,1.060000000000001,-0.03903610472087491,1.060000000000001,-0.03280348444978777,1.060000000000001,-0.02836048307252186,1.060000000000001,-0.02503449863131195,1.060000000000001,-0.022452106808966,1.060000000000001,-0.02038948027846774,1.060000000000001,-0.01870434698561677,1.060000000000001,-0.01730197026499147,1.060000000000001,-0.1083595925679519
1.070000000000001,-0.09517809351894946,1.070000000000001,-0.07654862443720181,1.070000000000001,-0.06406629461627444,1.070000000000001,-0.05513968127245492,1.070000000000001,-0.04844599532698516,1.070000000000001,-0.04324353844269885,1.070000000000001,-0.03908545864819869,1.070000000000001,-0.03285763058019831,1.070000000000001,-0.02841834998954336,1.070000000000001,-0.0250953804771557,1.070000000000001,-0.02251550802635896,1.070000000000001,-0.02045503581963128,1.070000000000001,-0.018771777739873,1.070000000000001,-0.01737105644470032,1.070000000000001,-0.1083688351459898
1.080000000000001,-0.09519519297480335,1.080000000000001,-0.07657592833992619,1.080000000000001,-0.06410102727183134,1.080000000000001,-0.05518009031221222,1.080000000000001,-0.04849091462976148,1.080000000000001,-0.04329215468412752,1.080000000000001,-0.03913718143996259,1.080000000000001,-0.03291433758219878,1.080000000000001,-0.02847893806660638,1.080000000000001,-0.02515912064787219,1.080000000000001,-0.02258188711962929,1.080000000000001,-0.02052367492716142,1.080000000000001,-0.01884238656574874,1.080000000000001,-0.01744340599137205,1.080000000000001,-0.1083792657274211
1.090000000000001,-0.09521375822707262,1.090000000000001,-0.07660496793194119,1.090000000000001,-0.0641377075949352,1.090000000000001,-0.05522262257656062,1.090000000000001,-0.04853810724966311,1.090000000000001,-0.04334317536950741,1.090000000000001,-0.03919142506244395,1.090000000000001,-0.03297376485823054,1.090000000000001,-0.02854241305136396,1.090000000000001,-0.02522589046954645,1.090000000000001,-0.02265142041380837,1.090000000000001,-0.02059557846465217,1.090000000000001,-0.01891635848670431,1.090000000000001,-0.01751920776900818,1.090000000000001,-0.1083909911537906
1.100000000000001,-0.09523390759825812,1.100000000000001,-0.07663587173934117,1.100000000000001,-0.06417647247748259,1.100000000000001,-0.05526742187815033,1.100000000000001,-0.04858772288397157,1.100000000000001,-0.04339675533171813,1.100000000000001,-0.03924834892595831,1.100000000000001,-0.03303607977062555,1.100000000000001,-0.02860894912101419,1.100000000000001,-0.02529587012447582,1.100000000000001,-0.02272429347887276,1.100000000000001,-0.02067093689640024,1.100000000000001,-0.01899388845404667,1.100000000000001,-0.01759866087168955,1.100000000000001,-0.1084041240929104
1.110000000000001,-0.09525576422814538,1.110000000000001,-0.07666877361713345,1.110000000000001,-0.06421746461416734,1.110000000000001,-0.05531463827600968,1.110000000000001,-0.04863991788972565,1.110000000000001,-0.04345305644776833,1.110000000000001,-0.03930811984247098,1.110000000000001,-0.03310145772777558,1.110000000000001,-0.02867872906443155,1.110000000000001,-0.02536924890870599,1.110000000000001,-0.02280070144879701,1.110000000000001,-0.0207499506580815,1.110000000000001,-0.01907518176188305,1.110000000000001,-0.01768197507716666,1.110000000000001,-0.1084187817404534
1.120000000000001,-0.09527945528293946,1.120000000000001,-0.07670381223443311,1.120000000000001,-0.06426083218215087,1.120000000000001,-0.05536442789877998,1.120000000000001,-0.04869485521747052,1.120000000000001,-0.04351224766063648,1.120000000000001,-0.03937091211969264,1.120000000000001,-0.03317008239084415,1.120000000000001,-0.02875194457392568,1.120000000000001,-0.02544622559136233,1.120000000000001,-0.02288084943658096,1.120000000000001,-0.02083283061895969,1.120000000000001,-0.01916045455014481,1.120000000000001,-0.01776937138577685,1.120000000000001,-0.108435084845855
1.130000000000001,-0.09530511141638122,1.130000000000001,-0.07674113076852478,1.130000000000001,-0.06430672870045538,1.130000000000001,-0.05541695292698885,1.130000000000001,-0.04875270448876865,1.130000000000001,-0.04357450513322506,1.130000000000001,-0.03943690777817731,1.130000000000001,-0.03324214599028949,1.130000000000001,-0.02882879663786904,1.130000000000001,-0.02552700886850311,1.130000000000001,-0.02296495303914156,1.130000000000001,-0.02091979863045383,1.130000000000001,-0.01924993439128003,1.130000000000001,-0.01786108264093495,1.130000000000001,-0.1084531570199053
1.140000000000001,-0.09533286644762397,1.140000000000001,-0.07678087677983049,1.140000000000001,-0.06435531304614392,1.140000000000001,-0.05547238171507667,1.140000000000001,-0.0488136422009498,1.140000000000001,-0.04364001252006687,1.140000000000001,-0.03950629687879516,1.140000000000001,-0.03331784974218487,1.140000000000001,-0.0289094960260567,1.140000000000001,-0.02561181790477652,1.140000000000001,-0.0230532389264609,1.140000000000001,-0.02101108815635138,1.140000000000001,-0.01934386095663991,1.140000000000001,-0.01795735422784368,1.140000000000001,-0.1084731242838812
1.150000000000001,-0.09536285722361007,1.150000000000001,-0.07682320224221896,1.150000000000001,-0.06440674960635105,1.150000000000001,-0.05553088903560732,1.150000000000001,-0.04887785204408198,1.150000000000001,-0.04370896134376079,1.150000000000001,-0.03957927794916364,1.150000000000001,-0.03339740435534046,1.150000000000001,-0.02899426386054548,1.150000000000001,-0.02570088295694503,1.150000000000001,-0.02314594551008783,1.150000000000001,-0.02110694498059818,1.150000000000001,-0.01944248675917873,1.150000000000001,-0.01805844484762202,1.150000000000001,-0.1084951148234178
1.160000000000001,-0.09539522363710318,1.160000000000001,-0.07686826370585201,1.160000000000001,-0.0644612085475445,1.160000000000001,-0.05559265643008932,1.160000000000001,-0.04894552531689885,1.160000000000001,-0.04378155146468203,1.160000000000001,-0.03965605849903573,1.160000000000001,-0.03348103062142329,1.160000000000001,-0.02908333226575244,1.160000000000001,-0.02579444607425582,1.160000000000001,-0.02324332368691229,1.160000000000001,-0.02120762798934476,1.160000000000001,-0.01954607796977595,1.160000000000001,-0.01816462736468956,1.160000000000001,-0.1085192589141739
1.170000000000001,-0.09543010877511517,1.170000000000001,-0.07691622257267992,1.170000000000001,-0.06451886618584941,1.170000000000001,-0.05565787265294712,1.170000000000001,-0.04901686143027809,1.170000000000001,-0.04385799163417257,1.170000000000001,-0.03973685561614822,1.170000000000001,-0.03356896008153736,1.170000000000001,-0.02917694509268873,1.170000000000001,-0.02589276187160541,1.170000000000001,-0.02334563765500319,1.170000000000001,-0.02131341002472127,1.170000000000001,-0.01965491530521505,1.170000000000001,-0.01827618972591623,1.170000000000001,-0.1085456889903873
1.180000000000001,-0.09546765917602974,1.180000000000001,-0.07696724546759305,1.180000000000001,-0.06457990544470361,1.180000000000001,-0.05572673419728938,1.180000000000001,-0.04909206848872166,1.180000000000001,-0.04393850012307626,1.180000000000001,-0.03982189663553363,1.180000000000001,-0.03366143576399171,1.180000000000001,-0.0292753587133012,1.180000000000001,-0.0259960983724136,1.180000000000001,-0.02345316579916739,1.180000000000001,-0.02142457880859875,1.180000000000001,-0.01976929498657485,1.180000000000001,-0.01839343595071179,1.180000000000001,-0.1085745398314323
1.190000000000001,-0.09550802517712217,1.190000000000001,-0.07702150469100619,1.190000000000001,-0.06464451638844824,1.190000000000001,-0.05579944589313695,1.190000000000001,-0.04917136394206464,1.190000000000001,-0.04402330541907314,1.190000000000001,-0.03991141987673874,1.190000000000001,-0.03375871298919376,1.190000000000001,-0.02937884288193968,1.190000000000001,-0.02610473791904577,1.190000000000001,-0.02356620164471387,1.190000000000001,-0.02154143793534333,1.190000000000001,-0.01988952976747143,1.190000000000001,-0.01851668719185706,1.190000000000001,-0.1086059488453131
1.200000000000001,-0.09555136133731244,1.200000000000001,-0.07707917874121312,1.200000000000001,-0.06471289682261647,1.200000000000001,-0.05587622157064362,1.200000000000001,-0.04925497530128843,1.200000000000001,-0.04411264698774138,1.200000000000001,-0.04000567544472571,1.200000000000001,-0.03386106023872874,1.200000000000001,-0.02948768166193813,1.200000000000001,-0.02621897814947392,1.200000000000001,-0.02368505487866588,1.200000000000001,-0.02166430793325332,1.200000000000001,-0.02001595003221043,1.200000000000001,-0.01864628286744853,1.200000000000001,-0.1086400564315664
1.210000000000001,-0.09559782692283086,1.210000000000001,-0.07714045289716594,1.210000000000001,-0.06478525295364124,1.210000000000001,-0.05595728478253401,1.210000000000001,-0.04934314091380388,1.210000000000001,-0.04420677609360782,1.210000000000001,-0.04010492609143809,1.210000000000001,-0.03396876008669519,1.210000000000001,-0.02960217441616568,1.210000000000001,-0.02633913303962804,1.210000000000001,-0.02381005243834153,1.210000000000001,-0.02179352739497623,1.210000000000001,-0.02014890496445776,1.210000000000001,-0.01878258186482444,1.210000000000001,-0.1086770064092344
1.220000000000001,-0.09564758644598489,1.220000000000001,-0.07720551985438596,1.220000000000001,-0.06486180010243436,1.220000000000001,-0.05604286958148275,1.220000000000001,-0.0494361107948922,1.220000000000001,-0.04430595667862828,1.220000000000001,-0.04020944813607864,1.220000000000001,-0.03408211019225928,1.220000000000001,-0.02972263686116725,1.220000000000001,-0.02646553401155406,1.220000000000001,-0.02394153966780437,1.220000000000001,-0.02192945417771924,1.220000000000001,-0.02028876378749763,1.220000000000001,-0.01892596381775511,1.220000000000001,-0.1087169464983972
1.230000000000001,-0.09570081024940547,1.230000000000001,-0.07727458040850343,1.230000000000001,-0.06494276346780074,1.230000000000001,-0.05613322134946336,1.230000000000001,-0.04953414751313759,1.230000000000001,-0.04441046629656149,1.230000000000001,-0.04031953244306739,1.230000000000001,-0.03420142435315306,1.230000000000001,-0.02984940218516088,1.230000000000001,-0.02659853110804992,1.230000000000001,-0.0240798815431721,1.230000000000001,-0.02207246667449111,1.230000000000001,-0.02043591707751876,1.230000000000001,-0.01907683045850532,1.230000000000001,-0.1087600288462128
1.240000000000001,-0.09575767513003219,1.240000000000001,-0.07734784418245806,1.240000000000001,-0.06502837893694649,1.240000000000001,-0.05622859767721505,1.240000000000001,-0.04963752712866777,1.240000000000001,-0.04452059710257187,1.240000000000001,-0.04043548545742907,1.240000000000001,-0.03432703362048443,1.240000000000001,-0.02998282223069548,1.240000000000001,-0.02673849423490613,1.240000000000001,-0.02422546396815394,1.240000000000001,-0.02222296515793752,1.240000000000001,-0.02059077815164393,1.240000000000001,-0.01923560704660799,1.240000000000001,-0.1088064105905242
1.250000000000001,-0.09581836499868841,1.250000000000001,-0.07742553039469502,1.250000000000001,-0.06511889394143675,1.250000000000001,-0.05632926929291534,1.250000000000001,-0.04974654018383946,1.250000000000001,-0.04463665689812195,1.250000000000001,-0.04055763029800637,1.250000000000001,-0.03445928747574605,1.250000000000001,-0.03012326874319533,1.250000000000001,-0.02688581447222145,1.250000000000001,-0.02437869514146848,1.250000000000001,-0.02238137319855906,1.250000000000001,-0.02075378453259574,1.250000000000001,-0.01940274387632087,1.250000000000001,-0.1088562544558847
1.260000000000001,-0.09588307157243622,1.260000000000001,-0.07750786866678133,1.260000000000001,-0.06521456835786998,1.260000000000001,-0.05643552103992747,1.260000000000001,-0.04986149274668174,1.260000000000001,-0.04475897023180445,1.260000000000001,-0.04068630790941192,1.260000000000001,-0.03459855507131451,1.260000000000001,-0.03027113468693247,1.260000000000001,-0.02704090545650498,1.260000000000001,-0.02454000699797183,1.260000000000001,-0.02254813915922187,1.260000000000001,-0.02092539949196372,1.260000000000001,-0.01957871786476741,1.260000000000001,-0.1089097293783517
1.270000000000001,-0.09595199509800585,1.270000000000001,-0.07759509986976323,1.270000000000001,-0.06531567545328436,1.270000000000001,-0.05654765290412371,1.270000000000001,-0.04998270750794994,1.270000000000001,-0.04488787955722898,1.270000000000001,-0.04082187827403141,1.270000000000001,-0.03474522653602236,1.270000000000001,-0.0304268356301751,1.270000000000001,-0.02720420483541173,1.270000000000001,-0.02470985672539726,1.270000000000001,-0.02272373776788878,1.270000000000001,-0.02110611367400528,1.270000000000001,-0.01976403422268313,1.270000000000001,-0.1089670111566459
1.280000000000001,-0.09602534510550181,1.280000000000001,-0.07768747700932019,1.280000000000001,-0.06542250287591209,1.280000000000001,-0.05666598109178331,1.280000000000001,-0.05011052493305702,1.280000000000001,-0.04502374644942093,1.280000000000001,-0.04096472168567513,1.280000000000001,-0.0348997143475705,1.280000000000001,-0.03059081120135812,1.280000000000001,-0.02737617579698403,1.280000000000001,-0.02488872835857186,1.280000000000001,-0.02290867177040436,1.280000000000001,-0.02129644680176537,1.280000000000001,-0.01995922820949331,1.280000000000001,-0.1090282831282928
1.290000000000001,-0.09610334119232337,1.290000000000001,-0.07778526615034974,1.290000000000001,-0.06553535369236624,1.290000000000001,-0.05679083915944121,1.290000000000001,-0.05024530447045075,1.290000000000001,-0.04516695288142748,1.290000000000001,-0.04111524008665052,1.290000000000001,-0.03506245477362286,1.290000000000001,-0.03076352661811561,1.290000000000001,-0.02755730867519112,1.290000000000001,-0.02507713445282604,1.290000000000001,-0.02310347366495556,1.290000000000001,-0.02149694946703238,1.290000000000001,-0.02016486697412545,1.290000000000001,-0.1090937368701927
1.300000000000001,-0.09618621383781797,1.300000000000001,-0.07788874738207589,1.300000000000001,-0.0656545474726945,1.300000000000001,-0.05692257919732906,1.300000000000001,-0.05038742581819742,1.300000000000001,-0.04531790256295159,1.300000000000001,-0.04127385847010013,1.300000000000001,-0.03523390938339792,1.300000000000001,-0.03094547429089637,1.300000000000001,-0.02774812263336053,1.300000000000001,-0.02527561783804171,1.300000000000001,-0.02330870751949521,1.300000000000001,-0.02170820500524802,1.300000000000001,-0.02038155148250365,1.300000000000001,-0.1091635729237313
1.310000000000001,-0.09627420524964581,1.310000000000001,-0.07799821582510927,1.310000000000001,-0.06578042142497999,1.310000000000001,-0.05706157306821281,1.310000000000001,-0.05053729025062267,1.310000000000001,-0.04547702234286254,1.310000000000001,-0.04144102634941632,1.310000000000001,-0.0354145666314299,1.310000000000001,-0.03113717550265049,1.310000000000001,-0.02794916742677639,1.310000000000001,-0.02548475345438794,1.310000000000001,-0.02352497087294039,1.310000000000001,-0.0219308314559477,1.310000000000001,-0.02060991853206167,1.310000000000001,-0.1092380015450657
1.320000000000001,-0.09636757024317608,1.320000000000001,-0.078113982682129,1.320000000000001,-0.06591333158131386,1.320000000000001,-0.05720821370349471,1.320000000000001,-0.05069532200685191,1.320000000000001,-0.04564476367735483,1.320000000000001,-0.04161721929640495,1.320000000000001,-0.03560494351492208,1.320000000000001,-0.03133918216571865,1.320000000000001,-0.02816102524527042,1.320000000000001,-0.02570515027025379,1.320000000000001,-0.02375289672034004,1.320000000000001,-0.0221654836086076,1.320000000000001,-0.02085064285283988,1.320000000000001,-0.1093172434816296
1.330000000000001,-0.09646657715548901,1.330000000000001,-0.07823637633400102,1.330000000000001,-0.06605365403701881,1.330000000000001,-0.05736291645841766,1.330000000000001,-0.05086196974298363,1.330000000000001,-0.04582160416534588,1.330000000000001,-0.04180294054962264,1.330000000000001,-0.03580558730574152,1.330000000000001,-0.03155207865657162,1.330000000000001,-0.02838431263603739,1.330000000000001,-0.02593745328219592,1.330000000000001,-0.02399315558141735,1.330000000000001,-0.02241285513290058,1.330000000000001,-0.02110443929377,1.330000000000001,-0.1094015307762068
1.340000000000001,-0.09657150879571974,1.340000000000001,-0.07836574348321056,1.340000000000001,-0.06620178624496741,1.340000000000001,-0.05752612052808508,1.340000000000001,-0.05103770804942119,1.340000000000001,-0.04600804915241739,1.340000000000001,-0.04199872269394925,1.340000000000001,-0.03601707735760101,1.340000000000001,-0.03177648372841411,1.340000000000001,-0.02861968250615884,1.340000000000001,-0.02618234559585802,1.340000000000001,-0.02424645765092664,1.340000000000001,-0.02267368079129495,1.340000000000001,-0.02137206509158961,1.340000000000001,-0.1094911076001385
1.350000000000001,-0.09668266343357421,1.350000000000001,-0.07850245034646817,1.350000000000001,-0.06635814836671691,1.350000000000001,-0.05769829042578584,1.350000000000001,-0.0512230390345717,1.350000000000001,-0.04620463340419851,1.350000000000001,-0.04220512941197008,1.350000000000001,-0.03624002698833299,1.350000000000001,-0.0320130525008814,1.350000000000001,-0.02886782620339394,1.350000000000001,-0.02644055058576737,1.350000000000001,-0.02451355502809422,1.350000000000001,-0.02294873873064613,1.350000000000001,-0.02165432221843481,1.350000000000001,-0.10958623111738
1.360000000000001,-0.09680035582786688,1.360000000000001,-0.07864688389825145,1.360000000000001,-0.06652318468196811,1.360000000000001,-0.05787991752479302,1.360000000000001,-0.05141849397569416,1.360000000000001,-0.04641192284956527,1.360000000000001,-0.04242275730712105,1.360000000000001,-0.03647508543635974,1.360000000000001,-0.03226247852509378,1.360000000000001,-0.02912947567268355,1.360000000000001,-0.02671283413065603,1.360000000000001,-0.02479524402101636,1.360000000000001,-0.02323885284790585,1.360000000000001,-0.02195205980251175,1.360000000000001,-0.1096871723811948
1.370000000000001,-0.09692491829688647,1.370000000000001,-0.07879945316687025,1.370000000000001,-0.06669736505755164,1.370000000000001,-0.05807152166437295,1.370000000000001,-0.05162463503712943,1.370000000000001,-0.04663051639336627,1.370000000000001,-0.04265223779778107,1.370000000000001,-0.03672293988949524,1.370000000000001,-0.03252549592117897,1.370000000000001,-0.02940540568448198,1.370000000000001,-0.02700000691946271,1.370000000000001,-0.02509236752024464,1.370000000000001,-0.02354489522328548,1.370000000000001,-0.0222661766143213,1.370000000000001,-0.1097942172652988
1.380000000000001,-0.09705670183228932,1.380000000000001,-0.07896059058438451,1.380000000000001,-0.06688118647673798,1.380000000000001,-0.05827365282019281,1.380000000000001,-0.05184205705546145,1.380000000000001,-0.04686104779757592,1.380000000000001,-0.0428942390805626,1.380000000000001,-0.0369843175830543,1.380000000000001,-0.03280288158400267,1.380000000000001,-0.02969643612946873,1.380000000000001,-0.0273029268214227,1.380000000000001,-0.02540581743386659,1.380000000000001,-0.02386778861212497,1.380000000000001,-0.02259762360867117,1.380000000000001,-0.1099076674312246
1.390000000000001,-0.09719607725804659,1.390000000000001,-0.07913075339136344,1.390000000000001,-0.06707517462915485,1.390000000000001,-0.0584868928386412,1.390000000000001,-0.05207138939033029,1.390000000000001,-0.04710418762879978,1.390000000000001,-0.04314946815994029,1.390000000000001,-0.03725998796287405,1.390000000000001,-0.03309545745124178,1.390000000000001,-0.03000343437236561,1.390000000000001,-0.02762250131162287,1.390000000000001,-0.02573653717416681,1.390000000000001,-0.02420850898431241,1.390000000000001,-0.02294740651013078,1.390000000000001,-0.1100278413335888
1.400000000000001,-0.09734343643573604,1.400000000000001,-0.07931042509703426,1.400000000000001,-0.06727988556096506,1.400000000000001,-0.0587118572337572,1.400000000000001,-0.05231329783862609,1.400000000000001,-0.0473606452689027,1.400000000000001,-0.04341867294004352,1.400000000000001,-0.03755076490725196,1.400000000000001,-0.0334040928260657,1.400000000000001,-0.03032731765547027,1.400000000000001,-0.02795968994105603,1.400000000000001,-0.02608552418339577,1.400000000000001,-0.02456808809734057,1.400000000000001,-0.02331658842663523,1.400000000000001,-0.1101550752647982
1.410000000000001,-0.09749919351715645,1.410000000000001,-0.07950011699483713,1.410000000000001,-0.06749590738419531,1.410000000000001,-0.05894919704449266,1.410000000000001,-0.0525684866086208,1.410000000000001,-0.04763117098417021,1.410000000000001,-0.04370264437290595,1.410000000000001,-0.03785750899994376,1.410000000000001,-0.03372970674453861,1.410000000000001,-0.03066905554009163,1.410000000000001,-0.0283155068375281,1.410000000000001,-0.02645383248325634,1.410000000000001,-0.02494761608594802,1.410000000000001,-0.0237062924725947,1.410000000000001,-0.1102897244405307
1.420000000000001,-0.09766378624486124,1.420000000000001,-0.07970036973274947,1.420000000000001,-0.06772386204320323,1.420000000000001,-0.05919960074888626,1.420000000000001,-0.05283770034922771,1.420000000000001,-0.04791655804683653,1.420000000000001,-0.04400221865568936,1.420000000000001,-0.03818112984422837,1.420000000000001,-0.0340732703753858,1.420000000000001,-0.03102967237130235,1.420000000000001,-0.0286910232207242,1.420000000000001,-0.02684257522941178,1.420000000000001,-0.02534824404774064,1.420000000000001,-0.02411770437908909,1.420000000000001,-0.1104321641270689
1.430000000000001,-0.09783767730073688,1.430000000000001,-0.07991175493697356,1.430000000000001,-0.0679644071352053,1.430000000000001,-0.05946379623039155,1.430000000000001,-0.05312172622798635,1.430000000000001,-0.04821764490098811,1.430000000000001,-0.04431827946735502,1.430000000000001,-0.03852258840560031,1.430000000000001,-0.0344358094369628,1.430000000000001,-0.03141024974828897,1.430000000000001,-0.0290873699113008,1.430000000000001,-0.02725292724859769,1.430000000000001,-0.02577118660020902,1.430000000000001,-0.02455207506449832,1.430000000000001,-0.1105827908112403
1.440000000000001,-0.09802135570219299,1.440000000000001,-0.08013487688667212,1.440000000000001,-0.06821823778054868,1.440000000000001,-0.05974255279005656,1.440000000000001,-0.05342139604954665,1.440000000000001,-0.04853531736276193,1.440000000000001,-0.04465176023292395,1.440000000000001,-0.03888289936787601,1.440000000000001,-0.03481840661309495,1.440000000000001,-0.03181192897905017,1.440000000000001,-0.02950573981001465,1.440000000000001,-0.02768612753176268,1.440000000000001,-0.026217724380118,1.440000000000001,-0.02501072313422218,1.440000000000001,-0.1107420234133305
1.450000000000001,-0.09821533824486574,1.450000000000001,-0.08037037423637761,1.450000000000001,-0.06848608853697651,1.450000000000001,-0.06003668319647401,1.450000000000001,-0.05373758840433056,1.450000000000001,-0.04887051084237967,1.450000000000001,-0.04500364640082032,1.450000000000001,-0.03926313348437143,1.450000000000001,-0.03522220394589944,1.450000000000001,-0.03223591349425708,1.450000000000001,-0.02994739031861044,1.450000000000001,-0.02814348165205307,1.450000000000001,-0.02668920645134036,1.450000000000001,-0.02549503727296266,1.450000000000001,-0.1109103045428674
1.460000000000001,-0.09842017098996479,1.460000000000001,-0.08061892178147473,1.460000000000001,-0.06876873535048932,1.460000000000001,-0.06034704576339369,1.460000000000001,-0.05407123083467901,1.460000000000001,-0.04922421257286532,1.460000000000001,-0.04537497771581024,1.460000000000001,-0.03966441990230526,1.460000000000001,-0.03564840517974164,1.460000000000001,-0.03268347119071623,1.460000000000001,-0.0304136456694519,1.460000000000001,-0.02862636407138534,1.460000000000001,-0.02718705258182729,1.460000000000001,-0.02600647848738285,1.460000000000001,-0.1110881017966229
1.470000000000001,-0.09863643079348847,1.470000000000001,-0.08088123226074445,1.470000000000001,-0.06906699753352712,1.470000000000001,-0.06067454644258818,1.470000000000001,-0.05442330200310861,1.470000000000001,-0.04959746382727322,1.470000000000001,-0.04576685046671067,1.470000000000001,-0.04008794843468726,1.470000000000001,-0.03609827802609811,1.470000000000001,-0.03315593667007494,1.470000000000001,-0.03090589912569407,1.470000000000001,-0.02913622029381889,1.470000000000001,-0.0277127553445669,1.470000000000001,-0.02654658215082787,1.470000000000001,-0.1112759090975373
1.480000000000001,-0.09886472687349686,1.480000000000001,-0.08115805818835012,1.480000000000001,-0.06938173975906638,1.480000000000001,-0.06102014091697072,1.480000000000001,-0.05479483384430135,1.480000000000001,-0.04999136210287627,1.480000000000001,-0.04618041968433274,1.480000000000001,-0.04053497174965235,1.480000000000001,-0.03657315631429736,1.480000000000001,-0.03365471333316359,1.480000000000001,-0.03142561500816655,1.480000000000001,-0.02967456881796855,1.480000000000001,-0.0282678819910973,1.480000000000001,-0.02711695979523066,1.480000000000001,-0.1114742480725235
1.490000000000001,-0.09910570241043819,1.490000000000001,-0.08145019370581461,1.490000000000001,-0.06971387405682554,1.490000000000001,-0.06138483667606155,1.490000000000001,-0.05518691367910272,1.490000000000001,-0.05040706324702764,1.490000000000001,-0.04661690126103292,1.490000000000001,-0.0410068074424975,1.490000000000001,-0.03707444198788962,1.490000000000001,-0.03418127528471137,1.490000000000001,-0.03197433049908965,1.490000000000001,-0.03024300283430932,1.490000000000001,-0.02885407603945625,1.490000000000001,-0.02771930058837511,1.490000000000001,-0.1116836694662417
1.5,-0.09936003617416632,1.5,-0.08175847644247575,1.5,-0.07006436179508672,1.5,-0.06176969505267151,1.5,-0.05560068626510802,1.5,-0.05084578349529673,1.5,-0.04707757395876569,1.5,-0.04150483995057466,1.5,-0.03760360690077637,1.5,-0.03473716899711376,1.5,-0.03255365716632163,1.5,-0.03084319160648815,1.5,-0.0294730585114379,1.5,-0.02835537242743959,1.5,-0.1119047545869565
