nch18_Vdsat (ll=3.5e-07) X,nch18_Vdsat (ll=3.5e-07) Y,nch18_Vdsat (ll=4e-07) X,nch18_Vdsat (ll=4e-07) Y,nch18_Vdsat (ll=5e-07) X,nch18_Vdsat (ll=5e-07) Y,nch18_Vdsat (ll=6e-07) X,nch18_Vdsat (ll=6e-07) Y,nch18_Vdsat (ll=7e-07) X,nch18_Vdsat (ll=7e-07) Y,nch18_Vdsat (ll=8e-07) X,nch18_Vdsat (ll=8e-07) Y,nch18_Vdsat (ll=9e-07) X,nch18_Vdsat (ll=9e-07) Y,nch18_Vdsat (ll=1e-06) X,nch18_Vdsat (ll=1e-06) Y,nch18_Vdsat (ll=1.2e-06) X,nch18_Vdsat (ll=1.2e-06) Y,nch18_Vdsat (ll=1.4e-06) X,nch18_Vdsat (ll=1.4e-06) Y,nch18_Vdsat (ll=1.6e-06) X,nch18_Vdsat (ll=1.6e-06) Y,nch18_Vdsat (ll=1.8e-06) X,nch18_Vdsat (ll=1.8e-06) Y,nch18_Vdsat (ll=2e-06) X,nch18_Vdsat (ll=2e-06) Y,nch18_Vdsat (ll=2.2e-06) X,nch18_Vdsat (ll=2.2e-06) Y,nch18_Vdsat (ll=2.4e-06) X,nch18_Vdsat (ll=2.4e-06) Y
0,0.04865753016690613,0,0.04777279585910912,0,0.04633560560401728,0,0.0452314021718992,0,0.04436204434896654,0,0.04366187114460769,0,0.04308676348528578,0,0.04260638569569645,0,0.04185012864520998,0,0.0412822944825927,0,0.04084048725185078,0,0.04048702468965797,0,0.0401978483834269,0,0.03995689300907737,0,0.03975302786674412
0.01,0.04865753998722514,0.01,0.04777280591668982,0.01,0.04633561665066331,0.01,0.0452314144977294,0.01,0.04436205805704081,0.01,0.04366188625891169,0.01,0.04308677999006133,0.01,0.04260640355365598,0.01,0.04185014905652967,0.01,0.04128231721951753,0.01,0.04084051208816566,0.01,0.04048705141538173,0.01,0.04019787680948226,0.01,0.03995692296765857,0.01,0.03975305920991855
0.02,0.04865755321728126,0.02,0.04777281948721118,0.02,0.04633563158894469,0.02,0.04523143119151613,0.02,0.04436207664385104,0.02,0.04366190677010673,0.02,0.04308680240345281,0.02,0.04260642781800161,0.02,0.04185017681337674,0.02,0.0412823481575408,0.02,0.04084054589822752,0.02,0.04048708781050036,0.02,0.04019791553120206,0.02,0.03995696378656225,0.02,0.03975310192373643
0.03,0.04865757103865119,0.03,0.0477728377952649,0.03,0.04633565178710772,0.03,0.04523145379800036,0.03,0.04436210184216438,0.03,0.04366193460121082,0.03,0.04308683283620007,0.03,0.04260646078199886,0.03,0.04185021455338598,0.03,0.04128239024809778,0.03,0.04084059191696771,0.03,0.04048713736528589,0.03,0.04019796826882061,0.03,0.0399570193934396,0.03,0.03975316012335327
0.04,0.04865759504143917,0.04,0.04777286249135931,0.04,0.0463356790933458,0.04,0.0452314844069424,0.04,0.04436213599868024,0.04,0.04366197235878876,0.04,0.04308687415118297,0.04,0.04260650555773594,0.04,0.04185026585881121,0.04,0.04128244750192841,0.04,0.04084065454225306,0.04,0.04048720482633047,0.04,0.04019804008300928,0.04,0.03995709513226207,0.04,0.03975323940887955
0.05,0.04865762736513896,0.05,0.04777289579964735,0.05,0.04633571600368285,0.05,0.04523152584485128,0.05,0.04436218229091199,0.05,0.04366202357513642,0.05,0.04308693023057698,0.05,0.04260656636754388,0.05,0.04185033559372084,0.05,0.04128252536795512,0.05,0.04084073975147805,0.05,0.04048729664710102,0.05,0.04019813785607206,0.05,0.03995719827216858,0.05,0.03975334739920004
0.06,0.04865767088788467,0.06,0.04777294071671414,0.06,0.04633576588835512,0.06,0.04523158193391814,0.06,0.04436224502037668,0.06,0.04366209303599006,0.06,0.04308700633754067,0.06,0.04260664893869286,0.06,0.04185043036097075,0.06,0.04128263124707066,0.06,0.04084085566669091,0.06,0.04048742159934835,0.06,0.04019827094501708,0.06,0.03995733869814449,0.06,0.03975349445671663
0.07000000000000001,0.0486577294806531,0.07000000000000001,0.04777300127897288,0.07000000000000001,0.04633583329699604,0.07000000000000001,0.04523165784157839,0.07000000000000001,0.04436233000880146,0.07000000000000001,0.04366218722371475,0.07000000000000001,0.04308710960564863,0.07000000000000001,0.0426067610377552,0.07000000000000001,0.04185055912133015,0.07000000000000001,0.04128277518851035,0.07000000000000001,0.04084101332078666,0.07000000000000001,0.04048759160223837,0.07000000000000001,0.04019845206743222,0.07000000000000001,0.03995752984808289,0.07000000000000001,0.03975369467066239
0.08,0.04865780834855766,0.08,0.04777308292223346,0.08,0.04633592436988292,0.08,0.04523176055221438,0.08,0.0443624451333299,0.08,0.04366231491639436,0.08,0.04308724970088128,0.08,0.04260691319370882,0.08,0.0418507340318084,0.08,0.04128297083322946,0.08,0.04084122769583873,0.08,0.04048782284624668,0.08,0.04019869850245605,0.08,0.03995778998335429,0.08,0.03975396719062152
0.09,0.04865791448892188,0.09,0.04777319296500816,0.09,0.04633604739187331,0.09,0.04523189950343287,0.09,0.04436260104914423,0.09,0.04366248799730953,0.09,0.04308743971657533,0.09,0.04260711967587334,0.09,0.04185097158015986,0.09,0.04128323669106463,0.09,0.04084151912923822,0.09,0.04048813731551387,0.09,0.04019903371788085,0.09,0.03995814391035243,0.09,0.03975433803351468
0.09999999999999999,0.0486580573057591,0.09999999999999999,0.04777334125784041,0.09999999999999999,0.04633621353818335,0.09999999999999999,0.04523208744384957,0.09999999999999999,0.04436281216460472,0.09999999999999999,0.04366272254805301,0.09999999999999999,0.04308769738258189,0.09999999999999999,0.04260739981581021,0.09999999999999999,0.04185129411923896,0.09999999999999999,0.04128359786873843,0.09999999999999999,0.04084191521665788,0.09999999999999999,0.04048856484847495,0.09999999999999999,0.04019948957278723,0.09999999999999999,0.0399586253113054,0.09999999999999999,0.03975484253033143
0.11,0.04865824943369168,0.11,0.04777354105522583,0.11,0.04633643787787578,0.11,0.04523234158885939,0.11,0.04436309795634538,0.11,0.04366304032369941,0.11,0.04308804669787458,0.11,0.04260777979272689,0.11,0.04185173194053755,0.11,0.04128408840584899,0.11,0.04084245338516852,0.11,0.04048914592459737,0.11,0.04020010929673778,0.11,0.03995927989710838,0.11,0.03975552863586833
0.12,0.04865850784197565,0.12,0.04777381018571005,0.12,0.04633674072327787,0.12,0.04523268517685555,0.12,0.04436348474159685,0.12,0.04366347074211181,0.12,0.04308852013315178,0.12,0.04260829504314202,0.12,0.04185232607393125,0.12,0.04128475442988326,0.12,0.04084318436919498,0.12,0.04048993542936636,0.12,0.04020095151509376,0.12,0.03996016966734548,0.12,0.03975646140110189
0.13,0.04865885531288415,0.13,0.04777417262107379,0.13,0.0463371494432557,0.13,0.04523314956300475,0.13,0.04436400806474064,0.13,0.04366405356424805,0.13,0.04308916159980731,0.13,0.04260899350989757,0.13,0.04185313206423079,0.13,0.04128565841295765,0.13,0.04084417690078752,0.13,0.04049100773496699,0.13,0.04020209568111605,0.13,0.03996137865939066,0.13,0.03975772900866371
0.14,0.04865932241979828,0.14,0.04777466057899708,0.14,0.04633770089772242,0.14,0.04523377703379264,0.14,0.04436471590791609,0.14,0.04366484250189303,0.14,0.04309003044762449,0.14,0.04260994001809804,0.14,0.04185422505916709,0.14,0.04128688490760764,0.14,0.04084552403007537,0.14,0.04049246354682633,0.14,0.04020364939610598,0.14,0.03996302069538338,0.14,0.03975945090558367
0.15,0.04865995017146108,0.15,0.04777531733795775,0.15,0.04633844470301685,0.15,0.04523462458646043,0.15,0.04436567300546457,0.15,0.04366591006801747,0.15,0.04309120684114968,0.15,0.04261122216130375,0.15,0.0418557066548095,0.15,0.04128854826419118,0.15,0.04084735162908925,0.15,0.04049443911491207,0.15,0.04020575825703895,0.15,0.03996524980325963,0.15,0.03976178874220898
0.16,0.04866079354296586,0.16,0.04777620100153151,0.16,0.04633944760670537,0.16,0.04523576899794094,0.16,0.0443669666341417,0.16,0.04366735408878995,0.16,0.0430927989795578,0.16,0.04261295820716857,0.16,0.04185771409023284,0.16,0.04129080299629247,0.16,0.04084982981220978,0.16,0.04049711860243028,0.16,0.04020861907782326,0.16,0.03996827420575898,0.16,0.03976496105433342
0.17,0.0486619261848998,0.17,0.04777738952587492,0.17,0.04634079934085887,0.17,0.04523731361353845,0.17,0.04436871437206207,0.17,0.04366930643239791,0.17,0.04309495277573155,0.17,0.04261530769627047,0.17,0.04186043257363533,0.17,0.04129385767368292,0.17,0.04085318823964658,0.17,0.0405007506560643,0.17,0.04021249759741518,0.17,0.03997237505253446,0.17,0.03976926291918825
0.18,0.04866344669449469,0.18,0.0477789874242634,0.18,0.04634262044103576,0.18,0.04523939742337291,0.18,0.04437107447694238,0.18,0.04367194468674176,0.18,0.04309786480574818,0.18,0.04261848562141327,0.18,0.04186411176810632,0.18,0.04129799349717456,0.18,0.04085773657051677,0.18,0.04050567054374828,0.18,0.04021775212947241,0.18,0.03997793142911477,0.18,0.03977509218986233
0.19,0.04866548695242275,0.19,0.04778113469234786,0.19,0.04634507267165647,0.19,0.04524220717327937,0.19,0.04437425973814789,0.19,0.04367550774668491,0.19,0.04310179959205238,0.19,0.04262278134873556,0.19,0.04186908777972905,0.19,0.04130358905932908,0.19,0.04086389171211464,0.19,0.04051232963300003,0.19,0.04022486503842341,0.19,0.03998545362707332,0.19,0.03978298438119195
0.2,0.04866822318291142,0.2,0.04778401866495884,0.2,0.04634837289572417,0.2,0.04524599348618989,0.2,0.04437855591812411,0.2,0.04368031656313375,0.2,0.04310711260411,0.2,0.04262858378971113,0.2,0.04187581238707822,0.2,0.04131115323323373,0.2,0.04087221398618247,0.2,0.04052133448737367,0.2,0.04023448445772403,0.2,0.03999562721344849,0.2,0.03979365885388818
0.21,0.04867189059118452,0.21,0.04778788972839819,0.21,0.04635281147826642,0.21,0.04525109226116449,0.21,0.04438434622887594,0.21,0.04368680167326952,0.21,0.04311428076212632,0.21,0.04263641476688169,0.21,0.04188489174163738,0.21,0.04132136866928161,0.21,0.04088345491019243,0.21,0.0405334984692033,0.21,0.04024747930483289,0.21,0.04000937109996334,0.21,0.03980807962627178
0.2200000000000001,0.04867680267943283,0.2200000000000001,0.04779308208074498,0.2200000000000001,0.04635877662867941,0.2200000000000001,0.04525795298138547,0.2200000000000001,0.04439214369976403,0.2200000000000001,0.04369553958534194,0.2200000000000001,0.04312394272305707,0.2200000000000001,0.04264697304604537,0.2200000000000001,0.04189713736019177,0.2200000000000001,0.04133514902134634,0.2200000000000001,0.04089861997306628,0.2200000000000001,0.04054990945016426,0.2200000000000001,0.0402650113862436,0.2200000000000001,0.04002791357214108,0.2200000000000001,0.03982753491935293
0.2300000000000001,0.04868337664911751,0.2300000000000001,0.04780004106572085,0.2300000000000001,0.04636678647732991,0.2300000000000001,0.04526717600917388,0.2300000000000001,0.04440263379254888,0.2300000000000001,0.0437073006388886,0.2300000000000001,0.04313695181851768,0.2300000000000001,0.04266119213542487,0.2300000000000001,0.041913632919258,0.2300000000000001,0.04135371375780866,0.2300000000000001,0.04091905055159248,0.2300000000000001,0.04057201802158852,0.2300000000000001,0.04028862919311786,0.2300000000000001,0.04005289105689015,0.2300000000000001,0.0398537403669173
0.2400000000000001,0.04869216667019034,0.2400000000000001,0.04780935901042228,0.2400000000000001,0.04637753115267442,0.2400000000000001,0.04527956147995278,0.2400000000000001,0.0444167302096428,0.2400000000000001,0.04372311159995407,0.2400000000000001,0.04315444519349702,0.2400000000000001,0.04268031566517089,0.2400000000000001,0.04193582112232007,0.2400000000000001,0.04137868520162181,0.2400000000000001,0.04094652991591823,0.2400000000000001,0.04060175140100079,0.2400000000000001,0.04032038878749577,0.2400000000000001,0.04008647519649403,0.2400000000000001,0.03988897159794862
0.2500000000000001,0.04870390723898565,0.2500000000000001,0.04782182197543611,0.2500000000000001,0.04639192767585926,0.2500000000000001,0.04529617302179614,0.2500000000000001,0.04443564750899174,0.2500000000000001,0.04374433695891991,0.2500000000000001,0.04317793343229162,0.2500000000000001,0.04270599491731239,0.2500000000000001,0.04196561568100732,0.2500000000000001,0.04141221320220861,0.2500000000000001,0.04098341900232359,0.2500000000000001,0.04064165892218415,0.2500000000000001,0.04036300782427544,0.2500000000000001,0.04013153439300204,0.2500000000000001,0.03993623244418322
0.2600000000000001,0.04871956934934548,0.2600000000000001,0.04783847036904171,0.2600000000000001,0.0464111911046813,0.2600000000000001,0.0453184201968631,0.2600000000000001,0.04446099484454571,0.2600000000000001,0.04377278362204453,0.2600000000000001,0.0432094156833156,0.2600000000000001,0.0427404137894976,0.2600000000000001,0.04200554410808682,0.2600000000000001,0.04145713341286902,0.2600000000000001,0.04103282809903712,0.2600000000000001,0.04069509535075604,0.2600000000000001,0.04042005899293689,0.2600000000000001,0.04019183611002782,0.2600000000000001,0.03999946503534317
0.2700000000000001,0.04874043274276647,0.2700000000000001,0.04786067695805856,0.2700000000000001,0.04643692599697657,0.2700000000000001,0.04534816422598909,0.2700000000000001,0.04449489581321258,0.2700000000000001,0.04381083432005928,0.2700000000000001,0.04325152587449579,0.2700000000000001,0.04278644698531521,0.2700000000000001,0.04205892734912139,0.2700000000000001,0.04151716526312583,0.2700000000000001,0.04109883047888844,0.2700000000000001,0.04076644792474991,0.2700000000000001,0.04049620859330479,0.2700000000000001,0.04027229543014121,0.2700000000000001,0.04008380704679283
0.2800000000000001,0.04876817803316356,0.2800000000000001,0.04789024636857724,0.2800000000000001,0.04647124284330443,0.2800000000000001,0.04538785210505666,0.2800000000000001,0.04454013985888296,0.2800000000000001,0.04386161541125658,0.2800000000000001,0.04330771581907045,0.2800000000000001,0.04284785726325645,0.2800000000000001,0.0421301019358753,0.2800000000000001,0.04159715495931614,0.2800000000000001,0.04118672283900328,0.2800000000000001,0.04086141143804338,0.2800000000000001,0.04059750398811273,0.2800000000000001,0.04037927302628241,0.2800000000000001,0.04019589867938141
0.2900000000000001,0.04880500292877821,0.2900000000000001,0.0479295406049312,0.2900000000000001,0.04651690449611874,0.2900000000000001,0.04544068445975342,0.2900000000000001,0.04460037071652167,0.2900000000000001,0.04392920453162037,0.2900000000000001,0.04338248049137201,0.2900000000000001,0.04292953673386656,0.2900000000000001,0.04222468881412872,0.2900000000000001,0.04170336661359834,0.2900000000000001,0.04130333448915257,0.2900000000000001,0.04098731211501724,0.2900000000000001,0.04073170949655375,0.2900000000000001,0.0405209209623569,0.2900000000000001,0.04034423668722666
0.3000000000000001,0.04885376694586339,0.3000000000000001,0.0479816352506541,0.3000000000000001,0.04657750756454541,0.3000000000000001,0.04551082211161308,0.3000000000000001,0.044680316598613,0.3000000000000001,0.04401888229123171,0.3000000000000001,0.04348162898190289,0.3000000000000001,0.04303779488132924,0.3000000000000001,0.04234990957342569,0.3000000000000001,0.04184382008656804,0.3000000000000001,0.04145738168699514,0.3000000000000001,0.04115347453004512,0.3000000000000001,0.04090868292861485,0.3000000000000001,0.04070756658312735,0.3000000000000001,0.04053956389713148
0.3100000000000001,0.04891816869210978,0.3100000000000001,0.0480505105833314,0.3100000000000001,0.0466577029007666,0.3100000000000001,0.04560363490131371,0.3100000000000001,0.04478606469819762,0.3100000000000001,0.04413742931173761,0.3100000000000001,0.04361260091900376,0.3100000000000001,0.04318069143034233,0.3100000000000001,0.04251494460625865,0.3100000000000001,0.0420286663839479,0.3100000000000001,0.04165985436528948,0.3100000000000001,0.04137161541013172,0.3100000000000001,0.04114077342194453,0.3100000000000001,0.04095211222092966,0.3100000000000001,0.04079526925000968
0.3200000000000001,0.0490029586561016,0.3200000000000001,0.04814128045406545,0.3200000000000001,0.04676345718739559,0.3200000000000001,0.04572599323813693,0.3200000000000001,0.04492537841069386,0.3200000000000001,0.04429346456396735,0.3200000000000001,0.04378482162425276,0.3200000000000001,0.04336840448824725,0.3200000000000001,0.0427313178186917,0.3200000000000001,0.04227057956361123,0.3200000000000001,0.04192440889236844,0.3200000000000001,0.04165623307992931,0.3200000000000001,0.04144320490742245,0.3200000000000001,0.04127041104215369,0.3200000000000001,0.04112775508047508
0.3300000000000001,0.04911418802640148,0.3300000000000001,0.04826045894779352,0.3300000000000001,0.04690235362318124,0.3300000000000001,0.04588659739100749,0.3300000000000001,0.04510804865836173,0.3300000000000001,0.04449781235292622,0.3300000000000001,0.04401007909890916,0.3300000000000001,0.04361361274144456,0.3300000000000001,0.04301327821356049,0.3300000000000001,0.04258512761495865,0.3300000000000001,0.04226772224956597,0.3300000000000001,0.04202494165954794,0.3300000000000001,0.04183438879558615,0.3300000000000001,0.04168155778540607,0.3300000000000001,0.04155670614038125
0.3400000000000001,0.04925948984554596,0.3400000000000001,0.04841625995731783,0.3400000000000001,0.04708392309994193,0.3400000000000001,0.04609633095767407,0.3400000000000001,0.04534626009584845,0.3400000000000001,0.04476387273868932,0.3400000000000001,0.04430289157554206,0.3400000000000001,0.04393185450488483,0.3400000000000001,0.04337813006156731,0.3400000000000001,0.04299106430535935,0.3400000000000001,0.04270974131909502,0.3400000000000001,0.04249867671148974,0.3400000000000001,0.04233608671576793,0.3400000000000001,0.04220801031419705,0.3400000000000001,0.04210517217544321
0.3500000000000001,0.04944838223726565,0.3500000000000001,0.04861891728282454,0.3500000000000001,0.04731998745672065,0.3500000000000001,0.04636861271683508,0.3500000000000001,0.04565493844421624,0.3500000000000001,0.04510795362268757,0.3500000000000001,0.04468081612062843,0.3500000000000001,0.04434180684380232,0.3500000000000001,0.04384644214034138,0.3500000000000001,0.04351046221601704,0.3500000000000001,0.04327373948871951,0.3500000000000001,0.04310167839734515,0.3500000000000001,0.04297332472331716,0.3500000000000001,0.04287543993546851,0.3500000000000001,0.04279935946259326
0.3600000000000002,0.04969257415013718,0.3600000000000002,0.04888100233739105,0.3600000000000002,0.0476249831733294,0.3600000000000002,0.04671970530919431,0.3600000000000002,0.04605202736741961,0.3600000000000002,0.04554950340975149,0.3600000000000002,0.04516462858106691,0.3600000000000002,0.04486540749234364,0.3600000000000002,0.04444204685547279,0.3600000000000002,0.04416858973972697,0.3600000000000002,0.04398607839363187,0.3600000000000002,0.04386114733437433,0.3600000000000002,0.0437739532219649,0.3600000000000002,0.04371220498577297,0.3600000000000002,0.04366802689900053
0.3700000000000002,0.05000624211924466,0.3700000000000002,0.04921770319505583,0.3700000000000002,0.04801621789680232,0.3700000000000002,0.04716892131535729,0.3700000000000002,0.04655862449709396,0.3700000000000002,0.04611116443145451,0.3700000000000002,0.04577828744605742,0.3700000000000002,0.04552772634722847,0.3700000000000002,0.04519172933104969,0.3700000000000002,0.04499343060937867,0.3700000000000002,0.04487557543204604,0.3700000000000002,0.04480647817951628,0.3700000000000002,0.04476776343047912,0.3700000000000002,0.04474836509914134,0.3700000000000002,0.04474141100554251
0.3800000000000002,0.05040623292518082,0.3800000000000002,0.04964701382196875,0.3800000000000002,0.04851399566459777,0.3800000000000002,0.04773865070208928,0.3800000000000002,0.04719889118037549,0.3800000000000002,0.04681855528905118,0.3800000000000002,0.04654858630791349,0.3800000000000002,0.04635649038152867,0.3800000000000002,0.04612451488207307,0.3800000000000002,0.04601476458617452,0.3800000000000002,0.0459724090149749,0.3800000000000002,0.045968017639235,0.3800000000000002,0.04598512217246728,0.3800000000000002,0.04601421273269887,0.3800000000000002,0.04604967059070565
0.3900000000000002,0.05091213405128532,0.3900000000000002,0.05018976873689127,0.3900000000000002,0.04914153386224769,0.3900000000000002,0.04845412415852294,0.3900000000000002,0.04799964666655021,0.3900000000000002,0.04769969362745406,0.3900000000000002,0.04750441118541444,0.3900000000000002,0.04738118612590925,0.3900000000000002,0.04727050102714313,0.3900000000000002,0.04726278168914387,0.3900000000000002,0.0473065611061878,0.3900000000000002,0.04737537279193072,0.3900000000000002,0.04745517549212275,0.3900000000000002,0.04753839501552972,0.3900000000000002,0.04762094459738556
0.4000000000000002,0.05154614550986668,0.4000000000000002,0.05086945081086018,0.4000000000000002,0.04992459227768212,0.4000000000000002,0.04934283251931249,0.4000000000000002,0.04898957379105507,0.4000000000000002,0.04878399904031609,0.4000000000000002,0.048675559262887,0.4000000000000002,0.04863171585538834,0.4000000000000002,0.04865925293560178,0.4000000000000002,0.04876629142372681,0.4000000000000002,0.04890589776609646,0.4000000000000002,0.04905540526626443,0.4000000000000002,0.04920378693201986,0.4000000000000002,0.04934581784871313,0.4000000000000002,0.04947923744691311
0.4100000000000002,0.05233268842232176,0.4100000000000002,0.05171170474859341,0.4100000000000002,0.05089074976151475,0.4100000000000002,0.05043355149651881,0.4100000000000002,0.05019800749109533,0.4100000000000002,0.05010087505516268,0.4100000000000002,0.05009114848376447,0.4100000000000002,0.05013666824777643,0.4100000000000002,0.05031788307188326,0.4100000000000002,0.05055070002299387,0.4100000000000002,0.05079410384775222,0.4100000000000002,0.05103016205788764,0.4100000000000002,0.05125148865870963,0.4100000000000002,0.05145563195326882,0.4100000000000002,0.05164244838626788
0.4200000000000002,0.05329770355276255,0.4200000000000002,0.05274351236626413,0.4200000000000002,0.05206830332604109,0.4200000000000002,0.051754978031855,0.4200000000000002,0.05165335127928781,0.4200000000000002,0.0516779568190922,0.4200000000000002,0.0517777454408419,0.4200000000000002,0.05192136902209794,0.4200000000000002,0.05226904471221029,0.4200000000000002,0.05263603276205502,0.4200000000000002,0.0529887817924393,0.4200000000000002,0.05331507455449765,0.4200000000000002,0.05361179030370499,0.4200000000000002,0.05387965303930147,0.4200000000000002,0.05412090007294263
0.4300000000000002,0.0544676307049133,0.4300000000000002,0.05399203166079461,0.4300000000000002,0.05348482901562567,0.4300000000000002,0.05333406601268713,0.4300000000000002,0.05338126032963589,0.4300000000000002,0.05353921090980435,0.4300000000000002,0.05375743958040199,0.4300000000000002,0.05400597382333122,0.4300000000000002,0.05452914863930515,0.4300000000000002,0.05503533422181213,0.4300000000000002,0.05550005458528717,0.4300000000000002,0.05591776244791258,0.4300000000000002,0.05629017238671748,0.4300000000000002,0.05662152948003335,0.4300000000000002,0.05691666440587202
0.4400000000000002,0.05586811626914666,0.4400000000000002,0.05548316696923454,0.4400000000000002,0.05516552500816587,0.4400000000000002,0.05519423894857051,0.4400000000000002,0.05540281970771341,0.4400000000000002,0.05570315584046878,0.4400000000000002,0.05604616033987384,0.4400000000000002,0.05640391691671572,0.4400000000000002,0.05710712419847412,0.4400000000000002,0.05775375219818558,0.4400000000000002,0.05832995093697968,0.4400000000000002,0.05883768772738764,0.4400000000000002,0.05928397535535242,0.4400000000000002,0.05967683519123841,0.4400000000000002,0.06002383183627608
0.4500000000000002,0.05752256220212935,0.4500000000000002,0.05724001017014828,0.4500000000000002,0.05713153541151695,0.4500000000000002,0.05735372829039163,0.4500000000000002,0.05773300003194932,0.4500000000000002,0.05818150146925646,0.4500000000000002,0.05865253610121725,0.4500000000000002,0.05912100354266969,0.4500000000000002,0.06000396868961453,0.4500000000000002,0.06078849234288699,0.4500000000000002,0.06147270121199818,0.4500000000000002,0.06206673227990648,0.4500000000000002,0.06258320831020338,0.4500000000000002,0.06303406823931283,0.4500000000000002,0.06342966671522811
0.4600000000000002,0.05945068831293788,0.4600000000000002,0.05928135228780676,0.4600000000000002,0.05939850098029552,0.4600000000000002,0.05982430806756132,0.4600000000000002,0.06037966131456977,0.4600000000000002,0.06097845848931885,0.4600000000000002,0.06157751326943978,0.4600000000000002,0.06215532373818568,0.4600000000000002,0.06321317468825106,0.4600000000000002,0.06412964961836529,0.4600000000000002,0.06491587815782354,0.4600000000000002,0.06559057352367585,0.4600000000000002,0.0661721033485375,0.4600000000000002,0.06667634192161727,0.4600000000000002,0.06711640376318918
0.4700000000000003,0.0616673100636548,0.4700000000000003,0.06162048772850359,0.4700000000000003,0.06197557607522017,0.4700000000000003,0.06261064978711739,0.4700000000000003,0.06334328879713652,0.4700000000000003,0.06409084746390163,0.4700000000000003,0.06481480508575999,0.4700000000000003,0.06549799772440806,0.4700000000000003,0.06672193919449512,0.4700000000000003,0.06776173729319242,0.4700000000000003,0.06864214154728336,0.4700000000000003,0.06939057274345757,0.4700000000000003,0.07003109860416222,0.4700000000000003,0.07058342918565362,0.4700000000000003,0.07106333109874084
0.4800000000000003,0.06418151964648673,0.4800000000000003,0.06426450367486312,0.4800000000000003,0.06486508059996611,0.4800000000000003,0.06571040990314395,0.4800000000000003,0.0666175010662941,0.4800000000000003,0.06750897338766536,0.4800000000000003,0.06835206741421891,0.4800000000000003,0.06913459048293759,0.4800000000000003,0.07051290263175337,0.4800000000000003,0.07166560552832645,0.4800000000000003,0.07263124667518617,0.4800000000000003,0.07344581965092155,0.4800000000000003,0.07413888705113221,0.4800000000000003,0.0747337971888013,0.4800000000000003,0.07524880012761874
0.4900000000000003,0.06699639550869156,0.4900000000000003,0.06721416564230287,0.4900000000000003,0.068062835831275,0.4900000000000003,0.06911501583202716,0.4900000000000003,0.07019021399578368,0.4900000000000003,0.07121807846280011,0.4900000000000003,0.07217255852306019,0.4900000000000003,0.07304691166575766,0.4900000000000003,0.0745660877223475,0.4900000000000003,0.07582040533864993,0.4900000000000003,0.07686197593171806,0.4900000000000003,0.07773500480972297,0.4900000000000003,0.07847421918069106,0.4900000000000003,0.07910633794884565,0.4900000000000003,0.0796518860427872
0.5000000000000002,0.07010926882894124,0.5000000000000002,0.07046439735791513,0.5000000000000002,0.07155909891365561,0.5000000000000002,0.0728109810122971,0.5000000000000002,0.07404522378038521,0.5000000000000002,0.07520009046929151,0.5000000000000002,0.07625697352797899,0.5000000000000002,0.07721487975218667,0.5000000000000002,0.07886072247039998,0.5000000000000002,0.08020530697835539,0.5000000000000002,0.08131373380493313,0.5000000000000002,0.0822378920075152,0.5000000000000002,0.08301726126812886,0.5000000000000002,0.08368162348974309,0.5000000000000002,0.08425355097633427
0.5100000000000002,0.07351247225920493,0.5100000000000002,0.07400524231378382,0.5100000000000002,0.07533990348360232,0.5100000000000002,0.07678149580913558,0.5100000000000002,0.07816392226210815,0.5100000000000002,0.07943536946043377,0.5100000000000002,0.08058516202965919,0.5100000000000002,0.08161817488492391,0.5100000000000002,0.08337671702662343,0.5100000000000002,0.08480079086634354,0.5100000000000002,0.08596766724684227,0.5100000000000002,0.0869362899347319,0.5100000000000002,0.08775043983924515,0.5100000000000002,0.08844264201237022,0.5100000000000002,0.08903728785181209
0.5200000000000002,0.07719441653322968,0.5200000000000002,0.07782311789305872,0.5200000000000002,0.07938856300979169,0.5200000000000002,0.08100802807391759,0.5200000000000002,0.08252688273854568,0.5200000000000002,0.08390421250647356,0.5200000000000002,0.08513751881351141,0.5200000000000002,0.08623750333047983,0.5200000000000002,0.08809568074437961,0.5200000000000002,0.08958945008629365,0.5200000000000002,0.09080729172889852,0.5200000000000002,0.09181453524791536,0.5200000000000002,0.09265880880357225,0.5200000000000002,0.09337507040924563,0.5200000000000002,0.09398931496396053
0.5300000000000002,0.08114080443969278,0.5300000000000002,0.08190214887801889,0.5300000000000002,0.08368710574694584,0.5300000000000002,0.08547171676471307,0.5300000000000002,0.08711513299410198,0.5300000000000002,0.08858797364405446,0.5300000000000002,0.08989594520743355,0.5300000000000002,0.09105540819584955,0.5300000000000002,0.09300147402961692,0.5300000000000002,0.09455634156712711,0.5300000000000002,0.09581868946879145,0.5300000000000002,0.09685957374836773,0.5300000000000002,0.09773004001626312,0.5300000000000002,0.09846719367737761,0.5300000000000002,0.09909843871692692
0.5400000000000003,0.08533580253456305,0.5400000000000003,0.08622539366640318,0.5400000000000003,0.08821747045206739,0.5400000000000003,0.09015442731463749,0.5400000000000003,0.09191103065452225,0.5400000000000003,0.09346975801277324,0.5400000000000003,0.09484437769261674,0.5400000000000003,0.09605665363516573,0.5400000000000003,0.09808036536976401,0.5400000000000003,0.09968898202748729,0.5400000000000003,0.1009903907675779,0.5400000000000003,0.1020607589250094,0.5400000000000003,0.102954160886252,0.5400000000000003,0.1037095968328324,0.5400000000000003,0.1043557106646804
0.5500000000000003,0.08976303689284944,0.5500000000000003,0.0907758363006976,0.5500000000000003,0.09296237336483244,0.5500000000000003,0.09503942732698263,0.5500000000000003,0.09689874382070507,0.5500000000000003,0.09853472888188726,0.5500000000000003,0.09996894930014222,0.5500000000000003,0.1012282673626159,0.5500000000000003,0.1033209008079288,0.5500000000000003,0.1049771053316842,0.5500000000000003,0.106313057728266,0.5500000000000003,0.1074094863707358,0.5500000000000003,0.1083231551522678,0.5500000000000003,0.1090947423496265,0.5500000000000003,0.1097539885419449
0.5600000000000003,0.09440634054506856,0.5600000000000003,0.09553708738102096,0.5600000000000003,0.09790583363172067,0.5600000000000003,0.1001117125812512,0.5600000000000003,0.1020643997797127,0.5600000000000003,0.1037701126902638,0.5600000000000003,0.1052578828416577,0.5600000000000003,0.1065593484006053,0.5600000000000003,0.1087135975951821,0.5600000000000003,0.1104122905056796,0.5600000000000003,0.111779074383165,0.5600000000000003,0.1128987621380967,0.5600000000000003,0.1138305190285505,0.5600000000000003,0.1146165198832912,0.5600000000000003,0.1152874831247579
0.5700000000000003,0.09925023839179975,0.5700000000000003,0.10049379774281,0.5700000000000003,0.1030333999957625,0.5700000000000003,0.1053580560827607,0.5700000000000003,0.1073959927874192,0.5700000000000003,0.1091650022134029,0.5700000000000003,0.1107012191194227,0.5700000000000003,0.1120407425212698,0.5700000000000003,0.1142505577484499,0.5700000000000003,0.1159875471685846,0.5700000000000003,0.1173821212186991,0.5700000000000003,0.1185227752020828,0.5700000000000003,0.1194708361365826,0.5700000000000003,0.120269825928923,0.5700000000000003,0.1209513436506416
0.5800000000000003,0.1042801983910038,0.5800000000000003,0.1056318298268739,0.5800000000000003,0.1083321511218756,0.5800000000000003,0.1107668680545439,0.5800000000000003,0.1128831443412304,0.5800000000000003,0.1147100505445486,0.5800000000000003,0.1162904687233022,0.5800000000000003,0.1176646683780129,0.5800000000000003,0.1199250723435301,0.5800000000000003,0.1216969181761011,0.5800000000000003,0.1231167847020681,0.5800000000000003,0.1242765171578232,0.5800000000000003,0.1252394082843065,0.5800000000000003,0.1260502055242267,0.5800000000000003,0.1267413098311669
0.5900000000000003,0.109482701680991,0.5900000000000003,0.1109382511402978,0.5900000000000003,0.1137905487784449,0.5900000000000003,0.1163279497826308,0.5900000000000003,0.1185167956743913,0.5900000000000003,0.1203971292218237,0.5900000000000003,0.1220182532882696,0.5900000000000003,0.1234243527796868,0.5900000000000003,0.1257312619051363,0.5900000000000003,0.1275351345629607,0.5900000000000003,0.128978229030952,0.5900000000000003,0.1301554703368481,0.5900000000000003,0.1311319585859231,0.5900000000000003,0.1319535687917689,0.5900000000000003,0.1326534402893636
0.6000000000000003,0.1148451911262219,0.6000000000000003,0.1164012161576659,0.6000000000000003,0.1193982146423,0.6000000000000003,0.1220322080685994,0.6000000000000003,0.1242888915525361,0.6000000000000003,0.1262190010636578,0.6000000000000003,0.1278779786987864,0.6000000000000003,0.1293137104277438,0.6000000000000003,0.1316637768062273,0.6000000000000003,0.1334973385226868,0.6000000000000003,0.1349619399678321,0.6000000000000003,0.1361553699034583,0.6000000000000003,0.1371444092711941,0.6000000000000003,0.1379759822181286,0.6000000000000003,0.1386839154129338
0.6100000000000003,0.1203559526850654,0.6100000000000003,0.1220097938257797,0.6100000000000003,0.1251456854204786,0.6100000000000003,0.1278713772230185,0.6100000000000003,0.1301920933916715,0.6100000000000003,0.1321690374542881,0.6100000000000003,0.1338635628957599,0.6100000000000003,0.1353270849111721,0.6100000000000003,0.1377175658018727,0.6100000000000003,0.1395788767909943,0.6100000000000003,0.1410635392226394,0.6100000000000003,0.1422720356799072,0.6100000000000003,0.1432727279929807,0.6100000000000003,0.1441135270589662,0.6100000000000003,0.1448289059498201
0.6200000000000003,0.12600397256931,0.6200000000000003,0.1277537835860501,0.6200000000000003,0.1310241832173232,0.6200000000000003,0.1338377769454366,0.6200000000000003,0.1362195418902392,0.6200000000000003,0.1382409934523452,0.6200000000000003,0.1399692262301848,0.6200000000000003,0.1414590546621524,0.6200000000000003,0.1438877105336065,0.6200000000000003,0.1457751586694338,0.6200000000000003,0.1472786613512361,0.6200000000000003,0.148501264195714,0.6200000000000003,0.1495128321490773,0.6200000000000003,0.1503622137202156,0.6200000000000003,0.1510844957365382
0.6300000000000003,0.131778799880589,0.6300000000000003,0.1336235479786036,0.6300000000000003,0.1370254222349225,0.6300000000000003,0.1399241195073588,0.6300000000000003,0.1423646761294854,0.6300000000000003,0.1444288426967988,0.6300000000000003,0.1461893426266283,0.6300000000000003,0.1477042994003746,0.6300000000000003,0.1501693180329711,0.6300000000000003,0.1520815687961852,0.6300000000000003,0.1536028822059086,0.6300000000000003,0.1548387693996403,0.6300000000000003,0.1558605393301473,0.6300000000000003,0.1567179400602205,0.6300000000000003,0.1574466464326879
0.6400000000000003,0.1376704321618735,0.6400000000000003,0.1396098770465074,0.6400000000000003,0.14314146059955,0.6400000000000003,0.1461233690337107,0.6400000000000003,0.148621107365141,0.6400000000000003,0.1507266670842358,0.6400000000000003,0.1525183442858603,0.6400000000000003,0.1540575182642887,0.6400000000000003,0.1565574606931712,0.6400000000000003,0.1584934233832659,0.6400000000000003,0.1600316873820045,0.6400000000000003,0.1612801604370207,0.6400000000000003,0.1623115523701081,0.6400000000000003,0.1631764822178351,0.6400000000000003,0.163911193018859
0.6500000000000004,0.1436692315288812,0.6500000000000004,0.1457038900030967,0.6500000000000004,0.1493645976244263,0.6500000000000004,0.1524286489919687,0.6500000000000004,0.1549825407324904,0.6500000000000004,0.1571285925885334,0.6500000000000004,0.1589506701607935,0.6500000000000004,0.160513389196274,0.6500000000000004,0.1630471527441262,0.6500000000000004,0.1650059589470819,0.6500000000000004,0.1665604698874535,0.6500000000000004,0.1678209459924118,0.6500000000000004,0.1688614687877415,0.6500000000000004,0.1697335080345789,0.6500000000000004,0.1704738603866122
0.6600000000000004,0.1497658721316052,0.6600000000000004,0.1518969730452584,0.6600000000000004,0.1556873116790747,0.6600000000000004,0.1588331904296646,0.6600000000000004,0.1614427358354421,0.6600000000000004,0.1636287613562564,0.6600000000000004,0.1654807479597678,0.6600000000000004,0.1670665592305677,0.6600000000000004,0.1696333530785733,0.6600000000000004,0.1716143437874268,0.6600000000000004,0.173184547733772,0.6600000000000004,0.1744565563163682,0.6600000000000004,0.175505806117144,0.6600000000000004,0.1763846049038107,0.6600000000000004,0.1771302931481289
0.6700000000000004,0.1559513154040815,0.6700000000000004,0.1581807483421459,0.6700000000000004,0.1621022312777538,0.6700000000000004,0.1653303121563087,0.6700000000000004,0.1679954967744337,0.6700000000000004,0.170221330461743,0.6700000000000004,0.1721030001495205,0.6700000000000004,0.1737116563778784,0.6700000000000004,0.1763109857101892,0.6700000000000004,0.1783137040931278,0.6700000000000004,0.1798991938616986,0.6700000000000004,0.1811823758097099,0.6700000000000004,0.1822400363919012,0.6700000000000004,0.1831253156449081,0.6700000000000004,0.1838760925483386
0.6800000000000004,0.1622168073697006,0.6800000000000004,0.1645470674564523,0.6800000000000004,0.1686021312452448,0.6800000000000004,0.1719134241574549,0.6800000000000004,0.1746346828527879,0.6800000000000004,0.1769004887826426,0.6800000000000004,0.1788118657594308,0.6800000000000004,0.1804433152889909,0.6800000000000004,0.1830749707894261,0.6800000000000004,0.1850991582435311,0.6800000000000004,0.1866996725033889,0.6800000000000004,0.1879937807047857,0.6800000000000004,0.1890596246836699,0.6800000000000004,0.1899511776036068,0.6800000000000004,0.1907068559332704
0.6900000000000004,0.1685538915933827,0.6900000000000004,0.1709880221189275,0.6900000000000004,0.1751799462012033,0.6900000000000004,0.1785760464436747,0.6900000000000004,0.1813542324506192,0.6900000000000004,0.1836604849002265,0.6900000000000004,0.1856018313367769,0.6900000000000004,0.1872562104776964,0.6900000000000004,0.1899202607132706,0.6900000000000004,0.1919658544481515,0.6900000000000004,0.1935812776039087,0.6900000000000004,0.194886177849841,0.6900000000000004,0.1959600680109246,0.6900000000000004,0.1968577615480926,0.6900000000000004,0.1976182155550747
0.7000000000000004,0.1749544316786872,0.7000000000000004,0.1774959658288725,0.7000000000000004,0.1818287946137856,0.7000000000000004,0.1853118368391253,0.7000000000000004,0.188148194009091,0.7000000000000004,0.1904956604458695,0.7000000000000004,0.192467465931845,0.7000000000000004,0.1941450923961638,0.7000000000000004,0.1968418773100843,0.7000000000000004,0.1989090082319525,0.7000000000000004,0.2005393702144074,0.7000000000000004,0.2018550418256775,0.7000000000000004,0.2029369320992182,0.7000000000000004,0.2038407080463969,0.7000000000000004,0.2046058745670456
0.7100000000000004,0.1814106380700115,0.7100000000000004,0.1840635407752934,0.7100000000000004,0.1885420079497382,0.7100000000000004,0.1921146226157443,0.7100000000000004,0.1950107595033163,0.7100000000000004,0.197400484734009,0.7100000000000004,0.1994034563699503,0.7100000000000004,0.2011048229834891,0.7100000000000004,0.2038349473024433,0.7100000000000004,0.2059239374001926,0.7100000000000004,0.2075694128156957,0.7100000000000004,0.2088959486028748,0.7100000000000004,0.209985884397649,0.7100000000000004,0.210895759887138,0.7100000000000004,0.2116656388992985
0.7200000000000004,0.1879150950246164,0.7200000000000004,0.1906837057709838,0.7200000000000004,0.1953131607577917,0.7200000000000004,0.1989784322073061,0.7200000000000004,0.2019362970749655,0.7200000000000004,0.2043695877564752,0.7200000000000004,0.2064046402362878,0.7200000000000004,0.2081304084119398,0.7200000000000004,0.2108947342383444,0.7200000000000004,0.213006093009565,0.7200000000000004,0.2146669993471574,0.7200000000000004,0.2160046047031615,0.7200000000000004,0.2171027224614025,0.7200000000000004,0.2180187897698569,0.7200000000000004,0.2187934443354556
0.7300000000000004,0.1944607847558556,0.7300000000000004,0.197349762075187,0.7300000000000004,0.2021360987279095,0.7300000000000004,0.2058975244009405,0.7300000000000004,0.2089193805897623,0.7300000000000004,0.2113977896307984,0.7300000000000004,0.2134660349443055,0.7300000000000004,0.2152170276336396,0.7300000000000004,0.2180166658480286,0.7300000000000004,0.2201510855529911,0.7300000000000004,0.2218278803304235,0.7300000000000004,0.2231768713903099,0.7300000000000004,0.2242833973305524,0.7300000000000004,0.2252058229773301,0.7300000000000004,0.2259853785686218
0.7400000000000004,0.2010411067901151,0.7400000000000004,0.2040553750402256,0.7400000000000004,0.2090049628007788,0.7400000000000004,0.2128664133652916,0.7400000000000004,0.2159548147652181,0.7400000000000004,0.2184801253976188,0.7400000000000004,0.2205828619906728,0.7400000000000004,0.2223600560018196,0.7400000000000004,0.2251963563570241,0.7400000000000004,0.2273547060660274,0.7400000000000004,0.2290479829221512,0.7400000000000004,0.2304087838182166,0.7400000000000004,0.231524031903166,0.7400000000000004,0.2324530550828769,0.7400000000000004,0.2332376983333699
0.7500000000000004,0.207649891459326,0.7500000000000004,0.2107945904007912,0.7500000000000004,0.2159142082359438,0.7500000000000004,0.2198798886308805,0.7500000000000004,0.2230376551915864,0.7500000000000004,0.2256118646685202,0.7500000000000004,0.2277505660448098,0.7500000000000004,0.2295550837334308,0.7500000000000004,0.2324296236970908,0.7500000000000004,0.234612942214527,0.7500000000000004,0.2363234260381284,0.7500000000000004,0.2376965653378184,0.7500000000000004,0.2388209345489381,0.7500000000000004,0.2397568649725106,0.7500000000000004,0.2405468419198994
0.7600000000000005,0.2142814071452853,0.7600000000000005,0.2175618447176852,0.7600000000000005,0.2228586181869657,0.7600000000000005,0.2269330297058761,0.7600000000000005,0.2301632230671397,0.7600000000000005,0.2327885260635334,0.7600000000000005,0.2349648289080344,0.7600000000000005,0.2367979293248122,0.7600000000000005,0.2397125018369903,0.7600000000000005,0.2419219896575449,0.7600000000000005,0.2436505308911582,0.7600000000000005,0.2450366373394126,0.7600000000000005,0.2461706083641292,0.7600000000000005,0.2471138236010579,0.7600000000000005,0.2479094375031213
0.7700000000000005,0.2209303614047077,0.7700000000000005,0.224351969999749,0.7700000000000005,0.2298333117973493,0.7700000000000005,0.2340212154148623,0.7700000000000005,0.237327114816811,0.7700000000000005,0.2400058866773204,0.7700000000000005,0.24222157863747,0.7700000000000005,0.2440846482594277,0.7700000000000005,0.2470412486330061,0.7700000000000005,0.2492782591228263,0.7700000000000005,0.2510258274039428,0.7700000000000005,0.2524256251067954,0.7700000000000005,0.2535697565545629,0.7700000000000005,0.2545206989755258,0.7700000000000005,0.2553223077845937
0.7800000000000005,0.2275918964548899,0.7800000000000005,0.2311601928806144,0.7800000000000005,0.2368337471486806,0.7800000000000005,0.2411401283186041,0.7800000000000005,0.2445252069900231,0.7800000000000005,0.2472599870034188,0.7800000000000005,0.2495169942904673,0.7800000000000005,0.2514115374832628,0.7800000000000005,0.2544123496998228,0.7800000000000005,0.2566783797083451,0.7800000000000005,0.2584460570162727,0.7800000000000005,0.2598603602049227,0.7800000000000005,0.2610152844683211,0.7800000000000005,0.2619744578864283,0.7800000000000005,0.2627824714663195
0.7900000000000005,0.2342615797153355,0.7900000000000005,0.2379821289484581,0.7900000000000005,0.243855719590791,0.7900000000000005,0.2482857547372654,0.7900000000000005,0.2517536569668139,0.7900000000000005,0.2545471318532065,0.7900000000000005,0.2568475068313676,0.7900000000000005,0.2587751361924367,0.7900000000000005,0.2618225188463781,0.7900000000000005,0.2641191989502595,0.7900000000000005,0.2659081724210951,0.7900000000000005,0.2673378799290031,0.7900000000000005,0.2685042987998256,0.7900000000000005,0.2694722649027222,0.7900000000000005,0.2702871420663776
0.8000000000000005,0.2409353902096072,0.8000000000000005,0.2448137729452167,0.8000000000000005,0.2508953560903244,0.8000000000000005,0.2554543809838605,0.8000000000000005,0.2590089000646101,0.8000000000000005,0.2618638878517852,0.8000000000000005,0.264209796774092,0.8000000000000005,0.2661722234980657,0.8000000000000005,0.2692686956253709,0.8000000000000005,0.2715977801910964,0.8000000000000005,0.2734093347497331,0.8000000000000005,0.2748554243237034,0.8000000000000005,0.2760341044635129,0.8000000000000005,0.2770114791194008,0.8000000000000005,0.2778337245574669
0.8100000000000005,0.2476097016610437,0.8100000000000005,0.2516514855928924,0.8100000000000005,0.2579491062725464,0.8100000000000005,0.2626425864406926,0.8100000000000005,0.2662876436511902,0.8100000000000005,0.2692070780955985,0.8100000000000005,0.2716007891277564,0.8100000000000005,0.2735998135202172,0.8100000000000005,0.2767480405223711,0.8100000000000005,0.2791113977527904,0.8100000000000005,0.2809469086933964,0.8100000000000005,0.2824104312447162,0.8100000000000005,0.2836021995969701,0.8100000000000005,0.2845896491070469,0.8100000000000005,0.2854198102685731
0.8200000000000005,0.2542812630892675,0.8200000000000005,0.258491977791219,0.8200000000000005,0.2650137308220779,0.8200000000000005,0.2698472340970223,0.8200000000000005,0.2735868588484799,0.8200000000000005,0.2765737745298325,0.8200000000000005,0.2790176461813956,0.8200000000000005,0.2810551484281998,0.8200000000000005,0.2842579282709159,0.8200000000000005,0.2866575303767667,0.8200000000000005,0.2885184560037677,0.8200000000000005,0.2900005298897201,0.8200000000000005,0.2912062691073639,0.8200000000000005,0.2922045064661129,0.8200000000000005,0.2930431704430767
0.8300000000000005,0.2609471776515639,0.8300000000000005,0.2653322928816232,0.8300000000000005,0.2720862878674346,0.8300000000000005,0.2770654591254498,0.8300000000000005,0.280903770368993,0.8300000000000005,0.2839612885590017,0.8300000000000005,0.2864577586175135,0.8300000000000005,0.2885356898968085,0.8300000000000005,0.2917959397308414,0.8300000000000005,0.2942338533436221,0.8300000000000005,0.2961217277655908,0.8300000000000005,0.2976235331758453,0.8300000000000005,0.2988441771254242,0.8300000000000005,0.2998539583393869,0.8300000000000005,0.3007017487976257
0.8400000000000005,0.2676048803891632,0.8400000000000005,0.2721697876015164,0.8400000000000005,0.2791641179146437,0.8400000000000005,0.2842946560182107,0.8400000000000005,0.288235844971714,0.8400000000000005,0.2913671603494281,0.8400000000000005,0.293918735389845,0.8400000000000005,0.2960391093942439,0.8400000000000005,0.2993598527142637,0.8400000000000005,0.3018382296328399,0.8400000000000005,0.3037546557830898,0.8400000000000005,0.3052774292906018,0.8400000000000005,0.3065139586816327,0.8400000000000005,0.3075360791871861,0.8400000000000005,0.3083936533777982
0.8500000000000005,0.2742521154450844,0.8500000000000005,0.2790021122715159,0.8500000000000005,0.2862448278258463,0.8500000000000005,0.2915324647407801,0.8500000000000005,0.2955807789633462,0.8500000000000005,0.2987891472236976,0.8500000000000005,0.3013983927437985,0.8500000000000005,0.3035632776618114,0.8500000000000005,0.3069476320900513,0.8500000000000005,0.3094687004314493,0.8500000000000005,0.3114153433720708,0.8500000000000005,0.3129603726944024,0.8500000000000005,0.3142138108717714,0.8500000000000005,0.3152491020832476,0.8500000000000005,0.316117147960882
0.8600000000000005,0.2808869132254238,0.8600000000000005,0.28582719067394,0.8600000000000005,0.2933262742666514,0.8600000000000005,0.2987767562944429,0.8600000000000005,0.3029364851093316,0.8600000000000005,0.3062252114885025,0.8600000000000005,0.3088947427016482,0.8600000000000005,0.3111062536911707,0.8600000000000005,0.3145574194466236,0.8600000000000005,0.3171234752518549,0.8600000000000005,0.319102055802617,0.8600000000000005,0.3206706748076581,0.8600000000000005,0.3219420837349608,0.8600000000000005,0.3229914097464661,0.8600000000000005,0.3238706432140994
0.8700000000000006,0.2875075678854599,0.8700000000000006,0.2926431999992035,0.8700000000000006,0.3004065469755069,0.8700000000000006,0.3060256180156339,0.8700000000000006,0.3103010792596614,0.8700000000000006,0.3136735079814534,0.8700000000000006,0.316405981281478,0.8700000000000006,0.3186662734539141,0.8700000000000006,0.3221875225452571,0.8700000000000006,0.3248009218739633,0.8700000000000006,0.3268132105945044,0.8700000000000006,0.3284067945740242,0.8700000000000006,0.3296972710274362,0.8700000000000006,0.3307615254846206,0.8700000000000006,0.3316526877787238
0.8800000000000006,0.2941126154390105,0.8800000000000006,0.2994485511609519,0.8800000000000006,0.3074839521423705,0.8800000000000006,0.3132773388803724,0.8800000000000006,0.3176728669396385,0.8800000000000006,0.3211323715708737,0.8800000000000006,0.323930476670038,0.8800000000000006,0.3262417385918428,0.8800000000000006,0.3298364047531898,0.8800000000000006,0.3324995562866318,0.8800000000000006,0.3345473678290797,0.8800000000000006,0.336167329054792,0.8800000000000006,0.3374780010397591,0.8800000000000006,0.3385581041921145,0.8800000000000006,0.3394619594169313
0.8900000000000006,0.300700812715899,0.8900000000000006,0.3062418697127131,0.8900000000000006,0.314556996124411,0.8900000000000006,0.3205303950282244,0.8900000000000006,0.3250503301060619,0.8900000000000006,0.3286003047963925,0.8900000000000006,0.3314667575261411,0.8900000000000006,0.3338312052347843,0.8900000000000006,0.3375026746078317,0.8900000000000006,0.3402180327676864,0.8900000000000006,0.3423032206077292,0.8900000000000006,0.3439510041771869,0.8900000000000006,0.3452830275743865,0.8900000000000006,0.3463799235135354,0.8900000000000006,0.3472972563294768
0.9000000000000006,0.3072711173289522,0.9000000000000006,0.3130219775394729,0.9000000000000006,0.3216243696737651,0.9000000000000006,0.3277834356727362,0.9000000000000006,0.3324321142257226,0.9000000000000006,0.3360759657974102,0.9000000000000006,0.3390135015529301,0.9000000000000006,0.3414333730766622,0.9000000000000006,0.3451850756300192,0.9000000000000006,0.3479551342109976,0.9000000000000006,0.3500795857578418,0.9000000000000006,0.3517566657315165,0.9000000000000006,0.3531112211737863,0.9000000000000006,0.3542258752594147,0.9000000000000006,0.3551574887269724
0.9100000000000006,0.3138226687584573,0.9100000000000006,0.3197878754468457,0.9100000000000006,0.3286849328070903,0.9100000000000006,0.3350352695240982,0.9100000000000006,0.3398170157952476,0.9100000000000006,0.3435581566414807,0.9100000000000006,0.3465695244443981,0.9100000000000006,0.3490470748092225,0.9100000000000006,0.3528824764761631,0.9100000000000006,0.3557097627827118,0.9100000000000006,0.3578753948624805,0.9100000000000006,0.3595832706886981,0.9100000000000006,0.3609615606665778,0.9100000000000006,0.3620949571384814,0.9100000000000006,0.3630416707164639
0.9200000000000006,0.320354770617838,0.9200000000000006,0.3265387267281886,0.9200000000000006,0.3357377004082016,0.9200000000000006,0.3422848518149462,0.9200000000000006,0.3472039703891825,0.9200000000000006,0.3510458121346338,0.9200000000000006,0.3541337692835673,0.9200000000000006,0.3566712659865083,0.9200000000000006,0.3605938614946972,0.9200000000000006,0.3634809309664342,0.9200000000000006,0.3656896856689546,0.9200000000000006,0.3674298788895897,0.9200000000000006,0.3688331250803788,0.9200000000000006,0.3699862648525453,0.9200000000000006,0.3709489125475088
0.9300000000000006,0.3268668741288487,0.9300000000000006,0.3332738417552877,0.9300000000000006,0.3427818286232228,0.9300000000000006,0.3495312719909367,0.9300000000000006,0.3545920412963963,0.9300000000000006,0.3585379891708794,0.9300000000000006,0.3617052964462681,0.9300000000000006,0.3643050153709294,0.9300000000000006,0.3683183217326109,0.9300000000000006,0.3712677530386164,0.9300000000000006,0.3735215939141222,0.9300000000000006,0.3752956451413121,0.9300000000000006,0.376725085954094,0.9300000000000006,0.3778989845848899,0.9300000000000006,0.3788784132469208
0.9400000000000006,0.3333585628064122,0.9400000000000006,0.3399926636103799,0.9400000000000006,0.349816602081592,0.9400000000000006,0.356773742103744,0.9400000000000006,0.3619804087825805,0.9400000000000006,0.3660338566572924,0.9400000000000006,0.3692832740451846,0.9400000000000006,0.3719474957936524,0.9400000000000006,0.3760550464209643,0.9400000000000006,0.3790694370002025,0.9400000000000006,0.3813703455899714,0.9400000000000006,0.383179811741988,0.9400000000000006,0.3846367000695193,0.9400000000000006,0.3858323859008307,0.9400000000000006,0.3868294536597296
0.9500000000000006,0.3398295383317259,0.9500000000000006,0.3466947547554061,0.9500000000000006,0.3568414219553693,0.9500000000000006,0.36401158592474,0.9500000000000006,0.3693683599987276,0.9500000000000006,0.3735326860344518,0.9500000000000006,0.3768669689330047,0.9500000000000006,0.3795979755471333,0.9500000000000006,0.3838033149550306,0.9500000000000006,0.3868852769781438,0.9500000000000006,0.3892352496614961,0.9500000000000006,0.3910817014446239,0.9500000000000006,0.392567302611875,0.9500000000000006,0.3937858150688154,0.9500000000000006,0.3948013899039363
0.9600000000000006,0.346279607576104,0.9600000000000006,0.3533797847175858,0.9600000000000006,0.3638557948528594,0.9600000000000006,0.3712442287821897,0.9600000000000006,0.376755279541053,0.9600000000000006,0.3810338423985178,0.9600000000000006,0.3844557382710977,0.9600000000000006,0.3872558103157087,0.9600000000000006,0.391562489374005,0.9600000000000006,0.3947146461005647,0.9600000000000006,0.3971156912396437,0.9600000000000006,0.3990007108619905,0.9600000000000006,0.400516300760283,0.9600000000000006,0.4017586888027925,0.9600000000000006,0.4027936472392984
0.9700000000000006,0.3527086707265303,0.9700000000000006,0.3600475187579127,0.9700000000000006,0.370859322529947,0.9700000000000006,0.3784711881126884,0.9700000000000006,0.3841406406564903,0.9700000000000006,0.3885367762206611,0.9700000000000006,0.3920490216599657,0.9700000000000006,0.3949204356409055,0.9700000000000006,0.3993320073365635,0.9700000000000006,0.4025569898414662,0.9700000000000006,0.4050111252046933,0.9700000000000006,0.4069363043075838,0.9700000000000006,0.4084831677030254,0.9700000000000006,0.4097504884200678,0.9700000000000006,0.410805714344072
0.9800000000000006,0.3591167104559849,0.9800000000000006,0.3666978074802265,0.9800000000000006,0.3778516923930404,0.9800000000000006,0.3856920647085221,0.9800000000000006,0.391523997079345,0.9800000000000006,0.3960410156514738,0.9800000000000006,0.3996463338203385,0.9800000000000006,0.4025913599107631,0.9800000000000006,0.4071113755822771,0.9800000000000006,0.4104118198250882,0.9800000000000006,0.4129210702702151,0.9800000000000006,0.4148880080624697,0.9800000000000006,0.4164674370672068,0.9800000000000006,0.4177607544044254,0.9800000000000006,0.4188371379892809
0.9900000000000007,0.3655037820767829,0.9900000000000007,0.373330577332484,0.9900000000000007,0.3848326687607604,0.9900000000000007,0.3929065346358074,0.9900000000000007,0.3989049754781754,0.9900000000000007,0.4035461593918598,0.9900000000000007,0.4072472578077843,0.9900000000000007,0.4102681578571243,0.9900000000000007,0.4149001638637335,0.9900000000000007,0.4182787080752461,0.9900000000000007,0.4208451034731546,0.9900000000000007,0.4228554050539369,0.9900000000000007,0.4244686977488698,0.9900000000000007,0.4257890813603716,0.9900000000000007,0.4268875180965905
1.000000000000001,0.3718700046126495,1.000000000000001,0.379945821948081,1.000000000000001,0.3918020848468088,1.000000000000001,0.4001143417935276,1.000000000000001,0.4062832684873052,1.000000000000001,0.4110518701074506,1.000000000000001,0.4148514387397034,1.000000000000001,0.4179504645408177,1.000000000000001,0.4226979993308554,1.000000000000001,0.426157281691929,1.000000000000001,0.4287828550728716,1.000000000000001,0.4308381299290327,1.000000000000001,0.4324865891268171,1.000000000000001,0.4338351133421655,1.000000000000001,0.4349565031634534
1.010000000000001,0.378215552724596,1.010000000000001,0.386543594273273,1.010000000000001,0.3987598354235572,1.010000000000001,0.4073152910803336,1.010000000000001,0.4136586282942561,1.010000000000001,0.4185578683606329,1.010000000000001,0.4224585780105229,1.010000000000001,0.4256379698019539,1.010000000000001,0.4305045613461548,1.010000000000001,0.4340472179350868,1.010000000000001,0.4367340038396889,1.010000000000001,0.4388358645040674,1.010000000000001,0.4405207966417719,1.010000000000001,0.4418985395393973,1.010000000000001,0.4430437860376683
1.020000000000001,0.3845406494263023,1.020000000000001,0.3931239994261873,1.020000000000001,0.4057058701243434,1.020000000000001,0.4145092421341792,1.020000000000001,0.421030860752441,1.020000000000001,0.4260639270322197,1.020000000000001,0.4300684279691673,1.020000000000001,0.4333304131507575,1.020000000000001,0.4383195767084511,1.020000000000001,0.4419482396940824,1.020000000000001,0.4446982727123638,1.020000000000001,0.4468483335700766,1.020000000000001,0.4485710477210519,1.020000000000001,0.4499790902998133,1.020000000000001,0.4511491000221214
1.030000000000001,0.3908455595265377,1.030000000000001,0.3996871882336279,1.030000000000001,0.4126401873419909,1.030000000000001,0.4216961036088971,1.030000000000001,0.4283998199873116,1.030000000000001,0.4335698662038928,1.030000000000001,0.4376807870318344,1.030000000000001,0.4410275790733747,1.030000000000001,0.4461428152612351,1.030000000000001,0.4498601113204997,1.030000000000001,0.4526754248029972,1.030000000000001,0.4548753010334005,1.030000000000001,0.4566371080288139,1.030000000000001,0.4580765334696291,1.030000000000001,0.459272215290576
1.040000000000001,0.3971305837385182,1.040000000000001,0.4062333513932929,1.040000000000001,0.4195628286814578,1.040000000000001,0.4288758279517712,1.040000000000001,0.4357654034640437,1.040000000000001,0.4410755484720259,1.040000000000001,0.4452954952025979,1.040000000000001,0.4487292927267484,1.040000000000001,0.4539740858619783,1.040000000000001,0.457782634801809,1.040000000000001,0.4606652597277809,1.040000000000001,0.4629165663706511,1.040000000000001,0.4647187780212272,1.040000000000001,0.466190671031433,1.040000000000001,0.4674129355947064
1.050000000000001,0.4033960533991116,1.050000000000001,0.4127627142110106,1.050000000000001,0.4264738739255036,1.050000000000001,0.4360484066467421,1.050000000000001,0.4431275474850638,1.050000000000001,0.4485808746638975,1.050000000000001,0.4529124299747888,1.050000000000001,0.4564354159967792,1.050000000000001,0.4618132326884876,1.050000000000001,0.4657156462533971,1.050000000000001,0.468667610242198,1.050000000000001,0.4709719613771515,1.050000000000001,0.4728158897866842,1.050000000000001,0.4743213360199182,1.050000000000001,0.4755710952432042
1.060000000000001,0.4096423257440951,1.060000000000001,0.4192755318650472,1.060000000000001,0.4333734364736846,1.060000000000001,0.4432138658887253,1.060000000000001,0.4504862230864351,1.060000000000001,0.4560857799276797,1.060000000000001,0.4605315025863286,1.060000000000001,0.4641458438944611,1.060000000000001,0.4696601318590595,1.060000000000001,0.4736590127070059,1.060000000000001,0.4766823391595927,1.060000000000001,0.4790413471887035,1.060000000000001,0.4809283041511652,1.060000000000001,0.4824683896963207,1.060000000000001,0.4837465563340434
1.070000000000001,0.4158697796890324,1.070000000000001,0.4257720851522247,1.070000000000001,0.4402616592167907,1.070000000000001,0.4503722626560062,1.070000000000001,0.4578414323032584,1.070000000000001,0.4635902301687701,1.070000000000001,0.4681526546032522,1.070000000000001,0.4718605012655024,1.070000000000001,0.4775146883437806,1.070000000000001,0.4816126291743191,1.070000000000001,0.4847093365328043,1.070000000000001,0.4871246115570298,1.070000000000001,0.489055908029765,1.070000000000001,0.4906317189628061,1.070000000000001,0.4919392062216397
1.080000000000001,0.4220788120689367,1.080000000000001,0.4322526766733565,1.080000000000001,0.4471387108108199,1.080000000000001,0.4575236811490725,1.080000000000001,0.4651932047754868,1.080000000000001,0.4710942188059339,1.080000000000001,0.4757758548065888,1.080000000000001,0.4795793397898498,1.080000000000001,0.4853768331452919,1.080000000000001,0.4895764159651665,1.080000000000001,0.492748517079272,1.080000000000001,0.4952216663599776,1.080000000000001,0.4971986120061251,1.080000000000001,0.4988112339991346,1.080000000000001,0.5001489552015771
1.090000000000001,0.4282698342932876,1.090000000000001,0.438717627418392,1.090000000000001,0.4540047823166259,1.090000000000001,0.4646682295659958,1.090000000000001,0.4725415946669891,1.090000000000001,0.4785977638221072,1.090000000000001,0.4834010963589597,1.090000000000001,0.4873023352486908,1.090000000000001,0.4932465207282739,1.090000000000001,0.4975503162408945,1.090000000000001,0.5007998178310583,1.090000000000001,0.5033324453287018,1.090000000000001,0.5053563481223179,1.090000000000001,0.5070068661044823,1.090000000000001,0.5083757343960815
1.100000000000001,0.434443269376419,1.100000000000001,0.4451672737145171,1.100000000000001,0.4608600841735927,1.100000000000001,0.4718060371862365,1.100000000000001,0.4798866778722328,1.100000000000001,0.4861009050861924,1.100000000000001,0.4910283942285477,1.100000000000001,0.4950294850377151,1.100000000000001,0.501123726678066,1.100000000000001,0.5055342937844516,1.100000000000001,0.508863195992161,1.100000000000001,0.5114569019746394,1.100000000000001,0.5135290678627255,1.100000000000001,0.5152185657284684,1.100000000000001,0.5166194938247289
1.110000000000001,0.4405995493065112,1.110000000000001,0.4516019645032689,1.110000000000001,0.4677048434778499,1.110000000000001,0.4789372517365283,1.110000000000001,0.4872285494865634,1.110000000000001,0.4936037019233452,1.110000000000001,0.4986577828494052,1.110000000000001,0.5027608059065636,1.110000000000001,0.5090084455699718,1.110000000000001,0.5135283309697212,1.110000000000001,0.5169386269864314,1.110000000000001,0.5195950077005004,1.110000000000001,0.5217167403164119,1.110000000000001,0.5234463006762637,1.110000000000001,0.5248802006454532
1.120000000000001,0.4467391127195822,1.120000000000001,0.4580220589153184,1.120000000000001,0.4745393015376353,1.120000000000001,0.4860620370143151,1.120000000000001,0.4945673215175976,1.120000000000001,0.501106230913001,1.120000000000001,0.5062893139983894,1.120000000000001,0.5104963319058247,1.120000000000001,0.5169006890318858,1.120000000000001,0.5215324269138466,1.120000000000001,0.5250261026806342,1.120000000000001,0.5277467500800922,1.120000000000001,0.5299193505034783,1.120000000000001,0.5316900544734809,1.120000000000001,0.5331578375520551
1.130000000000001,0.4528624028477684,1.130000000000001,0.4644279241142931,1.130000000000001,0.4813637116805041,1.130000000000001,0.4931805707459623,1.130000000000001,0.5019031208168303,1.130000000000001,0.5086085838950344,1.130000000000001,0.5139230548703611,1.130000000000001,0.5182361125239996,1.130000000000001,0.5248004839840837,1.130000000000001,0.5295465957973355,1.130000000000001,0.5331256297680372,1.130000000000001,0.5359121312931007,1.130000000000001,0.5381368978517321,1.130000000000001,0.5399498248778364,1.130000000000001,0.5414524013152696
1.140000000000001,0.4589698657139369,1.140000000000001,0.4708199333833007,1.140000000000001,0.4881783372890847,1.140000000000001,0.5002930426586897,1.140000000000001,0.5092360872120769,1.140000000000001,0.5161108661660647,1.140000000000001,0.5215590863345778,1.140000000000001,0.525980210998219,1.140000000000001,0.5327078710412012,1.140000000000001,0.5375708653376671,1.140000000000001,0.5412372282990494,1.140000000000001,0.5440911667017456,1.140000000000001,0.5463693948111782,1.140000000000001,0.5482256225250804,1.140000000000001,0.5497639014553284
1.150000000000001,0.4650619485472725,1.150000000000001,0.477198464430185,1.150000000000001,0.4949834500439421,1.150000000000001,0.5073996527467589,1.150000000000001,0.5165663718228709,1.150000000000001,0.5236131948491021,1.150000000000001,0.5291975013564554,1.150000000000001,0.5337287027836655,1.150000000000001,0.5406229030623487,1.150000000000001,0.5456052754034003,1.150000000000001,0.5493609303463131,1.150000000000001,0.5522838835572432,1.150000000000001,0.55461686559446,1.150000000000001,0.5565174696978799,1.150000000000001,0.5580923590348569
1.160000000000001,0.4711390983967733,1.160000000000001,0.4835638978896621,1.160000000000001,0.5017793283539195,1.160000000000001,0.5145006097141273,1.160000000000001,0.5238941355422642,1.160000000000001,0.5311156974211182,1.160000000000001,0.5368384035701129,1.160000000000001,0.5414816741677071,1.160000000000001,0.5485456438365226,1.160000000000001,0.5536498767564649,1.160000000000001,0.5574967787926884,1.160000000000001,0.5604903198248633,1.160000000000001,0.5628793450325295,1.160000000000001,0.5648253992070521,1.160000000000001,0.5664378055617741
1.170000000000001,0.477201760921847,1.170000000000001,0.4899166160024311,1.170000000000001,0.508566255955969,1.170000000000001,0.5215961295770464,1.170000000000001,0.5312195476698596,1.170000000000001,0.538618510384307,1.170000000000001,0.5444819059882107,1.170000000000001,0.5492392210159637,1.170000000000001,0.5564761668914342,1.170000000000001,0.5617047299115085,1.170000000000001,0.5656448262313372,1.170000000000001,0.5687105231172703,1.170000000000001,0.5711568775354903,1.170000000000001,0.5731494533754331,1.170000000000001,0.5748002819926823
1.180000000000001,0.483250379341194,1.180000000000001,0.4962570014532554,1.180000000000001,0.5153445206681098,1.180000000000001,0.5286864344117085,1.180000000000001,0.5385427846821881,1.180000000000001,0.5461217780679806,1.180000000000001,0.552128129836709,1.180000000000001,0.5570014476384522,1.180000000000001,0.5644145544146882,1.180000000000001,0.5697699041019385,1.180000000000001,0.5738051339681085,1.180000000000001,0.5769445497266378,1.180000000000001,0.5794495161493226,1.180000000000001,0.581489683115296,1.180000000000001,0.5831798378278616
1.190000000000001,0.4892853935229425,1.190000000000001,0.5025854363516187,1.190000000000001,0.5221144132805484,1.190000000000001,0.535771751233134,1.190000000000001,0.5458640291275976,1.190000000000001,0.5536256515490757,1.190000000000001,0.5597772035032077,1.190000000000001,0.5647684657649664,1.190000000000001,0.5723608962773661,1.190000000000001,0.5778454763431238,1.190000000000001,0.5819777711170474,1.190000000000001,0.5851924637467771,1.190000000000001,0.5877573217001448,1.190000000000001,0.5898461470911751,1.190000000000001,0.5915765302899013
1.200000000000001,0.4953072392007659,1.200000000000001,0.5089023013401878,1.200000000000001,0.5288762265713385,1.200000000000001,0.5428523109927632,1.200000000000001,0.5531834686340728,1.200000000000001,0.5611302876803627,1.200000000000001,0.567429261588433,1.200000000000001,0.572540393619752,1.200000000000001,0.5803152891507191,1.200000000000001,0.5859315305840139,1.200000000000001,0.5901628137808381,1.200000000000001,0.5934543362772532,1.200000000000001,0.5960803620180704,1.200000000000001,0.5982189109604104,1.200000000000001,0.5999904235784296
1.210000000000001,0.5013163473021923,1.210000000000001,0.5152079748176811,1.210000000000001,0.53563025443429,1.210000000000001,0.5499283476834207,1.210000000000001,0.5605012950192323,1.210000000000001,0.5686358482162699,1.210000000000001,0.5750844440513765,1.210000000000001,0.5803173550863674,1.210000000000001,0.5882778357074497,1.210000000000001,0.5940281569392891,1.210000000000001,0.598360344308361,1.210000000000001,0.6017302447020975,1.210000000000001,0.6044187112336189,1.210000000000001,0.6066080466845165,1.210000000000001,0.6084215881942365
1.220000000000001,0.5073131433767013,1.220000000000001,0.5215028322640897,1.220000000000001,0.5423767911078395,1.220000000000001,0.5570000975411367,1.220000000000001,0.5678177034929331,1.220000000000001,0.5761424990271942,1.220000000000001,0.582742895439344,1.220000000000001,0.5880994789544211,1.220000000000001,0.5962486438999992,1.220000000000001,0.6021354509945943,1.220000000000001,0.6065704506225131,1.220000000000001,0.6100202720364537,1.220000000000001,0.6127724491401454,1.220000000000001,0.6150136319049341,1.220000000000001,0.6168701003264717
1.230000000000001,0.5132980471125004,1.230000000000001,0.5277872456573249,1.230000000000001,0.5491161304947805,1.230000000000001,0.564067798334465,1.230000000000001,0.5751328919434799,1.230000000000001,0.5836504093939742,1.230000000000001,0.5904047641950403,1.230000000000001,0.5958868982405662,1.230000000000001,0.6042278263085654,1.230000000000001,0.6102535131782481,1.230000000000001,0.6147932256118239,1.230000000000001,0.6183245063348867,1.230000000000001,0.6211416606162279,1.230000000000001,0.623435749377386,1.230000000000001,0.6253360412973045
1.240000000000001,0.5192714719319659,1.240000000000001,0.5340615829715047,1.240000000000001,0.5558485655636011,1.240000000000001,0.571131688732709,1.240000000000001,0.5824470602995405,1.240000000000001,0.5911597513749069,1.240000000000001,0.5980702020334138,1.240000000000001,0.6036797495768561,1.240000000000001,0.6122154995525951,1.240000000000001,0.6183824481932897,1.240000000000001,0.6230287665800969,1.240000000000001,0.6266430401558108,1.240000000000001,0.629526435102628,1.240000000000001,0.6318744864595883,1.240000000000001,0.6338194970586688
1.250000000000001,0.5252338246568217,1.250000000000001,0.5403262077480312,1.250000000000001,0.5625743878231647,1.250000000000001,0.5781920077452385,1.250000000000001,0.5897604099603602,1.250000000000001,0.5986706992383783,1.250000000000001,0.6057393633816984,1.250000000000001,0.6114781726601328,1.250000000000001,0.6202117837597499,1.250000000000001,0.6265223645043776,1.250000000000001,0.6312771747486532,1.250000000000001,0.6349759700768988,1.250000000000001,0.637926866128845,1.250000000000001,0.6403299346472474,1.250000000000001,0.6423205577366233
1.260000000000001,0.5311855052350175,1.260000000000001,0.5465814787315006,1.260000000000001,0.5692938868631271,1.260000000000001,0.5852489942248741,1.260000000000001,0.5970731432877028,1.260000000000001,0.6061834289548784,1.260000000000001,0.6134124048766642,1.260000000000001,0.6192823097567147,1.260000000000001,0.6282168020870289,1.260000000000001,0.6346733738743285,1.260000000000001,0.63953855480643,1.260000000000001,0.6433233962566907,1.260000000000001,0.64634305088462,1.260000000000001,0.6488021891541017,1.260000000000001,0.6508393172186682
1.270000000000001,0.5371269065221297,1.270000000000001,0.5528277495633375,1.270000000000001,0.5760073499533901,1.270000000000001,0.5923028864289632,1.270000000000001,0.6043854631534876,1.270000000000001,0.6136981177426443,1.270000000000001,0.6210894849136194,1.270000000000001,0.6270923052571753,1.270000000000001,0.6362306802891773,1.270000000000001,0.6428355909458268,1.270000000000001,0.6478130145034788,1.270000000000001,0.6516854220383195,1.270000000000001,0.6547750898324387,1.270000000000001,0.65729134853198,1.270000000000001,0.6593758727803201
1.280000000000001,0.5430584141108689,1.280000000000001,0.5590653685266941,1.280000000000001,0.5827150616963781,1.280000000000001,0.5993539216323253,1.280000000000001,0.6116975725376091,1.280000000000001,0.6212149436618071,1.280000000000001,0.6287707632422698,1.280000000000001,0.6349083052764343,1.280000000000001,0.6442535463299452,1.280000000000001,0.6510091328639998,1.280000000000001,0.6561006642837631,1.280000000000001,0.6600621535912804,1.280000000000001,0.663223086357056,1.280000000000001,0.6657975143270372,1.280000000000001,0.6679303247472007
1.290000000000001,0.5489804062029278,1.290000000000001,0.565294678336895,1.290000000000001,0.5894173037266539,1.290000000000001,0.6064023357868982,1.290000000000001,0.6190096741711362,1.290000000000001,0.6287340852522958,1.290000000000001,0.6364564006048864,1.290000000000001,0.6427304572949186,1.290000000000001,0.6522855300321621,1.290000000000001,0.6591941189361364,1.290000000000001,0.6644016169537812,1.290000000000001,0.6684536995878629,1.290000000000001,0.6716871464487543,1.290000000000001,0.6743207907689407,1.290000000000001,0.6765027761894863
1.300000000000001,0.5548932535180888,1.300000000000001,0.5715160159722354,1.300000000000001,0.5961143544528862,1.300000000000001,0.6134483632233139,1.300000000000001,0.6263219702202514,1.300000000000001,0.636255721211285,1.300000000000001,0.6441465584127738,1.300000000000001,0.6505589098368043,1.300000000000001,0.6603267627630386,1.300000000000001,0.6673906703249688,1.300000000000001,0.6727159873834689,1.300000000000001,0.6768601709109596,1.300000000000001,0.6801673784171656,1.300000000000001,0.6828612844900448,1.300000000000001,0.6850933326455895
1.310000000000001,0.5607973192359759,1.310000000000001,0.5777297125405324,1.310000000000001,0.6028064888376303,1.310000000000001,0.6204922363901714,1.310000000000001,0.6336346620070332,1.310000000000001,0.6437800301063279,1.310000000000001,0.6518413984573154,1.310000000000001,0.658393812181902,1.310000000000001,0.6683773771512054,1.310000000000001,0.6755989097724779,1.310000000000001,0.6810438922365886,1.310000000000001,0.6852816803903562,1.310000000000001,0.6886638926329254,1.310000000000001,0.691419104271593,1.310000000000001,0.6937021018725501
1.320000000000001,0.5666929589663668,1.320000000000001,0.5839360931772547,1.320000000000001,0.6094939782109895,1.320000000000001,0.627534185627144,1.320000000000001,0.6409479497633086,1.320000000000001,0.6513071901206682,1.320000000000001,0.6595410826522848,1.320000000000001,0.6662353141078434,1.320000000000001,0.6764375068327511,1.320000000000001,0.6838189613513237,1.320000000000001,0.6893854497276691,1.320000000000001,0.6937183425648696,1.320000000000001,0.6971768012943663,1.320000000000001,0.6999943608145939,1.320000000000001,0.7023291936205173
1.330000000000001,0.572580520744476,1.330000000000001,0.59013547697155,1.330000000000001,0.6161770901143707,1.330000000000001,0.6345744389684387,1.330000000000001,0.6482620324143429,1.330000000000001,0.658837378827615,1.330000000000001,0.6672457728043745,1.330000000000001,0.6740835656597549,1.330000000000001,0.6845072862232336,1.330000000000001,0.6920509502412534,1.330000000000001,0.6977407794031554,1.330000000000001,0.702170273467922,1.330000000000001,0.7057062182171487,1.330000000000001,0.7085871665330483,1.330000000000001,0.7109747194291796
1.340000000000001,0.5784603450479172,1.340000000000001,0.5963281769168263,1.340000000000001,0.6228560881712072,1.340000000000001,0.6416132219734861,1.340000000000001,0.6555771073893649,1.340000000000001,0.6663707729910664,1.340000000000001,0.6749556304092207,1.340000000000001,0.6819387169448041,1.340000000000001,0.6925868503134448,1.340000000000001,0.7002950025282749,1.340000000000001,0.7061100019443893,1.340000000000001,0.7106375904343496,1.340000000000001,0.7142522586446083,1.340000000000001,0.7171976353674852,1.340000000000001,0.7196387924441162
1.350000000000001,0.5843327648324764,1.350000000000001,0.602514499882926,1.350000000000001,0.6295312319815975,1.350000000000001,0.6486507575820435,1.350000000000001,0.6628933704561942,1.350000000000001,0.6739075483896696,1.350000000000001,0.682670816470456,1.350000000000001,0.6898009179490856,1.350000000000001,0.700676334486471,1.350000000000001,0.7085512450242382,1.350000000000001,0.7144932389905342,1.350000000000001,0.7191204119265326,1.350000000000001,0.7228150390768773,1.350000000000001,0.7258258826168077,1.350000000000001,0.7283215272511898
1.360000000000001,0.5901981055841649,1.360000000000001,0.608694746607249,1.360000000000001,0.6362027770383026,1.360000000000001,0.6556872659911377,1.360000000000001,0.6702110155775709,1.360000000000001,0.681447879662232,1.360000000000001,0.6903914913395131,1.360000000000001,0.697670318374861,1.360000000000001,0.708775874354206,1.360000000000001,0.7168198051051949,1.360000000000001,0.7228906129793869,1.360000000000001,0.7276188573779376,1.360000000000001,0.7313946771170811,1.360000000000001,0.7344720247869038,1.360000000000001,0.7370230397273271
1.370000000000001,0.5960566853852363,1.370000000000001,0.6148692117024481,1.370000000000001,0.6428709746616657,1.370000000000001,0.6627229645515692,1.370000000000001,0.6775302347869832,1.370000000000001,0.6889919401722958,1.370000000000001,0.698117814574175,1.370000000000001,0.7055470674960679,1.370000000000001,0.7168856056113463,1.370000000000001,0.7251008105664501,1.370000000000001,0.7313022470045355,1.370000000000001,0.7361330470525598,1.370000000000001,0.7399912913329578,1.370000000000001,0.7431361794543894,1.370000000000001,0.74574344690614
1.380000000000001,0.601908814992152,1.380000000000001,0.6210381836785768,1.380000000000001,0.6495360719513396,1.380000000000001,0.6697580676819311,1.380000000000001,0.6848512180819877,1.380000000000001,0.6965399018899692,1.380000000000001,0.7058499448140527,1.380000000000001,0.7134313140304004,1.380000000000001,0.7250056639052159,1.380000000000001,0.7333943894929834,1.380000000000001,0.7397282646872941,1.380000000000001,0.7446631019186615,1.380000000000001,0.7486050011325224,1.380000000000001,0.7518184651440467,1.380000000000001,0.7544828668571021
1.390000000000001,0.6077547979237345,1.390000000000001,0.627201944977817,1.390000000000001,0.6561983117529577,1.390000000000001,0.6767927867982323,1.390000000000001,0.6921741533332558,1.390000000000001,0.70409193528928,1.390000000000001,0.7135880396712913,1.390000000000001,0.721323206026289,1.390000000000001,0.7331361847199459,1.390000000000001,0.7417006701435948,1.390000000000001,0.7481687900619622,1.390000000000001,0.7532091435355436,1.390000000000001,0.7572359266523965,1.390000000000001,0.7605190012186769,1.390000000000001,0.7632414185767432
1.400000000000001,0.6135949305578755,1.400000000000001,0.6333607720200981,1.400000000000001,0.6628579326379532,1.400000000000001,0.683827330257503,1.400000000000001,0.6994992262076855,1.400000000000001,0.7116482092595205,1.400000000000001,0.7213322556350127,1.400000000000001,0.7292228907633816,1.400000000000001,0.7412773032736061,1.400000000000001,0.7500197808475869,1.400000000000001,0.7566239474731833,1.400000000000001,0.761771293952088,1.400000000000001,0.7658841886576243,1.400000000000001,0.7692379077802161,1.400000000000001,0.7720192218911075
1.410000000000001,0.6194295022354306,1.410000000000001,0.6395149352581148,1.410000000000001,0.6695151688950259,1.410000000000001,0.6908619033138266,1.410000000000001,0.7068266201042015,1.410000000000001,0.7192088910291132,1.410000000000001,0.7290827479881561,1.410000000000001,0.7371305146651672,1.410000000000001,0.7494291544269888,1.410000000000001,0.7583518499127071,1.410000000000001,0.7650938614842437,1.410000000000001,0.7703496756158649,1.410000000000001,0.7745499084518364,1.410000000000001,0.7779753055809946,1.410000000000001,0.7808163973680031
1.420000000000001,0.6252587953700308,1.420000000000001,0.6456646992403999,1.420000000000001,0.6761702505319197,1.420000000000001,0.6978967080854781,1.420000000000001,0.7141565161008285,1.420000000000001,0.7267741461008083,1.420000000000001,0.7368396707354301,1.420000000000001,0.7450462232225352,1.420000000000001,0.7575918726029849,1.420000000000001,0.7666970055432126,1.420000000000001,0.7735786567952073,1.420000000000001,0.7789444112918489,1.420000000000001,0.7832332077967907,1.420000000000001,0.7867313159441449,1.420000000000001,0.7896330662382899
1.430000000000001,0.6310830855627459,1.430000000000001,0.6518103226812827,1.430000000000001,0.6828234032861726,1.430000000000001,0.7049319435319155,1.430000000000001,0.7214890929118926,1.430000000000001,0.734344138196971,1.430000000000001,0.7446031765412965,1.430000000000001,0.7529701609272095,1.430000000000001,0.765765591715396,1.430000000000001,0.7750553757671659,1.430000000000001,0.782078458169873,1.430000000000001,0.787555623989732,1.430000000000001,0.7919342088402404,1.430000000000001,0.7955060606921818,1.430000000000001,0.7984693503252501
1.440000000000001,0.6369026417205869,1.440000000000001,0.6579520585366652,1.440000000000001,0.6894748486438192,1.440000000000001,0.7119678054395321,1.440000000000001,0.7288245268542782,1.440000000000001,0.7419190292139578,1.440000000000001,0.7523734166769281,1.440000000000001,0.7609024712140203,1.440000000000001,0.773950445106343,1.440000000000001,0.7834270883718819,1.440000000000001,0.7905933903707175,1.440000000000001,0.7961834368989501,1.440000000000001,0.8006530340513861,1.440000000000001,0.8042996620829963,1.440000000000001,0.8073253719810916
1.450000000000001,0.6427177261780339,1.450000000000001,0.6640901540847008,1.450000000000001,0.6961248038650165,1.450000000000001,0.7190044864151925,1.450000000000001,0.7361629918217781,1.450000000000001,0.7494989791846196,1.450000000000001,0.7601505409752488,1.450000000000001,0.7688432964110826,1.450000000000001,0.7821465654912038,1.450000000000001,0.7918122708467331,1.450000000000001,0.7991235781008921,1.450000000000001,0.8048279733305393,1.450000000000001,0.809389806162952,1.450000000000001,0.8131122427522635,1.450000000000001,0.8162012540298687
1.460000000000001,0.6485285948208396,1.460000000000001,0.6702248510105095,1.460000000000001,0.702773482015714,1.460000000000001,0.7260421758866197,1.460000000000001,0.7435046592665757,1.460000000000001,0.7570841462480528,1.460000000000001,0.7679346977931359,1.460000000000001,0.7767927776971287,1.460000000000001,0.7903540849104991,1.460000000000001,0.8002110503325154,1.460000000000001,0.8076691459525516,1.460000000000001,0.8134893566651487,1.460000000000001,0.8181446481192082,1.460000000000001,0.8219439256617791,1.460000000000001,0.825097119716127
1.470000000000001,0.6543354972114197,1.470000000000001,0.6763563854942357,1.470000000000001,0.7094210920045146,1.470000000000001,0.7330810601088507,1.470000000000001,0.750849698187159,1.470000000000001,0.7646746866258045,1.470000000000001,0.7757260339800706,1.470000000000001,0.7847510550650783,1.470000000000001,0.7985731346877148,1.470000000000001,0.8086235535765988,1.470000000000001,0.8162302183607125,1.470000000000001,0.8221677103063461,1.470000000000001,0.8269176830291748,1.470000000000001,0.8307948340526624,1.470000000000001,0.8340130926583691
1.480000000000001,0.6601386767152855,1.480000000000001,0.6824849883017712,1.480000000000001,0.7160678386241197,1.480000000000001,0.7401213221760463,1.480000000000001,0.7581982751218767,1.480000000000001,0.7722707546038338,1.480000000000001,0.7835246948524689,1.480000000000001,0.7927182672912761,1.480000000000001,0.806803845392525,1.480000000000001,0.817049906893116,1.480000000000001,0.8248069195619461,1.480000000000001,0.8308631576386667,1.480000000000001,0.8357090341243648,1.480000000000001,0.8396650914032228,1.480000000000001,0.8429492968069907
1.490000000000001,0.6659383706280011,1.490000000000001,0.6886108848775713,1.490000000000001,0.7227139225966112,1.490000000000001,0.7471631420379413,1.490000000000001,0.7655505541474601,1.490000000000001,0.7798725025195045,1.490000000000001,0.7913308241730338,1.490000000000001,0.8006945519096016,1.490000000000001,0.8150463468087055,1.490000000000001,0.8254902361276849,1.490000000000001,0.8333993735574192,1.490000000000001,0.8395758219896692,1.490000000000001,0.8445188247205171,1.490000000000001,0.8485548213904324,1.490000000000001,0.8519058564058846
1.5,0.6717348103022427,1.5,0.6947342954390517,1.5,0.72935954062203,1.5,0.7542066965203906,1.5,0.7729066968819496,1.5,0.7874800807530814,1.5,0.7991445641345601,1.5,0.8086800451899685,1.5,0.8233007679061007,1.5,0.8339446666259127,1.5,0.8420077040794656,1.5,0.8483058265956085,1.5,0.8533471781826796,1.5,0.8574641478549021,1.5,0.860882895957354
