nch18_Id_W (ll=3.5e-07) X,nch18_Id_W (ll=3.5e-07) Y,nch18_Id_W (ll=4e-07) X,nch18_Id_W (ll=4e-07) Y,nch18_Id_W (ll=5e-07) X,nch18_Id_W (ll=5e-07) Y,nch18_Id_W (ll=6e-07) X,nch18_Id_W (ll=6e-07) Y,nch18_Id_W (ll=7e-07) X,nch18_Id_W (ll=7e-07) Y,nch18_Id_W (ll=8e-07) X,nch18_Id_W (ll=8e-07) Y,nch18_Id_W (ll=9e-07) X,nch18_Id_W (ll=9e-07) Y,nch18_Id_W (ll=1e-06) X,nch18_Id_W (ll=1e-06) Y,nch18_Id_W (ll=1.2e-06) X,nch18_Id_W (ll=1.2e-06) Y,nch18_Id_W (ll=1.4e-06) X,nch18_Id_W (ll=1.4e-06) Y,nch18_Id_W (ll=1.6e-06) X,nch18_Id_W (ll=1.6e-06) Y,nch18_Id_W (ll=1.8e-06) X,nch18_Id_W (ll=1.8e-06) Y,nch18_Id_W (ll=2e-06) X,nch18_Id_W (ll=2e-06) Y,nch18_Id_W (ll=2.2e-06) X,nch18_Id_W (ll=2.2e-06) Y,nch18_Id_W (ll=2.4e-06) X,nch18_Id_W (ll=2.4e-06) Y
0,8.168709520874448e-07,0,7.02112483132393e-07,0,5.862173011677353e-07,0,5.284686684140912e-07,0,4.9325996178791e-07,0,4.686587182652984e-07,0,4.496873558641947e-07,0,4.33978408815266e-07,0,4.079982567933541e-07,0,3.860775443611983e-07,0,3.666039493314374e-07,0,3.489171451048566e-07,0,3.326936254280069e-07,0,3.177402078475567e-07,0,3.039191548427745e-07
0.01,1.100759989176352e-06,0.01,9.475405999233541e-07,0.01,7.928608864010915e-07,0.01,7.158365684913589e-07,0.01,6.688860422142062e-07,0.01,6.360645662443911e-07,0.01,6.107247153745667e-07,0.01,5.897084820143465e-07,0.01,5.54858041306854e-07,0.01,5.253538356476601e-07,0.01,4.990729336444035e-07,0.01,4.751548056493624e-07,0.01,4.531816699577261e-07,0.01,4.32904770505974e-07,0.01,4.141459756631851e-07
0.02,1.483219007783644e-06,0.02,1.278692705508702e-06,0.02,1.072303302432493e-06,0.02,9.696029484513393e-07,0.02,9.070180312588695e-07,0.02,8.632464323610263e-07,0.02,8.29412709131135e-07,0.02,8.013055212262841e-07,0.02,7.545692407986639e-07,0.02,7.14866666394045e-07,0.02,6.794052731034199e-07,0.02,6.470656281828626e-07,0.02,6.173096638955855e-07,0.02,5.898180514675827e-07,0.02,5.643610284730007e-07
0.03,1.998405638892611e-06,0.03,1.725451828518339e-06,0.03,1.450139788816636e-06,0.03,1.31325001488416e-06,0.03,1.229856096720697e-06,0.03,1.171503961976101e-06,0.03,1.126346127426967e-06,0.03,1.088768204102604e-06,0.03,1.02610993286041e-06,0.03,9.726955034054917e-07,0.03,9.248553595583761e-07,0.03,8.81136065203175e-07,0.03,8.408467008888554e-07,0.03,8.03578743579105e-07,0.03,7.690366943319553e-07
0.04,2.69228754753576e-06,0.04,2.32809453789646e-06,0.04,1.960943862945626e-06,0.04,1.778545054158436e-06,0.04,1.667466262001369e-06,0.04,1.589707755277872e-06,0.04,1.529458529778282e-06,0.04,1.479235914507297e-06,0.04,1.395255048834364e-06,0.04,1.32340889153314e-06,0.04,1.258880604343e-06,0.04,1.199787001901071e-06,0.04,1.145243816070886e-06,0.04,1.094730404011361e-06,0.04,1.047867935231174e-06
0.05,3.626714616035309e-06,0.05,3.140895990524818e-06,0.05,2.651407899550976e-06,0.05,2.408455199967683e-06,0.05,2.260559162683003e-06,0.05,2.156982302822304e-06,0.05,2.076629231374079e-06,0.05,2.009530307791302e-06,0.05,1.897002599847835e-06,0.05,1.800385602645113e-06,0.05,1.713363676790177e-06,0.05,1.633502296650176e-06,0.05,1.559673884427866e-06,0.05,1.491217734943803e-06,0.05,1.427649899879272e-06
0.06,4.884890301864893e-06,0.06,4.236980993987918e-06,0.06,3.584578306447153e-06,0.06,3.261083815788563e-06,0.06,3.064246664104549e-06,0.06,2.926335897579878e-06,0.06,2.819212592732348e-06,0.06,2.729597687738075e-06,0.06,2.578862173108095e-06,0.06,2.448962278878437e-06,0.06,2.331627121935531e-06,0.06,2.223717098043393e-06,0.06,2.123800262978345e-06,0.06,2.031042205141294e-06,0.06,1.944827114804757e-06
0.07000000000000001,6.578720586804274e-06,0.07000000000000001,5.714849657008369e-06,0.07000000000000001,4.845564901473585e-06,0.07000000000000001,4.414984717013013e-06,0.07000000000000001,4.153118612065091e-06,0.07000000000000001,3.96956991612504e-06,0.07000000000000001,3.826814035253953e-06,0.07000000000000001,3.707169585365548e-06,0.07000000000000001,3.505310239503238e-06,0.07000000000000001,3.330699951210718e-06,0.07000000000000001,3.172520995291811e-06,0.07000000000000001,3.026735260891552e-06,0.07000000000000001,2.891532668663168e-06,0.07000000000000001,2.765865202728266e-06,0.07000000000000001,2.648952699286606e-06
0.08,8.858681355360952e-06,0.08,7.707152563704221e-06,0.08,6.54923478337304e-06,0.08,5.976333727638833e-06,0.08,5.628100845247389e-06,0.08,5.383915574383012e-06,0.08,5.193750349727387e-06,0.08,5.034069773497259e-06,0.08,4.763823369651508e-06,0.08,4.529164235839449e-06,0.08,4.315962535687722e-06,0.08,4.119039648652087e-06,0.08,3.936119482469682e-06,0.08,3.765894015412987e-06,0.08,3.607379741051758e-06
0.09,1.192706199523165e-05,0.09,1.03924862076411e-05,0.09,8.850576162076718e-06,0.09,8.088602491949578e-06,0.09,7.625715220661741e-06,0.09,7.301001741140783e-06,0.09,7.047783942036778e-06,0.09,6.83474496925652e-06,0.09,6.473043745102118e-06,0.09,6.157751753897721e-06,0.09,5.870439211849567e-06,0.09,5.604486152356008e-06,0.09,5.357047642321282e-06,0.09,5.126503068597088e-06,0.09,4.911619514979766e-06
0.09999999999999999,1.605573248094232e-05,0.09999999999999999,1.401124105661886e-05,0.09999999999999999,1.19586521355738e-05,0.09999999999999999,1.094560118185139e-05,0.09999999999999999,1.033057649293014e-05,0.09999999999999999,9.898966012413419e-06,0.09999999999999999,9.561924772168033e-06,0.09999999999999999,9.277796515727269e-06,0.09999999999999999,8.793823727506392e-06,0.09999999999999999,8.370280250443563e-06,0.09999999999999999,7.983164110028589e-06,0.09999999999999999,7.624042794341515e-06,0.09999999999999999,7.289385001709471e-06,0.09999999999999999,6.97720005570204e-06,0.09999999999999999,6.685952256062074e-06
0.11,2.160996690836402e-05,0.11,1.888688376083159e-05,0.11,1.615537794521118e-05,0.11,1.480905348024197e-05,0.11,1.399224758934637e-05,0.11,1.341880072429215e-05,0.11,1.297036723102936e-05,0.11,1.259155839043034e-05,0.11,1.194415403975116e-05,0.11,1.137530767593656e-05,0.11,1.085381060022216e-05,0.11,1.036896371233495e-05,0.11,9.916419279066733e-06,0.11,9.493757087607309e-06,0.11,9.099078389111466e-06
0.12,2.908036959301854e-05,0.12,2.545452021004368e-05,0.12,2.182077375943125e-05,0.12,2.003226368701639e-05,0.12,1.894795807301993e-05,0.12,1.818639926850093e-05,0.12,1.75899949203515e-05,0.12,1.708512534835042e-05,0.12,1.621932479772905e-05,0.12,1.545547672304339e-05,0.12,1.475307123873462e-05,0.12,1.409859300230671e-05,0.12,1.348674056430206e-05,0.12,1.291460806480756e-05,0.12,1.23798680465948e-05
0.13,3.912563129773336e-05,0.13,3.429920483751576e-05,0.13,2.946690261565242e-05,0.13,2.709196444509469e-05,0.13,2.565320181967328e-05,0.13,2.464226662385444e-05,0.13,2.384937422141709e-05,0.13,2.317671319739229e-05,0.13,2.201912829707414e-05,0.13,2.099362285859242e-05,0.13,2.004770962946225e-05,0.13,1.916439989676634e-05,0.13,1.833730426416543e-05,0.13,1.756298759849204e-05,0.13,1.683862587752163e-05
0.14,5.262974619339562e-05,0.14,4.620728265364984e-05,0.14,3.978344434675654e-05,0.14,3.663113683590761e-05,0.14,3.472291019667211e-05,0.14,3.338152141120369e-05,0.14,3.232780670615958e-05,0.14,3.143186929147754e-05,0.14,2.988452357591349e-05,0.14,2.850797057525808e-05,0.14,2.723433670128675e-05,0.14,2.60423862713615e-05,0.14,2.492452861883941e-05,0.14,2.387678288322577e-05,0.14,2.289576420638309e-05
0.15,7.077851383668557e-05,0.15,6.223513744369548e-05,0.15,5.36988390217528e-05,0.15,4.951652752650426e-05,0.15,4.698679956407055e-05,0.15,4.520769680356034e-05,0.15,4.380787135426348e-05,0.15,4.261489459064755e-05,0.15,4.054699228892026e-05,0.15,3.869951910858217e-05,0.15,3.69848871090608e-05,0.15,3.537672051025098e-05,0.15,3.386616409359142e-05,0.15,3.244872474737242e-05,0.15,3.112040566654671e-05
0.16,9.516172365548385e-05,0.16,8.380115420757284e-05,0.16,7.24622323078417e-05,0.16,6.691582123518576e-05,0.16,6.356368520146755e-05,0.16,6.120501076154802e-05,0.16,5.934602488955087e-05,0.16,5.775795208987206e-05,0.16,5.499488313344089e-05,0.16,5.251574195004642e-05,0.16,5.020775105276113e-05,0.16,4.803838941251694e-05,0.16,4.599756959028304e-05,0.16,4.408040386639449e-05,0.16,4.228226051156957e-05
0.17,0.0001279094856014263,0.17,0.0001128085908484833,0.17,9.775316567237409e-05,0.17,9.040105160665041e-05,0.17,8.596112501251056e-05,0.17,8.283530676175818e-05,0.17,8.036732429271064e-05,0.17,7.825379966635344e-05,0.17,7.456244312782113e-05,0.17,7.123606511823199e-05,0.17,6.81297988029046e-05,0.17,6.520388552392016e-05,0.17,6.24472026145493e-05,0.17,5.985471981100376e-05,0.17,5.742119805520162e-05
0.18,0.0001718738730148662,0.18,0.0001518095256317598,0.18,0.0001318281971986867,0.18,0.0001220869639333782,0.18,0.0001162088152488071,0.18,0.0001120678702764478,0.18,0.0001087922920405496,0.18,0.0001059799975201938,0.18,0.0001010490613941952,0.18,9.658633457881587e-05,0.18,9.24062016255725e-05,0.18,8.846053822553843e-05,0.18,8.473765007813352e-05,0.18,8.123282301599022e-05,0.18,7.79403212575726e-05
0.19,0.0002308705609155698,0.19,0.0002042232682216251,0.19,0.0001777165645672902,0.19,0.0001648158211153699,0.19,0.0001570368428174233,0.19,0.0001515529341852529,0.19,0.0001472064874347599,0.19,0.0001434649223925999,0.19,0.0001368786172843762,0.19,0.0001308917382681468,0.19,0.0001252671014684726,0.19,0.0001199471446435416,0.19,0.0001149204791634829,0.19,0.0001101834736210549,0.19,0.0001057301344614994
0.2,0.0003099996938191702,0.2,0.0002746267960489015,0.2,0.0002394807950867616,0.2,0.0002224037432441043,0.2,0.0002121133692956205,0.2,0.0002048530554093615,0.2,0.0001990866270823151,0.2,0.0001941091168689942,0.2,0.0001853118623365607,0.2,0.0001772805351562868,0.2,0.00016971292577465,0.2,0.0001625411658602541,0.2,0.000155755671268074,0.2,0.0001493551076379393,0.2,0.0001433336521232711
0.21,0.0004160710645803068,0.21,0.0003691401483669414,0.21,0.0003225630499922848,0.21,0.0002999682979211638,0.21,0.0002863607754897084,0.21,0.0002767508599531175,0.21,0.0002691012893597189,0.21,0.0002624795787732343,0.21,0.0002507286253934444,0.21,0.0002399545996979544,0.21,0.0002297736082035352,0.21,0.0002201070396786305,0.21,0.0002109495220843826,0.21,0.0002023038677106821,0.21,0.0001941651217814029
0.2200000000000001,0.0005581661363932084,0.2200000000000001,0.0004959365630346282,0.2200000000000001,0.0004342442195300987,0.2200000000000001,0.0004043629515434206,0.2200000000000001,0.0003863749549296876,0.2200000000000001,0.0003736571227495471,0.2200000000000001,0.0003635095371843229,0.2200000000000001,0.0003546997367416228,0.2200000000000001,0.0003390014750785706,0.2200000000000001,0.0003245473598665305,0.2200000000000001,0.0003108512907230142,0.2200000000000001,0.0002978242403062968,0.2200000000000001,0.0002854687533509913,0.2200000000000001,0.000273794519422911,0.2200000000000001,0.0002627985158971642
0.2300000000000001,0.0007483788383943598,0.2300000000000001,0.0006659157972864481,0.2300000000000001,0.0005842506503670296,0.2300000000000001,0.0005447514150841745,0.2300000000000001,0.0005209795524830948,0.2300000000000001,0.0005041499955277999,0.2300000000000001,0.0004906874066175345,0.2300000000000001,0.0004789642537946373,0.2300000000000001,0.0004579884666911383,0.2300000000000001,0.0004385953312187982,0.2300000000000001,0.0004201713694084406,0.2300000000000001,0.0004026186943522237,0.2300000000000001,0.0003859532805452545,0.2300000000000001,0.0003701956178081027,0.2300000000000001,0.0003553461587326742
0.2400000000000001,0.001002788777092614,0.2400000000000001,0.0008935898763174755,0.2400000000000001,0.0007855531926463512,0.2400000000000001,0.0007333641447113091,0.2400000000000001,0.000701955745609948,0.2400000000000001,0.0006796846405295087,0.2400000000000001,0.0006618203333449027,0.2400000000000001,0.0006462156284757611,0.2400000000000001,0.0006181798845746232,0.2400000000000001,0.0005921562439998691,0.2400000000000001,0.0005673730995959619,0.2400000000000001,0.0005437271184387567,0.2400000000000001,0.0005212556788698984,0.2400000000000001,0.0004999955643065306,0.2400000000000001,0.0004799528388347709
0.2500000000000001,0.001342734886292297,0.2500000000000001,0.001198243797790597,0.2500000000000001,0.001055415294397103,0.2500000000000001,0.0009864905427082952,0.2500000000000001,0.000944998879932193,0.2500000000000001,0.00091552275771636,0.2500000000000001,0.000891809384086601,0.2500000000000001,0.0008710289572071086,0.2500000000000001,0.0008335425596748406,0.2500000000000001,0.0007986147877263196,0.2500000000000001,0.000765278434857013,0.2500000000000001,0.0007334307977318888,0.2500000000000001,0.0007031418948831592,0.2500000000000001,0.0006744722989855558,0.2500000000000001,0.000647436503995658
0.2600000000000001,0.00179647487816026,0.2600000000000001,0.001605449765762698,0.2600000000000001,0.001416761383427081,0.2600000000000001,0.001325773939234048,0.2600000000000001,0.001270966046525783,0.2600000000000001,0.001231943618685658,0.2600000000000001,0.001200450702771856,0.2600000000000001,0.00117276223062307,0.2600000000000001,0.001122615399041898,0.2600000000000001,0.001075726229572939,0.2600000000000001,0.001030886287414328,0.2600000000000001,0.0009880032095546157,0.2600000000000001,0.0009471950845463857,0.2600000000000001,0.0009085562200944498,0.2600000000000001,0.0008721130521370233
0.2700000000000001,0.002401336302250792,0.2700000000000001,0.002149032483613425,0.2700000000000001,0.001899953875107776,0.2700000000000001,0.001779892284671298,0.2700000000000001,0.001707493541950663,0.2700000000000001,0.001655812215906917,0.2700000000000001,0.001613960810096981,0.2700000000000001,0.001577042069261533,0.2700000000000001,0.001509921073694555,0.2700000000000001,0.001446958434630906,0.2700000000000001,0.001386648782186997,0.2700000000000001,0.00132892451782225,0.2700000000000001,0.001273972419718132,0.2700000000000001,0.0012219333091607,0.2700000000000001,0.001172849613611617
0.2800000000000001,0.003206488451217402,0.2800000000000001,0.002873604819162107,0.2800000000000001,0.002545086727521033,0.2800000000000001,0.00238672549803675,0.2800000000000001,0.002291079888657822,0.2800000000000001,0.00222259576523384,0.2800000000000001,0.002166935040477548,0.2800000000000001,0.002117668564155835,0.2800000000000001,0.002027771041227807,0.2800000000000001,0.001943203774786961,0.2800000000000001,0.00186209596900765,0.2800000000000001,0.001784424954135971,0.2800000000000001,0.00171047292528778,0.2800000000000001,0.001640442997613436,0.2800000000000001,0.001574397703941861
0.2900000000000001,0.004276490246910285,0.2900000000000001,0.003837817319264565,0.2900000000000001,0.00340492510461567,0.2900000000000001,0.003196130139191319,0.2900000000000001,0.003069748216306168,0.2900000000000001,0.00297893653448363,0.2900000000000001,0.002904841909113495,0.2900000000000001,0.002839037303697902,0.2900000000000001,0.002718553634561339,0.2900000000000001,0.002604943451518698,0.2900000000000001,0.002495885245051624,0.2900000000000001,0.002391427845256945,0.2900000000000001,0.002291982273528519,0.2900000000000001,0.002197832427178958,0.2900000000000001,0.002109064100490382
0.3000000000000001,0.005695796495729851,0.3000000000000001,0.005118490634992339,0.3000000000000001,0.004548643522244971,0.3000000000000001,0.004273462621122846,0.3000000000000001,0.004106420418998757,0.3000000000000001,0.003985905901502446,0.3000000000000001,0.003887171651369496,0.3000000000000001,0.003799190806127625,0.3000000000000001,0.003637606875401191,0.3000000000000001,0.003484956904328824,0.3000000000000001,0.003338360430690019,0.3000000000000001,0.003197970533891243,0.3000000000000001,0.003064366942990614,0.3000000000000001,0.002937934388200601,0.3000000000000001,0.002818782207108421
0.3100000000000001,0.007574431666703976,0.3100000000000001,0.006815825298065104,0.3100000000000001,0.006066537385233569,0.3100000000000001,0.005704012145246297,0.3100000000000001,0.005483153213956939,0.3100000000000001,0.005323080273096925,0.3100000000000001,0.005191371155115747,0.3100000000000001,0.005073624003374637,0.3100000000000001,0.004856787472393379,0.3100000000000001,0.004651676651967541,0.3100000000000001,0.004454711371570138,0.3100000000000001,0.004266185921657781,0.3100000000000001,0.004086893422597578,0.3100000000000001,0.003917338479374138,0.3100000000000001,0.00375764807623562
0.3200000000000001,0.01005506388495087,0.3200000000000001,0.009059906053266224,0.3200000000000001,0.008075902932995049,0.3200000000000001,0.00759852187233253,0.3200000000000001,0.007306400992169075,0.3200000000000001,0.007093591947175826,0.3200000000000001,0.006917707872211578,0.3200000000000001,0.006759976900919299,0.3200000000000001,0.006468852665889467,0.3200000000000001,0.006193291379950407,0.3200000000000001,0.005928825112769496,0.3200000000000001,0.005675925614362804,0.3200000000000001,0.005435644786467102,0.3200000000000001,0.005208620338942133,0.3200000000000001,0.004994979453562963
0.3300000000000001,0.01332172845446483,0.3300000000000001,0.0120187348123768,0.3300000000000001,0.01072829533597879,0.3300000000000001,0.01009998862904259,0.3300000000000001,0.009713479178525133,0.3300000000000001,0.009430313996618716,0.3300000000000001,0.009195208615390688,0.3300000000000001,0.008983748336974063,0.3300000000000001,0.00859276779122242,0.3300000000000001,0.008222692306035022,0.3300000000000001,0.007867908497356036,0.3300000000000001,0.007529091589647564,0.3300000000000001,0.007207590532641617,0.3300000000000001,0.006904175428341766,0.3300000000000001,0.006618936280515225
0.3400000000000001,0.01761045524720063,0.3400000000000001,0.01590803298064629,0.3400000000000001,0.01421837997267568,0.3400000000000001,0.01339193345588083,0.3400000000000001,0.01288040003835136,0.3400000000000001,0.01250333253445532,0.3400000000000001,0.01218880947520332,0.3400000000000001,0.01190515120904457,0.3400000000000001,0.01138003155289424,0.3400000000000001,0.01088333049579343,0.3400000000000001,0.01040792918438081,0.3400000000000001,0.009954705934667444,0.3400000000000001,0.009525324596444987,0.3400000000000001,0.009120660050175674,0.3400000000000001,0.008740695148451055
0.3500000000000001,0.02322204192403312,0.3500000000000001,0.02100304484150451,0.3500000000000001,0.01879458191092263,0.3500000000000001,0.01770832081288136,0.3500000000000001,0.0170312325620799,0.3500000000000001,0.01652883298453372,0.3500000000000001,0.016107819692478,0.3500000000000001,0.01572718950361439,0.3500000000000001,0.01502205850944468,0.3500000000000001,0.01435598959055393,0.3500000000000001,0.01371985018006838,0.3500000000000001,0.01311466956422837,0.3500000000000001,0.0125424028010802,0.3500000000000001,0.01200395507039131,0.3500000000000001,0.01149908059968406
0.3600000000000002,0.03053717769899041,0.3600000000000002,0.02765254105398916,0.3600000000000002,0.02477170402127266,0.3600000000000002,0.02334526179039637,0.3600000000000002,0.02244908523383415,0.3600000000000002,0.02177946270012537,0.3600000000000002,0.02121572632742974,0.3600000000000002,0.02070495007801844,0.3600000000000002,0.01975855044665537,0.3600000000000002,0.01886635429918967,0.3600000000000002,0.01801649683001878,0.3600000000000002,0.0172100163967759,0.3600000000000002,0.01644906134737036,0.3600000000000002,0.01573441531521364,0.3600000000000002,0.01506540264512257
0.3700000000000002,0.04003404945128748,0.3700000000000002,0.03629515293840925,0.3700000000000002,0.03254560917533285,0.3700000000000002,0.03067454628891519,0.3700000000000002,0.02948870116715025,0.3700000000000002,0.02859610300383633,0.3700000000000002,0.02784121790376365,0.3700000000000002,0.02715593561183845,0.3700000000000002,0.02588659247365385,0.3700000000000002,0.0246930389804261,0.3700000000000002,0.02355966705634445,0.3700000000000002,0.02248723546443696,0.3700000000000002,0.02147786272779891,0.3700000000000002,0.02053193441989021,0.3700000000000002,0.01964802088031427
0.3800000000000002,0.05230843628074459,0.3800000000000002,0.04747804388610283,0.3800000000000002,0.04260992007136513,0.3800000000000002,0.04015887840578068,0.3800000000000002,0.03859045238723847,0.3800000000000002,0.03740075003070497,0.3800000000000002,0.03639004386204815,0.3800000000000002,0.03547098064342602,0.3800000000000002,0.03376989328295203,0.3800000000000002,0.03217540940680041,0.3800000000000002,0.0306667622413978,0.3800000000000002,0.02924390639861159,0.3800000000000002,0.02790849998527064,0.3800000000000002,0.02666005392011981,0.3800000000000002,0.02549587043439287
0.3900000000000002,0.06809609238442656,0.3900000000000002,0.06187771139070203,0.3900000000000002,0.05557444081200529,0.3900000000000002,0.05236839274349831,0.3900000000000002,0.0502951776287576,0.3900000000000002,0.04870982239995479,0.3900000000000002,0.04735691574205553,0.3900000000000002,0.04612486194397979,0.3900000000000002,0.04384714480441399,0.3900000000000002,0.0417200984755,0.3900000000000002,0.03971581071071973,0.3900000000000002,0.03783252248423963,0.3900000000000002,0.03607065560784824,0.3900000000000002,0.03442804691607908,0.3900000000000002,0.03289992070545449
0.4000000000000002,0.08829689077169921,0.4000000000000002,0.08032236590020471,0.4000000000000002,0.0721845966202217,0.4000000000000002,0.06799755941741395,0.4000000000000002,0.06525878897174185,0.4000000000000002,0.06314666411433306,0.4000000000000002,0.06133609459964862,0.4000000000000002,0.05968515768739873,0.4000000000000002,0.05663796446603795,0.4000000000000002,0.05380467570416526,0.4000000000000002,0.05114739420028878,0.4000000000000002,0.04866109133830786,0.4000000000000002,0.04634359784963667,0.4000000000000002,0.04418975521015968,0.4000000000000002,0.04219143976470686
0.4100000000000002,0.1139997045466394,0.4100000000000002,0.1038148016628616,0.4100000000000002,0.09334058157428068,0.4100000000000002,0.08788092460918399,0.4100000000000002,0.08426489155922184,0.4100000000000002,0.08145134401387905,0.4100000000000002,0.07902868392750771,0.4100000000000002,0.07681734614991396,0.4100000000000002,0.07274447237121992,0.4100000000000002,0.06897667830239446,0.4100000000000002,0.065461879053324,0.4100000000000002,0.06218911515185656,0.4100000000000002,0.05915130639004174,0.4100000000000002,0.05633814439920811,0.4100000000000002,0.05373618191640834
0.4200000000000002,0.1465063092359856,0.4200000000000002,0.1335539390911779,0.4200000000000002,0.1201141149517177,0.4200000000000002,0.1130053506795906,0.4200000000000002,0.1082329438431024,0.4200000000000002,0.1044852471092776,0.4200000000000002,0.101244178784492,0.4200000000000002,0.09828381441005592,0.4200000000000002,0.09284652237948456,0.4200000000000002,0.08784641778875764,0.4200000000000002,0.08321074166152499,0.4200000000000002,0.0789180696934995,0.4200000000000002,0.07495252429564858,0.4200000000000002,0.07129520273323048,0.4200000000000002,0.0679243104337708
0.4300000000000002,0.187351738121568,0.4300000000000002,0.1709523426810041,0.4300000000000002,0.1537598729651656,0.4300000000000002,0.1445157324323333,0.4300000000000002,0.1382190156312169,0.4300000000000002,0.1332277324571126,0.4300000000000002,0.1288938519075306,0.4300000000000002,0.1249347094711768,0.4300000000000002,0.1176892400959729,0.4300000000000002,0.111072854307022,0.4300000000000002,0.1049817959471451,0.4300000000000002,0.09937658580164996,0.4300000000000002,0.09422623529062263,0.4300000000000002,0.08949789854010384,0.4300000000000002,0.08515692519114869
0.4400000000000002,0.2383176843389003,0.4400000000000002,0.2176462187549446,0.4400000000000002,0.1957180944039083,0.4400000000000002,0.183710952703343,0.4400000000000002,0.1754063811133974,0.4400000000000002,0.1687626829717813,0.4400000000000002,0.1629744231380919,0.4400000000000002,0.1576896765605206,0.4400000000000002,0.1480629339119546,0.4400000000000002,0.1393433494570575,0.4400000000000002,0.1313796355210122,0.4400000000000002,0.1241019642154172,0.4400000000000002,0.1174543854687804,0.4400000000000002,0.1113821147633334,0.4400000000000002,0.1058311536219026
0.4500000000000002,0.3014350591736716,0.4500000000000002,0.2754940610085575,0.4500000000000002,0.2476050035080639,0.4500000000000002,0.2320275361469138,0.4500000000000002,0.2210843700373493,0.4500000000000002,0.2122543296741853,0.4500000000000002,0.2045422572317503,0.4500000000000002,0.1975114551925481,0.4500000000000002,0.184777378506113,0.4500000000000002,0.1733498650991596,0.4500000000000002,0.1630041154269957,0.4500000000000002,0.1536209153286036,0.4500000000000002,0.1451046974653635,0.4500000000000002,0.1373673052409252,0.4500000000000002,0.130326416845385
0.4600000000000002,0.3789721378898804,0.4600000000000002,0.346560706745643,0.4600000000000002,0.3111889592860748,0.4600000000000002,0.2910103118967912,0.4600000000000002,0.2766161284063897,0.4600000000000002,0.2649141207535819,0.4600000000000002,0.254680709380023,0.4600000000000002,0.2453745455585371,0.4600000000000002,0.2286342714844788,0.4600000000000002,0.2137654865766588,0.4600000000000002,0.2004305720376944,0.4600000000000002,0.1884329326697619,0.4600000000000002,0.177616664217287,0.4600000000000002,0.1678446444119686,0.4600000000000002,0.158994350326372
0.4700000000000003,0.4734062215417856,0.4700000000000003,0.4330854044829642,0.4700000000000003,0.3883527033647841,0.4700000000000003,0.3622721784641306,0.4700000000000003,0.3433987120794031,0.4700000000000003,0.3279629282529808,0.4700000000000003,0.3144653778743104,0.4700000000000003,0.3022338654776841,0.4700000000000003,0.2804025456980995,0.4700000000000003,0.2612253795339586,0.4700000000000003,0.2441952486266493,0.4700000000000003,0.2289991689316435,0.4700000000000003,0.2153930716644484,0.4700000000000003,0.2031705837567612,0.4700000000000003,0.1921539318522553
0.4800000000000003,0.5873794168149504,0.4800000000000003,0.5374354340112336,0.4800000000000003,0.4810452390244067,0.4800000000000003,0.4474479741541165,0.4800000000000003,0.422821282129508,0.4800000000000003,0.4025945418200977,0.4800000000000003,0.3849329988762279,0.4800000000000003,0.3689986898673981,0.4800000000000003,0.3408006942530998,0.4800000000000003,0.3163152368682547,0.4800000000000003,0.2947880716088719,0.4800000000000003,0.2757382499356345,0.4800000000000003,0.258797947807263,0.4800000000000003,0.2436663089405463,0.4800000000000003,0.2300920093553573
0.4900000000000003,0.7236424174598847,0.4900000000000003,0.6620501194601986,0.4900000000000003,0.5912296957999197,0.4900000000000003,0.5481493663790542,0.4900000000000003,0.5162280668528388,0.4900000000000003,0.4899463881213752,0.4900000000000003,0.4670589912867275,0.4900000000000003,0.446515919614209,0.4900000000000003,0.4104884614194713,0.4900000000000003,0.3795683173678057,0.4900000000000003,0.3526530201216103,0.4900000000000003,0.32902869992735,0.4900000000000003,0.3081602422813298,0.4900000000000003,0.2896221674267079,0.4900000000000003,0.2730681541238925
0.5000000000000002,0.8849930076669648,0.5000000000000002,0.8093825779644084,0.5000000000000002,0.7208348627655981,0.5000000000000002,0.6659276910808274,0.5000000000000002,0.6248916946102767,0.5000000000000002,0.5910816151613734,0.5000000000000002,0.5617464317869999,0.5000000000000002,0.535564305820203,0.5000000000000002,0.4900678693157944,0.5000000000000002,0.451470081038833,0.5000000000000002,0.4181945752311645,0.5000000000000002,0.3892162126303201,0.5000000000000002,0.3637813734659064,0.5000000000000002,0.3413051936413257,0.5000000000000002,0.3213220047862805
0.5100000000000002,1.074217293184179,0.5100000000000002,0.9818472045772937,0.5100000000000002,0.8717172468738594,0.5100000000000002,0.8022496642631458,0.5100000000000002,0.7499998200792437,0.5100000000000002,0.706983759079192,0.5100000000000002,0.6698263653813304,0.5100000000000002,0.6368585889307699,0.5100000000000002,0.5800914709849552,0.5100000000000002,0.5324679167545462,0.5100000000000002,0.4917876856840412,0.5100000000000002,0.4566233007587955,0.5100000000000002,0.4259443345946985,0.5100000000000002,0.3989676004128326,0.5100000000000002,0.3750811457122435
0.5200000000000002,1.294040806596104,0.5200000000000002,1.18177933856368,0.5200000000000002,1.04563775987007,0.5200000000000002,0.9584875860928687,0.5200000000000002,0.8926546795179185,0.5200000000000002,0.8385622623442994,0.5200000000000002,0.792066878459163,0.5200000000000002,0.7510605221147559,0.5200000000000002,0.681074569961286,0.5200000000000002,0.6229829007564435,0.5200000000000002,0.573788519244636,0.5200000000000002,0.5315589361347404,0.5200000000000002,0.4949222839456036,0.5200000000000002,0.4628544331257621,0.5200000000000002,0.434567946705087
0.5300000000000002,1.547093889949333,0.5300000000000002,1.411410324575911,0.5300000000000002,1.244253479203942,0.5300000000000002,1.135922279582011,0.5300000000000002,1.053882473795533,0.5300000000000002,0.9866650963527482,0.5300000000000002,0.9291870015434247,0.5300000000000002,0.8787929292373328,0.5300000000000002,0.7935080679402629,0.5300000000000002,0.7234208502442676,0.5300000000000002,0.6645437975531746,0.5300000000000002,0.6143264122626894,0.5300000000000002,0.5709851936197601,0.5300000000000002,0.5332092296874306,0.5300000000000002,0.5000044180497842
0.5400000000000003,1.835892125427547,0.5400000000000003,1.672857447020444,0.5400000000000003,1.469121645097781,0.5400000000000003,1.335754633012005,0.5400000000000003,1.234648044584685,0.5400000000000003,1.152094083435378,0.5400000000000003,1.081871423394967,0.5400000000000003,1.020653256944585,0.5400000000000003,0.9178693284956705,0.5400000000000003,0.8341807977416003,0.5400000000000003,0.764397380916365,0.5400000000000003,0.7052284836779814,0.5400000000000003,0.6544038894382502,0.5400000000000003,0.6102772199689743,0.5400000000000003,0.5716147615651851
0.5500000000000003,2.162829292419839,0.5500000000000003,1.968125200262615,0.5500000000000003,1.721711086466489,0.5500000000000003,1.559120755274058,0.5500000000000003,1.435870300702508,0.5500000000000003,1.335619060780074,0.5500000000000003,1.250782867490133,0.5500000000000003,1.177224111146134,0.5500000000000003,1.054629533845102,0.5500000000000003,0.9556600109134095,0.5500000000000003,0.8736936420172342,0.5500000000000003,0.8045695860328647,0.5500000000000003,0.7454514565732506,0.5500000000000003,0.6943061499826658,0.5500000000000003,0.6496257748578906
0.5600000000000003,2.530178291254911,0.5600000000000003,2.299112813810205,0.5600000000000003,2.003415893994236,0.5600000000000003,1.807106274534991,0.5600000000000003,1.658434884356033,0.5600000000000003,1.537988284757521,0.5600000000000003,1.436570285388365,0.5600000000000003,1.349079524834888,0.5600000000000003,1.204257069673885,0.5600000000000003,1.088255529144408,0.5600000000000003,0.9927778369915435,0.5600000000000003,0.9126554716592458,0.5600000000000003,0.844402409829305,0.5600000000000003,0.7855451586858613,0.5600000000000003,0.7342655455332469
0.5700000000000003,2.940094993542463,0.5700000000000003,2.667622972464872,0.5700000000000003,2.315567067978899,0.5700000000000003,2.080756682306949,0.5700000000000003,1.903202057523308,0.5700000000000003,1.759933895722834,0.5700000000000003,1.639872294504799,0.5700000000000003,1.53678680751064,0.5700000000000003,1.367217267246451,0.5700000000000003,1.232362750320783,0.5700000000000003,1.121994080793296,0.5700000000000003,1.029790879613176,0.5700000000000003,0.951530231462725,0.5700000000000003,0.8842422820474332,0.5700000000000003,0.8257609774532464
0.5800000000000003,3.394620794514156,0.5800000000000003,3.075367836999384,0.5800000000000003,2.659439454760438,0.5800000000000003,2.381082240537089,0.5800000000000003,2.171009227329892,0.5800000000000003,2.002172461809542,0.5800000000000003,1.861316252146873,0.5800000000000003,1.740904588110944,0.5800000000000003,1.5439692939559,0.5800000000000003,1.388371874468014,0.5800000000000003,1.261681689486965,0.5800000000000003,1.156275941005395,0.5800000000000003,1.067103913996864,0.5800000000000003,0.9906411629632395,0.5800000000000003,0.9243346750123314
0.5900000000000003,3.895681187977649,0.5900000000000003,3.523970157794577,0.5900000000000003,3.036252955006702,0.5900000000000003,2.709057374455593,0.5900000000000003,2.46266861425766,0.5900000000000003,2.265401418642698,0.5900000000000003,2.101513927035566,0.5900000000000003,1.96197805857811,0.5900000000000003,1.734961153986498,0.5900000000000003,1.556663060159031,0.5900000000000003,1.412170635956655,0.5900000000000003,1.292401969031288,0.5900000000000003,1.191384075456186,0.5900000000000003,1.104977466254384,0.5900000000000003,1.030201628060514
0.6000000000000003,4.445079375234084,0.6000000000000003,4.014958927624951,0.6000000000000003,3.447168340928693,0.6000000000000003,3.065615443641666,0.6000000000000003,2.778961205885656,0.6000000000000003,2.550292613519822,0.6000000000000003,2.361054947444631,0.6000000000000003,2.200532524537255,0.6000000000000003,1.940623727348717,0.6000000000000003,1.737601058730472,0.6000000000000003,1.573776751991395,0.6000000000000003,1.438447163115901,0.6000000000000003,1.324619095495562,0.6000000000000003,1.227475383467469,0.6000000000000003,1.143566031391037
0.6100000000000003,5.044485335698284,0.6100000000000003,4.549760294432835,0.6100000000000003,3.893278890102836,0.6100000000000003,3.451640287463535,0.6100000000000003,3.120628380450793,0.6100000000000003,2.857484234501073,0.6100000000000003,2.640499172567365,0.6100000000000003,2.457066275154877,0.6100000000000003,2.161364627625392,0.6100000000000003,1.931529933252563,0.6100000000000003,1.746797157356486,0.6100000000000003,1.594672615195826,0.6100000000000003,1.467041591493659,0.6100000000000003,1.358344494229244,0.6100000000000003,1.264618465107109
0.6200000000000003,5.695421726468759,0.6200000000000003,5.129685224143228,0.6200000000000003,4.375599440324336,0.6200000000000003,3.867956062999642,0.6200000000000003,3.488362540871372,0.6200000000000003,3.187572271559171,0.6200000000000003,2.940368956768993,0.6200000000000003,2.732043589879471,0.6200000000000003,2.397562466065517,0.6200000000000003,2.138768295023982,0.6200000000000003,1.93150624318662,0.6200000000000003,1.761318871936568,0.6200000000000003,1.618865435754577,0.6200000000000003,1.49777714663885,0.6200000000000003,1.393533569310361
0.6300000000000003,6.399248418821533,0.6300000000000003,5.75591569977296,0.6300000000000003,4.895054497349036,0.6300000000000003,4.315316758959652,0.6300000000000003,3.882797889479344,0.6300000000000003,3.541102420623004,0.6300000000000003,3.261142039582195,0.6300000000000003,3.025888474250326,0.6300000000000003,2.649561917240175,0.6300000000000003,2.359605329950142,0.6300000000000003,2.128152402999083,0.6300000000000003,1.938603193526828,0.6300000000000003,1.780283418240896,0.6300000000000003,1.645946435487481,0.6300000000000003,1.530468273301617
0.6400000000000003,7.157147508976732,0.6400000000000003,6.429491180098831,0.6400000000000003,5.452466817199455,0.6400000000000003,4.794396496439797,0.6400000000000003,4.30450219237682,0.6400000000000003,3.918563076063231,0.6400000000000003,3.603245553823939,0.6400000000000003,3.338979502661873,0.6400000000000003,2.91766981344675,0.6400000000000003,2.594297754316362,0.6400000000000003,2.336955597676035,0.6400000000000003,2.126717561897505,0.6400000000000003,1.951465585865014,0.6400000000000003,1.803004794727743,0.6400000000000003,1.675560585721916
0.6500000000000004,7.970110388876972,0.6500000000000004,7.151296752948779,0.6500000000000004,6.048547554929996,0.6500000000000004,5.305781406946979,0.6500000000000004,4.75397009502235,0.6500000000000004,4.320379808292516,0.6500000000000004,3.967051431333788,0.6500000000000004,3.671645964228019,0.6500000000000004,3.202152360912568,0.6500000000000004,2.843067737774802,0.6500000000000004,2.558105761457035,0.6500000000000004,2.325827427745997,0.6500000000000004,2.132558237422241,0.6500000000000004,1.969083177270227,0.6500000000000004,1.828928915289988
0.6600000000000004,8.838928058422097,0.6600000000000004,7.922054022933115,0.6600000000000004,6.68388871004987,0.6600000000000004,5.849963568685198,0.6600000000000004,5.231618294623911,0.6600000000000004,4.746911513506126,0.6600000000000004,4.352873313941255,0.6600000000000004,4.024165365991873,0.6600000000000004,3.503233471385761,0.6600000000000004,3.106101758873157,0.6600000000000004,2.791762001247497,0.6600000000000004,2.536071143147448,0.6600000000000004,2.323683519233631,0.6600000000000004,2.144290767431791,0.6600000000000004,1.990671868725918
0.6700000000000004,9.764185407198742,0.6700000000000004,8.742315358991299,0.6700000000000004,7.358958261132793,0.6700000000000004,6.427337215740761,0.6700000000000004,5.737782667055429,0.6700000000000004,5.198448259872809,0.6700000000000004,4.76096494865608,0.6700000000000004,4.39676224481774,0.6700000000000004,3.821094134258573,0.6700000000000004,3.383550310756371,0.6700000000000004,3.038052506973371,0.6700000000000004,2.757560000636928,0.6700000000000004,2.524939546637524,0.6700000000000004,2.328715155673163,0.6700000000000004,2.160868459869254
0.6800000000000004,10.746259763345,0.6800000000000004,9.612461749959289,0.6800000000000004,8.074098098448356,0.6800000000000004,7.038197224695136,0.6800000000000004,6.272717290128075,0.6800000000000004,5.675210737554059,0.6800000000000004,5.191519957085825,0.6800000000000004,4.789608170547044,0.6800000000000004,4.155872711564415,0.6800000000000004,3.675528346731375,0.6800000000000004,3.297075071781618,0.6800000000000004,2.990378786457387,0.6800000000000004,2.736400967091615,0.6800000000000004,2.522422898505703,0.6800000000000004,2.339578659093411
0.6900000000000004,11.78532364274259,0.6900000000000004,10.53270420676113,0.6900000000000004,8.82952464518878,0.6900000000000004,7.682739730620114,0.6900000000000004,6.836595197572796,0.6900000000000004,6.177351143171796,0.6900000000000004,5.644672813448432,0.6900000000000004,5.202822782123055,0.6900000000000004,4.507666015419844,0.6900000000000004,3.982116342413911,0.6900000000000004,3.568898113551863,0.6900000000000004,3.234586751732414,0.6900000000000004,2.958119878841106,0.6900000000000004,2.725460386015455,0.6900000000000004,2.526844212591855
0.7000000000000004,12.88135135303378,0.7000000000000004,11.50308841895866,0.7000000000000004,9.625331904766686,0.7000000000000004,8.361064624012734,0.7000000000000004,7.429510631958523,0.7000000000000004,6.704955285490571,0.7000000000000004,6.120500836377476,0.7000000000000004,5.636475679082256,0.7000000000000004,4.876531019637392,0.7000000000000004,4.303361849056814,0.7000000000000004,3.853562090061551,0.7000000000000004,3.490218907818939,0.7000000000000004,3.190127022480299,0.7000000000000004,2.937854943284137,0.7000000000000004,2.722689665164626
0.7100000000000004,14.03412891732887,0.7100000000000004,12.52350221984111,0.7100000000000004,10.46149657685021,0.7100000000000004,9.073179623608366,0.7100000000000004,8.051482531782453,0.7100000000000004,7.258045680693356,0.7100000000000004,6.61902699047638,0.7100000000000004,6.090588987380484,0.7100000000000004,5.262487059977258,0.7100000000000004,4.639281417997657,0.7100000000000004,4.151081206528917,0.7100000000000004,3.757287558797499,0.7100000000000004,3.432433169421051,0.7100000000000004,3.159616098496025,0.7100000000000004,2.927123526392714
0.7200000000000004,15.24326667470845,0.7200000000000004,13.59368532915596,0.7200000000000004,11.33788483831463,0.7200000000000004,9.819005597899103,0.7200000000000004,8.702458980101561,0.7200000000000004,7.836585405955485,0.7200000000000004,7.140223298583499,0.7200000000000004,6.565140426170844,0.7200000000000004,5.665518387315672,0.7200000000000004,4.989862786298504,0.7200000000000004,4.461445324044696,0.7200000000000004,4.035783993274291,0.7200000000000004,3.685030639875881,0.7200000000000004,3.390736958511718,0.7200000000000004,3.140139527523676
0.7300000000000004,16.50821387568549,0.7300000000000004,14.71324081356227,0.7300000000000004,12.25426037631142,0.7300000000000004,10.59838281169073,0.7300000000000004,9.382322352160491,0.7300000000000004,8.440482493259633,0.7300000000000004,7.684014680239395,0.7300000000000004,7.060066716976066,0.7300000000000004,6.085576952131041,0.7300000000000004,5.355067226522799,0.7300000000000004,4.784621989005264,0.7300000000000004,4.325680268124317,0.7300000000000004,3.947894892424637,0.7300000000000004,3.631195641297338,0.7300000000000004,3.361717924266905
0.7400000000000004,17.82827460526968,0.7400000000000004,15.88164771849065,0.7400000000000004,13.21029327890298,0.7400000000000004,11.41107779529339,0.7400000000000004,10.09089492145964,0.7400000000000004,9.069594666829728,0.7400000000000004,8.250283052149307,0.7400000000000004,7.575267195666816,0.7400000000000004,6.522585315048225,0.7400000000000004,5.734831977686147,0.7400000000000004,5.120558515922951,0.7400000000000004,4.626931027592098,0.7400000000000004,4.220986136820289,0.7400000000000004,3.880956723200248,0.7400000000000004,3.591826808482253
0.7500000000000004,19.20262441875357,0.7500000000000004,17.09827436848294,0.7500000000000004,14.20556942506502,0.7500000000000004,12.25679056637513,0.7500000000000004,10.8279447127269,0.7500000000000004,9.723734253485315,0.7500000000000004,8.838871549624944,0.7500000000000004,8.110607508475075,0.7500000000000004,6.976439595203333,0.7500000000000004,6.129072688630131,0.7500000000000004,5.469184068088879,0.7500000000000004,4.939475311640594,0.7500000000000004,4.50425093089096,0.7500000000000004,4.139972667242814,0.7500000000000004,3.830423399095417
0.7600000000000005,20.63032715186847,0.7600000000000005,18.36239189506326,0.7600000000000005,15.23960006283316,0.7600000000000005,13.1351619728927,0.7600000000000005,11.5931914225491,0.7600000000000005,10.40267312285346,0.7600000000000005,9.449588751942896,0.7600000000000005,8.665923294274256,0.7600000000000005,7.447012384812969,0.7600000000000005,6.537685818652077,0.7600000000000005,5.830411691952405,0.7600000000000005,5.263238317191135,0.7600000000000005,4.797623730884664,0.7600000000000005,4.408185206102528,0.7600000000000005,4.077455289268273
0.7700000000000005,22.11035145583342,0.7700000000000005,19.67318762253167,0.7700000000000005,16.31183131600894,0.7700000000000005,14.04578096587677,0.7700000000000005,12.38631226121567,0.7700000000000005,11.10614754170478,0.7700000000000005,10.08221281778678,0.7700000000000005,9.241023775406799,0.7700000000000005,7.934155573839285,0.7700000000000005,6.96055095269783,0.7700000000000005,6.204140271423435,0.7700000000000005,5.59813308467082,0.7700000000000005,5.101028372190189,0.7700000000000005,4.68552666010577,0.7700000000000005,4.332861632775651
0.7800000000000005,23.64158669994004,0.7800000000000005,21.02977801568001,0.7800000000000005,17.42165341178299,0.7800000000000005,14.98819165033701,0.7800000000000005,13.206947600695,0.7800000000000005,11.83386285236846,0.7800000000000005,10.73649545845304,0.7800000000000005,9.835695197698428,0.7800000000000005,8.437703042602001,0.7800000000000005,7.397532999517424,0.7800000000000005,6.590256377411517,0.7800000000000005,5.94406208995985,0.7800000000000005,5.41437946396685,0.7800000000000005,4.971921176331709,0.7800000000000005,4.596574257646503
0.7900000000000005,25.22285797301127,0.7900000000000005,22.43122096424072,0.7900000000000005,18.56840947080006,0.7900000000000005,15.96189999927258,0.7900000000000005,14.05470634237607,0.7900000000000005,12.58549790837649,0.7900000000000005,11.41216569572889,0.7900000000000005,10.44970407655916,0.7900000000000005,8.957473192380869,0.7900000000000005,7.848484250775552,0.7900000000000005,6.988635995735105,0.7900000000000005,6.300918728376562,0.7900000000000005,5.737583686815007,0.7900000000000005,5.267285879792987,0.7900000000000005,4.868518699427489
0.8000000000000005,26.85293999598428,0.8000000000000005,23.87652724353578,0.8000000000000005,19.75140374567804,0.8000000000000005,16.96638014856079,0.8000000000000005,14.92917094354242,0.8000000000000005,13.36070922075855,0.8000000000000005,12.10893336800851,0.8000000000000005,11.0828002200617,0.8000000000000005,9.49327129442622,0.8000000000000005,8.313246287194048,0.8000000000000005,7.399146123077033,0.8000000000000005,6.668588682787252,0.8000000000000005,6.070540987256993,0.8000000000000005,5.571531931681446,0.8000000000000005,5.148615149963091
0.8100000000000005,28.53056982844181,0.8100000000000005,25.36467104735867,0.8100000000000005,20.96990923272391,0.8100000000000005,18.00108021880277,0.8100000000000005,15.82990206322486,0.8100000000000005,14.15913478561263,0.8100000000000005,12.8264923622502,0.8100000000000005,11.73471951159729,0.8100000000000005,10.04489164638553,0.8100000000000005,8.791651724451915,0.8100000000000005,7.821646226004425,0.8100000000000005,7.046951172349353,0.8100000000000005,6.413145666547558,0.8100000000000005,5.884565492902224,0.8100000000000005,5.436779320421294
0.8200000000000005,30.25445831107657,0.8200000000000005,26.89459953681464,0.8200000000000005,22.22317461419855,0.8200000000000005,19.06542763388151,0.8200000000000005,16.75644280608479,0.8200000000000005,14.98039757776621,0.8200000000000005,13.56452356088638,0.8200000000000005,12.40518644426332,0.8200000000000005,10.61211953209693,0.8200000000000005,9.283525796889579,0.8200000000000005,8.25598956232491,0.8200000000000005,7.435880081900807,0.8200000000000005,6.765287364284942,0.8200000000000005,6.206288593658341,0.8200000000000005,5.73292321951161
0.8300000000000005,32.02330023380577,0.8300000000000005,28.46524138760555,0.8300000000000005,23.51043051505865,0.8300000000000005,20.15883392520523,0.8300000000000005,17.70832255751053,0.8300000000000005,15.82410870673105,0.8300000000000005,14.32269750197761,0.8300000000000005,13.093916406709,0.8300000000000005,11.19473298615025,0.8300000000000005,9.788687781214509,0.8300000000000005,8.702024367335992,0.8300000000000005,7.835244974692742,0.8300000000000005,7.126851939546779,0.8300000000000005,6.536599911773531,0.8300000000000005,6.036955849514996
0.8400000000000005,33.83578325622381,0.8400000000000005,30.07551434861883,0.8400000000000005,24.83089507903586,0.8400000000000005,21.2806990257183,0.8400000000000005,18.6850604144775,0.8400000000000005,16.68987024000504,0.8400000000000005,15.10067675799477,0.8400000000000005,13.80061772598845,0.8400000000000005,11.79250436875805,0.8400000000000005,10.30695226552114,0.8400000000000005,9.159594909976336,0.8400000000000005,8.244911993155041,0.8400000000000005,7.497722253931808,0.8400000000000005,6.875395463850566,0.8400000000000005,6.348783823962772
0.8500000000000005,35.69059563444912,0.8500000000000005,31.72433184749838,0.8500000000000005,26.18377888480914,0.8500000000000005,22.43041506921353,0.8500000000000005,19.68616822529761,0.8500000000000005,17.57727770541787,0.8500000000000005,15.89811804390406,0.8500000000000005,14.52499347727758,0.8500000000000005,12.40520175950475,0.8500000000000005,10.8381302711909,0.8500000000000005,9.628542425633698,0.8500000000000005,8.664744653784208,0.8500000000000005,7.877778862042848,0.8500000000000005,7.222569214331573,0.8500000000000005,6.668311911634307
0.8600000000000005,37.58643282746753,0.8600000000000005,33.41060869515411,0.8600000000000005,27.5682892345369,0.8600000000000005,23.60736971879064,0.8600000000000005,20.71115325757835,0.8600000000000005,18.48592228897285,0.8600000000000005,16.71467406897984,0.8600000000000005,15.26674307334234,0.8600000000000005,13.03259018063121,0.8600000000000005,11.382030236761,0.8600000000000005,10.10870593352852,0.8600000000000005,9.094604543161271,0.8600000000000005,8.266900615691689,0.8600000000000005,7.578013608147516,0.8600000000000005,6.995443512063779
0.8700000000000006,39.52200306824107,0.8700000000000006,35.13326595194711,0.8700000000000006,28.98363385485281,0.8700000000000006,24.81094905396801,0.8700000000000006,21.75952051790238,0.8700000000000006,19.41539274782728,0.8700000000000006,17.54999514925732,0.8700000000000006,16.02556364862387,0.8700000000000006,13.67443266183061,0.8700000000000006,11.93845887378448,0.8700000000000006,10.59992294727816,0.8700000000000006,9.534351922633245,0.8700000000000006,8.664965188516687,0.8700000000000006,7.941620032970387,0.8700000000000006,7.330081068015598
0.8800000000000006,41.49603199143728,0.8800000000000006,36.89123502461204,0.8800000000000006,30.42902405524992,0.8800000000000006,26.04054004946781,0.8800000000000006,22.83077474931151,0.8800000000000006,20.36527705996851,0.8800000000000006,18.4037305989928,0.8800000000000006,16.80115125393332,0.8800000000000006,14.330491159242,0.8800000000000006,12.50722190516792,0.8800000000000006,11.10203008756389,0.8800000000000006,9.983846249407287,0.8800000000000006,9.071849527857221,0.8800000000000006,8.313279217191059,0.8800000000000006,7.672126420462866
0.8900000000000006,43.50726641187315,0.8900000000000006,38.68346106575833,0.8900000000000006,31.90367739119574,0.8900000000000006,27.29553268046134,0.8900000000000006,23.92442213394099,0.8900000000000006,21.33516383304465,0.8900000000000006,19.27552992013986,0.8900000000000006,17.59320187820265,0.8900000000000006,15.000527341546,0.8900000000000006,13.08812469656661,0.8900000000000006,11.61486360583984,0.8900000000000006,10.44294662178565,0.8900000000000006,9.487430240678778,0.8900000000000006,8.692881569676599,0.8900000000000006,8.02148111152558
0.9000000000000006,45.55447734672454,0.9000000000000006,40.50890574787764,0.9000000000000006,33.40681987987308,0.9000000000000006,28.57532168951592,0.9000000000000006,25.03997172841988,0.9000000000000006,22.32464349492605,0.9000000000000006,20.16504380886498,0.9000000000000006,18.40141231368369,0.9000000000000006,15.68430325592627,0.9000000000000006,13.6809727912366,0.9000000000000006,12.13825982782876,0.9000000000000006,10.91151215606559,0.9000000000000006,9.911583920141981,0.9000000000000006,9.080317467170083,0.9000000000000006,8.378046640639806
0.9100000000000006,47.63646237114367,0.9100000000000006,42.36654948185952,0.9100000000000006,34.93768781560005,0.9100000000000006,29.87930804989976,0.9100000000000006,26.17693665915396,0.9100000000000006,23.33330928810834,0.9100000000000006,21.07192499766725,0.9100000000000006,19.22548088053454,0.9100000000000006,16.38158188624214,0.9100000000000006,14.28557235835098,0.9100000000000006,12.67205552518809,0.9100000000000006,11.38940230229856,0.9100000000000006,10.34418741910425,0.9100000000000006,9.475477494907157,0.9100000000000006,8.741724678961148
0.9200000000000006,49.7520473918798,0.9200000000000006,44.25539314669616,0.9200000000000006,36.49552923011947,0.9200000000000006,31.20690015859973,0.9200000000000006,27.33483510355919,0.9200000000000006,24.36075808916078,0.9200000000000006,21.99582895087264,0.9200000000000006,20.06510802601986,0.9200000000000006,17.09212761514447,0.9200000000000006,14.90173056426276,0.9200000000000006,13.21608822326179,0.9200000000000006,11.87647710568208,0.9200000000000006,10.78511807646017,0.9200000000000006,9.878252645680691,0.9200000000000006,9.112417246689267
0.9300000000000006,51.90008791742441,0.9300000000000006,46.17445939278829,0.9300000000000006,38.07960504040066,0.9300000000000006,32.55751479058893,0.9300000000000006,28.51319108188366,0.9300000000000006,25.40659107324061,0.9300000000000006,22.93641443023969,0.9300000000000006,20.91999681263549,0.9300000000000006,17.81570660113017,0.9300000000000006,15.52925587556568,0.9300000000000006,13.77019645229168,0.9300000000000006,12.37259741988066,0.9300000000000006,11.23425390180159,0.9300000000000006,10.28853448219518,0.9300000000000006,9.490026857647596
0.9400000000000006,54.07946989656772,0.9400000000000006,48.1227935764391,0.9400000000000006,39.68918992360278,0.9400000000000006,33.93057784373258,0.9400000000000006,29.71153508258186,0.9400000000000006,26.47041424230791,0.9400000000000006,23.89334394624327,0.9400000000000006,21.78985330844611,0.9400000000000006,18.55208708070971,0.9400000000000006,16.16795830212586,0.9400000000000006,14.33421994887875,0.9400000000000006,12.87762507806313,0.9400000000000006,11.69147372342716,0.9400000000000006,10.70621526715334,0.9400000000000006,9.874456635086657
0.9500000000000006,56.28911019039747,0.9500000000000006,50.09946437803927,0.9500000000000006,41.32357295561361,0.9500000000000006,35.32552490139329,0.9500000000000006,30.92940454238366,0.9500000000000006,27.55183883419004,0.9500000000000006,24.86628410933948,0.9500000000000006,22.67438689183561,0.9500000000000006,19.30103960500679,0.9500000000000006,16.81764958755378,0.9500000000000006,14.90799981388897,0.9500000000000006,13.3914230269259,0.9500000000000006,12.156657304275,0.9500000000000006,11.13118806510289,0.9500000000000006,10.26561040230914
0.9600000000000006,58.52795673597802,0.9600000000000006,52.10356415129939,0.9600000000000006,42.98205804625789,0.9600000000000006,36.74180163738909,0.9600000000000006,32.16634420034004,0.9600000000000006,28.65048162812467,0.9600000000000006,25.85490589423752,0.9600000000000006,23.57331048176015,0.9600000000000006,20.06233721924292,0.9600000000000006,17.47814335387385,0.9600000000000006,15.49137863239714,0.9600000000000006,13.91385542845453,0.9600000000000006,12.62968542989428,0.9600000000000006,11.56334681967092,0.9600000000000006,10.66339275135063
0.9700000000000006,60.79498845338716,0.9700000000000006,54.13420904585814,0.9700000000000006,44.6639642009709,0.9700000000000006,38.17886408556019,0.9700000000000006,33.42190634325008,0.9700000000000006,29.76596516088733,0.9700000000000006,26.85888482892597,0.9700000000000006,24.48634070350525,0.9700000000000006,20.83575559270966,0.9700000000000006,18.14925520646068,0.9700000000000006,16.08420056068217,0.9700000000000006,14.44478773367398,0.9700000000000006,13.11043997213674,0.9700000000000006,12.00258640941961,0.9700000000000006,11.06770909259703
0.9800000000000006,63.08921494157572,0.9800000000000006,56.19053894077989,0.9800000000000006,46.36862563553232,0.9800000000000006,39.63617879386923,0.9800000000000006,34.69565095807071,0.9800000000000006,30.89791786614225,0.9800000000000006,27.87790111896998,0.9800000000000006,25.41319799888138,0.9800000000000006,21.62107310601311,0.9800000000000006,18.83080280464315,0.9800000000000006,16.68631138472964,0.9800000000000006,14.98408673216036,0.9800000000000006,13.59880393182497,0.9800000000000006,12.44880268518516,0.9800000000000006,11.47846568788466
0.9900000000000007,65.40967600275536,0.9900000000000007,58.2717172219395,0.9900000000000007,48.09539176743669,0.9900000000000007,41.11322288073368,0.9900000000000007,35.98714580517739,0.9900000000000007,32.04597414824561,0.9900000000000007,28.9116397164169,0.9900000000000007,26.35360668879287,0.9900000000000007,22.41807090159311,0.9900000000000007,19.52260590274827,0.9900000000000007,17.29755855416625,0.9900000000000007,15.53162058063097,0.9900000000000007,14.09466146326049,0.9900000000000007,12.90189249140952,0.9900000000000007,11.89556966931418
1.000000000000001,67.75544102972924,1.000000000000001,60.37693043210253,1.000000000000001,49.84362710462333,1.000000000000001,42.6094840092092,1.000000000000001,37.29596642471316,1.000000000000001,33.20977440041493,1.000000000000001,29.95979034154588,1.000000000000001,27.30729499516114,1.000000000000001,23.22653290279593,1.000000000000001,20.22448636576542,1.000000000000001,17.91779119506185,1.000000000000001,16.08725881350812,1.000000000000001,14.5978978830643,1.000000000000001,13.36175367364629,1.000000000000001,12.31892904571298
1.010000000000001,70.12560828578324,1.010000000000001,62.50538781868903,1.010000000000001,51.6127110496861,1.010000000000001,44.12446029270058,1.010000000000001,38.62169608675972,1.010000000000001,34.38896497594664,1.010000000000001,31.02204746466819,1.010000000000001,28.27399502831357,1.010000000000001,24.04624580609546,1.010000000000001,20.93626816326679,1.010000000000001,18.54686010457209,1.010000000000001,16.65087233795901,1.010000000000001,15.10839966549734,1.010000000000001,13.82828507411855,1.010000000000001,12.74845269840841
1.020000000000001,72.51930410244987,1.020000000000001,64.65632080073229,1.020000000000001,53.4020376352826,1.020000000000001,45.65766014410844,1.020000000000001,39.96392569467788,1.020000000000001,35.5831981200401,1.020000000000001,32.09811025424217,1.020000000000001,29.25344274513163,1.020000000000001,24.87699905044188,1.020000000000001,21.6577773447123,1.020000000000001,19.18461772997669,1.020000000000001,17.22233341555241,1.020000000000001,15.62605442609564,1.020000000000001,14.30138651692423,1.020000000000001,13.18405036772193
1.030000000000001,74.93568201662012,1.030000000000001,66.82898237344796,1.030000000000001,55.21101520429703,1.030000000000001,47.20860207870474,1.030000000000001,41.3222536496889,1.030000000000001,36.7921318687557,1.030000000000001,33.18768249670633,1.030000000000001,30.24537788252141,1.030000000000001,25.7185847671416,1.030000000000001,22.38884199880875,1.030000000000001,19.83091813428001,1.030000000000001,17.80151563233979,1.030000000000001,16.150750895162,1.030000000000001,14.78095878422774,1.030000000000001,13.62563263136284
1.040000000000001,77.37392186508811,1.040000000000001,69.0226464660447,1.040000000000001,57.03906604636612,1.040000000000001,48.77681447957094,1.040000000000001,42.69628568364081,1.040000000000001,38.01542992070308,1.040000000000001,34.29047249264918,1.040000000000001,31.24954387009359,1.040000000000001,26.57079771315568,1.040000000000001,23.12929219917184,1.040000000000001,20.48561695018823,1.040000000000001,18.38829385886815,1.040000000000001,16.68237888238962,1.040000000000001,15.26690358454065,1.040000000000001,14.07311087568528
1.050000000000001,79.83322885163406,1.050000000000001,71.23660726596238,1.050000000000001,58.88562600064486,1.050000000000001,50.36183533313783,1.050000000000001,44.08563466586628,1.050000000000001,39.25276148621683,1.050000000000001,35.40619293323111,1.050000000000001,32.26568772534032,1.050000000000001,27.43343519023785,1.050000000000001,23.87895993815716,1.050000000000001,21.14857132395716,1.050000000000001,18.98254420135088,1.050000000000001,17.22082923365283,1.050000000000001,15.75912351397454,1.050000000000001,14.5263972605797
1.060000000000001,82.31283259916151,1.060000000000001,73.47017852056905,1.060000000000001,60.7501440331406,1.060000000000001,51.96321194119243,1.060000000000001,45.48992038912255,1.060000000000001,40.50380111802313,1.060000000000001,36.53456076014454,1.060000000000001,33.29355993404516,1.060000000000001,28.30629695190149,1.060000000000001,24.63767905038008,1.060000000000001,21.81963985031053,1.060000000000001,19.58414394497347,1.060000000000001,17.76599378077365,1.060000000000001,16.25752201115331,1.060000000000001,14.98540467858627
1.070000000000001,84.81198619713354,1.070000000000001,75.72269282546461,1.070000000000001,62.63208179559537,1.070000000000001,53.58050061469753,1.070000000000001,46.9087693387913,1.070000000000001,41.76822852673767,1.070000000000001,37.67529701182448,1.070000000000001,34.33291431818007,1.070000000000001,29.18918509983245,1.070000000000001,25.40528512713227,1.070000000000001,22.49868249936426,1.070000000000001,20.19297149007685,1.070000000000001,18.31776528486968,1.070000000000001,16.76200330628524,1.070000000000001,15.45004670865326
1.080000000000001,87.3299652526256,1.080000000000001,77.99350090689809,1.080000000000001,64.53091317170339,1.080000000000001,55.21326635386104,1.080000000000001,48.34181444879233,1.080000000000001,43.04572838393099,1.080000000000001,38.82812665812661,1.080000000000001,35.3835078931018,1.080000000000001,30.08190397101096,1.080000000000001,26.18161542261467,1.080000000000001,23.18556053624612,1.080000000000001,20.80890628174939,1.080000000000001,18.87603737369871,1.080000000000001,17.27247236472582,1.080000000000001,15.92023756480582
1.090000000000001,89.86606695163397,1.090000000000001,80.28197090438842,1.090000000000001,66.44612381541126,1.090000000000001,56.86108251808567,1.090000000000001,49.78869484702453,1.090000000000001,44.33599011497395,1.090000000000001,39.99277842523368,1.090000000000001,36.44510071547158,1.090000000000001,30.98426001650051,1.090000000000001,26.96650875264901,1.090000000000001,23.88013643387948,1.090000000000001,21.43182873316215,1.090000000000001,19.44070447324058,1.090000000000001,17.78883482520189,1.090000000000001,16.39589203984584
1.100000000000001,92.41960913585092,1.100000000000001,82.58748765843056,1.100000000000001,68.37721068514173,1.100000000000001,58.52353048874944,1.100000000000001,51.24905559259085,1.100000000000001,45.63870768341147,1.100000000000001,41.1689846121542,1.100000000000001,37.51745572297256,1.100000000000001,31.89606167257741,1.100000000000001,27.75980538629383,1.100000000000001,24.58227377919171,1.100000000000001,22.06162014279625,1.100000000000001,20.01166173358788,1.100000000000001,18.31099693271648,1.100000000000001,16.87692544406192
1.110000000000001,94.98992939891716,1.110000000000001,84.90945200711016,1.110000000000001,70.32368157701328,1.110000000000001,60.20019932714436,1.110000000000001,52.72254740657446,1.110000000000001,46.95357936819634,1.110000000000001,42.35648089982208,1.110000000000001,38.60033856658141,1.110000000000001,32.81711922461825,1.110000000000001,28.5613469305665,1.110000000000001,25.29183717281461,1.110000000000001,22.69816260554057,1.110000000000001,20.58880494906274,1.110000000000001,18.8388654660083,1.110000000000001,17.36325353879585
1.120000000000001,97.57638420512797,1.120000000000001,87.24728009457088,1.120000000000001,72.28505465943668,1.120000000000001,61.89068542938208,1.120000000000001,54.20882639769355,1.120000000000001,48.28030753475166,1.120000000000001,43.55500615348741,1.120000000000001,39.69351743587672,1.120000000000001,33.74724466393089,1.120000000000001,29.37097620827772,1.120000000000001,26.0086921221641,1.120000000000001,23.34133891747089,1.120000000000001,21.17203047232324,1.120000000000001,19.37234765929746,1.120000000000001,17.85479246457724
1.130000000000001,100.1783480327275,1.130000000000001,89.600402693521,1.130000000000001,74.26085801091082,1.130000000000001,63.59459217961845,1.130000000000001,55.70755378379571,1.130000000000001,49.61859840051014,1.130000000000001,44.76430221880804,1.130000000000001,40.79676287760157,1.130000000000001,34.68625153749415,1.130000000000001,30.18853712878449,1.130000000000001,26.73270492760935,1.130000000000001,23.99103247396297,1.130000000000001,21.76123512207168,1.130000000000001,19.9113511179109,1.130000000000001,18.3514586634081
1.140000000000001,102.7952125431921,1.140000000000001,91.96826454333413,1.140000000000001,76.25062916233327,1.140000000000001,65.31152960254524,1.140000000000001,57.21839560981611,1.140000000000001,50.96816179529212,1.140000000000001,45.98411371179328,1.140000000000001,41.90984760747696,1.140000000000001,35.63395479037263,1.140000000000001,31.01387455129179,1.140000000000001,27.46374256127902,1.140000000000001,24.64712716063126,1.140000000000001,22.35631608383387,1.140000000000001,20.45578372723879,1.140000000000001,18.85316879464379
1.150000000000001,105.4263857773235,1.150000000000001,94.35032370476095,1.150000000000001,78.25391464472555,1.150000000000001,67.04111401576783,1.150000000000001,58.74102246253842,1.150000000000001,52.32871091662975,1.150000000000001,47.21418780252574,1.150000000000001,43.03254631504183,1.150000000000001,36.59017060038351,1.150000000000001,31.84683414015401,1.150000000000001,28.20167253787927,1.150000000000001,25.30950723643321,1.150000000000001,22.95717080312078,1.150000000000001,21.00555355432881,1.150000000000001,19.35983964377878
1.160000000000001,108.0712913784837,1.160000000000001,96.74605093182927,1.160000000000001,80.27026954291976,1.160000000000001,68.78296768238556,1.160000000000001,60.27510918224326,1.160000000000001,53.69996207992006,1.160000000000001,48.45427399237784,1.160000000000001,44.16463546110237,1.160000000000001,37.55471620440755,1.160000000000001,32.68726221145666,1.160000000000001,28.94636277673823,1.160000000000001,25.97805720811253,1.160000000000001,23.56369687013723,1.160000000000001,21.56056874127839,1.160000000000001,19.87138802330245
1.170000000000001,110.7293678428966,1.170000000000001,99.15492906113819,1.170000000000001,82.29925705544254,1.170000000000001,70.53671846383857,1.170000000000001,61.8203345711057,1.170000000000001,55.08163446308576,1.170000000000001,49.7041238842447,1.170000000000001,45.30589306719035,1.170000000000001,38.52740971556351,1.170000000000001,33.53500556998412,1.170000000000001,29.69768145412085,1.170000000000001,26.65266169499628,1.170000000000001,24.1757918950355,1.170000000000001,22.12073738942473,1.170000000000001,20.38773066463648
1.180000000000001,113.400067796638,1.180000000000001,101.5764524184603,1.180000000000001,84.34044806059117,1.180000000000001,72.30199947287285,1.180000000000001,63.37638109801016,1.180000000000001,56.47344984523775,1.180000000000001,50.96349094514099,1.180000000000001,46.45609849625533,1.180000000000001,39.50806993029255,1.180000000000001,34.38991133551321,1.180000000000001,30.45549684468847,1.180000000000001,27.33320528298574,1.180000000000001,24.79335337254657,1.180000000000001,22.68596743316908,1.180000000000001,20.90878410000158
1.190000000000001,116.0828572986589,1.190000000000001,104.0101262423012,1.190000000000001,86.39342068847324,1.190000000000001,74.07844872627822,1.190000000000001,64.94293459927216,1.190000000000001,57.87513233866712,1.190000000000001,52.23213026034629,1.190000000000001,47.61503222364507,1.190000000000001,40.49651612422664,1.190000000000001,35.25182675718975,1.190000000000001,31.21967715079582,1.190000000000001,28.01957236640486,1.190000000000001,25.416278534641,1.190000000000001,23.25616650209344,1.190000000000001,21.4344645328885
1.200000000000001,118.7772151690079,1.200000000000001,106.4554661238906,1.200000000000001,88.45775989860624,1.200000000000001,75.86570879690319,1.200000000000001,66.51968397460867,1.200000000000001,59.28640811334121,1.200000000000001,53.50979827811899,1.200000000000001,48.78247559727681,1.200000000000001,41.49256783554721,1.200000000000001,36.12059901457108,1.200000000000001,31.99009031813678,1.200000000000001,28.7116469761782,1.200000000000001,26.0444641896808,1.200000000000001,23.83124176983562,1.200000000000001,21.96468769561624
1.210000000000001,121.4826323412492,1.210000000000001,108.9119974628986,1.210000000000001,90.53305706252955,1.210000000000001,77.66342646429949,1.210000000000001,68.10632087755108,1.210000000000001,60.70700511293417,1.210000000000001,54.79625254385915,1.210000000000001,49.95821058573588,1.210000000000001,42.49604463436325,1.210000000000001,36.99607500373122,1.210000000000001,32.76660383605248,1.210000000000001,29.40931259261151,1.210000000000001,26.67780654632245,1.210000000000001,24.41109978798791,1.210000000000001,22.49936869225883
1.220000000000001,124.1986112379615,1.220000000000001,111.379254938067,1.220000000000001,92.61890955075945,1.220000000000001,79.47125236323625,1.220000000000001,69.70253939938262,1.220000000000001,62.13665276129153,1.220000000000001,56.09125142244989,1.220000000000001,51.14201951288924,1.220000000000001,43.5067658764704,1.220000000000001,37.87810110663204,1.220000000000001,33.54908452061345,1.220000000000001,30.1124519408379,1.220000000000001,27.31620102021163,1.220000000000001,24.99564630306186,1.220000000000001,23.03842182500231
1.230000000000001,126.9246651681243,1.230000000000001,113.856781991833,1.230000000000001,94.71492032330526,1.230000000000001,81.28884062921838,1.230000000000001,71.30803574555536,1.230000000000001,63.57508165810354,1.230000000000001,57.39455380737839,1.230000000000001,52.33368477745338,1.230000000000001,44.52455043966967,1.230000000000001,38.76652294177097,1.230000000000001,34.33739827837778,1.230000000000001,30.8209467667679,1.230000000000001,27.95954202128569,1.230000000000001,25.58478605433443,1.230000000000001,23.58176040176143
1.240000000000001,129.6603177451334,1.240000000000001,116.3441303279669,1.240000000000001,96.82069752290342,1.240000000000001,83.11584854005471,1.240000000000001,72.92250790345747,1.240000000000001,65.02202326245192,1.240000000000001,58.70591881509989,1.240000000000001,53.53298855580312,1.240000000000001,45.54921644065442,1.240000000000001,39.66118509391357,1.240000000000001,35.13140984850655,1.240000000000001,31.53467759115589,1.240000000000001,28.60772271925931,1.240000000000001,26.17842255014481,1.240000000000001,24.12929652263921
1.250000000000001,132.4051023241549,1.250000000000001,118.8408594211777,1.250000000000001,98.93585407004656,1.250000000000001,84.95193615244241,1.250000000000001,74.54565530030078,1.250000000000001,66.47720956278141,1.250000000000001,60.02510546298997,1.250000000000001,54.73971248617337,1.250000000000001,46.58058093029678,1.250000000000001,40.56193082052103,1.250000000000001,35.93098252070151,1.250000000000001,32.25352343915677,1.250000000000001,29.26063478462717,1.250000000000001,26.77645781996338,1.250000000000001,24.68094084256166
1.260000000000001,135.1585614575194,1.260000000000001,121.3465360376226,1.260000000000001,101.0600072588391,1.260000000000001,86.79676593248051,1.260000000000001,76.1771784498236,1.260000000000001,67.94037273175988,1.260000000000001,61.35187232911227,1.260000000000001,55.95363733226799,1.260000000000001,47.61845956499938,1.260000000000001,41.46860173228532,1.260000000000001,36.73597782620966,1.260000000000001,32.97736154252041,1.260000000000001,29.91816810227461,1.260000000000001,27.37879213930526,1.260000000000001,25.23660230716788
1.270000000000001,137.9202463668327,1.270000000000001,123.8607337652274,1.270000000000001,103.1927783526755,1.270000000000001,88.65000237896301,1.270000000000001,77.81677858644346,1.270000000000001,69.41124476440265,1.270000000000001,62.68597719193168,1.270000000000001,57.17454262417391,1.270000000000001,48.66266625162267,1.270000000000001,42.38103744500469,1.270000000000001,37.54625519894049,1.270000000000001,33.70606701134697,1.270000000000001,30.58021045455621,1.270000000000001,27.98532372432602,1.270000000000001,25.79618785879311
1.280000000000001,140.6897164305188,1.280000000000001,126.383032552716,1.280000000000001,105.3337921787101,1.280000000000001,90.51131163827647,1.280000000000001,79.46415728543582,1.280000000000001,70.88955709777346,1.280000000000001,64.0271766480148,1.280000000000001,58.40220627437539,1.280000000000001,49.71301276336727,1.280000000000001,43.29907519987238,1.280000000000001,38.36167160355858,1.280000000000001,34.43951247213778,1.280000000000001,31.24664717050502,1.280000000000001,28.59594839272416,1.280000000000001,26.3596021091731
1.290000000000001,143.4665386854998,1.290000000000001,128.9130182562545,1.290000000000001,107.4826767200735,1.290000000000001,92.38036110969641,1.290000000000001,81.11901606769096,1.290000000000001,72.37504021052621,1.290000000000001,65.3752257057064,1.290000000000001,59.63640416659067,1.290000000000001,50.76930832389314,1.290000000000001,44.22254944913577,1.290000000000001,39.18208112728612,1.290000000000001,35.1775676687319,1.290000000000001,31.91736073767493,1.290000000000001,29.21055918742567,1.290000000000001,26.92674697533737
1.300000000000001,146.2502873417706,1.300000000000001,131.4502821926257,1.300000000000001,109.6390627047987,1.300000000000001,94.25681903987679,1.300000000000001,82.78105598757763,1.300000000000001,73.86742320053798,1.300000000000001,66.72987735273813,1.300000000000001,60.87690971512511,1.300000000000001,51.8313591569097,1.300000000000001,45.15129140402299,1.300000000000001,40.00733453208188,1.300000000000001,35.92009902264712,1.300000000000001,32.59223037305883,1.300000000000001,29.829045959446,1.300000000000001,27.49752127508557
1.310000000000001,149.040543308642,1.310000000000001,133.9944206978675,1.310000000000001,111.8025831904145,1.310000000000001,96.14035410533475,1.310000000000001,84.44997720247343,1.310000000000001,75.36643333889857,1.310000000000001,68.09088209575781,1.310000000000001,62.12349339245362,1.310000000000001,52.89896799850262,1.310000000000001,46.08512854187325,1.310000000000001,40.83727876390525,1.310000000000001,36.66696914939291,1.310000000000001,33.27113154956429,1.310000000000001,30.45129490638515,1.310000000000001,28.07182027850213
1.320000000000001,151.8368937314656,1.320000000000001,136.5450346903378,1.320000000000001,113.9728731432089,1.320000000000001,98.03063498177072,1.320000000000001,86.12547852255797,1.320000000000001,76.87179559859142,1.320000000000001,69.45798746983901,1.320000000000001,63.37592222284807,1.320000000000001,53.97193356959315,1.320000000000001,47.02388406956184,1.320000000000001,41.67175641595909,1.320000000000001,37.41803632752721,1.320000000000001,33.95393547475818,1.320000000000001,31.07718806324547,1.320000000000001,28.6495352122083
1.330000000000001,154.6389315377164,1.330000000000001,139.10172923721,1.330000000000001,116.1495690111972,1.330000000000001,99.92732989913488,1.330000000000001,87.80725693957216,1.330000000000001,78.38323215633095,1.330000000000001,70.83093751620625,1.330000000000001,64.63395924006515,1.330000000000001,55.05005000619312,1.330000000000001,47.96737634064706,1.330000000000001,42.51060514319069,1.330000000000001,38.1731539176609,1.330000000000001,34.64050851906057,1.330000000000001,31.70660274275687,1.330000000000001,29.23055271356797
1.340000000000001,157.4462549913301,1.340000000000001,141.664113123431,1.340000000000001,118.3323082898927,1.340000000000001,101.8301061814408,1.340000000000001,89.49500713339388,1.340000000000001,79.90046186622605,1.340000000000001,72.20947222667375,1.340000000000001,65.89736290744497,1.340000000000001,56.13310624558237,1.340000000000001,48.915418224235,1.340000000000001,43.35365702599285,1.340000000000001,38.93216972935104,1.340000000000001,35.3307115913559,1.340000000000001,32.33941092323593,1.340000000000001,29.81475423293502
1.350000000000001,160.2584672542618,1.350000000000001,144.2317984222483,1.350000000000001,120.5207290800586,1.350000000000001,103.738629770481,1.350000000000001,91.18842095549383,1.350000000000001,81.42319970425827,1.350000000000001,73.59332695371009,1.350000000000001,67.16588649927409,1.350000000000001,57.22088536722101,1.350000000000001,49.8678164244197,1.350000000000001,44.20073788205912,1.350000000000001,39.69492533495396,1.350000000000001,36.02439946122265,1.350000000000001,32.97547858329563,1.350000000000001,30.40201538337541
1.360000000000001,163.0751759542913,1.360000000000001,146.8044000664538,1.360000000000001,122.7144696367396,1.360000000000001,105.6525647327817,1.360000000000001,92.8871868886572,1.360000000000001,82.95115618298588,1.360000000000001,74.98223178560697,1.360000000000001,68.43927744298483,1.360000000000001,58.31316388822454,1.360000000000001,50.82437075042111,1.360000000000001,45.05166652681871,1.360000000000001,40.46125533115188,1.360000000000001,36.72142002875093,1.360000000000001,33.61466498460314,1.360000000000001,30.99220523924811
1.370000000000001,165.8959927581437,1.370000000000001,149.3815354195789,1.370000000000001,124.9131679089961,1.370000000000001,107.5715727494069,1.370000000000001,94.59098948275269,1.370000000000001,84.48403673649385,1.370000000000001,76.37591088702865,1.370000000000001,69.7172766227629,1.370000000000001,59.40971101460303,1.370000000000001,51.78487333927486,1.370000000000001,45.90625398491036,1.370000000000001,41.23098655114497,1.370000000000001,37.42161354538306,1.370000000000001,34.25682190647895,1.370000000000001,31.58518558772201
1.380000000000001,168.7205329490855,1.380000000000001,151.9628238463542,1.380000000000001,127.1164610699587,1.380000000000001,109.495312588539,1.380000000000001,96.29950876688827,1.380000000000001,86.02154107638198,1.380000000000001,77.7740818062646,1.380000000000001,70.99961764644321,1.380000000000001,60.51028785133067,1.380000000000001,52.74910783526571,1.380000000000001,46.76430265788675,1.380000000000001,42.00393723353623,1.380000000000001,38.12481179248933,1.380000000000001,34.90179283958997,1.380000000000001,32.18081014089819
1.390000000000001,171.5484150082074,1.390000000000001,154.54788628185,1.390000000000001,129.3239850370296,1.390000000000001,111.4234395612092,1.390000000000001,98.01241963897236,1.390000000000001,87.56336252060525,1.390000000000001,79.17645475186447,1.390000000000001,72.28602607930527,1.390000000000001,61.6146465767159,1.390000000000001,53.71684853331698,1.390000000000001,47.62560545686741,1.390000000000001,42.77991615787362,1.390000000000001,38.83083722862894,1.390000000000001,35.54941215044017,1.390000000000001,32.77892372080128
1.400000000000001,174.3792601986956,1.400000000000001,157.136344798828,1.400000000000001,131.5353739823418,1.400000000000001,113.3556049610654,1.400000000000001,99.7293912345944,1.400000000000001,89.1091872982589,1.400000000000001,80.58273184306815,1.400000000000001,73.57621865055026,1.400000000000001,62.72252958960973,1.400000000000001,54.68785949737483,1.400000000000001,48.48994491330943,1.400000000000001,43.55872176173556,1.400000000000001,39.53950212171835,1.400000000000001,36.19950423389294,1.400000000000001,33.37936143520513
1.410000000000001,177.2126921524859,1.410000000000001,159.7278221729805,1.410000000000001,133.7502598339157,1.410000000000001,115.291455489741,1.410000000000001,101.4500862782237,1.410000000000001,90.65869383501204,1.410000000000001,81.99260634058989,1.410000000000001,74.86990244096516,1.410000000000001,63.8336686417661,1.410000000000001,55.66189366952669,1.410000000000001,49.35709228648036,1.410000000000001,44.3401412602071,1.410000000000001,40.25060768867919,1.410000000000001,36.85188267755969,1.410000000000001,33.98194786901932
1.420000000000001,180.0483364587791,1.420000000000001,162.3219414458815,1.420000000000001,135.9682717683623,1.420000000000001,117.2306326701875,1.420000000000001,103.1741604210628,1.420000000000001,92.21155202584256,1.420000000000001,83.40576186694385,1.420000000000001,76.16677406356646,1.420000000000001,64.94778397222333,1.420000000000001,56.63869199117442,1.420000000000001,50.22680669260335,1.420000000000001,45.12394979553825,1.420000000000001,40.96394327246229,1.420000000000001,37.50634946945105,1.420000000000001,34.58649632364145
1.430000000000001,182.8858202540239,1.430000000000001,164.9183254856785,1.430000000000001,138.1890356964672,1.430000000000001,119.172772251316,1.430000000000001,104.9012615715137,1.430000000000001,93.76742250408864,1.430000000000001,84.82187162863539,1.430000000000001,77.46651885294028,1.430000000000001,66.06458346589395,1.430000000000001,57.61798256401751,1.430000000000001,51.09883428785354,1.430000000000001,45.90990965251615,1.430000000000001,41.67928559438052,1.430000000000001,38.16269428846565,1.430000000000001,35.19280814489538
1.440000000000001,185.7247718130822,1.440000000000001,167.516596545757,1.440000000000001,140.4121737435789,1.440000000000001,121.1175036084447,1.440000000000001,106.6310292261291,1.440000000000001,95.32595591860064,1.440000000000001,86.24059765619792,1.440000000000001,78.76881008350232,1.440000000000001,67.18376186455214,1.440000000000001,58.59947988567188,1.440000000000001,51.97290754515417,1.440000000000001,46.69776958320126,1.440000000000001,42.39639812794604,1.440000000000001,38.82069392552936,1.440000000000001,35.80067218827014
1.450000000000001,188.564820141443,1.450000000000001,170.1163758218842,1.450000000000001,142.6373037273949,1.450000000000001,123.0644491454299,1.450000000000001,108.3630938111513,1.450000000000001,96.88679223397558,1.450000000000001,87.66159008222299,1.450000000000001,80.07330824197072,1.450000000000001,68.30500006489595,1.450000000000001,59.58288420212771,1.450000000000001,52.84874467250209,1.450000000000001,47.4872642925457,1.450000000000001,43.11503064811075,1.450000000000001,39.48011189059888,1.450000000000001,36.40986447721149
1.460000000000001,191.4055945685065,1.460000000000001,172.7172830086188,1.460000000000001,144.8640386365626,1.460000000000001,125.0132237059333,1.460000000000001,110.0970760473111,1.460000000000001,98.4495600724532,1.460000000000001,89.08448648210823,1.460000000000001,81.37966038477484,1.460000000000001,69.42796454499289,1.460000000000001,60.56788102637107,1.460000000000001,53.72604922762557,1.460000000000001,48.27811414306918,1.460000000000001,43.83491901587053,1.460000000000001,40.14069826613401,1.460000000000001,37.02014811490592
1.470000000000001,194.2467243421364,1.470000000000001,175.318935856127,1.470000000000001,147.0919861144164,1.470000000000001,126.9634340030993,1.470000000000001,111.8325863534083,1.470000000000001,100.0138761199667,1.470000000000001,90.508911307096,1.470000000000001,82.68749961669427,1.470000000000001,70.55230696666604,1.470000000000001,61.5541408785493,1.470000000000001,54.60450998906997,1.470000000000001,49.07002514100943,1.470000000000001,44.55578526127428,1.470000000000001,40.80218986956095,1.470000000000001,37.63127351084422
1.480000000000001,197.0878382248882,1.480000000000001,177.9209497289469,1.480000000000001,149.3207479532539,1.480000000000001,128.9146780789392,1.480000000000001,113.5692243073253,1.480000000000001,101.5793446229601,1.480000000000001,91.93447544404205,1.480000000000001,83.99644473229984,1.480000000000001,71.67766400650855,1.480000000000001,62.54131930704024,1.480000000000001,55.48380114608046,1.480000000000001,49.86268926675306,1.480000000000001,45.27733802643503,1.480000000000001,41.4643107841556,1.480000000000001,38.24297897890585
1.490000000000001,199.9285640925563,1.490000000000001,180.5229371686711,1.490000000000001,151.5499196057432,1.490000000000001,130.8665448069549,1.490000000000001,115.3065781863978,1.490000000000001,103.1455570066801,1.490000000000001,93.36077594086021,1.490000000000001,85.30610006623161,1.490000000000001,72.80365747132825,1.490000000000001,63.52905725046067,1.490000000000001,56.36358286750341,1.490000000000001,50.65578520743118,1.490000000000001,45.99927342273401,1.490000000000001,42.12677330824001,1.490000000000001,38.85499175243044
1.5,202.7685285359341,1.5,183.1245074630683,1.5,153.7790897213874,1.5,132.8186134539171,1.5,117.0442246123818,1.5,104.712091649446,1.5,94.78739594026648,1.5,86.61605560128265,1.5,73.92989475383384,1.5,64.51698179675175,1.5,57.24350230202131,1.5,51.44897953806941,1.5,46.72127634191552,1.5,42.78927935572113,1.5,39.46702944305147
