nch18_Cdd_Cgg (ll=3.5e-07) X,nch18_Cdd_Cgg (ll=3.5e-07) Y,nch18_Cdd_Cgg (ll=4e-07) X,nch18_Cdd_Cgg (ll=4e-07) Y,nch18_Cdd_Cgg (ll=5e-07) X,nch18_Cdd_Cgg (ll=5e-07) Y,nch18_Cdd_Cgg (ll=6e-07) X,nch18_Cdd_Cgg (ll=6e-07) Y,nch18_Cdd_Cgg (ll=7e-07) X,nch18_Cdd_Cgg (ll=7e-07) Y,nch18_Cdd_Cgg (ll=8e-07) X,nch18_Cdd_Cgg (ll=8e-07) Y,nch18_Cdd_Cgg (ll=9e-07) X,nch18_Cdd_Cgg (ll=9e-07) Y,nch18_Cdd_Cgg (ll=1e-06) X,nch18_Cdd_Cgg (ll=1e-06) Y,nch18_Cdd_Cgg (ll=1.2e-06) X,nch18_Cdd_Cgg (ll=1.2e-06) Y,nch18_Cdd_Cgg (ll=1.4e-06) X,nch18_Cdd_Cgg (ll=1.4e-06) Y,nch18_Cdd_Cgg (ll=1.6e-06) X,nch18_Cdd_Cgg (ll=1.6e-06) Y,nch18_Cdd_Cgg (ll=1.8e-06) X,nch18_Cdd_Cgg (ll=1.8e-06) Y,nch18_Cdd_Cgg (ll=2e-06) X,nch18_Cdd_Cgg (ll=2e-06) Y,nch18_Cdd_Cgg (ll=2.2e-06) X,nch18_Cdd_Cgg (ll=2.2e-06) Y,nch18_Cdd_Cgg (ll=2.4e-06) X,nch18_Cdd_Cgg (ll=2.4e-06) Y
0,0.2232274690755941,0,0.2034085460263169,0,0.1728686406404252,0,0.1503990073884593,0,0.1331514559804973,0,0.1194832711426144,0,0.108378510919782,0,0.09917413688590269,0,0.08479320139424679,0,0.07406775905732552,0,0.06575777295959991,0,0.05912817894529649,0,0.05371519831683153,0,0.04921158803460923,0,0.04540565750522574
0.01,0.2238848487752279,0.01,0.204053317703712,0.01,0.1734736067935793,0.01,0.1509596034055554,0.01,0.1336697823535284,0.01,0.1199632892944083,0.01,0.1088244206777293,0.01,0.09958983591605242,0.01,0.08515835920183865,0.01,0.07439272241184341,0.01,0.06605021721914303,0.01,0.05939386434539629,0.01,0.0539585236182205,0.01,0.0494359731259798,0.01,0.0456138065007577
0.02,0.2245310895271839,0.02,0.2046871568862496,0.02,0.1740682798407038,0.02,0.1515106115514383,0.02,0.1341791930644163,0.02,0.1204350046465132,0.02,0.1092625778637559,0.02,0.09999827415755753,0.02,0.08551708973521671,0.02,0.07471193200195947,0.02,0.06633745994501004,0.02,0.05965480767142061,0.02,0.05419749429669703,0.02,0.04965633428337048,0.02,0.04581821684137515
0.03,0.2251662259531588,0.03,0.2053100647512661,0.03,0.1746526252178847,0.03,0.1520519836867925,0.03,0.1346796366168322,0.03,0.120898366965282,0.03,0.1096929354480484,0.03,0.1003994084382224,0.03,0.08586935740108952,0.03,0.07502535856232537,0.03,0.06661947683970397,0.03,0.05991098847672453,0.03,0.05443209290480036,0.03,0.04987265642251561,0.03,0.04601887533154329
0.04,0.2257903152621853,0.04,0.2059220692975095,0.04,0.1752266399078028,0.04,0.1525837047982889,0.04,0.135171094417202,0.04,0.1213533576964046,0.04,0.1101154763402468,0.04,0.1007932235580385,0.04,0.0862151505687775,0.04,0.07533299312516278,0.04,0.06689626074649392,0.04,0.06016240079958626,0.04,0.0546623142645155,0.04,0.05008493488316682,0.04,0.04621577765947394
0.05,0.2264034380806856,0.05,0.2065232259525717,0.05,0.1757903519840537,0.05,0.1531057912417585,0.05,0.1356535777756008,0.05,0.1217999858817749,0.05,0.1105302084010241,0.05,0.1011797265637326,0.05,0.08655447478961592,0.05,0.07563483960029743,0.05,0.06716781387043755,0.05,0.06040904521194831,0.05,0.05488815746783489,0.05,0.05029316746385572,0.05,0.04640892052049408
0.06,0.2270056962336674,0.06,0.2071136149091768,0.06,0.1763438165422445,0.06,0.1536182851574597,0.06,0.1361271209610732,0.06,0.1222382800797273,0.06,0.1109371554496894,0.06,0.1015589370400319,0.06,0.08688734212102282,0.06,0.07593090357642479,0.06,0.06743413634649585,0.06,0.06065091734202117,0.06,0.05510961447512378,0.06,0.05049734317386242,0.06,0.04659829057175431
0.07000000000000001,0.2275972068198902,0.07000000000000001,0.2076933345248339,0.07000000000000001,0.1768871073604972,0.07000000000000001,0.1541212444143901,0.07000000000000001,0.1365917696759008,0.07000000000000001,0.1226682756518432,0.07000000000000001,0.1113363436224433,0.07000000000000001,0.1019308727589801,0.07000000000000001,0.08721375586444435,0.07000000000000001,0.07622117662228052,0.07000000000000001,0.06769521040931499,0.07000000000000001,0.0608879921087882,0.07000000000000001,0.05532665453977791,0.07000000000000001,0.05069742692722892,0.07000000000000001,0.0467838494441779
0.08,0.2281780919224079,0.08,0.2082624901121189,0.08,0.1774203035937174,0.08,0.1546147273579008,0.08,0.1370475641824301,0.08,0.1230899966020655,0.08,0.11172778221642,0.08,0.1022955297727858,0.08,0.08753368971482535,0.08,0.07650561501838862,0.08,0.06795097904920892,0.08,0.06112020252449887,0.08,0.05553920330084239,0.08,0.05089333901674074,0.08,0.04696551365377573
0.09,0.2287484632003495,0.09,0.2088211773344683,0.09,0.1779434706370687,0.09,0.1550987713990475,0.09,0.1374945160152467,0.09,0.1235034307954512,0.09,0.112111437747908,0.09,0.1026528555897707,0.09,0.08784705981881639,0.09,0.07678411131934512,0.09,0.06820131749428314,0.09,0.06134741137354902,0.09,0.05574711484138726,0.09,0.05108492767012961,0.09,0.04714312772967353
0.09999999999999999,0.2293084003642957,0.09999999999999999,0.2093694591491516,0.09999999999999999,0.1784566339395181,0.09999999999999999,0.1555733640441159,0.09999999999999999,0.1379325766952652,0.09999999999999999,0.123908496804781,0.09999999999999999,0.1124871993245883,0.09999999999999999,0.1030027134070621,0.09999999999999999,0.08815368752701352,0.09999999999999999,0.07705645641576249,0.09999999999999999,0.06844599512588571,0.09999999999999999,0.06156937335185433,0.09999999999999999,0.05595013430077327,0.09999999999999999,0.05127193229921925,0.09999999999999999,0.04731642820461492
0.11,0.2298579221002152,0.11,0.20990733475823,0.11,0.1789597439641389,0.11,0.1560384042801764,0.11,0.138361596098121,0.11,0.1243049998061319,0.11,0.1128548325585544,0.11,0.1033448344688307,0.11,0.08845324968887826,0.11,0.07732228882472818,0.11,0.06868462450725078,0.11,0.06178568434577315,0.11,0.05614784775113389,0.11,0.05145393420447588,0.11,0.04748499529570342
0.12,0.2303969473413597,0.12,0.2104346983054491,0.12,0.1794526296473124,0.12,0.156493651281793,0.12,0.1387812670964931,0.12,0.1246925728530679,0.12,0.1132139181164401,0.12,0.1036787544651627,0.12,0.08874521217239502,0.12,0.07758102678664075,0.12,0.06891659308533024,0.12,0.0619957134488252,0.12,0.05633961501005094,0.12,0.05163029050233058,0.12,0.0476481881505878
0.13,0.2309252438710275,0.13,0.2109512840697314,0.13,0.1799349365849386,0.13,0.156938656170102,0.13,0.1391910517835311,0.13,0.1250705984957798,0.13,0.1135637696110539,0.13,0.1040037284833215,0.13,0.08902874089992674,0.13,0.07783177739695596,0.13,0.06914097183196763,0.13,0.06219851208197062,0.13,0.05652447989148254,0.13,0.05180004593388983,0.13,0.04780505848395104
0.14,0.2314423600576775,0.14,0.2114565936407503,0.14,0.1804060447597154,0.14,0.1573726710319289,0.14,0.1395900829906954,0.14,0.1254381040799535,0.14,0.1139033238951223,0.14,0.1043186173862349,0.14,0.08930258310651927,0.14,0.07807321549631217,0.14,0.06935639367737843,0.14,0.0623926932643389,0.14,0.05670105116984842,0.14,0.0519618160731051,0.14,0.04795423636902538
0.15,0.2319475340700412,0.15,0.2119497990127939,0.15,0.1808649589180967,0.15,0.1577945275994165,0.15,0.1399770329536268,0.15,0.1257936221874226,0.15,0.1142309949618426,0.15,0.1046217366756975,0.15,0.08956490982738179,0.15,0.07830342348726975,0.15,0.06956089318414881,0.15,0.06257627282245405,0.15,0.05686734640949448,0.15,0.05211363445409919,0.15,0.04809378106252249
0.16,0.232439573195325,0.16,0.2124296137048554,0.16,0.1813101627252662,0.16,0.1582024759331831,0.16,0.1403499389086872,0.16,0.1261350056453521,0.16,0.1145444806931796,0.16,0.1049106570303476,0.16,0.08981310898792358,0.16,0.07851968186544264,0.16,0.0697516977758609,0.16,0.06274646341962142,0.16,0.0570205901097231,0.16,0.05225275561551684,0.16,0.04822098937678298
0.17,0.2329166939108155,0.17,0.2128941219388285,0.17,0.1817394256288014,0.17,0.1585939712376472,0.17,0.1407059732562424,0.17,0.1264591845144987,0.17,0.114840509853967,0.17,0.1051819440659542,0.17,0.09004351726291376,0.17,0.07871819947961514,0.17,0.06992496046148942,0.17,0.06289941226857954,0.17,0.05715695790324683,0.17,0.05237540660795587,0.17,0.04833215488047085
0.18,0.2333763112076829,0.18,0.2133405536721673,0.18,0.1821495490888543,0.18,0.1589653947767337,0.18,0.1410411439928492,0.18,0.1267618508386916,0.18,0.1151145154561932,0.18,0.1054308239722588,0.18,0.09025107875029192,0.18,0.07889377313718746,0.18,0.07007542523533854,0.18,0.0630298751708053,0.18,0.05727126077653243,0.18,0.05247648210959539,0.18,0.04842227410585143
0.19,0.2338147634977735,0.19,0.2137649910858304,0.19,0.1825360367839035,0.19,0.1593116931722031,0.19,0.1413499099441474,0.19,0.1270370563791235,0.19,0.1153602207210069,0.19,0.1056507624603183,0.19,0.09042892059072204,0.19,0.07903936941729389,0.19,0.07019602055664775,0.19,0.06313082454814378,0.19,0.05735656893827626,0.19,0.05254918444912488,0.19,0.0484847024746526
0.2,0.2342269575780521,0.2,0.2141619903681175,0.2,0.1828926721438707,0.2,0.1596259199215933,0.2,0.1416246958956331,0.2,0.1272767102393191,0.2,0.115569126700168,0.2,0.1058329484241593,0.2,0.090567841732119,0.2,0.07914562939427618,0.2,0.07027738557729518,0.2,0.0631929995013982,0.2,0.05740378616315452,0.2,0.05258462164358303,0.2,0.04851077489008065
0.21,0.2346059171858435,0.21,0.2145241020260597,0.21,0.1832109870898226,0.21,0.1598986650667832,0.21,0.1418552966189924,0.21,0.127469969085661,0.21,0.1157298983005074,0.21,0.105965683197186,0.21,0.09065572368516402,0.21,0.07920031214538049,0.21,0.07030735086240893,0.21,0.06320442438128362,0.21,0.0574012048328843,0.21,0.05257139655980167,0.21,0.04848942628946113
0.2200000000000001,0.2349422196778065,0.2200000000000001,0.2148412747040758,0.2200000000000001,0.1834796097945702,0.2200000000000001,0.1601173656321429,0.2200000000000001,0.1420281684791815,0.2200000000000001,0.1276025253707505,0.2200000000000001,0.1158276610316183,0.2200000000000001,0.1060336944993259,0.2200000000000001,0.09067689473914654,0.2200000000000001,0.07918771877017802,0.2200000000000001,0.07027042340331867,0.2200000000000001,0.06314995178974826,0.2200000000000001,0.05733410208029285,0.2200000000000001,0.05249525077945753,0.2200000000000001,0.0484068778758364
0.2300000000000001,0.2352233099428351,0.2300000000000001,0.2151001334940451,0.2300000000000001,0.1836834890952901,0.2300000000000001,0.160265503747585,0.2300000000000001,0.1421256262323553,0.2300000000000001,0.1276558223235421,0.2300000000000001,0.1158432481786201,0.2300000000000001,0.1060174250635585,0.2300000000000001,0.09061151538471124,0.2300000000000001,0.0790881783176736,0.2300000000000001,0.07014736719871779,0.2300000000000001,0.06301092805253379,0.2300000000000001,0.05718447940132714,0.2300000000000001,0.05233886800116499,0.2300000000000001,0.04824649494706416
0.2400000000000001,0.2354326912463891,0.2400000000000001,0.2152831367646147,0.2400000000000001,0.1838030123583801,0.2400000000000001,0.1603217252778166,0.2400000000000001,0.1421249950758783,0.2400000000000001,0.1276062627931586,0.2400000000000001,0.1157524813791377,0.2400000000000001,0.105892393165669,0.2400000000000001,0.09043510501241345,0.2400000000000001,0.07887773133153841,0.2400000000000001,0.06991502480443777,0.2400000000000001,0.06276513173269849,0.2400000000000001,0.05693109820127728,0.2400000000000001,0.05208198904979677,0.2400000000000001,0.04798896643538812
0.2500000000000001,0.2355490126206941,0.2500000000000001,0.2153676393326358,0.2500000000000001,0.1838130664378376,0.2500000000000001,0.1602589538094181,0.2500000000000001,0.1419978182121017,0.2500000000000001,0.1274245357988413,0.2500000000000001,0.1155256291172571,0.2500000000000001,0.1056287868400882,0.2500000000000001,0.09011839614686409,0.2500000000000001,0.07852821030507498,0.2500000000000001,0.06954658374321643,0.2500000000000001,0.06238718794896758,0.2500000000000001,0.05655000925284515,0.2500000000000001,0.05170202949365459,0.2500000000000001,0.04761298898862244
0.2600000000000001,0.2355451056493895,0.2600000000000001,0.2153249286207409,0.2600000000000001,0.1836821421995885,0.2600000000000001,0.1600436364996499,0.2600000000000001,0.1417092899772177,0.2600000000000001,0.1270752593667814,0.2600000000000001,0.1151272642048433,0.2600000000000001,0.1051915292515774,0.2600000000000001,0.08962777046367738,0.2600000000000001,0.07800797199329663,0.2600000000000001,0.0690125333016052,0.2600000000000001,0.06184968896372499,0.2600000000000001,0.05601578882045179,0.2600000000000001,0.05117539413154736,0.2600000000000001,0.04709663167860297
0.2700000000000001,0.2353870737935576,0.2700000000000001,0.2151193578850271,0.2700000000000001,0.1833716540374432,0.2700000000000001,0.1596353387265543,0.2700000000000001,0.1412181689768927,0.2700000000000001,0.1265172210944452,0.2700000000000001,0.1145168180123033,0.2700000000000001,0.1045411197229306,0.2700000000000001,0.08892657247169533,0.2700000000000001,0.07728355024573551,0.2700000000000001,0.06828254456097624,0.2700000000000001,0.06112521575939168,0.2700000000000001,0.05530363922825805,0.2700000000000001,0.05047961209265042,0.2700000000000001,0.04641947462999122
0.2800000000000001,0.2350336061296907,0.2800000000000001,0.2147077768215421,0.2800000000000001,0.1828357326319556,0.2800000000000001,0.1589869929168988,0.2800000000000001,0.1404775062338671,0.2800000000000001,0.1257045627018401,0.2800000000000001,0.1136501728027395,0.2800000000000001,0.1036355741651107,0.2800000000000001,0.08797756528871863,0.2800000000000001,0.07632242062330023,0.2800000000000001,0.06732839172482122,0.2800000000000001,0.06018931213699074,0.2800000000000001,0.05439234801635847,0.2800000000000001,0.04959623870512499,0.2800000000000001,0.04556542839357876
0.2900000000000001,0.2344357695935974,0.2900000000000001,0.2140395468787359,0.2900000000000001,0.1820218349726912,0.2900000000000001,0.1580461755564383,0.2900000000000001,0.1394365615944879,0.2900000000000001,0.1245892542399435,0.2900000000000001,0.1124825904715231,0.2900000000000001,0.1024337033364219,0.2900000000000001,0.08674663297187996,0.2900000000000001,0.07509685280660779,0.2900000000000001,0.06612778151759156,0.2900000000000001,0.05902419123292271,0.2900000000000001,0.05326781941849468,0.2900000000000001,0.04851418915357045,0.2900000000000001,0.04452586436644444
0.3000000000000001,0.2335376127938721,0.3000000000000001,0.21305750402751,0.3000000000000001,0.1808725642200296,0.3000000000000001,0.15675778572274,0.3000000000000001,0.1380442185925841,0.3000000000000001,0.1231250746633355,0.3000000000000001,0.1109730849462252,0.3000000000000001,0.1008997225238422,0.3000000000000001,0.08520751267867167,0.3000000000000001,0.07358846829805642,0.3000000000000001,0.06466859063486081,0.3000000000000001,0.05762259790388338,0.3000000000000001,0.0519265564534277,0.3000000000000001,0.04723285975856414,0.3000000000000001,0.0433024054784146
0.3100000000000001,0.2322779563121614,0.3100000000000001,0.2117002538907947,0.3100000000000001,0.1793290466619112,0.3100000000000001,0.1550683635492513,0.3100000000000001,0.1362539803654464,0.3100000000000001,0.1212730063433187,0.3100000000000001,0.1090899735427719,0.3100000000000001,0.0990087722634235,0.3100000000000001,0.08334689743210759,0.3100000000000001,0.07179270201348951,0.3100000000000001,0.06295264327664384,0.3100000000000001,0.05599094380142734,0.3100000000000001,0.05037822720109407,0.3100000000000001,0.04576420558829727,0.3100000000000001,0.04190859050351108
0.3200000000000001,0.2305936981436978,0.3200000000000001,0.2099060949820153,0.3200000000000001,0.177336010078277,0.3200000000000001,0.1529319648136733,0.3200000000000001,0.1340302104744316,0.3200000000000001,0.1190074718396461,0.3200000000000001,0.1068168400592167,0.3200000000000001,0.09675243568823505,0.3200000000000001,0.08116883651270251,0.3200000000000001,0.06972207102363769,0.3200000000000001,0.06099798667570085,0.3200000000000001,0.054150765624265,0.3200000000000001,0.04864647174274913,0.3200000000000001,0.04413303689869891,0.3200000000000001,0.04036977391713922
0.3300000000000001,0.2284247734257015,0.3300000000000001,0.2076186106135869,0.3300000000000001,0.1748483127789901,0.3300000000000001,0.1503170081103998,0.3300000000000001,0.1313547394834849,0.3300000000000001,0.1163223157883045,0.3300000000000001,0.1041576809239542,0.3300000000000001,0.0941429694637636,0.3300000000000001,0.07869720662516717,0.3300000000000001,0.06740719710466386,0.3300000000000001,0.05883881976591448,0.3300000000000001,0.05213786357549887,0.3300000000000001,0.04676748518057032,0.3300000000000001,0.04237522033552011,0.3300000000000001,0.03872107108395978
0.3400000000000001,0.2257205474802726,0.3400000000000001,0.2047935377526226,0.3400000000000001,0.1718381335457759,0.3400000000000001,0.1472129579335874,0.3400000000000001,0.1282324834751038,0.3400000000000001,0.113235101055019,0.3400000000000001,0.1011398410340816,0.3400000000000001,0.09121497095310332,0.3400000000000001,0.07597531994817304,0.3400000000000001,0.06489501159621015,0.3400000000000001,0.05652281470440043,0.3400000000000001,0.04999910368633697,0.3400000000000001,0.04478654252917259,0.3400000000000001,0.04053408256450956,0.3400000000000001,0.03700373965627617
0.3500000000000001,0.2224469348859062,0.3500000000000001,0.2014059918040627,0.3500000000000001,0.1683015171463474,0.3500000000000001,0.1436353393863161,0.3500000000000001,0.1246945821254778,0.3500000000000001,0.1097883975916852,0.3500000000000001,0.0978136786720044,0.3500000000000001,0.08802371535712029,0.3500000000000001,0.07306245782983273,0.3500000000000001,0.0622443549314324,0.3500000000000001,0.05410632863721717,0.3500000000000001,0.04778755761140097,0.3500000000000001,0.04275323880597623,0.3500000000000001,0.03865583841551441,0.3500000000000001,0.03526083515260046
0.3600000000000002,0.2185930687711147,0.3600000000000002,0.1974566874615919,0.3600000000000002,0.1642627319922187,0.3600000000000002,0.1396276542729795,0.3600000000000002,0.1207979540170675,0.3600000000000002,0.1060473839372716,0.3600000000000002,0.09424870440406025,0.3600000000000002,0.08464028426988321,0.3600000000000002,0.0700279968684496,0.3600000000000002,0.05951993270590773,0.3600000000000002,0.05164859230292311,0.3600000000000002,0.04555709051284827,0.3600000000000002,0.04071652452228477,0.3600000000000002,0.03678506659925188,0.3600000000000002,0.03353309564670118
0.3700000000000002,0.2141761077332667,0.3700000000000002,0.1929756837846919,0.3700000000000002,0.1597751494008943,0.3700000000000002,0.13525938650332,0.3700000000000002,0.1166210360308693,0.3700000000000002,0.1020940618398735,0.3700000000000002,0.09052691613588737,0.3700000000000002,0.08114450547240933,0.3700000000000002,0.06694443717615038,0.3700000000000002,0.05678597099742175,0.3700000000000002,0.04920613040106132,0.3700000000000002,0.04335751983352591,0.3700000000000002,0.03872051994225526,0.3700000000000002,0.03496108564370978,0.3700000000000002,0.03185579194196756
0.3800000000000002,0.2092429438405377,0.3800000000000002,0.1880225495641643,0.3800000000000002,0.1549181102051746,0.3800000000000002,0.1306202739160754,0.3800000000000002,0.1122564973788762,0.3800000000000002,0.09801929709287514,0.3800000000000002,0.08673477861369981,0.3800000000000002,0.07761724167305796,0.3800000000000002,0.06388078936404791,0.3800000000000002,0.05410080314794262,0.3800000000000002,0.04682840318363959,0.3800000000000002,0.0412311185006991,0.3800000000000002,0.0368017033489562,0.3800000000000002,0.03321568264585649,0.3800000000000002,0.03025688319025952
0.3900000000000002,0.2038681858966321,0.3900000000000002,0.1826826356006942,0.3900000000000002,0.1497902519071152,0.3900000000000002,0.1258119907802863,0.3900000000000002,0.1078024669972258,0.3900000000000002,0.09391436306748795,0.3900000000000002,0.08295548493635617,0.3900000000000002,0.07413352697672788,0.3900000000000002,0.06089744095602791,0.3900000000000002,0.0515131521832473,0.3900000000000002,0.04455515399281135,0.3900000000000002,0.03921074263466709,0.3900000000000002,0.03498760758993187,0.3900000000000002,0.03157222639326891,0.3900000000000002,0.02875643750029669
0.4000000000000002,0.1981486485492678,0.4000000000000002,0.1770600765299208,0.4000000000000002,0.1445006284914252,0.4000000000000002,0.120938940477597,0.4000000000000002,0.1033540067048582,0.4000000000000002,0.08986354596083557,0.4000000000000002,0.07926279596062447,0.4000000000000002,0.07075756739080259,0.4000000000000002,0.05804303638186542,0.4000000000000002,0.0490603082319418,0.4000000000000002,0.04241544939734794,0.4000000000000002,0.03731944099143101,0.4000000000000002,0.03329680602046269,0.4000000000000002,0.03004590323865897,0.4000000000000002,0.02736703392711107
0.4100000000000002,0.1921953643124652,0.4100000000000002,0.1712688702078265,0.4100000000000002,0.1391593458815881,0.4100000000000002,0.1160998363957702,0.4100000000000002,0.09899621512863323,0.4100000000000002,0.08593882651393973,0.4100000000000002,0.07571712146005791,0.4100000000000002,0.06753997584040719,0.4100000000000002,0.0553533401927804,0.4100000000000002,0.04676795755863955,0.4100000000000002,0.04042806727477505,0.4100000000000002,0.03557116138519963,0.4100000000000002,0.03173979518202697,0.4100000000000002,0.02864469150625563,0.4100000000000002,0.02609477787687673
0.4200000000000002,0.1861245796132083,0.4200000000000002,0.1654236572360174,0.4200000000000002,0.1338692843757637,0.4200000000000002,0.1113812655370307,0.4200000000000002,0.09479970072774657,0.4200000000000002,0.08219697611643348,0.4200000000000002,0.07236387693496149,0.4200000000000002,0.06451706356110175,0.4200000000000002,0.05285168137094248,0.4200000000000002,0.04465119074192094,0.4200000000000002,0.03860275949624532,0.4200000000000002,0.03397210803377961,0.4200000000000002,0.03032036473063106,0.4200000000000002,0.02737070255587826,0.4200000000000002,0.02494059334001693
0.4300000000000002,0.1800491995319413,0.4300000000000002,0.1596316284287645,0.4300000000000002,0.1287199481567158,0.4300000000000002,0.1068537565796383,0.4300000000000002,0.09081850773734777,0.4300000000000002,0.07867884872353464,0.4300000000000002,0.06923371434414254,0.4300000000000002,0.06171168893172407,0.4300000000000002,0.05055043221981229,0.4300000000000002,0.04271618125923149,0.4300000000000002,0.03694194122312959,0.4300000000000002,0.03252236275786025,0.4300000000000002,0.02903712152234861,0.4300000000000002,0.0262216011121196,0.4300000000000002,0.02390154261259261
0.4400000000000002,0.174071796850802,0.4400000000000002,0.1539864881183735,0.4400000000000002,0.1237838342182516,0.4400000000000002,0.1025702715562864,0.4400000000000002,0.08709011182347962,0.4400000000000002,0.07541033146963443,0.4400000000000002,0.0663440339483832,0.4400000000000002,0.05913507183637298,0.4400000000000002,0.04845300310139068,0.4400000000000002,0.04096210902791303,0.4400000000000002,0.0354424639077936,0.4400000000000002,0.03121749349369315,0.4400000000000002,0.02788494313713485,0.4400000000000002,0.02519192039196953,0.4400000000000002,0.02297202045053478
0.4500000000000002,0.168279786352601,0.4500000000000002,0.1485648209445652,0.4500000000000002,0.1191151678728583,0.4500000000000002,0.09856665099587397,0.4500000000000002,0.08363688035013325,0.4500000000000002,0.07240432832030598,0.4500000000000002,0.0637011885871669,0.4500000000000002,0.05678904503536314,0.4500000000000002,0.04655595219743249,0.4500000000000002,0.03938303256890451,0.4500000000000002,0.03409725271167697,0.4500000000000002,0.03004998627370845,0.4500000000000002,0.02685623696077643,0.4500000000000002,0.02427417728695648,0.4500000000000002,0.02214474946412879
0.4600000000000002,0.162742866522464,0.4600000000000002,0.1434247259032174,0.4600000000000002,0.1147505158243374,0.4600000000000002,0.09486338590943524,0.4600000000000002,0.0804683735480802,0.4600000000000002,0.06966321889933806,0.4600000000000002,0.06130290651476568,0.4600000000000002,0.0546683502850638,0.4600000000000002,0.04485094978478004,0.4600000000000002,0.03796953859379915,0.4600000000000002,0.03289669579990465,0.4600000000000002,0.02901042683699549,0.4600000000000002,0.02594195692762186,0.4600000000000002,0.02345975741051861,0.4600000000000002,0.0214115588664108
0.4700000000000003,0.1575124617258895,0.4700000000000003,0.1386062777726628,0.4700000000000003,0.1107106632020311,0.4700000000000003,0.0914681102666558,0.4700000000000003,0.07758396666793864,0.4700000000000003,0.06718137562710592,0.4700000000000003,0.05914060972955279,0.4700000000000003,0.0527627334175584,0.4700000000000003,0.04332645934275346,0.4700000000000003,0.03671009535157698,0.4700000000000003,0.0318297497175281,0.4700000000000003,0.02808841881072332,0.4700000000000003,0.02513237873516767,0.4700000000000003,0.02273957937845999,0.4700000000000003,0.02076396123848234
0.4800000000000003,0.1526226950656192,0.4800000000000003,0.1341332546114045,0.4800000000000003,0.1070031719700898,0.4800000000000003,0.08837832623117794,0.4800000000000003,0.07497542392096183,0.4800000000000003,0.06494747423051184,0.4800000000000003,0.05720144418521142,0.4800000000000003,0.05105871511109071,0.4800000000000003,0.0419690876339625,0.4800000000000003,0.03559210093039473,0.4800000000000003,0.03088477228405206,0.4800000000000003,0.0272732603277813,0.4800000000000003,0.02441766058784221,0.4800000000000003,0.02210456771447272,0.4800000000000003,0.02019355745474887
0.4900000000000003,0.148092366405977,0.4900000000000003,0.1300155861714412,0.4900000000000003,0.1036251542308281,0.4900000000000003,0.08558402479874318,0.4900000000000003,0.07262920176552037,0.4900000000000003,0.06294646105346288,0.4900000000000003,0.05546994518304473,0.4900000000000003,0.04954100115443074,0.4900000000000003,0.04076461244313771,0.4900000000000003,0.03460265446271051,0.4900000000000003,0.03005011858047252,0.4900000000000003,0.02655441692997438,0.4900000000000003,0.02378822712394043,0.4900000000000003,0.02154597072677673,0.4900000000000003,0.01969230434934627
0.5000000000000002,0.1439274562630221,0.5000000000000002,0.1262520739426981,0.5000000000000002,0.1005659366598307,0.5000000000000002,0.08307000415281071,0.5000000000000002,0.07052837661261847,0.5000000000000002,0.06116113321922501,0.5000000000000002,0.05392933211030349,0.5000000000000002,0.0481935494929243,0.5000000000000002,0.03969872660172317,0.5000000000000002,0.03372909461049991,0.5000000000000002,0.02931454418848039,0.5000000000000002,0.02592183253155637,0.5000000000000002,0.02323501527166766,0.5000000000000002,0.02105555903972542,0.5000000000000002,0.01925267794500293
0.5100000000000002,0.1401237760677359,0.5100000000000002,0.1228330590967522,0.5100000000000002,0.09780942441592498,0.5100000000000002,0.08081779724223211,0.5100000000000002,0.06865417360120953,0.5100000000000002,0.05957334581914266,0.5100000000000002,0.05256246702245798,0.5100000000000002,0.04700033876187748,0.5100000000000002,0.03875754854758151,0.5100000000000002,0.0329593532879215,0.5100000000000002,0.02866745926770816,0.5100000000000002,0.02536611747806337,0.5100000000000002,0.0227496169243328,0.5100000000000002,0.02062573606322143,0.5100000000000002,0.01886776043713446
0.5200000000000002,0.1366695001719774,0.5200000000000002,0.1197428359894426,0.5200000000000002,0.09533607680006118,0.5200000000000002,0.07880719473025603,0.5200000000000002,0.06698712239137744,0.5200000000000002,0.05816489113903985,0.5200000000000002,0.05135252978287862,0.5200000000000002,0.04594589280322009,0.5200000000000002,0.03792795019943922,0.5200000000000002,0.03228216909853104,0.5200000000000002,0.02809907190795847,0.5200000000000002,0.02487864698968891,0.5200000000000002,0.02232434748188727,0.5200000000000002,0.02024958597470958,0.5200000000000002,0.01853127365517328
0.5300000000000002,0.1335474202675154,0.5300000000000002,0.1169617084047941,0.5300000000000002,0.09312447887831113,0.5300000000000002,0.0770173939599911,0.5300000000000002,0.06550789067153406,0.5300000000000002,0.05691810691964664,0.5300000000000002,0.05028346655278352,0.5300000000000002,0.04501561494418064,0.5300000000000002,0.03719774768249256,0.5300000000000002,0.03168719833174927,0.5300000000000002,0.02760045237742697,0.5300000000000002,0.02445159673372145,0.5300000000000002,0.02195226318602688,0.5300000000000002,0.01992087912405843,0.5300000000000002,0.01823757649595687
0.5400000000000003,0.1307368466812038,0.5400000000000003,0.1144676577913519,0.5400000000000003,0.09115253700109341,0.5400000000000003,0.07542782644921407,0.5400000000000003,0.06419785433264956,0.5400000000000003,0.05581627109079406,0.5400000000000003,0.04934026458401963,0.5400000000000003,0.04419597974020733,0.5400000000000003,0.03655579288798157,0.5400000000000003,0.03116505393380953,0.5400000000000003,0.02716354304561453,0.5400000000000003,0.0240779360989754,0.5400000000000003,0.02162714463580799,0.5400000000000003,0.01963404978964213,0.5400000000000003,0.01798163932460777
0.5500000000000003,0.1282151404388392,0.5500000000000003,0.1122376390914439,0.5500000000000003,0.08939834835899194,0.5500000000000003,0.07401872319638936,0.5500000000000003,0.06303946169048184,0.5500000000000003,0.05484383473700497,0.5500000000000003,0.04850909876890235,0.5500000000000003,0.04347462176635161,0.5500000000000003,0.03599199600141034,0.5500000000000003,0.03070729589330528,0.5500000000000003,0.02678113268606075,0.5500000000000003,0.02375139446049576,0.5500000000000003,0.02134345924461011,0.5500000000000003,0.01938415713090273,0.5500000000000003,0.01775900470364869
0.5600000000000003,0.1259588974813302,0.5600000000000003,0.1102485454973007,0.5600000000000003,0.08784080229331405,0.5600000000000003,0.07277147488916896,0.5600000000000003,0.06201644254054545,0.5600000000000003,0.05398653682546133,0.5600000000000003,0.04777738686867873,0.5600000000000003,0.04284035279655136,0.5600000000000003,0.03549730201540942,0.5600000000000003,0.03030639050924069,0.5600000000000003,0.02644680884512432,0.5600000000000003,0.02346641146045231,0.5600000000000003,0.02109631173351484,0.5600000000000003,0.01916683699074145,0.5600000000000003,0.01756574099992396
0.5700000000000003,0.1239448266701217,0.5700000000000003,0.1084778944477228,0.5700000000000003,0.0864599697530912,0.5700000000000003,0.07166883736379372,0.5700000000000003,0.06111390432548607,0.5700000000000003,0.05323143558732346,0.5700000000000003,0.04713378221304505,0.5700000000000003,0.04228313129980776,0.5700000000000003,0.03506363826317035,0.5700000000000003,0.02995565118303522,0.5700000000000003,0.02615489800873473,0.5700000000000003,0.02321807903310014,0.5700000000000003,0.02088138895809881,0.5700000000000003,0.01897824979052207,0.5700000000000003,0.01739839331405387
0.5800000000000003,0.1221503712801338,0.5800000000000003,0.1069042886333339,0.5800000000000003,0.08523733126007593,0.5800000000000003,0.07069502422616564,0.5800000000000003,0.06031834910020515,0.5800000000000003,0.05256688350855492,0.5800000000000003,0.04656812560185505,0.5800000000000003,0.04179400197896554,0.5800000000000003,0.03468384523117471,0.5800000000000003,0.02964916962977625,0.5800000000000003,0.02590040028997563,0.5800000000000003,0.02300208042833208,0.5800000000000003,0.02069490329075625,0.5800000000000003,0.01881502798899007,0.5800000000000003,0.01725393464177826
0.5900000000000003,0.1205541239355762,0.5900000000000003,0.1055077017635953,0.5900000000000003,0.0841558857991095,0.5900000000000003,0.06983572008587284,0.5900000000000003,0.05961763722692823,0.5900000000000003,0.05198246613260582,0.5900000000000003,0.04607137235123802,0.5900000000000003,0.04136501812549113,0.5900000000000003,0.03435159922933713,0.5900000000000003,0.02938174358387718,0.5900000000000003,0.02567892313233538,0.5900000000000003,0.02281462967992777,0.5900000000000003,0.02053353727869534,0.5900000000000003,0.01867422530454386,0.5900000000000003,0.01712971908174979
0.6000000000000003,0.1191360807644306,0.6000000000000003,0.1042696322090181,0.6000000000000003,0.08320017487570863,0.6000000000000003,0.06907804023168125,0.6000000000000003,0.05900091719362067,0.6000000000000003,0.05146891940856042,0.6000000000000003,0.0456355058684029,0.6000000000000003,0.04098915574434555,0.6000000000000003,0.03406133273958165,0.6000000000000003,0.02914880500347106,0.6000000000000003,0.02548661691155162,0.6000000000000003,0.02265241367147229,0.6000000000000003,0.0203943912339688,0.6000000000000003,0.01855326900668728,0.6000000000000003,0.01702343814042316
0.6100000000000003,0.1178777742824101,0.6100000000000003,0.1031731601903859,0.6100000000000003,0.08235624847746767,0.6100000000000003,0.06841045613666805,0.6100000000000003,0.05845853567959949,0.6100000000000003,0.05101803604655777,0.6100000000000003,0.0452534456584908,0.6100000000000003,0.04066022553637877,0.6100000000000003,0.03380815624649011,0.6100000000000003,0.02894635129024504,0.6100000000000003,0.02532011417746621,0.6100000000000003,0.02251253804778905,0.6100000000000003,0.02027493467460949,0.6100000000000003,0.01844991596840487,0.6100000000000003,0.01693308066364166
0.6200000000000003,0.1167623176724132,0.6200000000000003,0.1022029370026514,0.6200000000000003,0.08161159323698307,0.6200000000000003,0.06782270097366079,0.6200000000000003,0.05798193788511865,0.6200000000000003,0.05062256809732647,0.6200000000000003,0.04491895507345163,0.6200000000000003,0.04037278672268377,0.6200000000000003,0.03358778390855253,0.6200000000000003,0.02877088099500351,0.6200000000000003,0.02517647348619309,0.6200000000000003,0.02239247760032425,0.6200000000000003,0.02017296203693839,0.6200000000000003,0.0183622127596576,0.6200000000000003,0.0168568965784226
0.6300000000000003,0.1157743865759329,0.6300000000000003,0.1013451283707948,0.6300000000000003,0.08095503781666741,0.6300000000000003,0.06730566524586486,0.6300000000000003,0.0575635650241284,0.6300000000000003,0.05027613056433412,0.6300000000000003,0.0446265522220458,0.6300000000000003,0.04012206518447669,0.6300000000000003,0.03339646441486912,0.6300000000000003,0.02861933475937528,0.6300000000000003,0.02505312823769701,0.6300000000000003,0.02229003134207483,0.6300000000000003,0.02008655275099381,0.6300000000000003,0.01828845979494058,0.6300000000000003,0.01679336440628082
0.6400000000000003,0.1149001587010791,0.6400000000000003,0.1005873286436418,0.6400000000000003,0.08037664635345955,0.6400000000000003,0.06685128952909992,0.6400000000000003,0.05719675356527903,0.6400000000000003,0.04997310910652161,0.6400000000000003,0.04437142610935545,0.6400000000000003,0.03990387732893264,0.6400000000000003,0.03323091767711604,0.6400000000000003,0.02848904176151122,0.6400000000000003,0.02494784058242133,0.6400000000000003,0.02220328222171943,0.6400000000000003,0.02001403556350991,0.6400000000000003,0.0182271793817576,0.6400000000000003,0.01674116237368027
0.6500000000000004,0.114127226645076,0.6500000000000004,0.09991845815184958,0.6500000000000004,0.0798676075736227,0.6500000000000004,0.0664524590030403,0.6500000000000004,0.05687563912323697,0.6500000000000004,0.04970857364281764,0.6500000000000004,0.04414935912955785,0.6500000000000004,0.03971456036015108,0.6500000000000004,0.03308827754287418,0.6500000000000004,0.02837767162076157,0.6500000000000004,0.02485866023902311,0.6500000000000004,0.02213056126354505,0.6500000000000004,0.01995395686911693,0.6500000000000004,0.01817708742056902,0.6500000000000004,0.01669914286870729
0.6600000000000004,0.113444495333192,0.6600000000000004,0.09932865260011961,0.6600000000000004,0.07942012475182561,0.6600000000000004,0.06610290275342218,0.6600000000000004,0.05659506670295975,0.6600000000000004,0.04947819880071382,0.6600000000000004,0.04395665639083999,0.6600000000000004,0.03955090914503639,0.6600000000000004,0.03296604041802905,0.6600000000000004,0.02828319152296331,0.6600000000000004,0.02478388793406108,0.6600000000000004,0.02207041582754279,0.6600000000000004,0.01990505274387506,0.6600000000000004,0.01813706845775255,0.6600000000000004,0.01666630995642974
0.6700000000000004,0.1128420723120871,0.6700000000000004,0.09880915070072804,0.6700000000000004,0.07902730988717266,0.6700000000000004,0.06579709961233556,0.6700000000000004,0.05635050816338715,0.6700000000000004,0.04927819156080801,0.6700000000000004,0.04379008192420458,0.6700000000000004,0.03941011954806942,0.6700000000000004,0.03286201950391487,0.6700000000000004,0.02820382821742172,0.6700000000000004,0.0247220431050694,0.6700000000000004,0.02202158163972371,0.6700000000000004,0.0198662243469554,0.6700000000000004,0.01810615377543787,0.6700000000000004,0.01664179965497121
0.6800000000000004,0.1123111566880926,0.6800000000000004,0.09835218424612654,0.6800000000000004,0.07868308416267739,0.6800000000000004,0.06553019145203441,0.6800000000000004,0.05613798719910508,0.6800000000000004,0.04910522606102421,0.6800000000000004,0.04364680155658628,0.6800000000000004,0.03928973791583077,0.6800000000000004,0.03277430425341153,0.6800000000000004,0.02813803448246657,0.6800000000000004,0.02467183548043663,0.6800000000000004,0.02198295823001557,0.6800000000000004,0.01983651635292674,0.6800000000000004,0.01808350220457374,0.6800000000000004,0.01662486268056829
0.6900000000000004,0.1118439306464096,0.6900000000000004,0.09795087333180018,0.6900000000000004,0.07838208582738417,0.6900000000000004,0.06529790426585393,0.6900000000000004,0.05595401176578803,0.6900000000000004,0.04895638528058025,0.6900000000000004,0.04352433206715405,0.6900000000000004,0.03918761628434533,0.6900000000000004,0.03270122460347526,0.6900000000000004,0.02808445963974278,0.6900000000000004,0.02463214014849732,0.6900000000000004,0.02195358742265773,0.6900000000000004,0.01981509808942635,0.6900000000000004,0.01806838336254133,0.6900000000000004,0.01661484938623304
0.7000000000000004,0.1114334561092013,0.7000000000000004,0.09759912836248137,0.7000000000000004,0.07811958599783113,0.7000000000000004,0.06509647698543172,0.7000000000000004,0.05579551364230326,0.7000000000000004,0.04882910918187519,0.7000000000000004,0.04342049616015574,0.7000000000000004,0.03910187283273812,0.7000000000000004,0.03264131953115314,0.7000000000000004,0.02804192370484931,0.7000000000000004,0.02460197574417688,0.7000000000000004,0.02193263454392224,0.7000000000000004,0.01980124707661318,0.7000000000000004,0.01806016303876519,0.7000000000000004,0.01661119664066081
0.7100000000000004,0.111073578086741,0.7100000000000004,0.09729155970982672,0.7100000000000004,0.07789141244372402,0.7100000000000004,0.0649225977413205,0.7100000000000004,0.05565979468800071,0.7100000000000004,0.04872114881687765,0.7100000000000004,0.04333338275369401,0.7100000000000004,0.039030857095852,0.7100000000000004,0.03259330949295675,0.7100000000000004,0.02800939478428457,0.7100000000000004,0.02458048540745807,0.7100000000000004,0.0219193720388587,0.7100000000000004,0.01979433469139179,0.7100000000000004,0.01805829047753058,0.7100000000000004,0.0166134164187157
0.7200000000000004,0.1107588355601781,0.7200000000000004,0.09702339536058222,0.7200000000000004,0.07769388114429555,0.7200000000000004,0.06477334713278343,0.7200000000000004,0.05554447928748132,0.7200000000000004,0.04863052588044035,0.7200000000000004,0.04326131208380356,0.7200000000000004,0.03897311946250526,0.7200000000000004,0.03255607233441653,0.7200000000000004,0.02798596935945704,0.7200000000000004,0.02456692019910358,0.7200000000000004,0.02191316521891854,0.7200000000000004,0.01979381370804529,0.7200000000000004,0.01806228733422418,0.7200000000000004,0.01662108590021933
0.7300000000000004,0.1104843802369169,0.7300000000000004,0.09679040653996641,0.7300000000000004,0.07752373523323257,0.7300000000000004,0.06464614800122646,0.7300000000000004,0.05544747245477265,0.7300000000000004,0.04855549719975163,0.7300000000000004,0.04320280514455676,0.7300000000000004,0.03892738451515828,0.7300000000000004,0.03252862229133541,0.7300000000000004,0.0279708551333619,0.7300000000000004,0.0245606246922437,0.7300000000000004,0.02191345989330591,0.7300000000000004,0.01979920749568728,0.7300000000000004,0.01807173810790432,0.7300000000000004,0.01663383889856621
0.7400000000000004,0.1102459031840796,0.7400000000000004,0.09658884106787316,0.7400000000000004,0.07737809085834411,0.7400000000000004,0.06453872117755782,0.7400000000000004,0.0553669230781581,0.7400000000000004,0.04849452367500336,0.7400000000000004,0.04315655701873364,0.7400000000000004,0.03889252780400056,0.7400000000000004,0.03251009174229726,0.7400000000000004,0.02796335615138231,0.7400000000000004,0.02456102449143355,0.7400000000000004,0.0219197716670772,0.7400000000000004,0.01981010068055355,0.7400000000000004,0.01808628187845426,0.7400000000000004,0.01665135846405403
0.7500000000000004,0.110039569127963,0.7500000000000004,0.09641536406886522,0.7500000000000004,0.07725438944269641,0.7500000000000004,0.06444904668004733,0.7500000000000004,0.05530119181418267,0.7500000000000004,0.04844624322282473,0.7500000000000004,0.04312141369350777,0.7500000000000004,0.03886755568899974,0.7500000000000004,0.0324997154103015,0.7500000000000004,0.02796285994247587,0.7500000000000004,0.02456761546212002,0.7500000000000004,0.02193167671726436,0.7500000000000004,0.01982613110675087,0.7500000000000004,0.01810560519989486,0.7500000000000004,0.0166733705281963
0.7600000000000005,0.1098619580735873,0.7600000000000005,0.09626700558278357,0.7600000000000005,0.07715035582839107,0.7600000000000005,0.06437532986372141,0.7600000000000005,0.05524882317612035,0.7600000000000005,0.04840944731502492,0.7600000000000005,0.04309635199713489,0.7600000000000005,0.03885158792385555,0.7600000000000005,0.03249681674785641,0.7600000000000005,0.02796882645932823,0.7600000000000005,0.02457995448212553,0.7600000000000005,0.02194880388388015,0.7600000000000005,0.01984698295208635,0.7600000000000005,0.01812943602228258,0.7600000000000005,0.01669963847431145
0.7700000000000005,0.1097100138220123,0.7700000000000005,0.09614111458992722,0.7700000000000005,0.07706396179893472,0.7700000000000005,0.06431597205604919,0.7700000000000005,0.05520852140233005,0.7700000000000005,0.0483830607463779,0.7700000000000005,0.0430804623325966,0.7700000000000005,0.038843842693661,0.7700000000000005,0.03250079627299599,0.7700000000000005,0.02798077862490912,0.7700000000000005,0.02459765155205655,0.7700000000000005,0.02197082793506413,0.7700000000000005,0.01987238087562768,0.7700000000000005,0.01815753853268234,0.7700000000000005,0.01672995853610952
0.7800000000000005,0.1095809989240075,0.7800000000000005,0.09603531895726104,0.7800000000000005,0.07699339450126035,0.7800000000000005,0.06426954525019346,0.7800000000000005,0.05517912972909506,0.7800000000000005,0.04836612430350224,0.7800000000000005,0.04307293392032881,0.7800000000000005,0.03884362385172499,0.7800000000000005,0.03251112165246785,0.7800000000000005,0.02799829431758989,0.7800000000000005,0.02462036312301927,0.7800000000000005,0.021997463884508,0.7800000000000005,0.019902085090431,0.7800000000000005,0.0181897088207839,0.7800000000000005,0.01676415593966141
0.7900000000000005,0.1094724555919174,0.7900000000000005,0.09594749081824405,0.7900000000000005,0.07693702931674208,0.7900000000000005,0.06423477046186775,0.7900000000000005,0.05515961272772041,0.7900000000000005,0.04835778004026891,0.7900000000000005,0.04307304229306201,0.7900000000000005,0.03885031012935881,0.7900000000000005,0.03252731935213737,0.7900000000000005,0.02802099964716473,0.7900000000000005,0.02464778651739468,0.7900000000000005,0.02202846225446141,0.7900000000000005,0.01993588726827963,0.7900000000000005,0.01822577128671378,0.7900000000000005,0.0168020817149504
0.8000000000000005,0.1093821720862691,0.8000000000000005,0.0958757169103112,0.8000000000000005,0.07689340675707591,0.8000000000000005,0.0642104993858576,0.8000000000000005,0.05514904139494615,0.8000000000000005,0.04835725889234418,0.8000000000000005,0.04308013881056443,0.8000000000000005,0.0388633461148743,0.8000000000000005,0.03254896769315449,0.8000000000000005,0.02804856338959901,0.8000000000000005,0.0246796553316056,0.8000000000000005,0.0220636051890229,0.8000000000000005,0.01997360719328297,0.8000000000000005,0.01826557571748243,0.8000000000000005,0.01684361011118362
0.8100000000000005,0.1093081540924681,0.8100000000000005,0.09581827340528282,0.8100000000000005,0.07686121298265251,0.8100000000000005,0.06419569901183839,0.8100000000000005,0.05514658070817099,0.8100000000000005,0.04836387038391699,0.8100000000000005,0.04309364198043123,0.8100000000000005,0.03888223481446108,0.8100000000000005,0.03257569116566951,0.8100000000000005,0.02808069245920524,0.8100000000000005,0.02471573571892359,0.8100000000000005,0.02210270333019879,0.8100000000000005,0.02001509008792568,0.8100000000000005,0.01830899496442924,0.8100000000000005,0.01688863655530351
0.8200000000000005,0.1092486006013919,0.8200000000000005,0.09577360477596557,0.8200000000000005,0.07683926355667431,0.8200000000000005,0.06418943887576785,0.8200000000000005,0.05515147937251962,0.8200000000000005,0.04837699419355093,0.8200000000000005,0.04311303038329988,0.8200000000000005,0.03890653161836199,0.8200000000000005,0.03260715586025795,0.8200000000000005,0.02811712830360421,0.8200000000000005,0.02475582345577339,0.8200000000000005,0.0221455933736988,0.8200000000000005,0.02006020453894572,0.8200000000000005,0.01835592315727357,0.8200000000000005,0.01693707609595924
0.8300000000000005,0.1092018838040703,0.8300000000000005,0.09574030624603985,0.8300000000000005,0.07682649005788991,0.8300000000000005,0.0641908806334401,0.8300000000000005,0.05516306149622081,0.8300000000000005,0.04839607335429528,0.8300000000000005,0.0431378370078599,0.8300000000000005,0.03893583950169126,0.8300000000000005,0.0326430658814898,0.8300000000000005,0.02815764410996077,0.8300000000000005,0.0247997416973277,0.8300000000000005,0.02219213622320345,0.8300000000000005,0.02010884095176966,0.8300000000000005,0.01840627439142303,0.8300000000000005,0.01698886227600807
0.8400000000000005,0.1091665325053807,0.8400000000000005,0.09571710937094097,0.8400000000000005,0.07682192917986731,0.8400000000000005,0.06419926964832542,0.8400000000000005,0.05518071993564257,0.8400000000000005,0.04842060886717128,0.8400000000000005,0.04316764480415588,0.8400000000000005,0.03896980529164193,0.8400000000000005,0.03268316060939233,0.8400000000000005,0.0282020427115872,0.8400000000000005,0.02484733932832114,0.8400000000000005,0.02224221566166792,0.8400000000000005,0.0201609104618612,0.8400000000000005,0.01845998182468244,0.8400000000000005,0.01704394637601808
0.8500000000000005,0.1091412185569812,0.8500000000000005,0.09570287029719571,0.8500000000000005,0.07682471394764009,0.8500000000000005,0.0642139282889205,0.8500000000000005,0.05520391105381928,0.8500000000000005,0.04845015550890626,0.8500000000000005,0.04320208326477785,0.8500000000000005,0.03900811683338057,0.8500000000000005,0.03272721267433732,0.8500000000000005,0.02825015508332179,0.8500000000000005,0.0248984898140537,0.8500000000000005,0.02229573745710818,0.8500000000000005,0.02021634423013056,0.8500000000000005,0.01851699711825313,0.8500000000000005,0.01710229696997528
0.8600000000000005,0.1091247458089653,0.8600000000000005,0.09569656024991174,0.8600000000000005,0.07683406668644163,0.8600000000000005,0.06423425063430602,0.8600000000000005,0.05523215063893924,0.8600000000000005,0.04848431861660558,0.8600000000000005,0.04324082584467309,0.8600000000000005,0.03905050088752907,0.8600000000000005,0.03277502651074344,0.8600000000000005,0.02830183931351343,0.8600000000000005,0.02495309045571815,0.8600000000000005,0.02235262881933168,0.8600000000000005,0.0202750930484879,0.8600000000000005,0.01857729015581004,0.8600000000000005,0.01716389973328245
0.8700000000000006,0.1091160410867495,0.8700000000000006,0.09569725780647874,0.8700000000000006,0.07684929338536001,0.8700000000000006,0.06425969829336439,0.8700000000000006,0.05526501073463015,0.8700000000000006,0.0485227516362599,0.8700000000000006,0.04328358803359286,0.8700000000000006,0.03909672159468781,0.8700000000000006,0.0328264373565292,0.8700000000000006,0.02835697994135659,0.8700000000000006,0.02501106195469562,0.8700000000000006,0.02241283812431737,0.8700000000000006,0.0203371271816863,0.8700000000000006,0.01864084897438211,0.8700000000000006,0.01722875744298939
0.8800000000000006,0.1091141467180244,0.8800000000000006,0.09570414253234251,0.8800000000000006,0.07686977911402375,0.8800000000000006,0.0642897970557192,0.8800000000000006,0.05530211714426431,0.8800000000000006,0.04856515423060887,0.8800000000000006,0.04333012590244038,0.8800000000000006,0.0391465793486284,0.8800000000000006,0.03288131056988328,0.8800000000000006,0.02841548755193474,0.8800000000000006,0.02507234819337465,0.8800000000000006,0.02247633482535707,0.8800000000000006,0.02040243637363414,0.8800000000000006,0.01870767984251112,0.8800000000000006,0.01729689011172215
0.8900000000000006,0.1091182141666527,0.8900000000000006,0.09571648958426762,0.8900000000000006,0.07689498417492301,0.8900000000000006,0.06432413411274011,0.8900000000000006,0.05534314738850683,0.8900000000000006,0.04861127075636068,0.8900000000000006,0.04338023495729615,0.8900000000000006,0.03919990993074294,0.8900000000000006,0.03293954114361498,0.8900000000000006,0.02847729852848531,0.8900000000000006,0.02513691614610125,0.8900000000000006,0.02254310947530122,0.8900000000000006,0.02047102995095494,0.8900000000000006,0.01877780742526437,0.8900000000000006,0.01736833520047716
0.9000000000000006,0.1091274983769453,0.9000000000000006,0.09573366492862576,0.9000000000000006,0.07692444070846031,0.9000000000000006,0.06436235561561529,0.9000000000000006,0.0553878289195984,0.9000000000000006,0.04866088894167576,0.9000000000000006,0.04343374915319371,0.9000000000000006,0.03925658377455609,0.9000000000000006,0.03300105331051142,0.9000000000000006,0.02854237487244026,0.9000000000000006,0.02520475584335975,0.9000000000000006,0.02261317379257082,0.9000000000000006,0.0205429369639753,0.9000000000000006,0.01885127498234224,0.9000000000000006,0.01744314786150773
0.9100000000000006,0.1091413524916399,0.9100000000000006,0.09575512087597517,0.9100000000000006,0.07695774951163194,0.9100000000000006,0.06440416437400701,0.9100000000000006,0.05543593742694534,0.9100000000000006,0.04871383862177467,0.9100000000000006,0.04349053994345035,0.9100000000000006,0.03931650525027456,0.9100000000000006,0.03306580015049011,0.9100000000000006,0.02861070401649035,0.9100000000000006,0.02527588032501316,0.9100000000000006,0.02268656071482075,0.9100000000000006,0.02061820631535645,0.9100000000000006,0.01892814455459846,0.9100000000000006,0.01752140117081859
0.9200000000000006,0.1091592226770374,0.9200000000000006,0.09578039169586411,0.9200000000000006,0.07699457688223481,0.9200000000000006,0.06444931754139242,0.9200000000000006,0.0554872951049713,0.9200000000000006,0.04876999042219306,0.9200000000000006,0.04355051526833926,0.9200000000000006,0.03937961188438983,0.9200000000000006,0.03313376313099824,0.9200000000000006,0.02868229857349,0.9200000000000006,0.02535032553370782,0.9200000000000006,0.02276332439765329,0.9200000000000006,0.02069690683870258,0.9200000000000006,0.01900849710527434,0.9200000000000006,0.01760318631982846
0.9300000000000006,0.109180642864543,0.9300000000000006,0.09580908914335577,0.9300000000000006,0.07703465135543981,0.9300000000000006,0.06449762417914091,0.9300000000000006,0.05554176879351259,0.9300000000000006,0.04882925431350886,0.9300000000000006,0.04361361841726587,0.9300000000000006,0.03944587345658817,0.9300000000000006,0.03320495153465772,0.9300000000000006,0.02875719598324747,0.9300000000000006,0.02542815011630324,0.9300000000000006,0.02284354013062859,0.9300000000000006,0.02077912730281131,0.9300000000000006,0.01909243259434804,0.9300000000000006,0.01768861274683941
0.9400000000000006,0.1092052292938552,0.9400000000000006,0.09584089779644624,0.9400000000000006,0.07707776025457438,0.9400000000000006,0.06454894263741141,0.9400000000000006,0.05559926794048763,0.9400000000000006,0.0488915779958157,0.9400000000000006,0.04367982672915673,0.9400000000000006,0.03951529094364055,0.9400000000000006,0.03327940175089909,0.9400000000000006,0.02883545803866508,0.9400000000000006,0.02550943511813542,0.9400000000000006,0.02292730415785393,0.9400000000000006,0.02086497633074392,0.9400000000000006,0.0191800699766733,0.9400000000000006,0.01777780820019659
0.9500000000000006,0.1092326748137897,0.9500000000000006,0.09587557016648855,0.9500000000000006,0.07712374602909426,0.9500000000000006,0.0646031777337582,0.9500000000000006,0.05565974237327024,0.9500000000000006,0.04895694510328406,0.9500000000000006,0.04374915012421592,0.9500000000000006,0.03958789530549565,0.9500000000000006,0.03335717642953949,0.9500000000000006,0.02891717029082799,0.9500000000000006,0.02559428357075432,0.9500000000000006,0.02301473340448703,0.9500000000000006,0.02095458223553136,0.9500000000000006,0.01927154712606608,0.9500000000000006,0.01787091873554817
0.9600000000000006,0.1092627429574789,0.9600000000000006,0.0959129215977654,0.9600000000000006,0.07717250239658656,0.9600000000000006,0.06466027774703779,0.9600000000000006,0.05572317989665618,0.9600000000000006,0.04902537324663787,0.9600000000000006,0.04382162948458952,0.9600000000000006,0.03966374613070148,0.9600000000000006,0.03343836351244886,0.9600000000000006,0.02900244134818646,0.9600000000000006,0.02568281998735747,0.9600000000000006,0.02310596512254773,0.9600000000000006,0.02104809278517913,0.9600000000000006,0.01936702069735789,0.9600000000000006,0.01796810865865547
0.9700000000000006,0.1092952618560765,0.9700000000000006,0.09595282501447561,0.9700000000000006,0.0772239703397983,0.9700000000000006,0.06472023127274419,0.9700000000000006,0.05578960375974754,0.9700000000000006,0.04909691193270312,0.9700000000000006,0.04389733492038495,0.9700000000000006,0.03974293017525169,0.9700000000000006,0.033523075173529,0.9700000000000006,0.02909140209701069,0.9700000000000006,0.02577518979064879,0.9700000000000006,0.02320115647876256,0.9700000000000006,0.02114567491802661,0.9700000000000006,0.01946666594606474,0.9700000000000006,0.0180695604322024
0.9800000000000006,0.1093301180874053,0.9800000000000006,0.09599520560210398,0.9800000000000006,0.07727813403288841,0.9800000000000006,0.06478306400523039,0.9800000000000006,0.05585907005057664,0.9800000000000006,0.04917164041454765,0.9800000000000006,0.04397636397019766,0.9800000000000006,0.03982555984033982,0.9800000000000006,0.03361144670665252,0.9800000000000006,0.02918420487833436,0.9800000000000006,0.02587155870486413,0.9800000000000006,0.02330048411338807,0.9800000000000006,0.02124751443511411,0.9800000000000006,0.01957067653041049,0.9800000000000006,0.01817547456972212
0.9900000000000007,0.1093672505731986,0.9900000000000007,0.09604003552541604,0.9900000000000007,0.0773350167833541,0.9900000000000007,0.0648488355223782,0.9900000000000007,0.05593166508584091,0.9900000000000007,0.04924966553311759,0.9900000000000007,0.04405883979178596,0.9900000000000007,0.03991177164028335,0.9900000000000007,0.03370363540595179,0.9900000000000007,0.0292810226606258,0.9900000000000007,0.02597211214720142,0.9900000000000007,0.02340414370205679,0.9900000000000007,0.0213538156989934,0.9900000000000007,0.0196792643229742,0.9900000000000007,0.01828606954208258
1.000000000000001,0.109406644642148,1.000000000000001,0.09608732878845487,1.000000000000001,0.0773946770784312,1.000000000000001,0.06491763615004988,1.000000000000001,0.05600750286448191,1.000000000000001,0.04933111961234575,1.000000000000001,0.0441449093993984,1.000000000000001,0.04000172471259195,1.000000000000001,0.03379981948335713,1.000000000000001,0.02938204824781618,1.000000000000001,0.02607705465420914,1.000000000000001,0.02351234955295671,1.000000000000001,0.02146480136865378,1.000000000000001,0.01979265925944473,1.000000000000001,0.01840158172217302
1.010000000000001,0.1094483263683786,1.010000000000001,0.09613713633512601,1.010000000000001,0.07745720481902754,1.010000000000001,0.06498958397861519,1.010000000000001,0.05608672264933288,1.010000000000001,0.04941615846562659,1.010000000000001,0.04423474200052845,1.010000000000001,0.04009559941872318,1.010000000000001,0.033900197065336,1.010000000000001,0.02948749355973762,1.010000000000001,0.0261866093764058,1.010000000000001,0.02362533426961408,1.010000000000001,0.02158071219839331,1.010000000000001,0.01991110925029273,1.010000000000001,0.01852226539190183
1.020000000000001,0.1094923572792768,1.020000000000001,0.09618954147496257,1.020000000000001,0.07752271781263491,1.020000000000001,0.06506482209387007,1.020000000000001,0.05616948673229585,1.020000000000001,0.04950495956373585,1.020000000000001,0.04432852747782042,1.020000000000001,0.04019359607764805,1.020000000000001,0.03400498530534141,1.020000000000001,0.02959758901730793,1.020000000000001,0.02630101767024873,1.020000000000001,0.02374334850584327,1.020000000000001,0.02170180692512419,1.020000000000001,0.02003488017813209,1.020000000000001,0.01864839283283592
1.030000000000001,0.1095388295059557,1.030000000000001,0.0962446557002737,1.030000000000001,0.07759135858147799,1.030000000000001,0.06514351607168443,1.030000000000001,0.0562559784271686,1.030000000000001,0.04959772040420003,1.030000000000001,0.04442647505278897,1.030000000000001,0.04029593386611742,1.030000000000001,0.03411441964152921,1.030000000000001,0.02971258305879398,1.030000000000001,0.02642053881129189,1.030000000000001,0.02386666083472349,1.030000000000001,0.02182836226436399,1.030000000000001,0.02016425599969301,1.030000000000001,0.01878025451828811
1.040000000000001,0.1095878614269538,1.040000000000001,0.0963026149406585,1.040000000000001,0.07766329152548888,1.040000000000001,0.06522585177150476,1.040000000000001,0.0563464003218473,1.040000000000001,0.04969465711113069,1.040000000000001,0.04452881215814689,1.040000000000001,0.04040284991056894,1.040000000000001,0.03422875322176121,1.040000000000001,0.0298327418069785,1.040000000000001,0.02654544984665524,1.040000000000001,0.0239955577483708,1.040000000000001,0.02196067303058116,1.040000000000001,0.02029953896716535,1.040000000000001,0.01891815942084698
1.050000000000001,0.1096395938333794,1.050000000000001,0.09636357628093364,1.050000000000001,0.07773870046327354,1.050000000000001,0.06531203344985222,1.050000000000001,0.05644097280944524,1.050000000000001,0.04979600328374595,1.050000000000001,0.04463578353585222,1.050000000000001,0.04051459858683478,1.050000000000001,0.03434825651052185,1.050000000000001,0.02995834890068283,1.050000000000001,0.02667604559933805,1.050000000000001,0.02413034380029941,1.050000000000001,0.0220990523930876,1.050000000000001,0.02044104997960838,1.050000000000001,0.01906243544563043
1.060000000000001,0.1096941866233898,1.060000000000001,0.09642771515041026,1.060000000000001,0.07781778655932296,1.060000000000001,0.06540228220225905,1.060000000000001,0.05653993290681487,1.060000000000001,0.0499020091020124,1.060000000000001,0.04474765056920344,1.060000000000001,0.04063145103585394,1.060000000000001,0.03447321708568686,1.060000000000001,0.03008970549833892,1.060000000000001,0.0268126388318564,1.060000000000001,0.02427134189767582,1.060000000000001,0.02224383227463381,1.060000000000001,0.02058912907145996,1.060000000000001,0.0192134299961952
1.070000000000001,0.1097518160167248,1.070000000000001,0.09649522297615518,1.070000000000001,0.07790076663311442,1.070000000000001,0.0654968347313548,1.070000000000001,0.05664353335961165,1.070000000000001,0.05001294068956877,1.070000000000001,0.04486469084989882,1.070000000000001,0.04075369489687778,1.070000000000001,0.03460393962743959,1.070000000000001,0.03022713045644771,1.070000000000001,0.02695556057243367,1.070000000000001,0.02441889374699218,1.070000000000001,0.02239536389647319,1.070000000000001,0.02074413604211112,1.070000000000001,0.01937151067723611
1.080000000000001,0.1098126722665134,1.080000000000001,0.09656630528084011,1.080000000000001,0.07798787183583318,1.080000000000001,0.06559594243036745,1.080000000000001,0.05675204202568818,1.080000000000001,0.05012907972758342,1.080000000000001,0.04498719797513907,1.080000000000001,0.04088163425437309,1.080000000000001,0.03474074609719889,1.080000000000001,0.03037096068195386,1.080000000000001,0.02710516060364329,1.080000000000001,0.02457336045373744,1.080000000000001,0.02255401847101919,1.080000000000001,0.02090645122812024,1.080000000000001,0.0195370661360333
1.090000000000001,0.1098769578358341,1.090000000000001,0.09664118019709267,1.090000000000001,0.07807934667327057,1.090000000000001,0.06569987076519034,1.090000000000001,0.05686574152327632,1.090000000000001,0.05025072330848187,1.090000000000001,0.0451154815656274,1.090000000000001,0.04101558979100388,1.090000000000001,0.03488397610121836,1.090000000000001,0.03052155165482145,1.090000000000001,0.02726180811101058,1.090000000000001,0.02473512327452894,1.090000000000001,0.02272018804133264,1.090000000000001,0.02107647641794653,1.090000000000001,0.01971050704306753
1.100000000000001,0.1099448860002553,1.100000000000001,0.09672007736468109,1.100000000000001,0.07817544834883811,1.100000000000001,0.06580889893422086,1.100000000000001,0.05698492912697656,1.100000000000001,0.05037818401543496,1.100000000000001,0.04524986749259445,1.100000000000001,0.04115589913660866,1.100000000000001,0.03503398743146138,1.100000000000001,0.03067927811534215,1.100000000000001,0.02742589248756139,1.100000000000001,0.02490458451883631,1.100000000000001,0.02289428646549573,1.100000000000001,0.02125463590802567,1.100000000000001,0.01989226721127492
1.110000000000001,0.1100166798343672,1.110000000000001,0.0968032371739915,1.110000000000001,0.07827644639824183,1.110000000000001,0.06592331978312169,1.110000000000001,0.05710991689277734,1.110000000000001,0.05051179021190818,1.110000000000001,0.04539069830055174,1.110000000000001,0.04130291740180786,1.110000000000001,0.03519115677529517,1.110000000000001,0.03084453490981436,1.110000000000001,0.02759782428954233,1.110000000000001,0.02508216859677152,1.110000000000001,0.0230767505433596,1.110000000000001,0.02144137769851477,1.110000000000001,0.02008280485297889
1.120000000000001,0.110092571539581,1.120000000000001,0.09689091031858595,1.120000000000001,0.07838262258678352,1.120000000000001,0.06604343995114569,1.120000000000001,0.05724103199287442,1.120000000000001,0.05065188652517096,1.120000000000001,0.04553833381212468,1.120000000000001,0.04145701788456177,1.120000000000001,0.03535588058530454,1.120000000000001,0.03101773798804529,1.120000000000001,0.0277780363383995,1.120000000000001,0.02526832320931986,1.120000000000001,0.02326804128308487,1.120000000000001,0.02163717482699336,1.120000000000001,0.02028260397351952
1.130000000000001,0.1101728020716346,1.130000000000001,0.09698335762065953,1.130000000000001,0.07849427104107619,1.130000000000001,0.06616958022634491,1.130000000000001,0.05737861724164488,1.130000000000001,0.05079883450818413,1.130000000000001,0.04569315190178357,1.130000000000001,0.04161859293843528,1.130000000000001,0.03552857610091265,1.130000000000001,0.03119932554648692,1.130000000000001,0.02796698496444071,1.130000000000001,0.02546352067771233,1.130000000000001,0.02346864530521222,1.130000000000001,0.02184252683871985,1.130000000000001,0.02049217590090963
1.140000000000001,0.1102576210287745,1.140000000000001,0.09708085009546075,1.140000000000001,0.07861169858878196,1.140000000000001,0.06630207608851829,1.140000000000001,0.05752303179546031,1.140000000000001,0.05095301346545995,1.140000000000001,0.0458555494263571,1.140000000000001,0.04178805499229796,1.140000000000001,0.03570968251433829,1.140000000000001,0.0313897593115665,1.140000000000001,0.02816515138829216,1.140000000000001,0.02566825940927473,1.140000000000001,0.02367907638259517,1.140000000000001,0.02205796139260423,1.140000000000001,0.02071206095138136
1.150000000000001,0.110347286764998,1.150000000000001,0.09718366922377637,1.150000000000001,0.07873522528246527,1.150000000000001,0.06644127842085158,1.150000000000001,0.05767465201084607,1.150000000000001,0.05111482143010847,1.150000000000001,0.04602594330166752,1.150000000000001,0.04196583771251893,1.150000000000001,0.03589966227456186,1.150000000000001,0.03158952595878413,1.150000000000001,0.02837304323717137,1.150000000000001,0.02588306549792559,1.150000000000001,0.0238998771153028,1.150000000000001,0.02228403600278455,1.150000000000001,0.02094283023137251
1.160000000000001,0.1104420666966609,1.160000000000001,0.09729210740507514,1.160000000000001,0.07886518508650778,1.160000000000001,0.06658755437362295,1.160000000000001,0.05783387244759852,1.160000000000001,0.05128467628114882,1.160000000000001,0.04620477171631129,1.160000000000001,0.04215239730025138,1.160000000000001,0.03609900252428727,1.160000000000001,0.0317991386643077,1.160000000000001,0.0285911961940403,1.160000000000001,0.0261084944584426,1.160000000000001,0.02413162074047482,1.160000000000001,0.02252133991651056,1.160000000000001,0.02118508757726587
1.170000000000001,0.110542237774866,1.170000000000001,0.09740646856756544,1.170000000000001,0.07900192670904092,1.170000000000001,0.06674128836590014,1.170000000000001,0.05800110700569396,1.170000000000001,0.05146301699213863,1.170000000000001,0.04639249547538701,1.170000000000001,0.0423482139180241,1.170000000000001,0.0363082166662743,1.170000000000001,0.03201913878701308,1.170000000000001,0.02882017577879275,1.170000000000001,0.02634513309461005,1.170000000000001,0.02437491307802362,1.170000000000001,0.02277049612987897,1.170000000000001,0.02143947163498231
1.180000000000001,0.1106480871001316,1.180000000000001,0.09752706891506832,1.180000000000001,0.07914581456384197,1.180000000000001,0.0669028832136976,1.180000000000001,0.05817679018704072,1.180000000000001,0.05165030500414289,1.180000000000001,0.04658959946874561,1.180000000000001,0.04255379324147488,1.180000000000001,0.03652784605679783,1.180000000000001,0.03225009768013001,1.180000000000001,0.0290605792617109,1.180000000000001,0.02659360150233691,1.180000000000001,0.02463039461397048,1.180000000000001,0.02303216354379314,1.180000000000001,0.02170665808229382
1.190000000000001,0.1107599126597365,1.190000000000001,0.09765423779408397,1.190000000000001,0.07929722985000573,1.190000000000001,0.06707276137550036,1.190000000000001,0.05836137847524855,1.190000000000001,0.05184702571795092,1.190000000000001,0.04679659426004046,1.190000000000001,0.04276966813361125,1.190000000000001,0.03675846182531044,1.190000000000001,0.03249261863280595,1.190000000000001,0.02931303771045335,1.190000000000001,0.02685455520976126,1.190000000000001,0.02489874272404747,1.190000000000001,0.02330703926328969,1.190000000000001,0.02198736199743534
1.200000000000001,0.1108780241717438,1.200000000000001,0.09778831866765321,1.200000000000001,0.07945657173985982,1.200000000000001,0.06725136630832329,1.200000000000001,0.05855535182856764,1.200000000000001,0.05205369010220588,1.200000000000001,0.04701401779443475,1.200000000000001,0.04299640044042355,1.200000000000001,0.03700066682061024,1.200000000000001,0.03274733894296787,1.200000000000001,0.02957821817277741,1.200000000000001,0.02712868745719725,1.200000000000001,0.02518067404095369,1.200000000000001,0.02359586104406581,1.200000000000001,0.02228234037822459
1.210000000000001,0.1110027440229751,1.210000000000001,0.09792967018553934,1.210000000000001,0.07962425866800513,1.210000000000001,0.06743916392953345,1.210000000000001,0.05875921528294193,1.210000000000001,0.05227083641570324,1.210000000000001,0.04724243722425769,1.210000000000001,0.04323458290797787,1.210000000000001,0.03725509768491343,1.210000000000001,0.03301493212380865,1.210000000000001,0.02985682599803123,1.210000000000001,0.02741673162052089,1.210000000000001,0.02547694696931571,1.210000000000001,0.02389940989063103,1.210000000000001,0.02259239481642883
1.220000000000001,0.111134408291103,1.220000000000001,0.09807866734285092,1.220000000000001,0.07980072971650819,1.220000000000001,0.06763664418149111,1.220000000000001,0.05897350066371842,1.220000000000001,0.0524990320435308,1.220000000000001,0.04748245085316902,1.220000000000001,0.043484841222267,1.220000000000001,0.03752242705819947,1.220000000000001,0.03329611024705155,1.220000000000001,0.03014960730116506,1.220000000000001,0.02771946378220806,1.220000000000001,0.02578836435293989,1.220000000000001,0.02421851281097875,1.220000000000001,0.0229183743325298
1.230000000000001,0.1112733678435683,1.230000000000001,0.09823570272149805,1.230000000000001,0.07998644609315468,1.230000000000001,0.06784432269766864,1.230000000000001,0.05919876840594696,1.230000000000001,0.05273887544795226,1.230000000000001,0.04773469020049351,1.230000000000001,0.04374783617408826,1.230000000000001,0.03780336591601124,1.230000000000001,0.03359162642683017,1.230000000000001,0.03045735157358587,1.230000000000001,0.02803770545472719,1.230000000000001,0.02611577629935661,1.230000000000001,0.02455404573301567,1.230000000000001,0.02326117837631792
1.240000000000001,0.1114199895082142,1.240000000000001,0.09840118781083852,1.240000000000001,0.08018189270129283,1.240000000000001,0.06806274257028558,1.240000000000001,0.05943560948440332,1.240000000000001,0.05299099823598954,1.240000000000001,0.04799982218831723,1.240000000000001,0.04402426595204848,1.240000000000001,0.0380986660445659,1.240000000000001,0.03390227744856554,1.240000000000001,0.03078089444562082,1.240000000000001,0.02837232646133698,1.240000000000001,0.02646008316692287,1.240000000000001,0.02490693658818302,1.240000000000001,0.0236217599988808
1.250000000000001,0.1115746573123926,1.250000000000001,0.09857555440553947,1.250000000000001,0.08038757980118076,1.250000000000001,0.06829247622066897,1.250000000000001,0.0596846474554718,1.250000000000001,0.05325606734653088,1.250000000000001,0.04827855145470418,1.250000000000001,0.04431486856747062,1.250000000000001,0.03840912265754906,1.250000000000001,0.03422890654761483,1.250000000000001,0.03112112060564142,1.250000000000001,0.02872424797953533,1.250000000000001,0.0268222387198675,1.250000000000001,0.02527816856774728,1.250000000000001,0.02400112920152382
1.260000000000001,0.1117377737888728,1.260000000000001,0.09875925608009634,1.260000000000001,0.08060404476391106,1.260000000000001,0.06853412737452116,1.260000000000001,0.05994654061385239,1.260000000000001,0.05353478736050103,1.260000000000001,0.04857162279699394,1.260000000000001,0.0446204244154884,1.260000000000001,0.03873557715933118,1.260000000000001,0.03457240634270702,1.260000000000001,0.031478966881033,1.260000000000001,0.02909444575244351,1.260000000000001,0.02720325345660968,1.260000000000001,0.02566878355710469,1.260000000000001,0.02440035646695587
1.270000000000001,0.1119097613481927,1.270000000000001,0.09895276974062255,1.270000000000001,0.08083185391994431,1.270000000000001,0.06878833314506952,1.270000000000001,0.06022198426771444,1.270000000000001,0.05382790293817095,1.270000000000001,0.048879823749589,1.270000000000001,0.04494175897697523,1.270000000000001,0.03907892005955024,1.270000000000001,0.03493372192926097,1.270000000000001,0.03185542548616109,1.270000000000001,0.0294839534732703,1.270000000000001,0.02760419811645105,1.270000000000001,0.02607988575312528,1.270000000000001,0.02482057647766957
1.280000000000001,0.1120910637181825,1.280000000000001,0.09915659725549363,1.280000000000001,0.08107160450506382,1.280000000000001,0.06905576622769805,1.280000000000001,0.0605117131364153,1.280000000000001,0.05413620138807214,1.280000000000001,0.04920398730092548,1.280000000000001,0.04527974566615534,1.280000000000001,0.03944009404405331,1.280000000000001,0.03531385413758669,1.280000000000001,0.03225154744226771,1.280000000000001,0.02989386634767428,1.280000000000001,0.02802620736930957,1.280000000000001,0.02651264546903111,1.280000000000001,0.02526299202582543
1.290000000000001,0.1122821474522717,1.290000000000001,0.09937126716721652,1.290000000000001,0.08132392670717127,1.290000000000001,0.06933713721012752,1.290000000000001,0.06081650387524495,1.290000000000001,0.05446051537221295,1.290000000000001,0.04954499475445784,1.290000000000001,0.04563530882878208,1.290000000000001,0.0398200972070593,1.290000000000001,0.03571386296069851,1.290000000000001,0.03266844617382482,1.290000000000001,0.03032534483830659,1.290000000000001,0.02847048369250704,1.290000000000001,0.02696830313054044,1.290000000000001,0.02572887811807698
1.300000000000001,0.1124835035089081,1.300000000000001,0.09959733648851324,1.300000000000001,0.08158948581780864,1.300000000000001,0.06963319700252928,1.300000000000001,0.0611371777318498,1.300000000000001,0.05480172575237075,1.300000000000001,0.04990377873845374,1.300000000000001,0.04600942689564301,1.300000000000001,0.04021998644909982,1.300000000000001,0.03613487115599445,1.300000000000001,0.03310730128524266,1.300000000000001,0.03077961859504748,1.300000000000001,0.02893830143772689,1.300000000000001,0.02744817346598106,1.300000000000001,0.02621958627763146
1.310000000000001,0.1126956489049786,1.310000000000001,0.09983539258609195,1.310000000000001,0.0818689844926072,1.310000000000001,0.06994473939213398,1.310000000000001,0.06147460333903172,1.310000000000001,0.05516076458215195,1.310000000000001,0.05028132636920226,1.310000000000001,0.04640313569584383,1.310000000000001,0.04064088104478403,1.310000000000001,0.03657806802436322,1.310000000000001,0.03356936252096833,1.310000000000001,0.03125799057342668,1.310000000000001,0.02943101109007382,1.310000000000001,0.02795364989175535,1.310000000000001,0.02673654904437669
1.320000000000001,0.1129191284465539,1.320000000000001,0.1000860551559226,1.320000000000001,0.08216316512505488,1.320000000000001,0.07027260372692806,1.320000000000001,0.06182969964850379,1.320000000000001,0.05553861824926431,1.320000000000001,0.05067868257186062,1.320000000000001,0.04681753193382674,1.320000000000001,0.04108396638371027,1.320000000000001,0.03704471336934307,1.320000000000001,0.03405595391087814,1.320000000000001,0.03176184134239976,1.320000000000001,0.02995004371968354,1.320000000000001,0.02848620909288306,1.320000000000001,0.02728128467209588
1.330000000000001,0.1131545165405927,1.330000000000001,0.1003499782940686,1.330000000000001,0.08247281233802746,1.330000000000001,0.07061767773291908,1.330000000000001,0.06220343900991392,1.330000000000001,0.05593633077202072,1.330000000000001,0.05109695356259387,1.330000000000001,0.04725377683336891,1.330000000000001,0.04155049788688064,1.330000000000001,0.03753614163775484,1.330000000000001,0.03456847810143507,1.330000000000001,0.03229263358101048,1.330000000000001,0.03049691562448438,1.330000000000001,0.02904741579631647,1.330000000000001,0.02785540201957684
1.340000000000001,0.1134024190914488,1.340000000000001,0.1006278526672383,1.340000000000001,0.08279875559745628,1.340000000000001,0.07098090046918766,1.340000000000001,0.06259685039900262,1.340000000000001,0.05635500725347655,1.340000000000001,0.05153731049488239,1.340000000000001,0.04771309995086886,1.340000000000001,0.0420418050997363,1.340000000000001,0.03805376624171604,1.340000000000001,0.03510842087131782,1.340000000000001,0.03285191676146304,1.340000000000001,0.03107323316047659,1.340000000000001,0.02963892773226976,1.340000000000001,0.02846060562976462
1.350000000000001,0.1136634754861327,1.350000000000001,0.1009204077872315,1.350000000000001,0.0831418719522969,1.350000000000001,0.07136326542452201,1.350000000000001,0.06301102279812761,1.350000000000001,0.05679581749577226,1.350000000000001,0.05200099327185053,1.350000000000001,0.04819680315902847,1.350000000000001,0.04255929596139697,1.350000000000001,0.03859908406009384,1.350000000000001,0.03567735582807956,1.350000000000001,0.03344133201370211,1.350000000000001,0.03168069775321476,1.350000000000001,0.03026250077587375,1.350000000000001,0.02909870098794077
1.360000000000001,0.1139383606722953,1.360000000000001,0.1012284143933507,1.360000000000001,0.08350308890461354,1.360000000000001,0.07176582375882994,1.360000000000001,0.06344710873155505,1.360000000000001,0.05725999977618954,1.360000000000001,0.05248931452519124,1.360000000000001,0.04870626480055074,1.360000000000001,0.04310446124781041,1.360000000000001,0.03917368011521948,1.360000000000001,0.03627694927982814,1.360000000000001,0.03406261716371786,1.360000000000001,0.03232111108099364,1.360000000000001,0.03091999425800415,1.360000000000001,0.02977159994618285
1.370000000000001,0.1142277873328177,1.370000000000001,0.1015526869466374,1.370000000000001,0.08388338741309363,1.370000000000001,0.07218968769173972,1.370000000000001,0.06390632795685096,1.370000000000001,0.05774886478510284,1.370000000000001,0.05300366375968404,1.370000000000001,0.0492429440096621,1.370000000000001,0.04367887918426103,1.370000000000001,0.03977923241802119,1.370000000000001,0.03690896527286943,1.370000000000001,0.03471761193439003,1.370000000000001,0.03299638041650477,1.370000000000001,0.03161337643008057,1.370000000000001,0.03048132629700542
1.380000000000001,0.1145325081607177,1.380000000000001,0.1018940862394535,1.380000000000001,0.08428380503263516,1.380000000000001,0.0726360340397946,1.380000000000001,0.0643899713123868,1.380000000000001,0.05826379972438876,1.380000000000001,0.05354551166040188,1.380000000000001,0.04980838519708982,1.380000000000001,0.0442842202200093,1.380000000000001,0.04041751697158831,1.380000000000001,0.03757527078268471,1.380000000000001,0.03540826329370654,1.380000000000001,0.03370852410937204,1.380000000000001,0.03234473006291883,1.380000000000001,0.03123002147403389
1.390000000000001,0.1148533182378052,1.390000000000001,0.1022535221234713,1.390000000000001,0.08470543919180198,1.390000000000001,0.07310610790241223,1.390000000000001,0.06489940471937169,1.390000000000001,0.05880627256290544,1.390000000000001,0.05411641455742359,1.390000000000001,0.05040422269154623,1.390000000000001,0.04492225195467419,1.390000000000001,0.04109041291950152,1.390000000000001,0.03827784104144725,1.390000000000001,0.0361366309305783,1.390000000000001,0.03445967718693903,1.390000000000001,0.03311625815428371,1.390000000000001,0.03201995035174945
1.400000000000001,0.1151910575201326,1.400000000000001,0.10263195635853,1.400000000000001,0.08514945060887588,1.400000000000001,0.07360122649527517,1.400000000000001,0.06543607333489854,1.400000000000001,0.05937783644333991,1.400000000000001,0.0547180190401869,1.400000000000001,0.05103218552773122,1.400000000000001,0.04559484420229386,1.400000000000001,0.04179990782098918,1.400000000000001,0.0390187649804691,1.400000000000001,0.0369048928331551,1.400000000000001,0.03525209704489336,1.400000000000001,0.03393028971356263,1.400000000000001,0.03285350710970434
1.410000000000001,0.1155466134327836,1.410000000000001,0.103030405584055,1.410000000000001,0.08561706684595481,1.410000000000001,0.07412278312801837,1.410000000000001,0.06600150585021317,1.410000000000001,0.05998013423198948,1.410000000000001,0.05535206671046541,1.410000000000001,0.05169410236732634,1.410000000000001,0.04630397417472808,1.410000000000001,0.04254810303005371,1.410000000000001,0.0398002507604463,1.410000000000001,0.03771535093846581,1.410000000000001,0.03608816919271254,1.410000000000001,0.03478928558489724,1.410000000000001,0.03373322111906349
1.420000000000001,0.1159209235759055,1.420000000000001,0.1034499444138054,1.420000000000001,0.08610958599899267,1.420000000000001,0.07467225132094796,1.420000000000001,0.06659731892573562,1.420000000000001,0.06061490319986382,1.420000000000001,0.05602039905929879,1.420000000000001,0.05239190653535478,1.420000000000001,0.04705173176116524,1.420000000000001,0.04333721915006996,1.420000000000001,0.04062463135607096,1.420000000000001,0.03857043681529401,1.420000000000001,0.0369704130114403,1.420000000000001,0.03569584426209978,1.420000000000001,0.03466176280082892
1.430000000000001,0.1163149785431107,1.430000000000001,0.1038917086535838,1.430000000000001,0.08662838051984671,1.430000000000001,0.07525118905302247,1.430000000000001,0.06722522175124149,1.430000000000001,0.06128397981979616,1.430000000000001,0.05672496244898689,1.430000000000001,0.05312764114957138,1.430000000000001,0.04784032487488719,1.430000000000001,0.0441696015289571,1.430000000000001,0.0414943701544452,1.430000000000001,0.03947271733440407,1.430000000000001,0.03790148747288617,1.430000000000001,0.03665270763969985,1.430000000000001,0.03564194939558618
1.440000000000001,0.1167298248524262,1.440000000000001,0.1043568986401937,1.440000000000001,0.08717490116423966,1.440000000000001,0.0758612431304108,1.440000000000001,0.06788702071600267,1.440000000000001,0.06198930466001271,1.440000000000001,0.0574678131764218,1.440000000000001,0.05390346431516767,1.440000000000001,0.04867208483208551,1.440000000000001,0.04504772575278625,1.440000000000001,0.04241206651870669,1.440000000000001,0.04042490027148755,1.440000000000001,0.03888419675994174,1.440000000000001,0.03766276663445846,1.440000000000001,0.03667675057404021
1.450000000000001,0.1171665679888397,1.450000000000001,0.1048467826983368,1.450000000000001,0.08775068105702902,1.450000000000001,0.07650415366157243,1.450000000000001,0.06858462416953372,1.450000000000001,0.06273292734974346,1.450000000000001,0.0582511225885315,1.450000000000001,0.0547216543509779,1.450000000000001,0.0495494717203485,1.450000000000001,0.04597420308756976,1.450000000000001,0.04338046125931958,1.450000000000001,0.04142983977847788,1.450000000000001,0.03992149571728525,1.450000000000001,0.03872906660062246,1.450000000000001,0.03776929380595323
1.460000000000001,0.1176263755561556,1.460000000000001,0.1053627007102761,1.460000000000001,0.08835733986326576,1.460000000000001,0.07718175862093031,1.460000000000001,0.06932004724885647,1.460000000000001,0.06351701158694957,1.460000000000001,0.05907718221437892,1.460000000000001,0.05558461500649453,1.460000000000001,0.05047507970640767,1.460000000000001,0.04695178580993928,1.460000000000001,0.04440244194554059,1.460000000000001,0.04249054164813977,1.460000000000001,0.0410164950502785,1.460000000000001,0.03985481245006265,1.460000000000001,0.03892286939236007
1.470000000000001,0.1181104805343102,1.470000000000001,0.1059060677909162,1.470000000000001,0.08899658805016906,1.470000000000001,0.07789599847878863,1.470000000000001,0.0700954167428194,1.470000000000001,0.06434384015200781,1.470000000000001,0.05994840887146839,1.470000000000001,0.05649488062130896,1.470000000000001,0.05145164222380291,1.470000000000001,0.04798337235742282,1.470000000000001,0.0454810479786509,1.470000000000001,0.04361016828508203,1.470000000000001,0.04217246617735795,1.470000000000001,0.04104337337526396,1.470000000000001,0.04014093505214879
1.480000000000001,0.1186201846364703,1.480000000000001,0.1064783780584472,1.480000000000001,0.08967023122132003,1.480000000000001,0.07864892087013341,1.480000000000001,0.07091297595795161,1.480000000000001,0.06521581988421823,1.480000000000001,0.06086734969600106,1.480000000000001,0.05745512117003786,1.480000000000001,0.05248203697126969,1.480000000000001,0.04907201221807278,1.480000000000001,0.04661947533661582,1.480000000000001,0.04479204328358308,1.480000000000001,0.04339284562771538,1.480000000000001,0.04229828705896472,1.480000000000001,0.041427119939327
1.490000000000001,0.1191568617581344,1.490000000000001,0.1070812084878128,1.490000000000001,0.09038017450002088,1.490000000000001,0.07944268526930108,1.490000000000001,0.07177508954354896,1.490000000000001,0.06613548657022066,1.490000000000001,0.06183668703817127,1.490000000000001,0.05846814712636157,1.490000000000001,0.0535692906418672,1.490000000000001,0.05022091046728045,1.490000000000001,0.04782108088696779,1.490000000000001,0.04603965549890798,1.490000000000001,0.04468123886162741,1.490000000000001,0.04362326323916695,1.490000000000001,0.04278522795165655
1.5,0.1197219615080371,1.5,0.1077162228309782,1.5,0.0911284269338546,1.5,0.08027956763117497,1.5,0.07268424822614353,1.5,0.06710550968481402,1.5,0.06285924315408041,1.5,0.05953691406947394,1.5,0.05471658329116592,1.5,0.05143343184678645,1.5,0.0490893861509307,1.5,0.0473566624842356,1.5,0.04604142337556135,1.5,0.04502218648243178,1.5,0.04421924017503059
