nch18_ft (ll=3.5e-07) X,nch18_ft (ll=3.5e-07) Y,nch18_ft (ll=4e-07) X,nch18_ft (ll=4e-07) Y,nch18_ft (ll=5e-07) X,nch18_ft (ll=5e-07) Y,nch18_ft (ll=6e-07) X,nch18_ft (ll=6e-07) Y,nch18_ft (ll=7e-07) X,nch18_ft (ll=7e-07) Y,nch18_ft (ll=8e-07) X,nch18_ft (ll=8e-07) Y,nch18_ft (ll=9e-07) X,nch18_ft (ll=9e-07) Y,nch18_ft (ll=1e-06) X,nch18_ft (ll=1e-06) Y,nch18_ft (ll=1.2e-06) X,nch18_ft (ll=1.2e-06) Y,nch18_ft (ll=1.4e-06) X,nch18_ft (ll=1.4e-06) Y,nch18_ft (ll=1.6e-06) X,nch18_ft (ll=1.6e-06) Y,nch18_ft (ll=1.8e-06) X,nch18_ft (ll=1.8e-06) Y,nch18_ft (ll=2e-06) X,nch18_ft (ll=2e-06) Y,nch18_ft (ll=2.2e-06) X,nch18_ft (ll=2.2e-06) Y,nch18_ft (ll=2.4e-06) X,nch18_ft (ll=2.4e-06) Y
0,-16399.58488417326,0,-14135.16665926689,0,-11829.63116735241,0,-10660.01264143658,0,-9928.710183224352,0,-9402.607977801285,0,-8985.053788911362,0,-8630.503315304335,0,-8027.949487228624,0,-7508.183806628515,0,-7041.944365417457,0,-6617.367064195949,0,-6228.418454224419,0,-5871.178910222105,0,-5542.581535815841
0.01,-22063.15243692773,0.01,-19043.32999374285,0.01,-15967.65280551254,0.01,-14405.77768445843,0.01,-13427.27807743232,0.01,-12721.373899532,0.01,-12159.36361772097,0.01,-11680.71869560073,0.01,-10864.29732801594,0.01,-10157.6112383564,0.01,-9522.413675125714,0.01,-8943.334243348485,0.01,-8412.56327076269,0.01,-7924.976289581186,0.01,-7476.506052504692
0.02,-29676.07545098509,0.02,-25649.41284717423,0.02,-21546.65157401537,0.02,-19460.80142004995,0.02,-18151.17269101796,0.02,-17203.56050046844,0.02,-16446.64705055566,0.02,-15800.02572349457,0.02,-14693.06585379572,0.02,-13731.68383613885,0.02,-12865.93487133928,0.02,-12075.92106068237,0.02,-11351.52935292932,0.02,-10686.04536811764,0.02,-10074.0576120751
0.03,-39906.83376171088,0.03,-34538.39209196199,0.03,-29065.96854851702,0.03,-26280.12062612684,0.03,-24526.79945888192,0.03,-23254.11070306553,0.03,-22234.09011147413,0.03,-21359.97276431617,0.03,-19858.14702738902,0.03,-18549.63712010124,0.03,-17369.27800387974,0.03,-16291.32558586555,0.03,-15302.673470618,0.03,-14394.50055637198,0.03,-13559.58096957222
0.04,-53652.22339102864,0.04,-46495.9012330672,0.04,-39197.09958664973,0.04,-35476.00914447256,0.04,-33128.00121817845,0.04,-31417.93010924475,0.04,-30042.56372768145,0.04,-28860.2018857548,0.04,-26821.53983171054,0.04,-25039.8620558165,0.04,-23430.21275603069,0.04,-21959.29716821831,0.04,-20610.10902775923,0.04,-19371.0234379813,0.04,-18232.35485650825
0.05,-72114.98877473877,0.05,-62576.7324293067,0.05,-52842.73266881218,0.05,-47871.99238215078,0.05,-44726.71235102574,0.05,-42427.93127808214,0.05,-40572.44385247504,0.05,-38972.26777578746,0.05,-36203.56610026021,0.05,-33776.88130615392,0.05,-31581.53863374544,0.05,-29574.4872574385,0.05,-27733.62531990598,0.05,-26043.57949076727,0.05,-24491.31569134522
0.06,-96907.70662273886,0.06,-84196.59080856806,0.06,-71215.90391159497,0.06,-64575.28836266405,0.06,-60360.88270339404,0.06,-57269.4310243832,0.06,-54764.99115482216,0.06,-52598.2949208384,0.06,-48836.61616900871,0.06,-45530.67643665423,0.06,-42536.39724058472,0.06,-39798.11535319264,0.06,-37287.05000357156,0.06,-34982.79367783102,0.06,-32867.73547971735
0.07000000000000001,-130191.7258187373,0.07000000000000001,-113254.9263869374,0.07000000000000001,-95946.06196916547,0.07000000000000001,-87073.89110023998,0.07000000000000001,-81425.48264259243,0.07000000000000001,-77266.38294430246,0.07000000000000001,-73884.48200030933,0.07000000000000001,-70949.39739211224,0.07000000000000001,-65836.85948755975,0.07000000000000001,-61332.35970380648,0.07000000000000001,-57248.46181721619,0.07000000000000001,-53513.18761336047,0.07000000000000001,-50088.97287916674,0.07000000000000001,-46948.61869012807,0.07000000000000001,-44068.23509129984
0.08,-174862.8773834739,0.08,-152299.2612095996,0.08,-129221.0790823925,0.08,-117366.5609246485,0.08,-109794.3016109559,0.08,-104196.7031095507,0.08,-99627.94458828239,0.08,-95650.34143651443,0.08,-88699.71469995301,0.08,-82561.366134279,0.08,-76991.62278705658,0.08,-71897.38897356113,0.08,-67229.50936421497,0.08,-62951.58255590122,0.08,-59031.07374566865
0.09,-234799.5114655452,0.09,-204744.8526723209,0.09,-173977.2098167936,0.09,-158136.675141576,0.09,-147982.7336613413,0.09,-140446.2490690205,0.09,-134271.4922820556,0.09,-128878.9148507793,0.09,-119426.5713184219,0.09,-111060.7815420791,0.09,-103464.9990248047,0.09,-96518.77977584582,0.09,-90157.61778098324,0.09,-84332.58771848913,0.09,-78999.21193216831
0.09999999999999999,-315193.4744004454,0.09999999999999999,-275168.0349656208,0.09999999999999999,-234152.8795966165,0.09999999999999999,-212984.3933056385,0.09999999999999999,-199364.9482917882,0.09999999999999999,-189213.9570551809,0.09999999999999999,-180864.9497926232,0.09999999999999999,-173550.9424632122,0.09999999999999999,-160692.3065915883,0.09999999999999999,-149289.0935292733,0.09999999999999999,-138930.4411559307,0.09999999999999999,-129460.4742081508,0.09999999999999999,-120794.2822542153,0.09999999999999999,-112865.8203316591,0.09999999999999999,-105614.0537517302
0.11,-422991.2573001458,0.11,-369697.4638913491,0.11,-315027.2285569677,0.11,-286736.1000017448,0.11,-268462.9237300162,0.11,-254784.3357801054,0.11,-243489.800052877,0.11,-233564.8754928682,0.11,-216065.4914055931,0.11,-200518.4345248649,0.11,-186390.9807121617,0.11,-173481.3432817034,0.11,-161677.3835545482,0.11,-150889.5442153284,0.11,-141033.7477921074
0.12,-567481.1526268141,0.12,-496535.1198714776,0.12,-423670.8177889175,0.12,-385855.8047122408,0.12,-361329.9002120117,0.12,-342888.0132905717,0.12,-327599.4262308299,0.12,-314123.3028182986,0.12,-290295.6248379641,0.12,-269090.9738151461,0.12,-249819.532889086,0.12,-232220.0257076002,0.12,-216143.818180279,0.12,-201468.8865630176,0.12,-188078.9364188972
0.13,-761073.3410849795,0.13,-666648.7114568395,0.13,-569544.1054425462,0.13,-518990.2642482741,0.13,-486056.9357741299,0.13,-461176.2621429536,0.13,-440464.9969536631,0.13,-422152.2890885834,0.13,-389683.7922213823,0.13,-360745.8713432103,0.13,-334446.8310639411,0.13,-310448.3202717781,0.13,-288552.5206643492,0.13,-268592.2809334787,0.13,-250405.9991484292
0.14,-1020333.935043042,0.14,-894689.4890596048,0.14,-765289.4429098078,0.14,-697688.0802818987,0.14,-653438.2563524361,0.14,-619841.037715115,0.14,-591754.6116004298,0.14,-566842.4368553014,0.14,-522553.8160862179,0.14,-483027.9261249733,0.14,-447114.7144301222,0.14,-414375.9531690046,0.14,-384547.050573155,0.14,-357397.5863885403,0.14,-332701.7479275443
0.15,-1367351.635877168,0.15,-1200204.772325497,0.15,-1027774.467154642,0.15,-937342.6452889836,0.15,-877838.4075771348,0.15,-832417.1742347943,0.15,-794276.3221777137,0.15,-760336.5769609063,0.15,-699838.432698953,0.15,-645783.6417487378,0.15,-596693.2807771573,0.15,-551999.5164410784,0.15,-511346.1375733676,0.15,-474412.9810373798,0.15,-440882.2859660392
0.16,-1831537.153440193,0.16,-1609232.812389819,0.16,-1379458.49724726,0.16,-1258418.695287076,0.16,-1178310.476100914,0.16,-1116806.164382866,0.16,-1064915.128718843,0.16,-1018585.402365174,0.16,-935786.1560383013,0.16,-861737.532980717,0.16,-794544.6983115402,0.16,-733470.8809146433,0.16,-678032.1535893215,0.16,-627779.0182527634,0.16,-582260.2202473864
0.17,-2451980.756566778,0.17,-2156388.48114971,0.17,-1850167.673452432,0.17,-1688030.397414343,0.17,-1580017.122281923,0.17,-1496557.988962541,0.17,-1425786.021724442,0.17,-1362379.749472919,0.17,-1248774.396370186,0.17,-1147116.269380065,0.17,-1054988.241286895,0.17,-971430.8910728265,0.17,-895778.0226726985,0.17,-827389.7312749752,0.17,-765617.4743809646
0.18,-3280521.173519078,0.18,-2887570.104606997,0.18,-2479376.380505701,0.18,-2261941.464458589,0.18,-2115999.887282987,0.18,-2002432.905342763,0.18,-1905603.114463585,0.18,-1818539.722662433,0.18,-1662176.266988631,0.18,-1522244.821937489,0.18,-1395676.017630282,0.18,-1281210.08584916,0.18,-1177911.863354792,0.18,-1084853.391480842,0.18,-1001088.146082567
0.19,-4385706.611711441,0.19,-3863436.888525777,0.19,-3319096.662650916,0.19,-3027047.794313264,0.19,-2829318.889333704,0.19,-2674229.709937273,0.19,-2541219.239926278,0.19,-2421186.970262168,0.19,-2205164.584549679,0.19,-2011972.458218522,0.19,-1837725.882888355,0.19,-1680742.254080489,0.19,-1539671.733511182,0.19,-1413136.320022728,0.19,-1299728.236170769
0.2,-5857849.799336142,0.2,-5163815.705699157,0.2,-4437464.456974966,0.2,-4044369.138301553,0.2,-3775531.86648103,0.2,-3562797.707360792,0.2,-3379208.765729227,0.2,-3212936.55239875,0.2,-2913241.892351073,0.2,-2645699.423104321,0.2,-2405386.52665516,0.2,-2189984.306322079,0.2,-1997470.369169057,0.2,-1825739.308968861,0.2,-1672651.658218213
0.21,-7815382.358131121,0.21,-6893182.939775058,0.21,-5923066.198226252,0.21,-5392501.141377172,0.21,-5025381.281931574,0.21,-4732031.050902757,0.21,-4477237.16615165,0.21,-4245712.624614513,0.21,-3828166.615795953,0.21,-3456687.391106668,0.21,-3124960.356474065,0.21,-2829624.984995381,0.21,-2567512.921316286,0.21,-2335307.135583093,0.21,-2129684.054249134
0.2200000000000001,-10412680.35914933,0.2200000000000001,-9187311.137256347,0.2200000000000001,-7889948.884247975,0.2200000000000001,-7171340.161361369,0.2200000000000001,-6667392.022561028,0.2200000000000001,-6260464.685341566,0.2200000000000001,-5904782.571071166,0.2200000000000001,-5580727.812604452,0.2200000000000001,-4996836.679060423,0.2200000000000001,-4480300.627136592,0.2200000000000001,-4022744.656620058,0.2200000000000001,-3618958.66318135,0.2200000000000001,-3263747.420817673,0.2200000000000001,-2951735.876263856,0.2200000000000001,-2677664.507689813
0.2300000000000001,-13849432.829442,0.2300000000000001,-12221041.00964223,0.2300000000000001,-10483071.34374897,0.2300000000000001,-9505667.213994794,0.2300000000000001,-8809839.489373781,0.2300000000000001,-8241858.057709381,0.2300000000000001,-7742574.795612928,0.2300000000000001,-7287017.778002649,0.2300000000000001,-6468673.036811705,0.2300000000000001,-5750932.991260403,0.2300000000000001,-5121957.278596794,0.2300000000000001,-4573066.444435682,0.2300000000000001,-4095419.903094098,0.2300000000000001,-3680135.206489907,0.2300000000000001,-3318800.505648346
0.2400000000000001,-18381416.46101634,0.2400000000000001,-16216897.04647086,0.2400000000000001,-13883653.98325774,0.2400000000000001,-12547854.23233977,0.2400000000000001,-11581248.11128161,0.2400000000000001,-10783919.3336158,0.2400000000000001,-10079981.57795701,0.2400000000000001,-9437900.698501196,0.2400000000000001,-8291246.773761305,0.2400000000000001,-7297737.290703901,0.2400000000000001,-6439051.351612075,0.2400000000000001,-5699890.983301769,0.2400000000000001,-5064908.830553329,0.2400000000000001,-4519338.668880996,0.2400000000000001,-4049741.313614408
0.2500000000000001,-24332172.51287349,0.2500000000000001,-21453868.03274678,0.2500000000000001,-18313456.32586348,0.2500000000000001,-16478568.60768951,0.2500000000000001,-15128309.55483118,0.2500000000000001,-14004223.16679978,0.2500000000000001,-13009666.25477613,0.2500000000000001,-12105012.92968921,0.2500000000000001,-10504447.91659505,0.2500000000000001,-9139924.312842602,0.2500000000000001,-7980425.85508324,0.2500000000000001,-6998263.214957256,0.2500000000000001,-6166826.465352195,0.2500000000000001,-5461815.115496248,0.2500000000000001,-4862065.137373077
0.2600000000000001,-32104512.23387687,0.2600000000000001,-28275100.93030679,0.2600000000000001,-24036499.39730904,0.2600000000000001,-21504023.38117732,0.2600000000000001,-19610060.98268873,0.2600000000000001,-18022639.74954238,0.2600000000000001,-16619390.37806638,0.2600000000000001,-15350333.12345715,0.2600000000000001,-13134403.80163725,0.2600000000000001,-11283159.11356482,0.2600000000000001,-9741007.899636596,0.2600000000000001,-8458102.881834742,0.2600000000000001,-7389285.915342334,0.2600000000000001,-6495566.001208717,0.2600000000000001,-5744495.900624895
0.2700000000000001,-42190004.45638028,0.2700000000000001,-37092552.94029395,0.2700000000000001,-31356310.44430348,0.2700000000000001,-27848309.11830885,0.2700000000000001,-25187638.84655343,0.2700000000000001,-22950485.51631464,0.2700000000000001,-20981989.63913003,0.2700000000000001,-19217841.53895951,0.2700000000000001,-16189306.23116833,0.2700000000000001,-13718979.19842414,0.2700000000000001,-11706057.50728583,0.2700000000000001,-10063528.83844233,0.2700000000000001,-8717556.264490737,0.2700000000000001,-7607857.369589154,0.2700000000000001,-6686454.116696103
0.2800000000000001,-55173731.4277947,0.2800000000000001,-48385994.85533684,0.2800000000000001,-40606727.55645747,0.2800000000000001,-35740033.2396104,0.2800000000000001,-32010220.1449472,0.2800000000000001,-28878211.53066473,0.2800000000000001,-26146128.87970107,0.2800000000000001,-23727740.26230232,0.2800000000000001,-19659630.02187419,0.2800000000000001,-16428633.61447803,0.2800000000000001,-13856553.04733023,0.2800000000000001,-11798497.95222028,0.2800000000000001,-10139297.77033947,0.2800000000000001,-8789788.181312503,0.2800000000000001,-7681905.895661291
0.2900000000000001,-71730940.63678639,0.2900000000000001,-62693552.27512729,0.2900000000000001,-52135143.05964699,0.2900000000000001,-45394226.63831902,0.2900000000000001,-40199875.02316522,0.2900000000000001,-35865341.51345331,0.2900000000000001,-32131692.78425196,0.2900000000000001,-28876589.49061938,0.2900000000000001,-23524258.41564658,0.2900000000000001,-19391173.77039539,0.2900000000000001,-16176993.47841594,0.2900000000000001,-13653420.14124133,0.2900000000000001,-11649811.01567665,0.2900000000000001,-10040299.13934578,0.2900000000000001,-8732349.842612127
0.3000000000000001,-92612331.03232415,0.3000000000000001,-80591809.89764552,0.3000000000000001,-66279219.39377578,0.3000000000000001,-56993173.33041555,0.3000000000000001,-49840286.30328265,0.3000000000000001,-43937459.20504979,0.3000000000000001,-38933450.62700442,0.3000000000000001,-34645424.835913,0.3000000000000001,-27761821.27485269,0.3000000000000001,-22593738.1574453,0.3000000000000001,-18663315.82496802,0.3000000000000001,-15630755.15318258,0.3000000000000001,-13255779.73014756,0.3000000000000001,-11368558.61185269,0.3000000000000001,-9848253.189057829
0.3100000000000001,-118616322.8352261,0.3100000000000001,-102665979.3660734,0.3100000000000001,-83341497.0385322,0.3100000000000001,-70672519.6223662,0.3100000000000001,-60975186.48626595,0.3100000000000001,-53094005.90133326,0.3100000000000001,-46534247.60888629,0.3100000000000001,-41014982.56540535,0.3100000000000001,-32364220.45201264,0.3100000000000001,-26040970.59754921,0.3100000000000001,-21328656.64066491,0.3100000000000001,-17748183.02450138,0.3100000000000001,-14976777.28044103,0.3100000000000001,-12794457.81732513,0.3100000000000001,-11048957.90236229
0.3200000000000001,-150550295.9513576,0.3200000000000001,-129474798.3932,0.3200000000000001,-103569791.8390906,0.3200000000000001,-86519898.56171484,0.3200000000000001,-73620460.36385122,0.3200000000000001,-63327105.02608346,0.3200000000000001,-54925170.53086487,0.3200000000000001,-47984044.58542402,0.3200000000000001,-37348373.78659807,0.3200000000000001,-29761070.73292482,0.3200000000000001,-24205814.64652567,0.3200000000000001,-20039089.74949896,0.3200000000000001,-16844759.08199965,0.3200000000000001,-14347657.83224559,0.3200000000000001,-12361571.8808091
0.3300000000000001,-189188067.0685176,0.3300000000000001,-161519534.0933033,0.3300000000000001,-127152639.9499155,0.3300000000000001,-104590686.4940522,0.3300000000000001,-87789136.1570027,0.3300000000000001,-74647073.12176837,0.3300000000000001,-64127062.70272756,0.3300000000000001,-55585599.25888799,0.3300000000000001,-42763248.80903718,0.3300000000000001,-33807613.96512347,0.3300000000000001,-27346658.48870524,0.3300000000000001,-22551047.1596971,0.3300000000000001,-18902308.16362254,0.3300000000000001,-16065895.42903144,0.3300000000000001,-13819443.03915173
0.3400000000000001,-235235901.5069117,0.3400000000000001,-199229163.7970211,0.3400000000000001,-154236183.9584815,0.3400000000000001,-124939575.303383,0.3400000000000001,-103523140.8161899,0.3400000000000001,-87107405.83197629,0.3400000000000001,-74207383.85574955,0.3400000000000001,-63896790.15464236,0.3400000000000001,-48691417.92005266,0.3400000000000001,-38257836.67237777,0.3400000000000001,-30819529.1726841,0.3400000000000001,-25343244.24355905,0.3400000000000001,-21200378.74965027,0.3400000000000001,-17993083.86412924,0.3400000000000001,-15460582.70245695
0.3500000000000001,-289320948.8610935,0.3500000000000001,-242971687.1092349,0.3500000000000001,-184961811.9300908,0.3500000000000001,-147660190.9039852,0.3500000000000001,-120922902.8487852,0.3500000000000001,-100822594.7578364,0.3500000000000001,-85288764.49540274,0.3500000000000001,-73041396.56941961,0.3500000000000001,-55246166.18509573,0.3500000000000001,-43208722.68823723,0.3500000000000001,-34705661.2881505,0.3500000000000001,-28483519.04276914,0.3500000000000001,-23795894.90540139,0.3500000000000001,-20177367.07905085,0.3500000000000001,-17326070.19901469
0.3600000000000002,-352011500.1073468,0.3600000000000002,-293093790.1108064,0.3600000000000002,-219515685.8658137,0.3600000000000002,-172921743.5406497,0.3600000000000002,-140167200.5828211,0.3600000000000002,-115975400.205772,0.3600000000000002,-97548835.35231644,0.3600000000000002,-83185935.96720393,0.3600000000000002,-62565736.78056203,0.3600000000000002,-48771908.10682155,0.3600000000000002,-39095084.49113999,0.3600000000000002,-32045094.01637178,0.3600000000000002,-26749108.35449979,0.3600000000000002,-22668932.88674977,0.3600000000000002,-19458202.9691704
0.3700000000000002,-423868258.6516503,0.3700000000000002,-349980587.682511,0.3700000000000002,-258176497.8431249,0.3700000000000002,-200993293.4481329,0.3700000000000002,-161519691.8907993,0.3700000000000002,-132813729.2805934,0.3700000000000002,-111212979.7298101,0.3700000000000002,-94531237.60593241,0.3700000000000002,-70805738.85577543,0.3700000000000002,-55067644.39635041,0.3700000000000002,-44081828.40919683,0.3700000000000002,-36102667.94198389,0.3700000000000002,-30120324.91833616,0.3700000000000002,-25517208.06993717,0.3700000000000002,-21898050.93360275
0.3800000000000002,-505514127.8368061,0.3800000000000002,-414119142.1069162,0.3800000000000002,-301348697.8405718,0.3800000000000002,-232250902.1325471,0.3800000000000002,-185322406.3519913,0.3800000000000002,-151639044.3401272,0.3800000000000002,-126541840.7289664,0.3800000000000002,-107300682.6340343,0.3800000000000002,-80129789.34641111,0.3800000000000002,-62217400.65615365,0.3800000000000002,-49757899.87771299,0.3800000000000002,-40727373.88405647,0.3800000000000002,-33965595.08477251,0.3800000000000002,-28767119.96205893,0.3800000000000002,-24682177.71542696
0.3900000000000002,-597702479.5509695,0.3900000000000002,-486147733.4294548,0.3900000000000002,-349573471.8739041,0.3900000000000002,-267167371.6230554,0.3900000000000002,-211978171.690565,0.3900000000000002,-172788002.2258618,0.3900000000000002,-143814415.3148152,0.3900000000000002,-121725218.5500036,0.3900000000000002,-90697851.17296053,0.3900000000000002,-70334540.46407183,0.3900000000000002,-56205626.60052878,0.3900000000000002,-45980371.21316732,0.3900000000000002,-38331278.36214497,0.3900000000000002,-32454438.12157942,0.3900000000000002,-27838614.62802738
0.4000000000000002,-701363510.8215523,0.4000000000000002,-566877111.3953327,0.4000000000000002,-403515222.6884243,0.4000000000000002,-306286369.0648193,0.4000000000000002,-241923630.6969961,0.4000000000000002,-196607967.1224432,0.4000000000000002,-163306649.9481965,0.4000000000000002,-138024745.2248636,0.4000000000000002,-102651922.7382236,0.4000000000000002,-79513041.73588696,0.4000000000000002,-63488604.16189434,0.4000000000000002,-51905483.83159584,0.4000000000000002,-43247991.93883687,0.4000000000000002,-36600752.35654443,0.4000000000000002,-31382656.0393176
0.4100000000000002,-817613792.8834928,0.4100000000000002,-657276687.6979911,0.4100000000000002,-463924690.4827739,0.4100000000000002,-350182861.4812313,0.4100000000000002,-275593758.9029583,0.4100000000000002,-223426634.2735901,0.4100000000000002,-185265632.3287015,0.4100000000000002,-156386118.7759613,0.4100000000000002,-116099821.1522233,0.4100000000000002,-89815349.74975443,0.4100000000000002,-71642488.4028471,0.4100000000000002,-58522148.66656864,0.4100000000000002,-48725158.99201599,0.4100000000000002,-41209220.4164677,0.4100000000000002,-35313515.33843084
0.4200000000000002,-947721864.731658,0.4200000000000002,-758424614.2566997,0.4200000000000002,-531581367.3743535,0.4200000000000002,-399411843.9182114,0.4200000000000002,-313379259.4034001,0.4200000000000002,-253517162.6845914,0.4200000000000002,-209881085.4599226,0.4200000000000002,-176939806.5433178,0.4200000000000002,-131099459.2934613,0.4200000000000002,-101261765.3423483,0.4200000000000002,-80667844.43124563,0.4200000000000002,-65820626.75880614,0.4200000000000002,-54747845.00842939,0.4200000000000002,-46262531.5800199,0.4200000000000002,-39613076.1704589
0.4300000000000002,-1093030227.385952,0.4300000000000002,-871425354.1747609,0.4300000000000002,-607219508.8972113,0.4300000000000002,-454449062.6836994,0.4300000000000002,-355580570.7862211,0.4300000000000002,-287062853.214956,0.4300000000000002,-237258411.5329712,0.4300000000000002,-199739462.7340081,0.4300000000000002,-147647489.8811776,0.4300000000000002,-113824593.8430646,0.4300000000000002,-90527627.14200442,0.4300000000000002,-73761490.68954544,0.4300000000000002,-61277442.02795026,0.4300000000000002,-51724289.47124857,0.4300000000000002,-44247665.577823
0.4400000000000002,-1254841313.606364,0.4400000000000002,-997303170.5784357,0.4400000000000002,-691445510.529114,0.4400000000000002,-515631108.532341,0.4400000000000002,-402365759.9853857,0.4400000000000002,-324128360.8235475,0.4400000000000002,-267399728.479443,0.4400000000000002,-224750151.5402865,0.4400000000000002,-165676505.4790808,0.4400000000000002,-127429920.9898014,0.4400000000000002,-101151162.7736243,0.4400000000000002,-82280548.53176355,0.4400000000000002,-68256869.41999917,0.4400000000000002,-57544146.62065659,0.4400000000000002,-49172953.75824825
0.4500000000000002,-1434282875.564145,0.4500000000000002,-1136886122.353794,0.4500000000000002,-784659441.721303,0.4500000000000002,-583106348.4424821,0.4500000000000002,-453742334.0185415,0.4500000000000002,-364645827.7894933,0.4500000000000002,-300199601.5413862,0.4500000000000002,-251850361.2339344,0.4500000000000002,-185063472.4304532,0.4500000000000002,-141968090.3300642,0.4500000000000002,-112444741.2418514,0.4500000000000002,-91298763.85741295,0.4500000000000002,-75619555.21665587,0.4500000000000002,-63665811.64919513,0.4500000000000002,-54341047.69265261
0.4600000000000002,-1632176229.583895,0.4600000000000002,-1290701571.583404,0.4600000000000002,-886997632.353683,0.4600000000000002,-656809916.8343843,0.4600000000000002,-509552683.7249997,0.4600000000000002,-408422524.9889633,0.4600000000000002,-335459489.4675666,0.4600000000000002,-280849848.924364,0.4600000000000002,-205648950.7323574,0.4600000000000002,-157311270.2105896,0.4600000000000002,-124306765.7898947,0.4600000000000002,-100735039.1559128,0.4600000000000002,-83300154.94229722,0.4600000000000002,-70036045.1836127,0.4600000000000002,-59708074.40613765
0.4700000000000003,-1848935862.667255,0.4700000000000003,-1458907392.377581,0.4700000000000003,-998312909.4320804,0.4700000000000003,-736472944.8831596,0.4700000000000003,-569498229.9197094,0.4700000000000003,-455171352.7032507,0.4700000000000003,-372919762.6877722,0.4700000000000003,-311520628.3918852,0.4700000000000003,-227263133.7927494,0.4700000000000003,-173334092.6672426,0.4700000000000003,-136643839.819503,0.4700000000000003,-110518751.7322814,0.4700000000000003,-91244386.67250471,0.4700000000000003,-76612450.71820113,0.4700000000000003,-65240418.34934999
0.4800000000000003,-2084526799.183003,0.4800000000000003,-1641279158.111328,0.4800000000000003,-1118202200.653705,0.4800000000000003,-821668054.1635382,0.4800000000000003,-633189400.46944,0.4800000000000003,-504558637.558612,0.4800000000000003,-412302543.9622996,0.4800000000000003,-343634090.2807655,0.4800000000000003,-249752467.0849509,0.4800000000000003,-189932370.9592479,0.4800000000000003,-149383948.8095217,0.4800000000000003,-120599122.848605,0.4800000000000003,-99415766.65113424,0.4800000000000003,-83368371.82434359,0.4800000000000003,-70918317.8911195
0.4900000000000003,-2338494522.667345,0.4900000000000003,-1837261320.001638,0.4900000000000003,-1246078887.894341,0.4900000000000003,-911882540.3236988,0.4900000000000003,-700210504.6308498,0.4900000000000003,-556258103.2943146,0.4900000000000003,-453355148.2266693,0.4900000000000003,-376995354.4381762,0.4900000000000003,-273000630.53076,0.4900000000000003,-207035767.361933,0.4900000000000003,-162484052.8102356,0.4900000000000003,-130949697.778326,0.4900000000000003,-107798158.2407635,0.4900000000000003,-90294228.28627308,0.4900000000000003,-76736432.42159761
0.5000000000000002,-2610063382.625388,0.5000000000000002,-2046073006.887791,0.5000000000000002,-1381274079.889653,0.5000000000000002,-1006602151.951065,0.5000000000000002,-770184046.081531,0.5000000000000002,-609998254.082538,0.5000000000000002,-495884129.1673342,0.5000000000000002,-411467290.4458978,0.5000000000000002,-296939845.9514983,0.5000000000000002,-224612451.057328,0.5000000000000002,-175931297.9296222,0.5000000000000002,-141567788.0401115,0.5000000000000002,-116394331.6000496,0.5000000000000002,-97395667.74357906,0.5000000000000002,-82701841.73591729
0.5100000000000002,-2898279989.386924,0.5100000000000002,-2266843296.392008,0.5100000000000002,-1523142586.381326,0.5100000000000002,-1105385739.95986,0.5100000000000002,-842819982.8959256,0.5100000000000002,-665593247.5153136,0.5100000000000002,-539773533.9016215,0.5100000000000002,-446980356.1898382,0.5100000000000002,-321551637.6588808,0.5100000000000002,-242666193.3101701,0.5100000000000002,-189738817.8845132,0.5100000000000002,-152470005.3300416,0.5100000000000002,-125221659.9554872,0.5100000000000002,-104689587.9108042,0.5100000000000002,-88830438.82105163
0.5200000000000002,-3202165984.35529,0.5200000000000002,-2498743250.108286,0.5200000000000002,-1671149346.759253,0.5200000000000002,-1207915175.442298,0.5200000000000002,-917941085.3177458,0.5200000000000002,-722953024.4536793,0.5200000000000002,-584986050.9329417,0.5200000000000002,-483528679.7150621,0.5200000000000002,-346858949.7025893,0.5200000000000002,-261228061.7299632,0.5200000000000002,-203938132.7214128,0.5200000000000002,-163685630.4335759,0.5200000000000002,-134306430.1667926,0.5200000000000002,-112199273.0250932,0.5200000000000002,-95142763.41274568
0.5300000000000002,-3520844437.542749,0.5300000000000002,-2741085431.322174,0.5300000000000002,-1824919820.659946,0.5300000000000002,-1314013457.867754,0.5300000000000002,-995483026.608037,0.5300000000000002,-782074378.4770774,0.5300000000000002,-631550150.1431714,0.5300000000000002,-521155985.9846722,0.5300000000000002,-372913042.8313516,0.5300000000000002,-280345511.9796961,0.5300000000000002,-218570336.8026415,0.5300000000000002,-175249520.1406599,0.5300000000000002,-143678097.0981361,0.5300000000000002,-119949692.9239794,0.5300000000000002,-101660112.925912
0.5400000000000003,-3853615049.778053,0.5400000000000003,-2993373672.762182,0.5400000000000003,-1984249435.414877,0.5400000000000003,-1423632988.448799,0.5400000000000003,-1075474125.476506,0.5400000000000003,-843018680.0676297,0.5400000000000003,-679538727.9756224,0.5400000000000003,-559936291.5148131,0.5400000000000003,-399778752.2292675,0.5400000000000003,-300071387.9144128,0.5400000000000003,-233677839.0708939,0.5400000000000003,-187195807.4312464,0.5400000000000003,-153364391.5716441,0.5400000000000003,-127963636.2146827,0.5400000000000003,-108401434.93951
0.5500000000000003,-4199969888.048414,0.5500000000000003,-3255300904.931295,0.5500000000000003,-2149077824.83503,0.5500000000000003,-1536822372.765461,0.5500000000000003,-1158002976.725473,0.5500000000000003,-905883355.9675555,0.5500000000000003,-729045035.0742016,0.5500000000000003,-599953945.7070248,0.5500000000000003,-427520911.3876824,0.5500000000000003,-320454553.7902427,0.5500000000000003,-249297732.8877175,0.5500000000000003,-199553081.0042074,0.5500000000000003,-163387725.7526616,0.5500000000000003,-136258967.7300425,0.5500000000000003,-115381191.7056985
0.5600000000000003,-4559556962.671112,0.5600000000000003,-3526705282.275198,0.5600000000000003,-2319440077.842183,0.5600000000000003,-1653682576.787885,0.5600000000000003,-1243182453.05057,0.5600000000000003,-970773419.2193969,0.5600000000000003,-780160446.8465762,0.5600000000000003,-641286290.0722159,0.5600000000000003,-456193613.2843505,0.5600000000000003,-341533009.0430652,0.5600000000000003,-265457218.6755781,0.5600000000000003,-212341239.6078703,0.5600000000000003,-173762967.5507433,0.5600000000000003,-144847013.7675441,0.5600000000000003,-122608162.9017529
0.5700000000000003,-4932108970.810734,0.5700000000000003,-3807501508.797998,0.5700000000000003,-2495408816.288323,0.5700000000000003,-1774322342.162615,0.5700000000000003,-1331116731.970398,0.5700000000000003,-1037777376.988037,0.5700000000000003,-832956837.0848573,0.5700000000000003,-683990665.4957333,0.5700000000000003,-485832929.7319002,0.5700000000000003,-363329634.5894096,0.5700000000000003,-282171028.3257605,0.5700000000000003,-225569889.0939523,0.5700000000000003,-184496424.146883,0.5700000000000003,-153731911.3795623,0.5700000000000003,-130085029.5741688
0.5800000000000003,-5317357672.006505,0.5800000000000003,-4097604993.245809,0.5800000000000003,-2677038817.387035,0.5800000000000003,-1898819933.552812,0.5800000000000003,-1421875371.547004,0.5800000000000003,-1106949682.911334,0.5800000000000003,-887474626.9381979,0.5800000000000003,-728096205.2628495,0.5800000000000003,-516452960.2825732,0.5800000000000003,-385850277.9934024,0.5800000000000003,-299440533.2925622,0.5800000000000003,-239237984.5877227,0.5800000000000003,-195585770.1027046,0.5800000000000003,-162910690.9397319,0.5800000000000003,-137808539.0524963
0.5900000000000003,-5714951973.310317,0.5900000000000003,-4396863052.713428,0.5900000000000003,-2864321985.813049,0.5900000000000003,-2027195003.107911,0.5900000000000003,-1515476001.333506,0.5900000000000003,-1178300149.7997,0.5900000000000003,-943716356.0251768,0.5900000000000003,-773599997.6576939,0.5900000000000003,-548044665.1960202,0.5900000000000003,-409083679.5226493,0.5900000000000003,-317254118.4615288,0.5900000000000003,-253334374.6986288,0.5900000000000003,-207020638.7978609,0.5900000000000003,-172373859.9366468,0.5900000000000003,-145770057.6050324
0.6000000000000003,-6124392391.108743,0.6000000000000003,-4705002176.428517,0.6000000000000003,-3057156411.78543,0.6000000000000003,-2159391573.994473,0.6000000000000003,-1611875399.772709,0.6000000000000003,-1251789609.151424,0.6000000000000003,-1001644920.639726,0.6000000000000003,-820466770.424126,0.6000000000000003,-580576784.4370188,0.6000000000000003,-433002701.8712055,0.6000000000000003,-335588411.0720003,0.6000000000000003,-267838930.2698235,0.6000000000000003,-218783627.7484016,0.6000000000000003,-182106288.6622922,0.6000000000000003,-153956348.9559087
0.6100000000000003,-6544988478.122653,0.6100000000000003,-5021595237.907387,0.6100000000000003,-3255329997.994088,0.6100000000000003,-2295271255.818411,0.6100000000000003,-1710967684.302542,0.6100000000000003,-1327330549.11489,0.6100000000000003,-1061185347.326023,0.6100000000000003,-868631129.2617925,0.6100000000000003,-613998160.3973925,0.6100000000000003,-457566380.7881374,0.6100000000000003,-354410015.1037394,0.6100000000000003,-282723997.6428021,0.6100000000000003,-230851519.3839888,0.6100000000000003,-192088242.8396512,0.6100000000000003,-162350455.154524
0.6200000000000003,-6975840599.868537,0.6200000000000003,-5346048549.276984,0.6200000000000003,-3458517024.983428,0.6200000000000003,-2434614795.173008,0.6200000000000003,-1812587910.797332,0.6200000000000003,-1404791323.346536,0.6200000000000003,-1122228971.547381,0.6200000000000003,-918001448.7526118,0.6200000000000003,-648240882.6703378,0.6200000000000003,-482722407.4091199,0.6200000000000003,-373677480.1754867,0.6200000000000003,-297955980.823688,0.6200000000000003,-243196571.5041516,0.6200000000000003,-202296451.5363537,0.6200000000000003,-170932592.2495121
0.6300000000000003,-7415843779.983734,0.6300000000000003,-5677606094.935134,0.6300000000000003,-3666284957.632755,0.6300000000000003,-2577129726.408028,0.6300000000000003,-1916519359.698532,0.6300000000000003,-1484002630.458599,0.6300000000000003,-1184639039.504265,0.6300000000000003,-968464667.0989294,0.6300000000000003,-683223801.7707007,0.6300000000000003,-508409752.2533936,0.6300000000000003,-393343309.7092666,0.6300000000000003,-313496915.3457665,0.6300000000000003,-255787777.4419779,0.6300000000000003,-212705135.2664991,0.6300000000000003,-179681002.877169
0.6400000000000003,-7863709241.773832,0.6400000000000003,-6015367015.811481,0.6400000000000003,-3878108500.884256,0.6400000000000003,-2722461974.66532,0.6400000000000003,-2022502991.38141,0.6400000000000003,-1564765185.293852,0.6400000000000003,-1248256954.107838,0.6400000000000003,-1019891411.420262,0.6400000000000003,-718856083.0853013,0.6400000000000003,-534561228.9495987,0.6400000000000003,-413355876.9337797,0.6400000000000003,-329305944.1198603,0.6400000000000003,-268592032.244431,0.6400000000000003,-223286947.5541925,0.6400000000000003,-188572730.5243181
0.6500000000000004,-8317998460.771069,0.6500000000000004,-6358312104.828052,0.6500000000000004,-4093388098.384698,0.6500000000000004,-2870209570.243538,0.6500000000000004,-2130247849.515002,0.6500000000000004,-1646857754.128985,0.6500000000000004,-1312908589.675432,0.6500000000000004,-1072141043.584843,0.6500000000000004,-755040578.2355537,0.6500000000000004,-561105866.9167008,0.6500000000000004,-433661167.0678125,0.6500000000000004,-345340641.6727743,0.6500000000000004,-281575168.2308742,0.6500000000000004,-234013804.0649609,0.6500000000000004,-197584296.6507882
0.6600000000000004,-8777164620.818005,0.6600000000000004,-6705335368.567276,0.6600000000000004,-4311470498.296923,0.6600000000000004,-3019937019.981456,0.6600000000000004,-2239441497.66872,0.6600000000000004,-1730044960.26424,0.6600000000000004,-1378410278.257171,0.6600000000000004,-1125066353.314663,0.6600000000000004,-791676874.6825019,0.6600000000000004,-587971016.3510051,0.6600000000000004,-454204300.8777503,0.6600000000000004,-361558159.3793526,0.6600000000000004,-294702842.6146737,0.6600000000000004,-244857588.1005557,0.6600000000000004,-206692273.3134205
0.6700000000000004,-9239596977.993446,0.6700000000000004,-7055277325.506647,0.6700000000000004,-4531669526.877775,0.6700000000000004,-3171189265.197819,0.6700000000000004,-2349759850.227426,0.6700000000000004,-1814084464.772269,0.6700000000000004,-1444574215.115433,0.6700000000000004,-1178517732.742039,0.6700000000000004,-828663947.2545555,0.6700000000000004,-615084148.3156176,0.6700000000000004,-474930821.0585433,0.6700000000000004,-377916182.6319492,0.6700000000000004,-307941273.1980237,0.6700000000000004,-255790731.2572496,0.6700000000000004,-215873751.6533203
0.6800000000000004,-9703664508.378588,0.6800000000000004,-7406957448.541105,0.6800000000000004,-4753285718.265275,0.6800000000000004,-3323504495.9854,0.6800000000000004,-2460875987.982845,0.6800000000000004,-1898733284.96082,0.6800000000000004,-1511213142.256395,0.6800000000000004,-1232346747.276117,0.6800000000000004,-865902380.7296711,0.6800000000000004,-642374340.4768404,0.6800000000000004,-495787740.9562534,0.6800000000000004,-394373703.2827101,0.6800000000000004,-321257827.0131438,0.6800000000000004,-266786674.6096753,0.6800000000000004,-225106711.6079196
0.6900000000000004,-10167756158.68497,0.6900000000000004,-7759203894.402045,0.6900000000000004,-4975623900.130464,0.6900000000000004,-3476425373.142064,0.6900000000000004,-2572467729.505499,0.6900000000000004,-1983753133.131358,0.6900000000000004,-1578144251.329389,0.6900000000000004,-1286409076.004345,0.6900000000000004,-903296164.3203231,0.6900000000000004,-669773457.8432333,0.6900000000000004,-516724367.1000023,0.6900000000000004,-410891618.7092271,0.6900000000000004,-334621472.3997962,0.6900000000000004,-277820219.8619689,0.6900000000000004,-234370301.2621169
0.7000000000000004,-10630315915.12113,0.7000000000000004,-8110879325.316617,0.7000000000000004,-5198008210.052786,0.7000000000000004,-3629508430.405575,0.7000000000000004,-2684223865.878544,0.7000000000000004,-2068914746.008118,0.7000000000000004,-1645192305.916843,0.7000000000000004,-1340566835.482113,0.7000000000000004,-940754080.119836,0.7000000000000004,-697217050.0009943,0.7000000000000004,-537692914.465019,0.7000000000000004,-427433173.6917953,0.7000000000000004,-348003108.2901657,0.7000000000000004,-288867782.2142606,0.7000000000000004,-243645035.9223107
0.7100000000000004,-11089871689.27808,0.7100000000000004,-8460902185.672429,0.7100000000000004,-5419794313.524722,0.7100000000000004,-3782331596.145217,0.7100000000000004,-2795849065.165593,0.7100000000000004,-2154001236.729599,0.7100000000000004,-1712192023.188769,0.7100000000000004,-1394690327.661887,0.7100000000000004,-978190720.8825492,0.7100000000000004,-724644993.5552409,0.7100000000000004,-558648937.5711488,0.7100000000000004,-443964263.8389596,0.7100000000000004,-361375786.0836705,0.7100000000000004,-299907557.7394193,0.7100000000000004,-252912927.6896598
0.7200000000000004,-11545057659.62428,0.7200000000000004,-8808263238.208845,0.7200000000000004,-5640378816.579386,0.7200000000000004,-3934499892.927953,0.7200000000000004,-2907067520.921129,0.7200000000000004,-2238810541.996801,0.7200000000000004,-1778989780.330225,0.7200000000000004,-1448659269.167499,0.7200000000000004,-1015527179.962437,0.7200000000000004,-752001912.1104063,0.7200000000000004,-579551602.3453115,0.7200000000000004,-460453620.212466,0.7200000000000004,-374714839.923543,0.7200000000000004,-310919618.2259146,0.7200000000000004,-262157556.3182145
0.7300000000000004,-11994630196.35382,0.7300000000000004,-9152037493.640167,0.7300000000000004,-5859206023.188969,0.7300000000000004,-4085649453.5704,0.7300000000000004,-3017625462.415461,0.7300000000000004,-2323157061.528183,0.7300000000000004,-1845444725.542224,0.7300000000000004,-1502363567.749756,0.7300000000000004,-1052691459.395513,0.7300000000000004,-779237407.1596903,0.7300000000000004,-600363823.825153,0.7300000000000004,-476872894.5693422,0.7300000000000004,-387997940.7943622,0.7300000000000004,-321885945.9934314,0.7300000000000004,-271364091.686272
0.7400000000000004,-12437477843.79561,0.7400000000000004,-9491391895.647121,0.7400000000000004,-6075772290.219547,0.7400000000000004,-4235450041.152076,0.7400000000000004,-3127292668.516208,0.7400000000000004,-2406872599.270671,0.7400000000000004,-1911429379.578542,0.7400000000000004,-1555703714.645561,0.7400000000000004,-1089618642.195743,0.7400000000000004,-806306132.4727249,0.7400000000000004,-621052293.772858,0.7400000000000004,-493196663.6252018,0.7400000000000004,-401205088.9160137,0.7400000000000004,-332790420.3349281,0.7400000000000004,-280519277.4470199
0.7500000000000004,-12872626055.25728,0.7500000000000004,-9825589264.811909,0.7500000000000004,-6289628291.340612,0.7500000000000004,-4383606284.979436,0.7500000000000004,-3235863137.0137,0.7500000000000004,-2489806719.060437,0.7500000000000004,-1976829813.975887,0.7500000000000004,-1608590860.352853,0.7500000000000004,-1126250872.889002,0.7500000000000004,-833167742.5642081,0.7500000000000004,-641587420.4988279,0.7500000000000004,-509402369.2280947,0.7500000000000004,-414318557.6205249,0.7500000000000004,-343618766.1386405,0.7500000000000004,-289611384.4798876
0.7600000000000005,-13299237491.45922,0.7600000000000005,-10153989076.76249,0.7600000000000005,-6500379525.773161,0.7600000000000005,-4529857850.758484,0.7600000000000005,-3343155060.511372,0.7600000000000005,-2571826624.23307,0.7600000000000005,-2041545488.180073,0.7600000000000005,-1660946637.334887,0.7600000000000005,-1162537186.872989,0.7600000000000005,-859786743.0519205,0.7600000000000005,-661943200.9689635,0.7600000000000005,-525470209.5303426,0.7600000000000005,-427322800.420261,0.7600000000000005,-354358474.0149862,0.7600000000000005,-298630141.7294721
0.7700000000000005,-13716608728.34709,0.7700000000000005,-10476045667.74504,0.7700000000000005,-6707685406.986117,0.7700000000000005,-4673978756.453076,0.7700000000000005,-3449010252.052345,0.7700000000000005,-2652816663.159761,0.7700000000000005,-2105488821.112624,0.7700000000000005,-1712702787.408833,0.7700000000000005,-1198433224.935351,0.7700000000000005,-886132267.52104,0.7700000000000005,-682097042.8181144,0.7700000000000005,-541382994.3176926,0.7700000000000005,-440204331.4266807,0.7700000000000005,-364998699.984743,0.7700000000000005,-307566650.9634371
0.7800000000000005,-14124164194.88846,0.7800000000000005,-10791304439.96898,0.7800000000000005,-6911257248.084051,0.7800000000000005,-4815776029.786023,0.7800000000000005,-3553293151.026851,0.7800000000000005,-2732677552.512363,0.7800000000000005,-2168584564.490649,0.7800000000000005,-1763800644.851293,0.7800000000000005,-1233900864.623409,0.7800000000000005,-912177802.1670117,0.7800000000000005,-702029551.3878176,0.7800000000000005,-557125975.7202147,0.7800000000000005,-452951587.7443638,0.7800000000000005,-375530151.5413381,0.7800000000000005,-316413290.9541771
0.7900000000000005,-14521448095.90677,0.7900000000000005,-11099396592.3076,0.7900000000000005,-7110855431.015188,0.7900000000000005,-4955087882.5485,0.7900000000000005,-3655889524.655408,0.7900000000000005,-2811325398.529707,0.7900000000000005,-2230769036.273078,0.7900000000000005,-1814190519.168657,0.7900000000000005,-1268907795.459349,0.7900000000000005,-937900876.1837859,0.7900000000000005,-721724294.4731185,0.7900000000000005,-572686663.6720816,0.7900000000000005,-465554781.0057936,0.7900000000000005,-385944965.7259191,0.7900000000000005,-325163615.6255977
0.8000000000000005,-14908114985.39473,0.8000000000000005,-11400032839.93016,0.8000000000000005,-7306286010.934188,0.8000000000000005,-5091781553.507398,0.8000000000000005,-3756704964.026693,0.8000000000000005,-2888690584.640111,0.8000000000000005,-2291989263.593115,0.8000000000000005,-1863831014.470128,0.8000000000000005,-1303427060.464432,0.8000000000000005,-963282732.7316447,0.8000000000000005,-741167555.1849087,0.8000000000000005,-588054633.7642733,0.8000000000000005,-478005743.867971,0.8000000000000005,-396236583.7783475,0.8000000000000005,-333812249.8277919
0.8100000000000005,-15283919554.94563,0.8100000000000005,-11692996517.50325,0.8100000000000005,-7497396968.921618,0.8100000000000005,-5225750947.741577,0.8100000000000005,-3855663257.424673,0.8100000000000005,-2964716582.18286,0.8100000000000005,-2352202075.897251,0.8100000000000005,-1912688315.746201,0.8100000000000005,-1337436582.246071,0.8100000000000005,-988307992.4453319,0.8100000000000005,-760348081.2635558,0.8100000000000005,-603221333.5791199,0.8100000000000005,-490297776.0855041,0.8100000000000005,-406399625.9663155,0.8100000000000005,-342354785.6203718
0.8200000000000005,-15648706099.5087,0.8200000000000005,-11978136390.87156,0.8200000000000005,-7684074288.575999,0.8200000000000005,-5356914177.102571,0.8200000000000005,-3952704708.285287,0.8200000000000005,-3039358730.12694,0.8200000000000005,-2411373181.035882,0.8200000000000005,-1960735466.288044,0.8200000000000005,-1370918688.105576,0.8200000000000005,-1012964318.876981,0.8200000000000005,-779256837.3443207,0.8200000000000005,-618179892.225389,0.8200000000000005,-502425493.7165917,0.8200000000000005,-416429769.3552129,0.8200000000000005,-350787681.2641684
0.8300000000000005,-16002398025.22299,0.8300000000000005,-12255359435.82931,0.8300000000000005,-7866237996.624845,0.8300000000000005,-5485211085.105325,0.8300000000000005,-4047784451.072164,0.8300000000000005,-3112583019.891843,0.8300000000000005,-2469476249.909676,0.8300000000000005,-2007951655.088242,0.8300000000000005,-1403859645.285795,0.8300000000000005,-1037242093.030175,0.8300000000000005,-797886765.0840199,0.8300000000000005,-632924936.6103936,0.8300000000000005,-514384684.1090817,0.8300000000000005,-426323630.5623074,0.8300000000000005,-359108164.5393289
0.8400000000000005,-16344987675.74733,0.8400000000000005,-12524623782.38161,0.8400000000000005,-8043838275.789611,0.8400000000000005,-5610600820.444226,0.8400000000000005,-4140870805.92173,0.8400000000000005,-3184364912.771727,0.8400000000000005,-2526492029.04415,0.8400000000000005,-2054321528.382458,0.8400000000000005,-1436249214.607097,0.8400000000000005,-1061134102.229625,0.8400000000000005,-816232554.7068993,0.8400000000000005,-647452416.9859773,0.8400000000000005,-526172168.5476572,0.8400000000000005,-436078654.9348798,0.8400000000000005,-367314141.5205562
0.8500000000000005,-16676526676.49099,0.8500000000000005,-12785931970.17856,0.8500000000000005,-8216851730.265726,0.8500000000000005,-5733059506.740277,0.8500000000000005,-4231943702.180371,0.8500000000000005,-3254688210.090139,0.8500000000000005,-2582407495.152226,0.8500000000000005,-2099834535.518928,0.8500000000000005,-1468080228.322476,0.8500000000000005,-1084635246.97095,0.8500000000000005,-834290430.4020224,0.8500000000000005,-661759443.4758816,0.8500000000000005,-537785673.8098148,0.8500000000000005,-445693013.0939656,0.8500000000000005,-375404111.5395453
0.8600000000000005,-16997116931.21131,0.8600000000000005,-13039324616.09002,0.8600000000000005,-8385277860.505133,0.8600000000000005,-5852578042.089411,0.8600000000000005,-4320993191.92344,0.8600000000000005,-3323543990.0316,0.8600000000000005,-2637215061.310635,0.8600000000000005,-2144484316.040952,0.8600000000000005,-1499348196.02719,0.8600000000000005,-1107742268.081765,0.8600000000000005,-852057951.0850521,0.8600000000000005,-675844134.6173068,0.8600000000000005,-549223713.3647927,0.8600000000000005,-455165505.3829865,0.8600000000000005,-383377088.7415677
0.8700000000000006,-17306902352.35557,0.8700000000000006,-13284874558.03226,0.8700000000000006,-8549135784.397884,0.8700000000000006,-5969160050.385506,0.8700000000000006,-4408018067.108243,0.8700000000000006,-3390929620.02775,0.8700000000000006,-2690911840.754475,0.8700000000000006,-2188268132.180099,0.8700000000000006,-1530050940.844414,0.8700000000000006,-1130453495.469193,0.8700000000000006,-869533827.3012788,0.8700000000000006,-689705478.4117224,0.8700000000000006,-560485478.5416861,0.8700000000000006,-464495474.4417817,0.8700000000000006,-391232530.3880771
0.8800000000000006,-17606061364.4031,0.8800000000000006,-13522681509.6197,0.8800000000000006,-8708461226.137169,0.8800000000000006,-6082819997.034662,0.8800000000000006,-4493024588.027453,0.8800000000000006,-3456847849.509235,0.8800000000000006,-2743498971.398625,0.8800000000000006,-2231186348.81703,0.8800000000000006,-1560188266.831711,0.8800000000000006,-1152768618.898183,0.8800000000000006,-886717754.4709784,0.8800000000000006,-703343205.9609865,0.8800000000000006,-571570739.6765659,0.8800000000000006,-473682725.8802534,0.8800000000000006,-398970271.8606116
0.8900000000000006,-17894800187.08605,0.8900000000000006,-13752867237.20682,0.8900000000000006,-8863303781.61738,0.8900000000000006,-6193581474.307648,0.8900000000000006,-4576025326.023032,0.8900000000000006,-3521305984.647985,0.8900000000000006,-2794981001.9339,0.8900000000000006,-2273241961.301147,0.8900000000000006,-1589761657.566531,0.8900000000000006,-1174688480.607447,0.8900000000000006,-903610262.2387313,0.8900000000000006,-716757677.4470364,0.8900000000000006,-582479757.0094632,0.8900000000000006,-482727456.8405429,0.8900000000000006,-406590468.1740285
0.9000000000000006,-18173346881.34911,0.9000000000000006,-13975571253.5306,0.9000000000000006,-9013724459.705925,0.9000000000000006,-6301475655.9297,0.9000000000000006,-4657038119.819796,0.9000000000000006,-3584315144.283075,0.9000000000000006,-2845365338.627575,0.9000000000000006,-2314440170.260124,0.9000000000000006,-1618774005.128902,0.9000000000000006,-1196214889.095462,0.9000000000000006,-920212579.3639189,0.9000000000000006,-729949779.980116,0.9000000000000006,-593213200.9277929,0.9000000000000006,-491630192.1024254,0.9000000000000006,-414093541.7009404
0.9100000000000006,-18441946123.86489,0.9100000000000006,-14190947009.5571,0.9100000000000006,-9159793491.699995,0.9100000000000006,-6406539916.312418,0.9100000000000006,-4736085142.166723,0.9100000000000006,-3645889594.427507,0.9100000000000006,-2894661750.694459,0.9100000000000006,-2354788001.607982,0.9100000000000006,-1647229368.164134,0.9100000000000006,-1217350453.069216,0.9100000000000006,-936526513.3596404,0.9100000000000006,-742920836.6769178,0.9100000000000006,-603772081.0316788,0.9100000000000006,-500391727.2939054,0.9100000000000006,-421480135.7364827
0.9200000000000006,-18700854664.5358,0.9200000000000006,-14399158557.43181,0.9200000000000006,-9301588396.295437,0.9200000000000006,-6508816606.843165,0.9200000000000006,-4813192071.573373,0.9200000000000006,-3706046157.48045,0.9200000000000006,-2942881931.21588,0.9200000000000006,-2394293969.316969,0.9200000000000006,-1675132757.34012,0.9200000000000006,-1238098434.318904,0.9200000000000006,-952554343.9342235,0.9200000000000006,-755672526.2226293,0.9200000000000006,-614157683.4182239,0.9200000000000006,-509013078.7099597,0.9200000000000006,-428751073.4867976
0.9300000000000006,-18950337414.51391,0.9300000000000006,-14600377651.85031,0.9300000000000006,-9439192284.071831,0.9300000000000006,-6608351979.635835,0.9300000000000006,-4888387362.652925,0.9300000000000006,-3764803691.422649,0.9300000000000006,-2990039109.997574,0.9300000000000006,-2432967778.098598,0.9300000000000006,-1702489946.280309,0.9300000000000006,-1258462618.139726,0.9300000000000006,-968298729.197549,0.9300000000000006,-768206812.1082031,0.9300000000000006,-624371515.5372756,0.9300000000000006,-517495439.2096271,0.9300000000000006,-435907322.0399536
0.9400000000000006,-19190664108.83079,0.9400000000000006,-14794781254.03218,0.9400000000000006,-9572692383.488663,0.9400000000000006,-6705195247.91286,0.9400000000000006,-4961701607.804815,0.9400000000000006,-3822182633.762398,0.9400000000000006,-3036147714.411958,0.9400000000000006,-2470820062.897437,0.9400000000000006,-1729307305.92565,0.9400000000000006,-1278447199.849043,0.9400000000000006,-983762623.5502588,0.9400000000000006,-780525880.7062489,0.9400000000000006,-634415257.9530213,0.9400000000000006,-525840139.6495914,0.9400000000000006,-442949960.8697937
0.9500000000000006,-19422106486.88775,0.9500000000000006,-14982549401.21534,0.9500000000000006,-9702178769.398294,0.9500000000000006,-6799397771.561717,0.9500000000000006,-5033166982.57931,0.9500000000000006,-3878204604.752695,0.9500000000000006,-3081223074.110865,0.9500000000000006,-2507862161.997028,0.9500000000000006,-1755591660.232785,0.9500000000000006,-1298056685.927255,0.9500000000000006,-998949206.1663407,0.9500000000000006,-792632087.3475496,0.9500000000000006,-644290722.3475015,0.9500000000000006,-534048615.3155689,0.9500000000000006,-449880154.427195
0.9600000000000006,-19644935935.10408,0.9600000000000006,-15163863404.70988,0.9600000000000006,-9827743274.864887,0.9600000000000006,-6891012356.243866,0.9600000000000006,-5102816766.972016,0.9600000000000006,-3932892064.354118,0.9600000000000006,-3125281165.478135,0.9600000000000006,-2544105920.537462,0.9600000000000006,-1781350161.131352,0.9600000000000006,-1317295808.330098,0.9600000000000006,-1013861818.999039,0.9600000000000006,-804527909.5782514,0.9600000000000006,-653999815.1183394,0.9600000000000006,-542122376.8274598,0.9600000000000006,-456699128.3862185
0.9700000000000006,-19859421538.38611,0.9700000000000006,-15338904340.66855,0.9700000000000006,-9949478567.429443,0.9700000000000006,-6980092654.611383,0.9700000000000006,-5170684935.020745,0.9700000000000006,-3986268017.519544,0.9700000000000006,-3168338391.77915,0.9700000000000006,-2579563521.321446,0.9700000000000006,-1806590180.723713,0.9700000000000006,-1336169450.568427,0.9700000000000006,-1028503913.279031,0.9700000000000006,-816215906.8098186,0.9700000000000006,-663544505.9497712,0.9700000000000006,-550062985.0166589,0.9700000000000006,-463408149.1317625
0.9800000000000006,-20065828490.30833,0.9800000000000006,-15507851799.53227,0.9800000000000006,-10067477371.71315,0.9800000000000006,-7066692658.608993,0.9800000000000006,-5236805805.360024,0.9800000000000006,-4038355762.585639,0.9800000000000006,-3210411395.127192,0.9800000000000006,-2614247339.916934,0.9800000000000006,-1831319218.802322,0.9800000000000006,-1354682584.219419,0.9800000000000006,-1042879003.526109,0.9800000000000006,-827698685.6151907,0.9800000000000006,-672926800.7694527,0.9800000000000006,-557872029.3016033,0.9800000000000006,-470008506.0985937
0.9900000000000007,-20264416815.64696,0.9900000000000007,-15670882862.34656,0.9900000000000007,-10181831821.2766,0.9900000000000007,-7150866272.428251,0.9900000000000007,-5301213745.77826,0.9900000000000007,-4089178677.83621,0.9900000000000007,-3251516896.599486,0.9900000000000007,-2648169821.23272,0.9900000000000007,-1855544823.872473,0.9900000000000007,-1372840214.613794,0.9900000000000007,-1056990628.156049,0.9900000000000007,-838978869.9716403,0.9900000000000007,-682148718.5411998,0.9900000000000007,-565551109.1183448,0.9900000000000007,-476501496.5971354
1.000000000000001,-20455440362.91058,1.000000000000001,-15828171274.63176,1.000000000000001,-10292632923.84132,1.000000000000001,-7232666956.376477,1.000000000000001,-5363942925.280424,1.000000000000001,-4138760041.629026,1.000000000000001,-3291671561.080489,1.000000000000001,-2681343374.933481,1.000000000000001,-1879274525.992852,1.000000000000001,-1390647334.531419,1.000000000000001,-1070842315.829501,1.000000000000001,-850059075.8008436,1.000000000000001,-691212271.3833576,1.000000000000001,-573101817.994957,1.000000000000001,-482888412.7878658
1.010000000000001,-20639146028.57793,1.010000000000001,-15979886791.08286,1.010000000000001,-10399970125.26169,1.010000000000001,-7312147432.67583,1.010000000000001,-5425027107.655405,1.010000000000001,-4187122881.828189,1.010000000000001,-3330891883.671058,1.010000000000001,-2713780287.262715,1.010000000000001,-1902515779.876623,1.010000000000001,-1408108884.828434,1.010000000000001,-1084437556.756154,1.010000000000001,-860941889.2073851,1.010000000000001,-700119447.5423559,1.010000000000001,-580525729.8907903,1.010000000000001,-489170530.4925098
1.020000000000001,-20815773178.74446,1.020000000000001,-16126194666.96996,1.020000000000001,-10503930958.94317,1.020000000000001,-7389359444.98476,1.020000000000001,-5484499481.057341,1.020000000000001,-4234289850.644129,1.020000000000001,-3369194094.768509,1.020000000000001,-2745492647.046479,1.020000000000001,-1925275916.826763,1.020000000000001,-1425229721.009247,1.020000000000001,-1097779778.232953,1.020000000000001,-871629847.8665911,1.020000000000001,-708872196.7898865,1.020000000000001,-587824387.4526311,1.020000000000001,-495349099.5560164
1.030000000000001,-20985553237.69851,1.030000000000001,-16267255274.63562,1.030000000000001,-10604600768.69772,1.030000000000001,-7464353564.205357,1.030000000000001,-5542392518.617377,1.030000000000001,-4280283121.340148,1.030000000000001,-3406594081.18631,1.030000000000001,-2776492283.852744,1.030000000000001,-1947562104.206597,1.030000000000001,-1442014584.844056,1.030000000000001,-1110872323.759277,1.030000000000001,-882125425.0607311,1.030000000000001,-717472417.8495388,1.030000000000001,-594999291.8697294,1.030000000000001,-501425335.4969558
1.040000000000001,-21148709416.53707,1.040000000000001,-16403223825.8873,1.040000000000001,-10702062494.27721,1.040000000000001,-7537179033.888783,1.040000000000001,-5598737865.595709,1.040000000000001,-4325124303.609925,1.040000000000001,-3443107320.934655,1.040000000000001,-2806790716.473939,1.040000000000001,-1969381311.270384,1.040000000000001,-1458468080.21653,1.040000000000001,-1123718435.130104,1.040000000000001,-892431015.9064556,1.040000000000001,-725921947.4926616,1.040000000000001,-602051894.0366651,1.040000000000001,-507400412.2067294
1.050000000000001,-21305456558.25222,1.050000000000001,-16534250183.33216,1.050000000000001,-10796396510.00995,1.050000000000001,-7607883649.264231,1.050000000000001,-5653566249.048496,1.050000000000001,-4368834374.75734,1.050000000000001,-3478748829.528589,1.050000000000001,-2836399110.086293,1.050000000000001,-1990740280.290292,1.050000000000001,-1474594652.462011,1.050000000000001,-1136321236.965126,1.050000000000001,-902548925.3583859,1.050000000000001,-734222550.9755734,1.050000000000001,-608983586.758428,1.050000000000001,-513275455.4778731
1.060000000000001,-21456001078.75536,1.060000000000001,-16660478745.77893,1.060000000000001,-10887680508.0701,1.060000000000001,-7676513664.578414,1.060000000000001,-5706907406.433576,1.060000000000001,-4411433624.121507,1.060000000000001,-3513533115.907382,1.060000000000001,-2865328240.604982,1.060000000000001,-2011645502.025099,1.060000000000001,-1490398570.529256,1.060000000000001,-1148683723.180908,1.060000000000001,-912481357.6103171,1.060000000000001,-742375913.5181062,1.060000000000001,-615795697.7540883,1.060000000000001,-519051537.1596224
1.070000000000001,-21600540986.05469,1.070000000000001,-16782048394.72852,1.070000000000001,-10975989418.93055,1.070000000000001,-7743113724.065789,1.070000000000001,-5758790029.96694,1.070000000000001,-4452941608.465348,1.070000000000001,-3547474146.26382,1.070000000000001,-2893588464.915702,1.070000000000001,-2032103194.670461,1.070000000000001,-1505883911.36183,1.070000000000001,-1160808744.958682,1.070000000000001,-922230406.5486665,1.070000000000001,-750383632.5486188,1.070000000000001,-622489483.2348948,1.070000000000001,-524729669.7543662
1.080000000000001,-21739265962.26727,1.080000000000001,-16899092490.69159,1.080000000000001,-11061395362.4734,1.080000000000001,-7807726812.407442,1.080000000000001,-5809241723.933057,1.080000000000001,-4493377116.313911,1.080000000000001,-3580585314.26574,1.080000000000001,-2921189695.801812,1.080000000000001,-2052119285.517859,1.080000000000001,-1521054545.952546,1.080000000000001,-1172698999.799757,1.080000000000001,-931798046.941402,1.080000000000001,-758247210.4619699,1.080000000000001,-629066121.8490766,1.080000000000001,-530310801.2814857
1.090000000000001,-21872357495.34324,1.090000000000001,-17011738909.61382,1.090000000000001,-11143967624.09419,1.090000000000001,-7870394221.077574,1.090000000000001,-5858288972.476349,1.090000000000001,-4532758139.457172,1.090000000000001,-3612879416.323681,1.090000000000001,-2948141380.514812,1.090000000000001,-2071699394.626199,1.090000000000001,-1535914126.574326,1.090000000000001,-1184357021.294852,1.090000000000001,-941186126.0700231,1.090000000000001,-765968047.6548584,1.090000000000001,-635526708.7991052,1.090000000000001,-535795810.2454782
1.100000000000001,-21999989049.32624,1.100000000000001,-17120110111.05044,1.100000000000001,-11223772650.8565,1.100000000000001,-7931155527.41984,1.100000000000001,-5905957115.70908,1.100000000000001,-4571101850.044512,1.100000000000001,-3644368630.710152,1.100000000000001,-2974452482.048811,1.100000000000001,-2090848819.877481,1.100000000000001,-1550466074.733793,1.100000000000001,-1195785169.262292,1.100000000000001,-950396355.5321583,1.100000000000001,-773547435.6171886,1.100000000000001,-641872249.9476615,1.100000000000001,-541185500.5530818
1.110000000000001,-22122326263.65811,1.110000000000001,-17224323230.98843,1.110000000000001,-11300874063.46554,1.110000000000001,-7990048583.714068,1.110000000000001,-5952270332.240465,1.110000000000001,-4608424581.884497,1.110000000000001,-3675064499.47018,1.110000000000001,-3000131462.278832,1.110000000000001,-2109572522.845893,1.110000000000001,-1564713569.430007,1.110000000000001,-1206985619.933617,1.110000000000001,-959430302.9581275,1.110000000000001,-780986549.8690239,1.110000000000001,-648103655.7360896,1.110000000000001,-546480596.229426
1.120000000000001,-22239527173.60894,1.120000000000001,-17324490193.21404,1.120000000000001,-11375332680.40226,1.120000000000001,-8047109513.85861,1.120000000000001,-5997251626.471218,1.120000000000001,-4644741814.728203,1.120000000000001,-3704977912.180401,1.120000000000001,-3025186266.209274,1.120000000000001,-2127875114.959019,1.120000000000001,-1578659535.330518,1.120000000000001,-1217960355.883556,1.120000000000001,-968289383.3964747,1.120000000000001,-788286442.5400118,1.120000000000001,-654221734.7436874,1.120000000000001,-551681735.7859489
1.130000000000001,-22351742445.07823,1.130000000000001,-17420717834.13774,1.130000000000001,-11447206551.09571,1.130000000000001,-8102372715.61684,1.130000000000001,-6040922819.208837,1.130000000000001,-4680068160.45895,1.130000000000001,-3734119090.716052,1.130000000000001,-3049624306.652588,1.130000000000001,-2145760843.470685,1.130000000000001,-1592306630.500172,1.130000000000001,-1228711155.414784,1.130000000000001,-976974850.1311001,1.130000000000001,-795448034.3921375,1.130000000000001,-660227186.7179396,1.130000000000001,-556789466.0930827
1.140000000000001,-22459115618.28319,1.140000000000001,-17513108036.75805,1.140000000000001,-11516550995.47118,1.140000000000001,-8155870866.658654,1.140000000000001,-6083304540.343176,1.140000000000001,-4714417350.236296,1.140000000000001,-3762497574.272791,1.140000000000001,-3073452448.721035,1.140000000000001,-2163233576.797939,1.140000000000001,-1605657233.335722,1.140000000000001,-1239239581.116818,1.140000000000001,-985487784.6963236,1.140000000000001,-802472106.087464,1.140000000000001,-666120594.9045938,1.140000000000001,-561804235.6084288
1.150000000000001,-22561783355.73064,1.150000000000001,-17601757870.17253,1.150000000000001,-11583418647.61518,1.150000000000001,-8207634932.875704,1.150000000000001,-6124416222.482162,1.150000000000001,-4747802221.750153,1.150000000000001,-3790122203.964879,1.150000000000001,-3096676993.566538,1.150000000000001,-2180296788.800537,1.150000000000001,-1618713428.371232,1.150000000000001,-1249546967.322629,1.150000000000001,-993829085.8563032,1.150000000000001,-809359288.4998562,1.150000000000001,-671902417.5025579,1.150000000000001,-566726386.806397
1.160000000000001,-22659875690.73544,1.160000000000001,-17686759731.65434,1.160000000000001,-11647859501.64824,1.160000000000001,-8257694177.663437,1.160000000000001,-6164276094.585944,1.160000000000001,-4780234705.833268,1.160000000000001,-3817001106.38389,1.160000000000001,-3119303660.846195,1.160000000000001,-2196953541.600297,1.160000000000001,-1631476990.626135,1.160000000000001,-1259634406.186827,1.160000000000001,-1001999457.311617,1.160000000000001,-816110051.8642902,1.160000000000001,-677572978.062,1.160000000000001,-571556147.6481788
1.170000000000001,-22753516273.45521,1.170000000000001,-17768201488.83984,1.170000000000001,-11709920958.19933,1.170000000000001,-8306076171.048547,1.170000000000001,-6202901174.756751,1.170000000000001,-4811725811.758459,1.170000000000001,-3843141675.55397,1.170000000000001,-3141337569.425484,1.170000000000001,-2213206466.550952,1.170000000000001,-1643949368.169983,1.170000000000001,-1269502732.105588,1.170000000000001,-1009999393.889083,1.170000000000001,-822724693.5487906,1.170000000000001,-683132454.6347717,1.170000000000001,-576293621.9214875
1.180000000000001,-22842822612.01798,1.180000000000001,-17846166620.02444,1.180000000000001,-11769647870.13692,1.180000000000001,-8352806797.700627,1.180000000000001,-6240307261.443911,1.180000000000001,-4842285610.613261,1.180000000000001,-3868550552.762556,1.180000000000001,-3162783215.857986,1.180000000000001,-2229057742.976948,1.180000000000001,-1656131662.576136,1.180000000000001,-1279152504.191407,1.180000000000001,-1017829165.961071,1.180000000000001,-829203324.2230225,1.180000000000001,-688580867.4747925,1.180000000000001,-580938778.2679235
1.190000000000001,-22927906306.83159,1.190000000000001,-17920734350.94786,1.190000000000001,-11827082586.43541,1.190000000000001,-8397910263.003983,1.190000000000001,-6276508922.409999,1.190000000000001,-4871923216.20016,1.190000000000001,-3893233603.780285,1.190000000000001,-3183644450.200963,1.190000000000001,-2244509074.303295,1.190000000000001,-1668024606.931169,1.190000000000001,-1288583986.505809,1.190000000000001,-1025488801.8283,1.190000000000001,-835545852.1842624,1.190000000000001,-693918065.0724444,1.190000000000001,-585491437.7024592
1.200000000000001,-23008873276.59681,1.200000000000001,-17991979786.7777,1.200000000000001,-11882264993.24757,1.200000000000001,-8441409096.483613,1.200000000000001,-6311519480.879096,1.200000000000001,-4900646762.957319,1.200000000000001,-3917195893.012191,1.200000000000001,-3203924448.742194,1.200000000000001,-2259561661.198767,1.200000000000001,-1679628541.059062,1.200000000000001,-1297797125.741039,1.200000000000001,-1032978067.785895,1.200000000000001,-841751965.5864488,1.200000000000001,-699143708.2918787,1.200000000000001,-589951259.4146732
1.210000000000001,-23085823974.90856,1.210000000000001,-18059974038.2763,1.210000000000001,-11935232551.41821,1.210000000000001,-8483324151.980753,1.210000000000001,-6345350998.351319,1.210000000000001,-4928463380.43475,1.210000000000001,-3940441654.146037,1.210000000000001,-3223625683.225365,1.210000000000001,-2274216171.352795,1.210000000000001,-1690943383.609739,1.210000000000001,-1306791526.028481,1.210000000000001,-1040296445.577405,1.210000000000001,-847821112.3021567,1.210000000000001,-704257252.3642662,1.210000000000001,-594317724.6258036
1.220000000000001,-23158853596.63144,1.220000000000001,-18124784341.36903,1.220000000000001,-11986020329.81377,1.220000000000001,-8523674604.060898,1.220000000000001,-6378014253.624396,1.220000000000001,-4955379163.895762,1.220000000000001,-3962974256.884197,1.220000000000001,-3242749886.171999,1.220000000000001,-2288472705.504227,1.220000000000001,-1701968600.65225,1.220000000000001,-1315566420.538454,1.220000000000001,-1047443106.926439,1.220000000000001,-853752477.1316409,1.220000000000001,-709257926.4742272,1.220000000000001,-598590118.2602663
1.230000000000001,-23228052273.4883,1.230000000000001,-18186474169.528,1.230000000000001,-12034661033.96327,1.230000000000001,-8562477940.214034,1.230000000000001,-6409518717.612042,1.230000000000001,-4981399140.645627,1.230000000000001,-3984796169.365308,1.230000000000001,-3261298011.908614,1.230000000000001,-2302330759.338946,1.230000000000001,-1712703170.405362,1.230000000000001,-1324120639.524979,1.230000000000001,-1054416884.822697,1.230000000000001,-859544956.059355,1.230000000000001,-714144710.6627617,1.230000000000001,-602767508.1765122
1.240000000000001,-23293505258.50671,1.240000000000001,-18245103338.54943,1.240000000000001,-12081185029.60976,1.240000000000001,-8599749948.47529,1.240000000000001,-6439872523.596246,1.240000000000001,-5006527231.721401,1.240000000000001,-4005908915.903203,1.240000000000001,-3279270192.921147,1.240000000000001,-2315789180.876612,1.240000000000001,-1723145543.735306,1.240000000000001,-1332452574.462435,1.240000000000001,-1061216241.230529,1.240000000000001,-865197127.2486284,1.240000000000001,-718916309.7598109,1.240000000000001,-606848721.6918302
1.250000000000001,-23355293099.13839,1.250000000000001,-18300728103.4401,1.250000000000001,-12125620360.86151,1.250000000000001,-8635504700.156828,1.250000000000001,-6469082432.595901,1.250000000000001,-5030766208.610737,1.250000000000001,-4026313029.696212,1.250000000000001,-3296665691.178138,1.250000000000001,-2328846122.97701,1.250000000000001,-1733293600.055193,1.250000000000001,-1340560137.922306,1.250000000000001,-1067839230.887046,1.250000000000001,-870707218.4627113,1.250000000000001,-723571124.056237,1.250000000000001,-610832319.1318504
1.260000000000001,-23413491799.00716,1.260000000000001,-18353401247.24457,1.260000000000001,-12167992762.71307,1.260000000000001,-8669754527.442612,1.260000000000001,-6497153793.582213,1.260000000000001,-5054117644.707478,1.260000000000001,-4046008000.193638,1.260000000000001,-3313482844.092778,1.260000000000001,-2341498990.618291,1.260000000000001,-1743144598.277414,1.260000000000001,-1348440718.851471,1.260000000000001,-1074283460.867672,1.260000000000001,-876073070.6092746,1.260000000000001,-728107216.4323907,1.260000000000001,-614716564.1417247
1.270000000000001,-23468172968.35137,1.270000000000001,-18403172161.74091,1.270000000000001,-12208325667.77912,1.270000000000001,-8702509995.657738,1.270000000000001,-6524090498.325479,1.270000000000001,-5076581861.260853,1.270000000000001,-4064992214.852062,1.270000000000001,-3329719004.837261,1.270000000000001,-2353744382.63799,1.270000000000001,-1752695122.505183,1.270000000000001,-1356091132.94506,1.270000000000001,-1080546045.625447,1.270000000000001,-881292097.1312801,1.270000000000001,-732522275.6839702,1.270000000000001,-618499390.5173948
1.280000000000001,-23519403963.32208,1.280000000000001,-18450086920.0158,1.280000000000001,-12246640207.15392,1.280000000000001,-8733779870.088631,1.280000000000001,-6549894930.719931,1.280000000000001,-5098157867.638166,1.280000000000001,-4083262895.077265,1.280000000000001,-3345370476.785968,1.280000000000001,-2365578027.689873,1.280000000000001,-1761941022.209242,1.280000000000001,-1363507567.863651,1.280000000000001,-1086623557.263969,1.280000000000001,-886361239.0172859,1.280000000000001,-736813575.8325322,1.280000000000001,-622178365.3587887
1.290000000000001,-23567248014.36848,1.290000000000001,-18494188341.00203,1.290000000000001,-12282955205.37691,1.290000000000001,-8763571077.301275,1.290000000000001,-6574567910.510902,1.290000000000001,-5118843295.803122,1.290000000000001,-4100816026.234796,1.290000000000001,-3360432441.954606,1.290000000000001,-2376994714.263886,1.290000000000001,-1770877346.730185,1.290000000000001,-1370685523.136878,1.290000000000001,-1092511970.892298,1.290000000000001,-891276915.2880286,1.290000000000001,-740977931.287056,1.290000000000001,-625750648.4208589
1.300000000000001,-23611764344.00703,1.300000000000001,-18535516046.12372,1.300000000000001,-12317287169.55573,1.300000000000001,-8791888660.987116,1.300000000000001,-6598108631.443321,1.300000000000001,-5138634329.020049,1.300000000000001,-4117646281.730413,1.300000000000001,-3374898883.429341,1.300000000000001,-2387988214.753659,1.300000000000001,-1779498274.087338,1.300000000000001,-1377619744.734809,1.300000000000001,-1098206605.045408,1.300000000000001,-896034968.945824,1.300000000000001,-745011647.8458122,1.300000000000001,-629212947.654246
1.310000000000001,-23653008274.31718,1.310000000000001,-18574106508.25356,1.310000000000001,-12349650272.77316,1.310000000000001,-8818735732.463371,1.310000000000001,-6620514593.971517,1.310000000000001,-5157525624.93529,1.310000000000001,-4133746941.321215,1.310000000000001,-3388762501.953423,1.310000000000001,-2398551203.748528,1.310000000000001,-1787797034.276289,1.310000000000001,-1384304154.490207,1.310000000000001,-1103702057.351232,1.310000000000001,-900630608.5632485,1.310000000000001,-748910469.7089478,1.310000000000001,-632561471.0987737
1.320000000000001,-23691031324.55122,1.320000000000001,-18609993093.24166,1.320000000000001,-12380056331.98853,1.320000000000001,-8844113416.072233,1.320000000000001,-6641781532.821508,1.320000000000001,-5175510233.370959,1.320000000000001,-4149109804.028724,1.320000000000001,-3402014627.072278,1.320000000000001,-2408675170.99123,1.320000000000001,-1795765827.515672,1.320000000000001,-1390731774.836699,1.320000000000001,-1108992135.902837,1.320000000000001,-905058345.9560351,1.320000000000001,-752669522.9286642,1.320000000000001,-635791875.5363046
1.330000000000001,-23725881299.28272,1.330000000000001,-18643206094.33141,1.330000000000001,-12408514780.7408,1.330000000000001,-8868020789.867197,1.330000000000001,-6661903339.889043,1.330000000000001,-5192579509.402081,1.330000000000001,-4163725096.301049,1.330000000000001,-3414645123.546029,1.330000000000001,-2418350329.795792,1.330000000000001,-1803395738.280538,1.330000000000001,-1396894649.711014,1.330000000000001,-1114069787.172919,1.330000000000001,-909311930.7523552,1.330000000000001,-756283256.0757151,1.330000000000001,-638899212.6437597
1.340000000000001,-23757602367.55155,1.340000000000001,-18673772759.836,1.340000000000001,-12435032637.0726,1.340000000000001,-8890454822.149105,1.340000000000001,-6680871983.196349,1.340000000000001,-5208723022.589513,1.340000000000001,-4177581376.425649,1.340000000000001,-3426642294.13829,1.340000000000001,-2427565522.183996,1.340000000000001,-1810676646.456779,1.340000000000001,-1402783762.975359,1.340000000000001,-1118927021.810977,1.340000000000001,-913384283.1593055,1.340000000000001,-759745379.3695368,1.340000000000001,-641877873.8327014
1.350000000000001,-23786235133.49881,1.350000000000001,-18701717314.51239,1.350000000000001,-12459614467.22717,1.350000000000001,-8911410304.629837,1.350000000000001,-6698677422.929116,1.350000000000001,-5223928463.619671,1.350000000000001,-4190665436.64479,1.350000000000001,-3437992780.400624,1.350000000000001,-2436308122.595403,1.350000000000001,-1817597137.593107,1.350000000000001,-1408388956.373142,1.350000000000001,-1123554840.315231,1.350000000000001,-917267426.8607467,1.350000000000001,-763048804.1264991,1.350000000000001,-644721535.5390432
1.360000000000001,-23811816699.01968,1.360000000000001,-18727060975.14159,1.360000000000001,-12482262345.82839,1.360000000000001,-8930879783.261244,1.360000000000001,-6715307525.944213,1.360000000000001,-5238181550.073779,1.360000000000001,-4202962204.989261,1.360000000000001,-3448681463.713829,1.360000000000001,-2444563942.778738,1.360000000000001,-1824144415.038195,1.360000000000001,-1413698849.861191,1.360000000000001,-1127943161.393521,1.360000000000001,-920952424.7784842,1.360000000000001,-766185585.1448061,1.360000000000001,-647423107.4517149
1.370000000000001,-23834380719.0014,1.370000000000001,-18749821960.90414,1.370000000000001,-12502975813.44068,1.370000000000001,-8948853488.083036,1.370000000000001,-6730747980.588489,1.370000000000001,-5251465933.628722,1.370000000000001,-4214454649.540747,1.370000000000001,-3458691369.639192,1.370000000000001,-2452317141.402087,1.370000000000001,-1830304217.750796,1.370000000000001,-1418700768.182476,1.370000000000001,-1132080756.835816,1.370000000000001,-924429321.4041655,1.370000000000001,-769146869.5755758,1.370000000000001,-649974687.0502646
1.380000000000001,-23853957449.75817,1.380000000000001,-18770015499.23574,1.380000000000001,-12521751832.62948,1.380000000000001,-8965319263.821548,1.380000000000001,-6744982214.212805,1.380000000000001,-5263763111.693436,1.380000000000001,-4225123688.675639,1.380000000000001,-3468003579.592936,1.380000000000001,-2459550143.042372,1.380000000000001,-1836060748.771947,1.380000000000001,-1423380678.761895,1.380000000000001,-1135955197.917015,1.380000000000001,-927687096.559568,1.380000000000001,-771922856.9216036,1.380000000000001,-652367524.8496566
1.390000000000001,-23870573791.32624,1.390000000000001,-18787653827.95679,1.390000000000001,-12538584743.90547,1.390000000000001,-8980262503.422962,1.390000000000001,-6757991316.414619,1.390000000000001,-5275052347.321792,1.390000000000001,-4234948111.845547,1.390000000000001,-3476597154.995859,1.390000000000001,-2466243572.534268,1.390000000000001,-1841396620.74597,1.390000000000001,-1427723147.41039,1.390000000000001,-1139552819.71158,1.390000000000001,-930713636.7407454,1.390000000000001,-774502776.0260637,1.390000000000001,-654592005.8903199
1.400000000000001,-23884253324.34386,1.400000000000001,-18802746194.6001,1.400000000000001,-12553466223.24585,1.400000000000001,-8993666087.235224,1.400000000000001,-6769753971.80559,1.400000000000001,-5285310602.22401,1.400000000000001,-4243904516.618099,1.400000000000001,-3484449080.367564,1.400000000000001,-2472376212.161346,1.400000000000001,-1846292826.440092,1.400000000000001,-1431711319.864155,1.400000000000001,-1142858711.173813,1.400000000000001,-933495731.5809028,1.400000000000001,-776874886.1913821,1.400000000000001,-656637654.1879119
1.410000000000001,-23895016342.31236,1.410000000000001,-18815298854.01057,1.410000000000001,-12566385243.24793,1.410000000000001,-9005510331.172062,1.410000000000001,-6780246406.984571,1.410000000000001,-5294512488.824424,1.410000000000001,-4251967269.027684,1.410000000000001,-3491534233.312807,1.410000000000001,-2477924990.812965,1.410000000000001,-1850728743.871569,1.410000000000001,-1435326938.774459,1.410000000000001,-1145856740.311559,1.410000000000001,-936019104.3094802,1.410000000000001,-779026510.778589,1.410000000000001,-658493167.9421114
1.420000000000001,-23902879880.12094,1.420000000000001,-18825315065.46698,1.420000000000001,-12577328040.38861,1.420000000000001,-9015772947.902998,1.420000000000001,-6789442357.39933,1.420000000000001,-5302630248.572721,1.420000000000001,-4259108495.744579,1.420000000000001,-3497825390.941141,1.420000000000001,-2482865015.923915,1.420000000000001,-1854682187.281877,1.420000000000001,-1438550407.246354,1.420000000000001,-1148529625.083407,1.420000000000001,-938268486.2047224,1.420000000000001,-780944112.5882046,1.420000000000001,-660146494.1046321
1.430000000000001,-23907857739.81675,1.430000000000001,-18832795090.7793,1.430000000000001,-12586278091.3427,1.430000000000001,-9024429025.916281,1.430000000000001,-6797313060.893651,1.430000000000001,-5309633765.080477,1.430000000000001,-4265298118.107269,1.430000000000001,-3503293283.888221,1.430000000000001,-2487169660.618203,1.430000000000001,-1858129516.608296,1.430000000000001,-1441360911.172308,1.430000000000001,-1150859061.528361,1.430000000000001,-940227745.6717764,1.430000000000001,-782613420.7502112,1.430000000000001,-661584951.1620913
1.440000000000001,-23909960514.7211,1.440000000000001,-18837736195.0485,1.440000000000001,-12593216101.85653,1.440000000000001,-9031451032.191658,1.440000000000001,-6803827285.933592,1.440000000000001,-5315490622.070549,1.440000000000001,-4270503939.587866,1.440000000000001,-3507906710.636602,1.440000000000001,-2490810719.783383,1.440000000000001,-1861045819.020936,1.440000000000001,-1443736613.107862,1.440000000000001,-1152825920.76107,1.440000000000001,-941880082.3915331,1.440000000000001,-784019618.4216832,1.440000000000001,-662795408.3796771
1.450000000000001,-23909195613.1278,1.450000000000001,-18840132652.04382,1.450000000000001,-12598120012.279,1.450000000000001,-9036808845.181896,1.450000000000001,-6808951403.746799,1.450000000000001,-5320166217.50844,1.450000000000001,-4274691799.636225,1.450000000000001,-3511632726.074435,1.450000000000001,-2493758649.519252,1.450000000000001,-1863405176.163877,1.450000000000001,-1445654929.901919,1.450000000000001,-1154410525.438025,1.450000000000001,-943208295.5890813,1.450000000000001,-785147598.9373262,1.450000000000001,-663764527.9321662
1.460000000000001,-23905567282.9782,1.460000000000001,-18839975756.45547,1.460000000000001,-12600965024.51732,1.460000000000001,-9040469825.810583,1.460000000000001,-6812649514.820889,1.460000000000001,-5323623946.504868,1.460000000000001,-4277825807.881639,1.460000000000001,-3514436918.923205,1.460000000000001,-2495982904.169696,1.460000000000001,-1865181029.539913,1.460000000000001,-1447092904.288561,1.460000000000001,-1155593013.701044,1.460000000000001,-944195132.477823,1.460000000000001,-785982294.833769,1.460000000000001,-664479073.0146382
1.470000000000001,-23899076639.08772,1.470000000000001,-18837253845.61917,1.470000000000001,-12601723655.90016,1.470000000000001,-9042398935.20533,1.470000000000001,-6814883641.292696,1.470000000000001,-5325825466.462858,1.470000000000001,-4279868673.108286,1.470000000000001,-3516283792.484424,1.470000000000001,-2497452383.535217,1.470000000000001,-1866346653.560156,1.470000000000001,-1448027676.748259,1.470000000000001,-1156353794.068511,1.470000000000001,-944823718.0484608,1.470000000000001,-786509079.142508,1.470000000000001,-664926280.007148
1.480000000000001,-23889721694.70344,1.480000000000001,-18831952333.68768,1.480000000000001,-12600365826.17882,1.480000000000001,-9042558908.839199,1.480000000000001,-6815613997.582067,1.480000000000001,-5326731058.263975,1.480000000000001,-4280782140.947526,1.480000000000001,-3517137261.716796,1.480000000000001,-2498135999.435687,1.480000000000001,-1866875740.7392,1.480000000000001,-1448437057.84434,1.480000000000001,-1156674088.075287,1.480000000000001,-945078060.5033499,1.480000000000001,-786714231.5267282,1.480000000000001,-665094286.151479
1.490000000000001,-23877497399.40243,1.490000000000001,-18824053761.63494,1.490000000000001,-12596858984.65372,1.490000000000001,-9040910497.56134,1.490000000000001,-6814799352.003944,1.490000000000001,-5326300096.770058,1.490000000000001,-4280527552.489829,1.490000000000001,-3516961276.55646,1.490000000000001,-2498003365.166247,1.490000000000001,-1866743096.107802,1.490000000000001,-1448300192.869759,1.490000000000001,-1156536548.76884,1.490000000000001,-944943618.0443287,1.490000000000001,-786585453.595853,1.490000000000001,-664972596.4380574
1.5,-23862395685.59735,1.5,-18813537866.92365,1.5,-12591168285.13956,1.5,-9037412786.547241,1.5,-6812397491.812611,1.5,-5324491642.244101,1.5,-4279066532.639222,1.5,-3515720576.26077,1.5,-2497025603.346013,1.5,-1865925428.185806,1.5,-1447598300.322195,1.5,-1155925933.003026,1.5,-944407903.1235912,1.5,-786112408.8949574,1.5,-664552565.3853494
