nch18_gm_Id (ll=3.5e-07) X,nch18_gm_Id (ll=3.5e-07) Y,nch18_gm_Id (ll=4e-07) X,nch18_gm_Id (ll=4e-07) Y,nch18_gm_Id (ll=5e-07) X,nch18_gm_Id (ll=5e-07) Y,nch18_gm_Id (ll=6e-07) X,nch18_gm_Id (ll=6e-07) Y,nch18_gm_Id (ll=7e-07) X,nch18_gm_Id (ll=7e-07) Y,nch18_gm_Id (ll=8e-07) X,nch18_gm_Id (ll=8e-07) Y,nch18_gm_Id (ll=9e-07) X,nch18_gm_Id (ll=9e-07) Y,nch18_gm_Id (ll=1e-06) X,nch18_gm_Id (ll=1e-06) Y,nch18_gm_Id (ll=1.2e-06) X,nch18_gm_Id (ll=1.2e-06) Y,nch18_gm_Id (ll=1.4e-06) X,nch18_gm_Id (ll=1.4e-06) Y,nch18_gm_Id (ll=1.6e-06) X,nch18_gm_Id (ll=1.6e-06) Y,nch18_gm_Id (ll=1.8e-06) X,nch18_gm_Id (ll=1.8e-06) Y,nch18_gm_Id (ll=2e-06) X,nch18_gm_Id (ll=2e-06) Y,nch18_gm_Id (ll=2.2e-06) X,nch18_gm_Id (ll=2.2e-06) Y,nch18_gm_Id (ll=2.4e-06) X,nch18_gm_Id (ll=2.4e-06) Y
0,29.85566408486319,0,30.00960896336263,0,30.23320307851158,0,30.38802523182394,0,30.50165441460967,0,30.58861381111741,0,30.65730455850425,0,30.71293124192115,0,30.79750192226842,0,30.85873909177421,0,30.9051164788282,0,30.94145071800762,0,30.9706814878211,0,30.99470418089921,0,31.01479552940637
0.01,29.84392600429046,0.01,29.99774017228953,0.01,30.22107009498794,0.01,30.37564699761149,0.01,30.48905504005063,0.01,30.57581616107659,0.01,30.64432900109682,0.01,30.69979560231989,0.01,30.78409072553182,0.01,30.84509994513416,0.01,30.8912861506706,0.01,30.92745804965328,0.01,30.95654944701983,0.01,30.98045131469224,0.01,31.00043700548598
0.02,29.83191373389871,0.02,29.98558987026289,0.02,30.20863446063717,0.02,30.36294280748185,0.02,30.47610691523512,0.02,30.56264829560839,0.02,30.63096331488234,0.02,30.68625147403527,0.02,30.7702386137277,0.02,30.83099239370359,0.02,30.87696396535927,0.02,30.91295335784336,0.02,30.9418879018769,0.02,30.965653673701,0.02,30.98552027085123
0.03,29.81958315844434,0.03,29.97311324552517,0.03,30.19584871737833,0.03,30.34986202688606,0.03,30.46275618908196,0.03,30.54905327265621,0.03,30.61714765021452,0.03,30.67223629877389,0.03,30.75587819028484,0.03,30.81634489306427,0.03,30.862074810912,0.03,30.89785844380809,0.03,30.92661596475608,0.03,30.95022801211993,0.03,30.96995999805476
0.04,29.80688284394852,0.04,29.9602580813818,0.04,30.1826576012125,0.04,30.33634570884404,0.04,30.44894017405405,0.04,30.53496480348409,0.04,30.60281232636034,0.04,30.65767723271191,0.04,30.74093095509007,0.04,30.80107408863957,0.04,30.84653115411654,0.04,30.88208215667291,0.04,30.91063933202366,0.04,30.93407726029197,0.04,30.95365667504563
0.05,29.79375276485482,0.05,29.94696346629526,0.05,30.16899667869625,0.05,30.3223251383413,0.05,30.43458579533274,0.05,30.52030560906653,0.05,30.58787609970081,0.05,30.64248933190674,0.05,30.72530534074897,0.05,30.78508272306316,0.05,30.83023083644512,0.05,30.86551809257948,0.05,30.89384789862568,0.05,30.91708806499809,0.05,30.93649407978759
0.06,29.78012280637754,0.06,29.93315827494618,0.06,30.15479073967092,0.06,30.30772011546492,0.06,30.41960776097099,0.06,30.50498548031907,0.06,30.57224411964163,0.06,30.62657341036119,0.06,30.70889439463652,0.06,30.76825716635337,0.06,30.81305447306827,0.06,30.8480418799207,0.06,30.87611294405256,0.06,30.89912788827043,0.06,30.91833630209325
0.07000000000000001,29.76591100358263,0.07000000000000001,29.91875938085926,0.07000000000000001,30.13995190402081,0.07000000000000001,30.292436931973,0.07000000000000001,30.40390640468895,0.07000000000000001,30.48889899104222,0.07000000000000001,30.5558055185048,0.07000000000000001,30.60981351466905,0.07000000000000001,30.69157304656473,0.07000000000000001,30.75046450535015,0.07000000000000001,30.79486238863812,0.07000000000000001,30.82950798203449,0.07000000000000001,30.85728381906414,0.07000000000000001,30.88004159242646,0.07000000000000001,30.89902423893254
0.08,29.75102147294816,0.08,29.90366955516943,0.08,30.12437739387483,0.08,30.2763659892437,0.08,30.38736514594103,0.08,30.47192280510502,0.08,30.53843057413372,0.08,30.59207395143275,0.08,30.67319489395458,0.08,30.7315491208156,0.08,30.77549101540928,0.08,30.8097459406014,0.08,30.8371840544967,0.08,30.8596474310369,0.08,30.87837148156596
0.09,29.73534198585111,0.09,29.8877749996713,0.09,30.10794691579675,0.09,30.25937899835409,0.09,30.36984750439105,0.09,30.45391251173701,0.09,30.51996737613996,0.09,30.57319579578849,0.09,30.65358842850764,0.09,30.71132867280853,0.09,30.75474867163888,0.09,30.78855597556452,0.09,30.81560680627281,0.09,30.83773235857042,0.09,30.8561595061201
0.09999999999999999,29.71874112671917,0.09999999999999999,29.87094245538901,0.09999999999999999,30.09051959029443,0.09999999999999999,30.24132569556237,0.09999999999999999,30.35119359832617,0.09999999999999999,30.43469891512667,0.09999999999999999,30.50023791908966,0.09999999999999999,30.55299280182057,0.09999999999999999,30.6325526211375,0.09999999999999999,30.6895894081286,0.09999999999999999,30.73241063188248,0.09999999999999999,30.76570385158421,0.09999999999999999,30.79230954543743,0.09999999999999999,30.81404656666516,0.09999999999999999,30.83213207491812
0.11,29.70106497172387,0.11,29.85301582089161,0.11,30.07193035873619,0.11,30.22202999914525,0.11,30.33121604928254,0.11,30.4140836974531,0.11,30.4790335391308,0.11,30.53124662920264,0.11,30.60985177632858,0.11,30.66608069898072,0.11,30.70821339713282,0.11,30.74091491833473,0.11,30.76700790028193,0.11,30.78829715410737,0.11,30.80598875584262
0.12,29.68213321719677,0.12,29.83381220781534,0.12,30.05198579097361,0.12,30.20128552697798,0.12,30.30969520898538,0.12,30.39183436887484,0.12,30.4561096056297,0.12,30.50770129623267,0.12,30.58520956455369,0.12,30.64050872119682,0.12,30.68184807363904,0.12,30.71386723448411,0.12,30.73936856170086,0.12,30.76014084314453,0.12,30.77737747393223
0.13,29.66173468106184,0.13,29.81311735515344,0.13,30.0304592114195,0.13,30.17885038936015,0.13,30.28637362078243,0.13,30.3676784151981,0.13,30.43117937785381,0.13,30.48205676923478,0.13,30.55830214401609,0.13,30.61252918581204,0.13,30.65295277744342,0.13,30.68418369598865,0.13,30.70900117615192,0.13,30.72917567024023,0.13,30.74588602697656
0.14,29.63962209630252,0.14,29.79068031982702,0.14,30.00708505815917,0.14,30.15444116980369,0.14,30.26094962767944,0.14,30.34129655585656,0.14,30.40390694076757,0.14,30.4539616045455,0.14,30.52875029371539,0.14,30.58173905292768,0.14,30.62110400098773,0.14,30.65142311256903,0.14,30.67544917744811,0.14,30.69493160958813,0.14,30.71103253016633
0.15,29.61550611412926,0.15,29.76620736016081,0.15,29.98155239051855,0.15,30.127726009775,0.15,30.23307004525747,0.15,30.31231503417188,0.15,30.37389914668199,0.15,30.42300457539051,0.15,30.4961105027303,0.15,30.54766718624036,0.15,30.58580691374461,0.15,30.6150702175212,0.15,30.63817955512996,0.15,30.65686013900833,0.15,30.67225481055165
0.16,29.58904843785371,0.16,29.73935493315795,0.16,29.95349746772785,0.16,30.0983167245158,0.16,30.20232183338648,0.16,30.28029688235281,0.16,30.3406965150037,0.16,30.38870524651888,0.16,30.45986500113223,0.16,30.50976395655896,0.16,30.54648462749215,0.16,30.57452466268882,0.16,30.59657163113808,0.16,30.61432283846536,0.16,30.62889885871216
0.17,29.5598540190236,0.17,29.70972173856445,0.17,29.92249533812459,0.17,30.06575989986513,0.17,30.16822273018412,0.17,30.2447321403464,0.17,30.30376308625629,0.17,30.35050351064486,0.17,30.41941078316651,0.17,30.46738988095739,0.17,30.50246654719152,0.17,30.52908915165187,0.17,30.54990502757424,0.17,30.56657923140133,0.17,30.58020657302727
0.18,29.52746226850768,0.18,29.67683976629986,0.18,29.88805040903554,0.18,30.02952695954142,0.18,30.13021086093495,0.18,30.20502706702932,0.18,30.26247529610068,0.18,30.30774818034916,0.18,30.37404777216267,0.18,30.41980350067639,0.18,30.45297606080447,0.18,30.47795701084022,0.18,30.49734716775773,0.18,30.51277424990301,0.18,30.52530321298608
0.19,29.491337271446,0.19,29.64016434376302,0.19,29.84958601779752,0.19,29.98900325520614,0.19,30.08763341109463,0.19,30.16049247254868,0.19,30.2161100392313,0.19,30.25968484671513,0.19,30.32296641958035,0.19,30.36614886662806,0.19,30.3971180073704,0.19,30.42019970211334,0.19,30.4379408723442,0.19,30.45192593816878,0.19,30.46318522369209
0.2,29.45085705211453,0.2,29.59906324200749,0.2,29.80643310147523,0.2,29.94347632599196,0.2,30.03973456519164,0.2,30.11033143175194,0.2,30.16383224220291,0.2,30.20544338250379,0.2,30.26523522909178,0.2,30.30544322787603,0.2,30.33386661344019,0.2,30.35475505203162,0.2,30.37059290197208,0.2,30.38291431398094,0.2,30.39270941243921
0.21,29.40530202000349,0.21,29.55280499254479,0.21,29.75781817548652,0.21,29.89212360975718,0.21,29.98564307278821,0.21,30.05362682148664,0.21,30.10468246962336,0.21,30.14402569426195,0.21,30.19978896113492,0.21,30.23656581497248,0.21,30.26205491105534,0.21,30.28041731812546,0.21,30.29406466114728,0.21,30.304472686173,0.21,30.31258484898205
0.2200000000000001,29.35384285041979,0.2200000000000001,29.50054669862855,0.2200000000000001,29.70285098951063,0.2200000000000001,29.8340000756592,0.2200000000000001,29.92436001945384,0.2200000000000001,29.98932936960585,0.2200000000000001,30.03756535952031,0.2200000000000001,30.07429462317945,0.2200000000000001,30.12541860975582,0.2200000000000001,30.1582489785207,0.2200000000000001,30.18036704353534,0.2200000000000001,30.19583062403339,0.2200000000000001,30.2069667033134,0.2200000000000001,30.21518316120718,0.2200000000000001,30.22136930321014
0.2300000000000001,29.29552822117899,0.2300000000000001,29.44132180617261,0.2300000000000001,29.64051244291995,0.2300000000000001,29.76802649662736,0.2300000000000001,29.85474766373006,0.2300000000000001,29.91624721778946,0.2300000000000001,29.96124002565139,0.2300000000000001,29.99496526034403,0.2300000000000001,30.04076464613649,0.2300000000000001,30.06907336984656,0.2300000000000001,30.08733530563658,0.2300000000000001,30.09948774176013,0.2300000000000001,30.10775912381372,0.2300000000000001,30.11347851498681,0.2300000000000001,30.1174724702443
0.2400000000000001,29.22927305082971,0.2400000000000001,29.37402853920178,0.2400000000000001,29.5696436198464,0.2400000000000001,29.69297939701326,0.2400000000000001,29.7755205529118,0.2400000000000001,29.8330383817297,0.2400000000000001,29.87431396938267,0.2400000000000001,29.90460036420717,0.2400000000000001,29.94431546349672,0.2400000000000001,29.96746929118595,0.2400000000000001,29.98134419231722,0.2400000000000001,29.98973660506156,0.2400000000000001,29.9947603052936,0.2400000000000001,29.99765295221474,0.2400000000000001,29.99916854538258
0.2500000000000001,29.15384817018083,0.2500000000000001,29.29742000884993,0.2500000000000001,29.48893714826403,0.2500000000000001,29.60748409179206,0.2500000000000001,29.68524054004568,0.2500000000000001,29.73820792023524,0.2500000000000001,29.77524248007087,0.2500000000000001,29.80161200328008,0.2500000000000001,29.83441336726934,0.2500000000000001,29.85172670216288,0.2500000000000001,29.86064402426856,0.2500000000000001,29.86479715713287,0.2500000000000001,29.86616661969558,0.2500000000000001,29.86588433391762,0.2500000000000001,29.86462068866655
0.2600000000000001,29.06787270801064,0.2600000000000001,29.21009737115439,0.2600000000000001,29.39693248781828,0.2600000000000001,29.51001265717689,0.2600000000000001,29.58231775513662,0.2600000000000001,29.63011204560642,0.2600000000000001,29.66233589807817,0.2600000000000001,29.68427190284163,0.2600000000000001,29.70927069890727,0.2600000000000001,29.72001647311927,0.2600000000000001,29.72337666541978,0.2600000000000001,29.72279091938356,0.2600000000000001,29.72008531064914,0.2600000000000001,29.71626991283819,0.2600000000000001,29.71191922306368
0.2700000000000001,28.96981087078527,0.2700000000000001,29.11050781892848,0.2700000000000001,29.29201717370628,0.2700000000000001,29.3988890836216,0.2700000000000001,29.4650199553157,0.2700000000000001,29.50697171337965,0.2700000000000001,29.53377733108097,0.2700000000000001,29.5507330827534,0.2700000000000001,29.56699853298759,0.2700000000000001,29.57042503900264,0.2700000000000001,29.56761511162848,0.2700000000000001,29.56178463491883,0.2700000000000001,29.55458145941104,0.2700000000000001,29.54687602215715,0.2700000000000001,29.53913355831028
0.2800000000000001,28.85797520861887,0.2800000000000001,28.99694960065731,0.2800000000000001,29.17243641573587,0.2800000000000001,29.27230415378132,0.2800000000000001,29.33149284546001,0.2800000000000001,29.36689823236917,0.2800000000000001,29.38765322184862,0.2800000000000001,29.3990649621479,0.2800000000000001,29.40564949529585,0.2800000000000001,29.40100321285238,0.2800000000000001,29.39141683858391,0.2800000000000001,29.37984697474556,0.2800000000000001,29.36773712749217,0.2800000000000001,29.35579894157302,0.2800000000000001,29.34437423276219
0.2900000000000001,28.73053881165691,0.2900000000000001,28.86758657442422,0.2900000000000001,29.03631364033733,0.2900000000000001,29.12834257692927,0.2900000000000001,29.17979368451866,0.2900000000000001,29.20793284264887,0.2900000000000001,29.22199821809759,0.2900000000000001,29.22730278109296,0.2900000000000001,29.22327413925254,0.2900000000000001,29.20982703448908,0.2900000000000001,29.19288718661979,0.2900000000000001,29.17511301917281,0.2900000000000001,29.15771589424181,0.2900000000000001,29.1412287546921,0.2900000000000001,29.12585557975785
0.3000000000000001,28.58555904380538,0.3000000000000001,28.7204748739545,0.3000000000000001,28.88168435519747,0.3000000000000001,28.96502431700633,0.3000000000000001,29.00793942655615,0.3000000000000001,29.0281006123451,0.3000000000000001,29.03485363438749,0.3000000000000001,29.03350945253051,0.3000000000000001,29.01798645243542,0.3000000000000001,28.99506362742212,0.3000000000000001,28.97024324511069,0.3000000000000001,28.94584462945866,0.3000000000000001,28.92281874993832,0.3000000000000001,28.90150020229176,0.3000000000000001,28.8819412577659
0.3100000000000001,28.42101519411663,0.3100000000000001,28.55360385328169,0.3100000000000001,28.70654480269669,0.3100000000000001,28.78036049211111,0.3100000000000001,28.81396834742293,0.3100000000000001,28.82547592230211,0.3100000000000001,28.82433492513834,0.3100000000000001,28.8158433220092,0.3100000000000001,28.78802804487507,0.3100000000000001,28.75502788134755,0.3100000000000001,28.72186066482385,0.3100000000000001,28.69046614412693,0.3100000000000001,28.6615081745549,0.3100000000000001,28.63510511602671,0.3100000000000001,28.61114530139705
0.3200000000000001,28.23486153206974,0.3200000000000001,28.36495226963845,0.3200000000000001,28.50891485990874,0.3200000000000001,28.57242126047904,0.3200000000000001,28.59601012986079,0.3200000000000001,28.59825182914848,0.3200000000000001,28.58869767877119,0.3200000000000001,28.57261857795914,0.3200000000000001,28.53181256157028,0.3200000000000001,28.48820700189527,0.3200000000000001,28.44627672910753,0.3200000000000001,28.40754577000818,0.3200000000000001,28.37236846876365,0.3200000000000001,28.34063274783771,0.3200000000000001,28.31205370992451
0.3300000000000001,28.02509535732153,0.3300000000000001,28.15255829605115,0.3300000000000001,28.28691114691753,0.3300000000000001,28.33940838984089,0.3300000000000001,28.35235349365596,0.3300000000000001,28.34479870248391,0.3300000000000001,28.32638396140628,0.3300000000000001,28.3023368361326,0.3300000000000001,28.24792330803641,0.3300000000000001,28.1932219364114,0.3300000000000001,28.14211614405194,0.3300000000000001,28.09568776689467,0.3300000000000001,28.05396700497676,0.3300000000000001,28.01660293418888,0.3300000000000001,27.98313229974563
0.3400000000000001,27.78983642750783,0.3400000000000001,27.91459812186811,0.3400000000000001,28.03882111881904,0.3400000000000001,28.07971877225803,0.3400000000000001,28.08149308657046,0.3400000000000001,28.06368965419531,0.3400000000000001,28.03602292422215,0.3400000000000001,28.00366092882584,0.3400000000000001,27.93503160936364,0.3400000000000001,27.86869240440552,0.3400000000000001,27.80790761300268,0.3400000000000001,27.75330635248874,0.3400000000000001,27.70459120561805,0.3400000000000001,27.66117141585827,0.3400000000000001,27.62240500726877
0.3500000000000001,27.52740952123187,0.3500000000000001,27.64946258662571,0.3500000000000001,27.76316238684404,0.3500000000000001,27.79197793341602,0.3500000000000001,27.78213021947107,0.3500000000000001,27.75366405780169,0.3500000000000001,27.71635506474681,0.3500000000000001,27.67529977403716,0.3500000000000001,27.59170746791083,0.3500000000000001,27.51298359894646,0.3500000000000001,27.44177820114259,0.3500000000000001,27.37827861519123,0.3500000000000001,27.32186938550527,0.3500000000000001,27.27172635723815,0.3500000000000001,27.22703233453296
0.3600000000000002,27.23641624501944,0.3600000000000002,27.35581515155753,0.3600000000000002,27.45870506680557,0.3600000000000002,27.47501708322257,0.3600000000000002,27.45309885251184,0.3600000000000002,27.41350086793987,0.3600000000000002,27.36605454409799,0.3600000000000002,27.31578352553606,0.3600000000000002,27.21611609238575,0.3600000000000002,27.12384636229054,0.3600000000000002,27.04105703251835,0.3600000000000002,26.96752770566009,0.3600000000000002,26.90234557878496,0.3600000000000002,26.84446372181331,0.3600000000000002,26.79289364916507
0.3700000000000002,26.91577683437036,0.3700000000000002,27.03260933805689,0.3700000000000002,27.12443164874436,0.3700000000000002,27.1277679851823,0.3700000000000002,27.09319493345643,0.3700000000000002,27.04178751301923,0.3700000000000002,26.98344619756522,0.3700000000000002,26.92313887070801,0.3700000000000002,26.80564057318967,0.3700000000000002,26.69802277387956,0.3700000000000002,26.60189020033231,0.3700000000000002,26.51666502432449,0.3700000000000002,26.44116037217406,0.3700000000000002,26.3741133780976,0.3700000000000002,26.31436192372519
0.3800000000000002,26.56472021854622,0.3800000000000002,26.67904285062006,0.3800000000000002,26.75941356422755,0.3800000000000002,26.74906304152591,0.3800000000000002,26.7009105779284,0.3800000000000002,26.63660445781113,0.3800000000000002,26.56615879089036,0.3800000000000002,26.49452878153016,0.3800000000000002,26.35653976453299,0.3800000000000002,26.23096543943607,0.3800000000000002,26.11904674889076,0.3800000000000002,26.01989519388838,0.3800000000000002,25.93205875728158,0.3800000000000002,25.85404865061969,0.3800000000000002,25.78451094814951
0.3900000000000002,26.18270483791977,0.3900000000000002,26.29443351145139,0.3900000000000002,26.36260189179643,0.3900000000000002,26.33735897096361,0.3900000000000002,26.27411847009977,0.3900000000000002,26.19520070991428,0.3900000000000002,26.11081976579204,0.3900000000000002,26.02598994018011,0.3900000000000002,25.86382008940847,0.3900000000000002,25.71687864313813,0.3900000000000002,25.58613878636185,0.3900000000000002,25.47041035871546,0.3900000000000002,25.36794676300164,0.3900000000000002,25.27699064442661,0.3900000000000002,25.19595224666317
0.4000000000000002,25.76926765958817,0.4000000000000002,25.8780231420612,0.4000000000000002,25.93256475224474,0.4000000000000002,25.89045113760948,0.4000000000000002,25.80981039297564,0.4000000000000002,25.71379841354156,0.4000000000000002,25.61295797896312,0.4000000000000002,25.51245525202146,0.4000000000000002,25.32152765312981,0.4000000000000002,25.14928121359292,0.4000000000000002,24.99643162089248,0.4000000000000002,24.86141544258076,0.4000000000000002,24.74209909166656,0.4000000000000002,24.63636839924587,0.4000000000000002,24.54232191016609
0.4100000000000002,25.32382629841829,0.4100000000000002,25.42875029816842,0.4100000000000002,25.46725167717026,0.4100000000000002,25.40529975226776,0.4100000000000002,25.30404507029537,0.4100000000000002,25.18770367123626,0.4100000000000002,25.06729994682292,0.4100000000000002,24.94824251414963,0.4100000000000002,24.72360279768213,0.4100000000000002,24.52216970849566,0.4100000000000002,24.34424914201795,0.4100000000000002,24.18771549666722,0.4100000000000002,24.04987894022343,0.4100000000000002,23.92813239206042,0.4100000000000002,23.8201581156763
0.4200000000000002,24.84549491743249,0.4200000000000002,24.94507390032843,0.4200000000000002,24.96390887322817,0.4200000000000002,24.87812122367597,0.4200000000000002,24.75226757009267,0.4200000000000002,24.61187330843998,0.4200000000000002,24.46857844881792,0.4200000000000002,24.32808381988449,0.4200000000000002,24.06526201885855,0.4200000000000002,23.83163214663754,0.4200000000000002,23.62672022566141,0.4200000000000002,23.44752226340095,0.4200000000000002,23.29055480540628,0.4200000000000002,23.15254857971855,0.4200000000000002,23.03065137025261
0.4300000000000002,24.33300550989152,0.4300000000000002,24.42495914702856,0.4300000000000002,24.41928011447017,0.4300000000000002,24.3048721010078,0.4300000000000002,24.15008950781785,0.4300000000000002,23.98196521980003,0.4300000000000002,23.81280595688327,0.4300000000000002,23.64856817289035,0.4300000000000002,23.34462860967782,0.4300000000000002,23.07751268889245,0.4300000000000002,22.84538008524159,0.4300000000000002,22.64393733353389,0.4300000000000002,22.46863834749363,0.4300000000000002,22.31538079946074,0.4300000000000002,22.18067111972279
0.4400000000000002,23.78483160416894,0.4400000000000002,23.86612952343386,0.4400000000000002,23.8301769740311,0.4400000000000002,23.68214702598647,0.4400000000000002,23.49446134469654,0.4400000000000002,23.2957031224531,0.4400000000000002,23.09874679735862,0.4400000000000002,22.90964634605365,0.4400000000000002,22.56413978533362,0.4400000000000002,22.2645951083126,0.4400000000000002,22.00708020690851,0.4400000000000002,21.78558094709749,0.4400000000000002,21.59424520968968,0.4400000000000002,21.42800550691557,0.4400000000000002,21.28265882832405
0.4500000000000002,23.19957238162483,0.4500000000000002,23.26662553100152,0.4500000000000002,23.19438248399524,0.4500000000000002,23.00834460141734,0.4500000000000002,22.78497603071993,0.4500000000000002,22.55419678760612,0.4500000000000002,22.32915738574149,0.4500000000000002,22.11572376596816,0.4500000000000002,21.73124017430661,0.4500000000000002,21.4028621330268,0.4500000000000002,21.12384214187114,0.4500000000000002,20.88609065595818,0.4500000000000002,20.68229175035276,0.4500000000000002,20.5063550818306,0.4500000000000002,20.35335946511056
0.4600000000000002,22.57656956490713,0.4600000000000002,22.62559834470141,0.4600000000000002,22.51169931484035,0.4600000000000002,22.28479552650694,0.4600000000000002,22.02491368538833,0.4600000000000002,21.76278591086186,0.4600000000000002,21.51136133173907,0.4600000000000002,21.27593802178542,0.4600000000000002,20.85807293412031,0.4600000000000002,20.50668303925844,0.4600000000000002,20.2116440904338,0.4600000000000002,19.96259878055236,0.4600000000000002,19.75073742943088,0.4600000000000002,19.56898231504363,0.4600000000000002,19.41175146691828
0.4700000000000003,21.91662365274658,0.4700000000000003,21.94414622543951,0.4700000000000003,21.78483981290836,0.4700000000000003,21.51648672172341,0.4700000000000003,21.22165782290193,0.4700000000000003,20.93108514714438,0.4700000000000003,20.6569163173011,0.4700000000000003,20.40347319011801,0.4700000000000003,19.96021556718616,0.4700000000000003,19.59314295794667,0.4700000000000003,19.28848115783904,0.4700000000000003,19.03362199178198,0.4700000000000003,18.81837112689179,0.4700000000000003,18.63478882468582,0.4700000000000003,18.47674752680604
0.4800000000000003,21.22259976108452,0.4800000000000003,21.22593528653038,0.4800000000000003,21.0198523647513,0.4800000000000003,20.71210677722103,0.4800000000000003,20.3862982584133,0.4800000000000003,20.07216444158212,0.4800000000000003,19.78043109507711,0.4800000000000003,19.51408429483574,0.4800000000000003,19.05481387489799,0.4800000000000003,18.67998043703138,0.4800000000000003,18.37222792422586,0.4800000000000003,18.11691977574767,0.4800000000000003,17.90270498801697,0.4800000000000003,17.72097504146605,0.4800000000000003,17.56521051488739
0.4900000000000003,20.4997130393943,0.4900000000000003,20.47738042471584,0.4900000000000003,20.22590657967255,0.4900000000000003,19.88335268840127,0.4900000000000003,19.53250310069678,0.4900000000000003,19.2010810501643,0.4900000000000003,18.89785847008266,0.4900000000000003,18.62423874768767,0.4900000000000003,18.15860867520189,0.4900000000000003,17.78364785618907,0.4900000000000003,17.47880123297476,0.4900000000000003,17.22778573076849,0.4900000000000003,17.01839922613589,0.4900000000000003,16.84159363485741,0.4900000000000003,16.69062648232284
0.5000000000000002,19.7553709047654,0.5000000000000002,19.70729269039358,0.5000000000000002,19.4144657066159,0.5000000000000002,19.04367548177268,0.5000000000000002,18.67496546720573,0.5000000000000002,18.33315751986378,0.5000000000000002,18.02470813197182,0.5000000000000002,17.74933696375481,0.5000000000000002,17.28629484646342,0.5000000000000002,16.91787445922038,0.5000000000000002,16.62093401294704,0.5000000000000002,16.37801640883751,0.5000000000000002,16.17640355644964,0.5000000000000002,16.0068409154085,0.5000000000000002,15.86252554933136
0.5100000000000002,18.99858855576074,0.5100000000000002,18.92606863971282,0.5100000000000002,18.59806281744251,0.5100000000000002,18.20679530315924,0.5100000000000002,17.82781748312754,0.5100000000000002,17.4824130790344,0.5100000000000002,17.17456885558404,0.5100000000000002,16.90236445698091,0.5100000000000002,16.44946889433874,0.5100000000000002,16.09289353385133,0.5100000000000002,15.80764135170834,0.5100000000000002,15.57557436542005,0.5100000000000002,15.38378101716535,0.5100000000000002,15.22301197932247,0.5100000000000002,15.08654493234929
0.5200000000000002,18.2391226416274,0.5200000000000002,18.14462907227333,0.5200000000000002,17.78898856705066,0.5200000000000002,17.38533311208241,0.5200000000000002,17.00334414399957,0.5200000000000002,16.66043406929436,0.5200000000000002,16.35816473676632,0.5200000000000002,16.09313671129129,0.5200000000000002,15.65621342043236,0.5200000000000002,15.31529663789877,0.5200000000000002,15.04428082585363,0.5200000000000002,14.82480491069635,0.5200000000000002,14.64404413327677,0.5200000000000002,14.49292902070311,0.5200000000000002,14.36492925529994
0.5300000000000002,17.48653325383844,0.5300000000000002,17.37335919262148,0.5300000000000002,16.99817240041554,0.5300000000000002,16.58980826179077,0.5300000000000002,16.21118084276519,0.5300000000000002,15.87579315762607,0.5300000000000002,15.58298581383229,0.5300000000000002,15.32811776475571,0.5300000000000002,14.91121268137361,0.5300000000000002,14.58835650075818,0.5300000000000002,14.33301854826551,0.5300000000000002,14.12700161437136,0.5300000000000002,13.95779036358781,0.5300000000000002,13.81662661283385,0.5300000000000002,13.69725177270492
0.5400000000000003,16.74937147776577,0.5400000000000003,16.62125861996337,0.5400000000000003,16.23443232118592,0.5400000000000003,15.82810450445143,0.5400000000000003,15.45801887314645,0.5400000000000003,15.13397400392427,0.5400000000000003,14.85339722371894,0.5400000000000003,14.61067839181749,0.5400000000000003,14.21622085567901,0.5400000000000003,13.91262277906131,0.5400000000000003,13.67350153906262,0.5400000000000003,13.48112437276028,0.5400000000000003,13.32344692853605,0.5400000000000003,13.19211154720463,0.5400000000000003,13.08118183663024
0.5500000000000003,16.03462052590833,0.5500000000000003,15.89541471422553,0.5500000000000003,15.50414039250541,0.5500000000000003,15.10537573645405,0.5500000000000003,14.74772837764573,0.5500000000000003,14.43766793913608,0.5500000000000003,14.17106689493315,0.5500000000000003,13.94161944006662,0.5500000000000003,13.57070170340672,0.5500000000000003,13.28661676190573,0.5500000000000003,13.06357483884659,0.5500000000000003,12.88452170230904,0.5500000000000003,12.73798927437952,0.5500000000000003,12.61607288706923,0.5500000000000003,12.51318437517338
0.5600000000000003,15.34743151695203,0.5600000000000003,15.20081284742684,0.5600000000000003,14.81125005882739,0.5600000000000003,14.42428246470058,0.5600000000000003,14.08175599372167,0.5600000000000003,13.78728394980469,0.5600000000000003,13.53554905275071,0.5600000000000003,13.31980074220698,0.5600000000000003,12.97249605811357,0.5600000000000003,12.70750073170504,0.5600000000000003,12.49993701595711,0.5600000000000003,12.33356637958797,0.5600000000000003,12.19755527878383,0.5600000000000003,12.08447516734203,0.5600000000000003,11.98909335728007
0.5700000000000003,14.69112307121331,0.5700000000000003,14.54042502753252,0.5700000000000003,14.1575777430122,0.5700000000000003,13.78542427326169,0.5700000000000003,13.4596544068964,0.5700000000000003,13.18153289371071,0.5700000000000003,12.94489417049778,0.5700000000000003,12.74275836348023,0.5700000000000003,12.41842455383303,0.5700000000000003,12.17165050010895,0.5700000000000003,11.97867942042628,0.5700000000000003,11.82416296466506,0.5700000000000003,11.69792407939604,0.5700000000000003,11.59301181424438,0.5700000000000003,11.50454288170958
0.5800000000000003,14.06737279681311,0.5800000000000003,13.91548444186646,0.5800000000000003,13.54322147567663,0.5800000000000003,13.18784712823306,0.5800000000000003,12.8796311335121,0.5800000000000003,12.6179869996302,0.5800000000000003,12.39620132407722,0.5800000000000003,12.20724029959569,0.5800000000000003,11.90477938449265,0.5800000000000003,11.67510239977061,0.5800000000000003,11.4956931445281,0.5800000000000003,11.35212043131823,0.5800000000000003,11.23485962427758,0.5800000000000003,11.13742407876849,0.5800000000000003,11.05526518011919
0.5900000000000003,13.47651802664253,0.5900000000000003,13.32585215064485,0.5900000000000003,12.96701800408399,0.5900000000000003,12.62953703523563,0.5900000000000003,12.33904364092492,0.5900000000000003,12.09355778064795,0.5900000000000003,11.88607045549238,0.5900000000000003,11.70963029940078,0.5900000000000003,11.42769297608966,0.5900000000000003,11.21387466137731,0.5900000000000003,11.04695165353528,0.5900000000000003,10.91340333165996,0.5900000000000003,10.80433617111589,0.5900000000000003,10.71370540947349,0.5900000000000003,10.63727741367293
0.6000000000000003,12.91789345108225,0.6000000000000003,12.77040034376833,0.6000000000000003,12.42697026470091,0.6000000000000003,12.10784736571728,0.6000000000000003,11.83480412588421,0.6000000000000003,11.60486952077861,0.6000000000000003,11.41094283561336,0.6000000000000003,11.24625678010545,0.6000000000000003,10.98339234882253,0.6000000000000003,10.7841789312075,0.6000000000000003,10.62868902254584,0.6000000000000003,10.50428397530093,0.6000000000000003,10.40266977954707,0.6000000000000003,10.31821627104087,0.6000000000000003,10.24698285307103
0.6100000000000003,12.3901534479037,0.6100000000000003,12.24736176995398,0.6100000000000003,11.92060733114331,0.6100000000000003,11.61983701575502,0.6100000000000003,11.36368407345948,0.6100000000000003,11.14852841635732,0.6100000000000003,10.96733710875416,0.6100000000000003,10.8135994602677,0.6100000000000003,10.568358161646,0.6100000000000003,10.38254407631581,0.6100000000000003,10.23749742563104,0.6100000000000003,10.12141990161336,0.6100000000000003,10.02658024646194,0.6100000000000003,9.947733783420027,0.6100000000000003,9.881210612068118
0.6200000000000003,11.89154832224282,0.6200000000000003,11.7546186874101,0.6200000000000003,11.4452628276408,0.6200000000000003,11.16251727429298,0.6200000000000003,10.92252537232215,0.6200000000000003,10.72130025459376,0.6200000000000003,10.55199781387713,0.6200000000000003,10.40841316204718,0.6200000000000003,10.17941038518564,0.6200000000000003,10.00587490601045,0.6200000000000003,9.870366398170146,0.6200000000000003,9.761878725774165,0.6200000000000003,9.673205001297791,0.6200000000000003,9.599457107529959,0.6200000000000003,9.537214285648171
0.6300000000000003,11.42014145552098,0.6300000000000003,11.28992289564115,0.6300000000000003,10.99827366747079,0.6300000000000003,10.73301730113271,0.6300000000000003,10.50837309289337,0.6300000000000003,10.32021479796934,0.6300000000000003,10.16197619668737,0.6300000000000003,10.02778935528773,0.6300000000000003,9.81374128819154,0.6300000000000003,9.651465808050061,0.6300000000000003,9.524682958000973,0.6300000000000003,9.42312852083149,0.6300000000000003,9.340082265849867,0.6300000000000003,9.270985111545189,0.6300000000000003,9.212645343850321
0.6400000000000003,10.97396679193904,0.6400000000000003,10.85105022422252,0.6400000000000003,10.5771097224668,0.6400000000000003,10.32868347242732,0.6400000000000003,10.1185476123066,0.6400000000000003,9.942615554648659,0.6400000000000003,9.79466216088603,0.6400000000000003,9.669174008843804,0.6400000000000003,9.468913175003006,0.6400000000000003,9.31698544632984,0.6400000000000003,9.198207534576307,0.6400000000000003,9.103007640830182,0.6400000000000003,9.025116491224525,0.6400000000000003,8.960278570723313,0.6400000000000003,8.905512885838888
0.6500000000000004,10.55113339750894,0.6500000000000004,10.43589916249113,0.6500000000000004,10.17944852346606,0.6500000000000004,9.947128832004731,0.6500000000000004,9.750672931998903,0.6500000000000004,9.586171558295579,0.6500000000000004,9.447783362553563,0.6500000000000004,9.330356973864596,0.6500000000000004,9.142834488629056,0.6500000000000004,9.000444707457513,0.6500000000000004,8.889036707515586,0.6500000000000004,8.799684015458732,0.6500000000000004,8.726535306131129,0.6500000000000004,8.665615476781063,0.6500000000000004,8.614137780726205
0.6600000000000004,10.14988713431477,0.6600000000000004,10.04254562855481,0.6600000000000004,9.803209245939071,0.6600000000000004,9.586247410743992,0.6600000000000004,9.40267552505092,0.6600000000000004,9.248864672006457,0.6600000000000004,9.11938402079377,0.6600000000000004,9.009444541334139,0.6600000000000004,8.833724274015594,0.6600000000000004,8.700156575508636,0.6600000000000004,8.595560402260585,0.6600000000000004,8.511610750377093,0.6600000000000004,8.44284416085968,0.6600000000000004,8.385545114554155,0.6600000000000004,8.337106419991288
0.6700000000000004,9.768640110398884,0.6700000000000004,9.669265684687998,0.6700000000000004,9.446558587520006,0.6700000000000004,9.244205608428059,0.6700000000000004,9.072765004566211,0.6700000000000004,8.928962683709145,0.6700000000000004,8.807792726124054,0.6700000000000004,8.704823564934644,0.6700000000000004,8.540071931051054,0.6700000000000004,8.414693767413491,0.6700000000000004,8.316418547050544,0.6700000000000004,8.237482401337161,0.6700000000000004,8.172782536886208,0.6700000000000004,8.118844378318684,0.6700000000000004,8.073227231078127
0.6800000000000004,9.405977625156744,0.6800000000000004,9.31453648689102,0.6800000000000004,9.107898758968577,0.6800000000000004,8.919420024803047,0.6800000000000004,8.759404966140615,0.6800000000000004,8.624985547534294,0.6800000000000004,8.511585714803902,0.6800000000000004,8.415122856698758,0.6800000000000004,8.260596774693765,0.6800000000000004,8.142847790926204,0.6800000000000004,8.050460225942505,0.6800000000000004,7.97619448530296,0.6800000000000004,7.91528392212825,0.6800000000000004,7.864478241820514,0.6800000000000004,7.821491636602468
0.6900000000000004,9.060650664168284,0.6900000000000004,8.977023719534339,0.6900000000000004,8.785845336543142,0.6900000000000004,8.610528541700551,0.6900000000000004,8.461279834003662,0.6900000000000004,8.335669737129322,0.6900000000000004,8.229549846417468,0.6900000000000004,8.13917548892104,0.6900000000000004,7.994210124212309,0.6900000000000004,7.883591514468866,0.6900000000000004,7.796706964766321,0.6900000000000004,7.726807531917005,0.6900000000000004,7.669440602306405,0.6900000000000004,7.621565235949966,0.6900000000000004,7.581040157089635
0.7000000000000004,8.731560146733887,0.7000000000000004,8.655561704353573,0.7000000000000004,8.479200504514409,0.7000000000000004,8.316359299223661,0.7000000000000004,8.177261530860013,0.7000000000000004,8.059933839330805,0.7000000000000004,7.960647850894855,0.7000000000000004,7.875984115292276,0.7000000000000004,7.739981370645883,0.7000000000000004,7.636046251447755,0.7000000000000004,7.554320841014354,0.7000000000000004,7.488516141102967,0.7000000000000004,7.434473566313413,0.7000000000000004,7.389348103408613,0.7000000000000004,7.351133725855417
0.7100000000000004,8.417737402557114,0.7100000000000004,8.349130545078616,0.7100000000000004,8.186925392969737,0.7100000000000004,8.035900524159041,0.7100000000000004,7.906378280855803,0.7100000000000004,7.796847174984272,0.7100000000000004,7.703987219789755,0.7100000000000004,7.624690362002455,0.7100000000000004,7.497108611821147,0.7100000000000004,7.399453647833163,0.7100000000000004,7.322577502230515,0.7100000000000004,7.2606229871512,0.7100000000000004,7.209707360635676,0.7100000000000004,7.167169386296957,0.7100000000000004,7.131129911042953
0.7200000000000004,8.11832389690581,0.7200000000000004,8.056833178835793,0.7200000000000004,7.908113810828134,0.7200000000000004,7.768272923957406,0.7200000000000004,7.647786775415469,0.7200000000000004,7.545602300919623,0.7200000000000004,7.458793308008113,0.7200000000000004,7.384548634034029,0.7200000000000004,7.26489389490146,0.7200000000000004,7.173152221399065,0.7200000000000004,7.100843815414677,0.7200000000000004,7.042517405663308,0.7200000000000004,6.994549468175322,0.7200000000000004,6.954451477436555,0.7200000000000004,6.920463542300011
0.7300000000000004,7.832552079422689,0.7300000000000004,7.777874065787218,0.7300000000000004,7.64196864826549,0.7300000000000004,7.512705485246497,0.7300000000000004,7.400748197909978,0.7300000000000004,7.305491631677903,0.7300000000000004,7.224386693272014,0.7300000000000004,7.154904241020024,0.7300000000000004,7.042722780593527,0.7300000000000004,6.956558153178146,0.7300000000000004,6.888559677035254,0.7300000000000004,6.833658046845554,0.7300000000000004,6.788473664031079,0.7300000000000004,6.750680566682127,0.7300000000000004,6.71863115836898
0.7400000000000004,7.559728385825538,0.7400000000000004,7.511540424240088,0.7400000000000004,7.387781512185231,0.7400000000000004,7.268514933594564,0.7400000000000004,7.164608132429434,0.7400000000000004,7.075888039102095,0.7400000000000004,7.000164531580348,0.7400000000000004,6.935175494556259,0.7400000000000004,6.830047771888132,0.7400000000000004,6.749149814069818,0.7400000000000004,6.685223432572882,0.7400000000000004,6.633559024425251,0.7400000000000004,6.591006766161645,0.7400000000000004,6.555393893752478,0.7400000000000004,6.525178683761514
0.7500000000000004,7.299218831524883,0.7500000000000004,7.257186354931203,0.7500000000000004,7.144915693825695,0.7500000000000004,7.035088747991653,0.7500000000000004,6.93878010254687,0.7500000000000004,6.856229074127985,0.7500000000000004,6.78558548382574,0.7500000000000004,6.724839305022885,0.7500000000000004,6.626375081413648,0.7500000000000004,6.550455476032368,0.7500000000000004,6.490380344728915,0.7500000000000004,6.441778996285238,0.7500000000000004,6.401718217721679,0.7500000000000004,6.368169746977966,0.7500000000000004,6.339691777458939
0.7600000000000005,7.050437250063737,0.7600000000000005,7.014219837190105,0.7600000000000005,6.91279228571555,0.7600000000000005,6.811871417269886,0.7600000000000005,6.722732339874493,0.7600000000000005,6.646004354699286,0.7600000000000005,6.580157722731903,0.7600000000000005,6.523419766067978,0.7600000000000005,6.431254207140165,0.7600000000000005,6.360043674959622,0.7600000000000005,6.30361358141483,0.7600000000000005,6.257912654605538,0.7600000000000005,6.220211986390352,0.7600000000000005,6.188619700848442,0.7600000000000005,6.161788353756325
0.7700000000000005,6.812835996996086,0.7700000000000005,6.782092368099525,0.7700000000000005,6.690879112886314,0.7700000000000005,6.598353527133126,0.7700000000000005,6.51597732489123,0.7700000000000005,6.444745636776409,0.7700000000000005,6.3834295245786,0.7700000000000005,6.330479226656522,0.7700000000000005,6.2442698195476,0.7700000000000005,6.177515738447167,0.7700000000000005,6.124537248602713,0.7700000000000005,6.081584162319606,0.7700000000000005,6.046120328384784,0.7700000000000005,6.016382649905459,0.7700000000000005,5.991112841615836
0.7800000000000005,6.585898817602112,0.7800000000000005,6.560290909151578,0.7800000000000005,6.478682078608971,0.7800000000000005,6.394063238206064,0.7800000000000005,6.318063641139777,0.7800000000000005,6.252019103140443,0.7800000000000005,6.194981981449561,0.7800000000000005,6.145611391502962,0.7800000000000005,6.065035516291956,0.7800000000000005,6.002500051050726,0.7800000000000005,5.952791056115807,0.7800000000000005,5.912442137715877,0.7800000000000005,5.879099031002367,0.7800000000000005,5.851120263271991,0.7800000000000005,5.82733181592651
0.7900000000000005,6.36913552925645,0.7900000000000005,6.348331768231238,0.7900000000000005,6.275738516393108,0.7900000000000005,6.198559730296346,0.7900000000000005,6.128569715150676,0.7900000000000005,6.067419447128884,0.7900000000000005,6.014423419675148,0.7900000000000005,5.968436045675334,0.7900000000000005,5.893189061001257,0.7900000000000005,5.834647692676671,0.7900000000000005,5.788036268387334,0.7900000000000005,5.750155853124715,0.7900000000000005,5.718823811427829,0.7900000000000005,5.692513547604581,0.7900000000000005,5.670130697073223
0.8000000000000005,6.162078169166002,0.8000000000000005,6.145756051801278,0.8000000000000005,6.08161216477552,0.8000000000000005,6.011428226797951,0.8000000000000005,5.947099062431488,0.8000000000000005,5.890565382209431,0.8000000000000005,5.841385167416637,0.8000000000000005,5.798595058468376,0.8000000000000005,5.728388783730162,0.8000000000000005,5.673629146617073,0.8000000000000005,5.629952652413171,0.8000000000000005,5.594412372916342,0.8000000000000005,5.564987607861871,0.8000000000000005,5.540260263632615,0.8000000000000005,5.519211271715317
0.8100000000000005,5.964278285766782,0.8100000000000005,5.952126354094063,0.8100000000000005,5.895889423731264,0.8100000000000005,5.832276262995183,0.8100000000000005,5.773276714127269,0.8100000000000005,5.721096264874049,0.8100000000000005,5.675518371898352,0.8100000000000005,5.635749379393824,0.8100000000000005,5.57031087754562,0.8100000000000005,5.519131829264466,0.8100000000000005,5.478236189123573,0.8100000000000005,5.444914408585796,0.8100000000000005,5.41729855025874,0.8100000000000005,5.394072991502492,0.8100000000000005,5.374289836682836
0.8200000000000005,5.775305093521883,0.8200000000000005,5.767024394025206,0.8200000000000005,5.718176600879994,0.8200000000000005,5.660730914712202,0.8200000000000005,5.606746553047366,0.8200000000000005,5.558669572605154,0.8200000000000005,5.516491620557927,0.8200000000000005,5.479576792040251,0.8200000000000005,5.418647376525492,0.8200000000000005,5.370858242256364,0.8200000000000005,5.332597361219713,0.8200000000000005,5.301378713870904,0.8200000000000005,5.275478441707309,0.8200000000000005,5.253677682662542,0.8200000000000005,5.235095809351533
0.8300000000000005,5.594744257081677,0.8300000000000005,5.590049358034308,0.8300000000000005,5.548097905454862,0.8300000000000005,5.496436754332015,0.8300000000000005,5.447169337951086,0.8300000000000005,5.402959027849416,0.8300000000000005,5.363989168275632,0.8300000000000005,5.329770238067729,0.8300000000000005,5.273104644306704,0.8300000000000005,5.228524589327712,0.8300000000000005,5.192759870089684,0.8300000000000005,5.163534880775292,0.8300000000000005,5.139261618032958,0.8300000000000005,5.118812571397312,0.8300000000000005,5.101370682232179
0.8400000000000005,5.422197116114011,0.8400000000000005,5.420816753000413,0.8400000000000005,5.385293994431756,0.8400000000000005,5.339054346981854,0.8400000000000005,5.294221239435061,0.8400000000000005,5.253653201798539,0.8400000000000005,5.217709614078351,0.8400000000000005,5.186036563274108,0.8400000000000005,5.133402239218907,0.8400000000000005,5.091859734769663,0.8400000000000005,5.058459667178663,0.8400000000000005,5.03112442860493,0.8400000000000005,5.008394083175172,0.8400000000000005,4.989227348042431,0.8400000000000005,4.972867227539848
0.8500000000000005,5.257280203404614,0.8500000000000005,5.258957614949756,0.8500000000000005,5.229420916332491,0.8500000000000005,5.18825913944651,0.8500000000000005,5.147592748812541,0.8500000000000005,5.110454468049675,0.8500000000000005,5.077364905301331,0.8500000000000005,5.048095570715218,0.8500000000000005,4.999272052456444,0.8500000000000005,4.960604408721023,0.8500000000000005,4.929444211851274,0.8500000000000005,4.903900103445833,0.8500000000000005,4.88263284211263,0.8500000000000005,4.864682519214669,0.8500000000000005,4.849348880042212
0.8600000000000005,5.099624944567759,0.8600000000000005,5.104117955183416,0.8600000000000005,5.0801493332959,0.8600000000000005,5.043740627866849,0.8600000000000005,5.006987853090866,0.8600000000000005,4.973078206207612,0.8600000000000005,4.942679575598453,0.8600000000000005,4.915679292854794,0.8600000000000005,4.870457640386151,0.8600000000000005,4.834510587337231,0.8600000000000005,4.805471889165057,0.8600000000000005,4.781625325742331,0.8600000000000005,4.76174537240549,0.8600000000000005,4.744948898917044,0.8600000000000005,4.730589244366864
0.8700000000000006,4.948877457462411,0.8700000000000006,4.955958355398092,0.8700000000000006,4.937163931079136,0.8700000000000006,4.905201717807754,0.8700000000000006,4.872123395026895,0.8700000000000006,4.841252179804782,0.8700000000000006,4.813390146106226,0.8700000000000006,4.788531416403478,0.8700000000000006,4.746713691756333,0.8700000000000006,4.713340994003252,0.8700000000000006,4.686311537891696,0.8700000000000006,4.664073739596076,0.8700000000000006,4.645509190612229,0.8700000000000006,4.629807188931505,0.8700000000000006,4.616371686968041
0.8800000000000006,4.80469839340559,0.8800000000000006,4.814153647629688,0.8800000000000006,4.800162950161958,0.8800000000000006,4.772358212430644,0.8800000000000006,4.742728557954293,0.8800000000000006,4.714716032294322,0.8800000000000006,4.689244637259939,0.8800000000000006,4.666406810664578,0.8800000000000006,4.627805586051144,0.8800000000000006,4.596868681961147,0.8800000000000006,4.571742052339689,0.8800000000000006,4.551028829844374,0.8800000000000006,4.533711481647738,0.8800000000000006,4.51904761820535,0.8800000000000006,4.506488983818915
0.8900000000000006,4.666762781085345,0.8900000000000006,4.67839263400598,0.8900000000000006,4.668857789741292,0.8900000000000006,4.644938382004561,0.8900000000000006,4.618544431385956,0.8900000000000006,4.593220860078315,0.8900000000000006,4.570002152994175,0.8900000000000006,4.549071123592823,0.8900000000000006,4.513509011260625,0.8900000000000006,4.484876669719177,0.8900000000000006,4.461552031735497,0.8900000000000006,4.442283582553756,0.8900000000000006,4.426148768225735,0.8900000000000006,4.412469619604053,0.8900000000000006,4.400743003220438
0.9000000000000006,4.534759848428006,0.9000000000000006,4.548377816067854,0.9000000000000006,4.542972650853052,0.9000000000000006,4.522682581570418,0.9000000000000006,4.499323626030717,0.9000000000000006,4.476528833290335,0.9000000000000006,4.455432510039184,0.9000000000000006,4.436300420076916,0.9000000000000006,4.403609618556509,0.9000000000000006,4.377157609013408,0.9000000000000006,4.355539458697239,0.9000000000000006,4.337640171850807,0.9000000000000006,4.322626604419224,0.9000000000000006,4.309881528970204,0.9000000000000006,4.298944409417658
0.9100000000000006,4.408392808326798,0.9100000000000006,4.42382511454776,0.9100000000000006,4.422244195860917,0.9100000000000006,4.405342893940206,0.9100000000000006,4.384829916503576,0.9100000000000006,4.364412844006889,0.9100000000000006,4.345315893374733,0.9100000000000006,4.327880844781421,0.9100000000000006,4.29790269834142,0.9100000000000006,4.273513471434567,0.9100000000000006,4.253511394188482,0.9100000000000006,4.236909661481817,0.9100000000000006,4.222959282535765,0.9100000000000006,4.211100296342881,0.9100000000000006,4.200912377421244
0.9200000000000006,4.287378601809595,0.9200000000000006,4.304463568670868,0.9200000000000006,4.306421209765915,0.9200000000000006,4.292682782985582,0.9200000000000006,4.274837897244083,0.9200000000000006,4.256656168281803,0.9200000000000006,4.239442525158926,0.9200000000000006,4.22360829773559,0.9200000000000006,4.196192867343306,0.9200000000000006,4.173755244547787,0.9200000000000006,4.155283680681274,0.9200000000000006,4.139911713541519,0.9200000000000006,4.126969546318649,0.9200000000000006,4.115951202812979,0.9200000000000006,4.106474312895307
0.9300000000000006,4.171447597549875,0.9300000000000006,4.190035009885995,0.9300000000000006,4.195264254790681,0.9300000000000006,4.184476747890901,0.9300000000000006,4.169132642493725,0.9300000000000006,4.153052133352269,0.9300000000000006,4.137612339061119,0.9300000000000006,4.123288115166831,0.9300000000000006,4.098293760246662,0.9300000000000006,4.077702631785314,0.9300000000000006,4.060680648425881,0.9300000000000006,4.046474299757947,0.9300000000000006,4.034488306254102,0.9300000000000006,4.024267579116253,0.9300000000000006,4.015465573478248
0.9400000000000006,4.060343250151578,0.9400000000000006,4.080293708965399,0.9400000000000006,4.088545313967408,0.9400000000000006,4.080509973165201,0.9400000000000006,4.067509365040512,0.9400000000000006,4.05340378495189,0.9400000000000006,4.039634655262835,0.9400000000000006,4.026734751189311,0.9400000000000006,4.004027722103922,0.9400000000000006,3.985183752869492,0.9400000000000006,3.96953482199241,0.9400000000000006,3.956433412822634,0.9400000000000006,3.945354354734924,0.9400000000000006,3.935890523926946,0.9400000000000006,3.927729189676762
0.9500000000000006,3.953821721816758,0.9500000000000006,3.975005998069724,0.9500000000000006,3.9860474224114,0.9500000000000006,3.980577972097509,0.9500000000000006,3.969773071161733,0.9500000000000006,3.957523552201299,0.9500000000000006,3.94532785374906,0.9500000000000006,3.933771458156927,0.9500000000000006,3.913225499706822,0.9500000000000006,3.896034843259886,0.9500000000000006,3.881686625831565,0.9500000000000006,3.869632776716979,0.9500000000000006,3.859414080195513,0.9500000000000006,3.85066862110205,0.9500000000000006,3.843115584693504
0.9600000000000006,3.851651473195422,0.9600000000000006,3.873949871011389,0.9600000000000006,3.887564286918216,0.9600000000000006,3.884486223299322,0.9600000000000006,3.87573821105711,0.9600000000000006,3.865232909286016,0.9600000000000006,3.85451904513019,0.9600000000000006,3.84422996499767,0.9600000000000006,3.825725931419676,0.9600000000000006,3.810099952298265,0.9600000000000006,3.796984088671201,0.9600000000000006,3.785923555967456,0.9600000000000006,3.776521180245899,0.9600000000000006,3.768457655980539,0.9600000000000006,3.761482293357355
0.9700000000000006,3.753612829706475,0.9700000000000006,3.776914565843761,0.9700000000000006,3.792899895742003,0.9700000000000006,3.792049801245281,0.9700000000000006,3.785228325286349,0.9700000000000006,3.776362034277793,0.9700000000000006,3.767043739302196,0.9700000000000006,3.757950153838013,0.9700000000000006,3.741375635841281,0.9700000000000006,3.72723064049014,0.9700000000000006,3.715282547253025,0.9700000000000006,3.705164064389381,0.9700000000000006,3.696536374409454,0.9700000000000006,3.689120331380257,0.9700000000000006,3.682693680829701
0.9800000000000006,3.659497529626675,0.9800000000000006,3.683700134273185,0.9800000000000006,3.701868121097707,0.9800000000000006,3.703093002483228,0.9800000000000006,3.698075688473965,0.9800000000000006,3.690749466164762,0.9800000000000006,3.682745512913656,0.9800000000000006,3.674779735840477,0.9800000000000006,3.660028700191881,0.9800000000000006,3.647285676824774,0.9800000000000006,3.636444350323992,0.9800000000000006,3.627219474247028,0.9800000000000006,3.619327117404437,0.9800000000000006,3.61252598424221,0.9800000000000006,3.606620662044841
0.9900000000000007,3.569108259936248,0.9900000000000007,3.594117002401012,0.9900000000000007,3.614292317235768,0.9900000000000007,3.617448969582202,0.9900000000000007,3.614120951954959,0.9900000000000007,3.608241761550615,0.9900000000000007,3.601475676977494,0.9900000000000007,3.594573927517598,0.9900000000000007,3.58154636961054,0.9900000000000007,3.570130737281044,0.9900000000000007,3.560338564008662,0.9900000000000007,3.55196152694227,0.9900000000000007,3.54476731407083,0.9900000000000007,3.538550304015662,0.9900000000000007,3.533140422970885
1.000000000000001,3.482258185409211,1.000000000000001,3.507985527078484,1.000000000000001,3.530004916985319,1.000000000000001,3.534959315029885,1.000000000000001,3.533212787206793,1.000000000000001,3.528693152655159,1.000000000000001,3.523092946127016,1.000000000000001,3.517195128934159,1.000000000000001,3.505796738666247,1.000000000000001,3.495638105759507,1.000000000000001,3.486840679760126,1.000000000000001,3.47926824639856,1.000000000000001,3.472737037085251,1.000000000000001,3.467075053907388,1.000000000000001,3.462136144798373
1.010000000000001,3.398770475831805,1.010000000000001,3.425135551789281,1.010000000000001,3.448847029536319,1.010000000000001,3.45547374726311,1.010000000000001,3.455207531921313,1.010000000000001,3.451965208268861,1.010000000000001,3.447463111036409,1.010000000000001,3.442512605224549,1.010000000000001,3.432654446389156,1.010000000000001,3.423686378669915,1.010000000000001,3.4158323260654,1.010000000000001,3.409023656275241,1.010000000000001,3.403122248567251,1.010000000000001,3.397987796072037,1.010000000000001,3.393496732111367
1.020000000000001,3.318477835586342,1.020000000000001,3.345405965529724,1.020000000000001,3.370668042000565,1.020000000000001,3.378849700875838,1.020000000000001,3.379968840472006,1.020000000000001,3.377926499233216,1.020000000000001,3.374458715452166,1.020000000000001,3.37040217278121,1.020000000000001,3.362000376053606,1.020000000000001,3.354160174324794,1.020000000000001,3.347200984995994,1.020000000000001,3.341117502058549,1.020000000000001,3.335814526587499,1.020000000000001,3.331181621725536,1.020000000000001,3.32711654600044
1.030000000000001,3.241222039193095,1.030000000000001,3.268644267680046,1.030000000000001,3.295325227000966,1.030000000000001,3.304951972843865,1.030000000000001,3.307367340368719,1.030000000000001,3.306452269876169,1.030000000000001,3.303958739150374,1.030000000000001,3.300745891343881,1.030000000000001,3.293721360822917,1.030000000000001,3.286949848168315,1.030000000000001,3.280839714576565,1.030000000000001,3.275444978956077,1.030000000000001,3.27071079746811,1.030000000000001,3.266554887041557,1.030000000000001,3.262895142949469
1.040000000000001,3.166853475787125,1.040000000000001,3.194706141385089,1.040000000000001,3.222683358222314,1.040000000000001,3.233652366366183,1.040000000000001,3.23728029609173,1.040000000000001,3.237424116654404,1.040000000000001,3.235848287969313,1.040000000000001,3.23343176306249,1.040000000000001,3.227709896221625,1.040000000000001,3.221951214729007,1.040000000000001,3.216646877799042,1.040000000000001,3.211906466378603,1.040000000000001,3.207713074624223,1.040000000000001,3.204010955551194,1.040000000000001,3.200737020195477
1.050000000000001,3.095230704937429,1.050000000000001,3.123455037508203,1.050000000000001,3.15261433553689,1.050000000000001,3.164829343670954,1.050000000000001,3.169591281481058,1.050000000000001,3.170729675060477,1.050000000000001,3.170018291891899,1.050000000000001,3.168353439439659,1.050000000000001,3.163863860236541,1.050000000000001,3.159065277029121,1.050000000000001,3.15452587896694,1.050000000000001,3.150407269652383,1.050000000000001,3.146728204555955,1.050000000000001,3.143457947627673,1.050000000000001,3.140551368117938
1.060000000000001,3.026220025700773,1.060000000000001,3.054761770801693,1.060000000000001,3.084996821010809,1.060000000000001,3.098367688883634,1.060000000000001,3.104189861647365,1.060000000000001,3.106262315661797,1.060000000000001,3.106365211964005,1.060000000000001,3.105409936882221,1.060000000000001,3.102086241695285,1.060000000000001,3.098197964035529,1.060000000000001,3.094384907904269,1.060000000000001,3.090857369458718,1.060000000000001,3.087667620457329,1.060000000000001,3.084808497497018,1.060000000000001,3.08225183007802
1.070000000000001,2.959695060347255,1.070000000000001,2.988504129557077,1.070000000000001,3.019715886810214,1.070000000000001,3.03415818182459,1.070000000000001,3.040971285153679,1.070000000000001,3.043920849944156,1.070000000000001,3.044790756668276,1.070000000000001,3.04450536143111,1.070000000000001,3.042284877413049,1.070000000000001,3.039259876588615,1.070000000000001,3.036136692424037,1.070000000000001,3.03317117936192,1.070000000000001,3.030447103775378,1.070000000000001,3.027979518084845,1.070000000000001,3.025756269998057
1.080000000000001,2.895536353796746,1.080000000000001,2.924566499661959,1.080000000000001,2.956662675764436,1.080000000000001,2.972097283374552,1.080000000000001,2.97983618703667,1.080000000000001,2.983609246464978,1.080000000000001,2.98520160820433,1.080000000000001,2.985548643080858,1.080000000000001,2.984372198457199,1.080000000000001,2.982166042110924,1.080000000000001,2.979698259320552,1.080000000000001,2.977267311659448,1.080000000000001,2.974986553928181,1.080000000000001,2.972891973886956,1.080000000000001,2.970986547851047
1.090000000000001,2.833630989464505,1.090000000000001,2.862839503697361,1.090000000000001,2.895734075117356,1.090000000000001,2.912086832862758,1.090000000000001,2.920690303055164,1.090000000000001,2.925236357657531,1.090000000000001,2.927509158979714,1.090000000000001,2.92845327996015,1.090000000000001,2.928264985748253,1.090000000000001,2.926835678273379,1.090000000000001,2.924990704030384,1.090000000000001,2.923068351672187,1.090000000000001,2.921209766277213,1.090000000000001,2.919470661940022,1.090000000000001,2.917868303120006
1.100000000000001,2.773872221925862,1.100000000000001,2.803219655455377,1.100000000000001,2.836832403786345,1.100000000000001,2.854033757751242,1.100000000000001,2.863444195401745,1.100000000000001,2.868715657487329,1.100000000000001,2.871629258482952,1.100000000000001,2.873137092518807,1.100000000000001,2.873884135099285,1.100000000000001,2.873191965685956,1.100000000000001,2.871938969000253,1.100000000000001,2.87050064048907,1.100000000000001,2.869044218347793,1.100000000000001,2.867644000868516,1.100000000000001,2.866330746188209
1.110000000000001,2.716159126565044,1.110000000000001,2.745609030051549,1.110000000000001,2.779865113284335,1.110000000000001,2.797849795742059,1.110000000000001,2.808012989978137,1.110000000000001,2.813964990037812,1.110000000000001,2.817481970593666,1.110000000000001,2.819521987756167,1.110000000000001,2.821154431693156,1.110000000000001,2.821161829582445,1.110000000000001,2.820471630705781,1.110000000000001,2.819494066088084,1.110000000000001,2.818420864200847,1.110000000000001,2.817343827894838,1.110000000000001,2.816306457532898
1.120000000000001,2.660396266184501,1.120000000000001,2.689914949616584,1.120000000000001,2.724744502307266,1.120000000000001,2.743451229305117,1.120000000000001,2.754316125219756,1.120000000000001,2.760906328995496,1.120000000000001,2.764991341284547,1.120000000000001,2.767533733429991,1.120000000000001,2.770004333907762,1.120000000000001,2.77067573038341,1.120000000000001,2.77052069518261,1.120000000000001,2.76998186267516,1.120000000000001,2.769273936779826,1.120000000000001,2.768505203620947,1.120000000000001,2.767731194517074
1.130000000000001,2.606493374371983,1.130000000000001,2.636049684419502,1.130000000000001,2.671387444868391,1.130000000000001,2.690758632516778,1.130000000000001,2.702277112356855,1.130000000000001,2.709465547914437,1.130000000000001,2.714085176584496,1.130000000000001,2.717101742104082,1.130000000000001,2.720365766323673,1.130000000000001,2.721667462948982,1.130000000000001,2.72202140186038,1.130000000000001,2.721900418012334,1.130000000000001,2.721540757987273,1.130000000000001,2.721066224320679,1.130000000000001,2.72054370550486
1.140000000000001,2.554365055312435,1.140000000000001,2.583930169148303,1.140000000000001,2.619715131760382,1.140000000000001,2.639696630010361,1.140000000000001,2.651823306918886,1.140000000000001,2.659572201064311,1.140000000000001,2.664694830601304,1.140000000000001,2.668158864824174,1.140000000000001,2.672173921684088,1.140000000000001,2.674073964270703,1.140000000000001,2.674912035428891,1.140000000000001,2.675189088446385,1.140000000000001,2.675161556185125,1.140000000000001,2.674967841421638,1.140000000000001,2.674685550965534
1.150000000000001,2.503930499619111,1.150000000000001,2.533477733984228,1.150000000000001,2.56965282504509,1.150000000000001,2.590193667767221,1.150000000000001,2.602885691222374,1.150000000000001,2.61115931460492,1.150000000000001,2.61675500334348,1.150000000000001,2.6206411941559,1.150000000000001,2.625367071523774,1.150000000000001,2.627835129299894,1.150000000000001,2.629133745414663,1.150000000000001,2.629790021297227,1.150000000000001,2.630079290761179,1.150000000000001,2.630153687803135,1.150000000000001,2.630100931178135
1.160000000000001,2.455113215685786,1.160000000000001,2.484617850033101,1.160000000000001,2.5211296252071,1.160000000000001,2.542181795419893,1.160000000000001,2.555398667529963,1.160000000000001,2.564163187780288,1.160000000000001,2.570203548033892,1.160000000000001,2.574487876273007,1.160000000000001,2.579886385140218,1.160000000000001,2.582893634566882,1.160000000000001,2.584630373102629,1.160000000000001,2.585647984222092,1.160000000000001,2.586239483359311,1.160000000000001,2.586569910491055,1.160000000000001,2.586736520102152
1.170000000000001,2.407840776004947,1.170000000000001,2.437279888623328,1.170000000000001,2.474078250558749,1.170000000000001,2.495596459694415,1.170000000000001,2.509299861527241,1.170000000000001,2.518523203787065,1.170000000000001,2.524981287571056,1.170000000000001,2.529640931748273,1.170000000000001,2.535675756545393,1.170000000000001,2.539194769210884,1.170000000000001,2.541348285402484,1.170000000000001,2.542710201134631,1.170000000000001,2.543590055333647,1.170000000000001,2.544165009291772,1.170000000000001,2.544541304939455
1.180000000000001,2.362044577857136,1.180000000000001,2.391396893941321,1.180000000000001,2.428434828448172,1.180000000000001,2.450376308585909,1.180000000000001,2.464529935733283,1.180000000000001,2.474181649942967,1.180000000000001,2.481031839766094,1.180000000000001,2.486045084672539,1.180000000000001,2.492681639009743,1.180000000000001,2.49668627301266,1.180000000000001,2.499236215230469,1.180000000000001,2.500926194228431,1.180000000000001,2.502081170955162,1.180000000000001,2.502889680873921,1.180000000000001,2.503466430878134
1.190000000000001,2.317659617751553,1.190000000000001,2.346905368449563,1.190000000000001,2.384138697797305,1.190000000000001,2.40646300583846,1.190000000000001,2.421032412439243,1.190000000000001,2.431083546760478,1.190000000000001,2.43830145096336,1.190000000000001,2.443647599707809,1.190000000000001,2.450852886790517,1.190000000000001,2.455318181001794,1.190000000000001,2.458245107955756,1.190000000000001,2.460247631630693,1.190000000000001,2.461665085874038,1.190000000000001,2.462696667779902,1.190000000000001,2.463465050479908
1.200000000000001,2.274624278983996,1.200000000000001,2.303745070516936,1.200000000000001,2.341132222481168,1.200000000000001,2.363801055285303,1.200000000000001,2.378753505755261,1.200000000000001,2.389176485517681,1.200000000000001,2.396738837640358,1.200000000000001,2.402398126667687,1.200000000000001,2.41014060362351,1.200000000000001,2.41504267419634,1.200000000000001,2.418327973444768,1.200000000000001,2.420628180194732,1.200000000000001,2.422296000322082,1.200000000000001,2.423540611828233,1.200000000000001,2.424492177150353
1.210000000000001,2.232880131674165,1.210000000000001,2.261858823685043,1.210000000000001,2.299360615051904,1.210000000000001,2.322337634597886,1.210000000000001,2.337641962339004,1.210000000000001,2.348410473911664,1.210000000000001,2.356295035575912,1.210000000000001,2.362248552212381,1.210000000000001,2.370497997550901,1.210000000000001,2.37581393602506,1.210000000000001,2.379439743228307,1.210000000000001,2.382023362929674,1.210000000000001,2.383929916527477,1.210000000000001,2.385377911354138,1.210000000000001,2.386504542115962
1.220000000000001,2.192371744647609,1.220000000000001,2.221192336994589,1.220000000000001,2.258771770309678,1.220000000000001,2.282022437990527,1.220000000000001,2.297648910377514,1.220000000000001,2.308737789378855,1.220000000000001,2.316923256175287,1.220000000000001,2.323152858245204,1.220000000000001,2.331880241657476,1.220000000000001,2.337588013982026,1.220000000000001,2.34153713231474,1.220000000000001,2.344390420563155,1.220000000000001,2.346524499810793,1.220000000000001,2.3481665817312,1.220000000000001,2.34946045432601
1.230000000000001,2.153046508536917,1.230000000000001,2.181694035802875,1.230000000000001,2.219316108226835,1.230000000000001,2.242807527430934,1.230000000000001,2.258727716398147,1.230000000000001,2.270112839671094,1.230000000000001,2.278578749545748,1.230000000000001,2.285066986602997,1.230000000000001,2.294244340294324,1.230000000000001,2.300322686070192,1.230000000000001,2.304578505179749,1.230000000000001,2.307688176740166,1.230000000000001,2.310038942837839,1.230000000000001,2.311866118623295,1.230000000000001,2.313319662703538
1.240000000000001,2.114854469491095,1.240000000000001,2.143314902534304,1.240000000000001,2.180946425739751,1.240000000000001,2.204647191914703,1.240000000000001,2.220833849492265,1.240000000000001,2.232492030285314,1.240000000000001,2.241218673926562,1.240000000000001,2.247948709644579,1.240000000000001,2.257549000382589,1.240000000000001,2.263977331606499,1.240000000000001,2.268523745480817,1.240000000000001,2.271876906380115,1.240000000000001,2.274433832525666,1.240000000000001,2.276437363437816,1.240000000000001,2.278043220192207
1.250000000000001,2.07774817289959,1.250000000000001,2.106008326820904,1.250000000000001,2.143617756935092,1.250000000000001,2.167497814373469,1.250000000000001,2.183924752548117,1.250000000000001,2.195833638358814,1.250000000000001,2.204801971093026,1.250000000000001,2.21175750635905,1.250000000000001,2.221754507412371,1.250000000000001,2.228512805987694,1.250000000000001,2.233334129075369,1.250000000000001,2.23691820674918,1.250000000000001,2.239671019136094,1.250000000000001,2.241842370492612,1.250000000000001,2.243593349090445
1.260000000000001,2.041682516558054,1.260000000000001,2.06972996450718,1.260000000000001,2.107287241171987,1.260000000000001,2.131317745801163,1.260000000000001,2.147959720105303,1.260000000000001,2.160097692660468,1.260000000000001,2.169289247375866,1.260000000000001,2.176454443640734,1.260000000000001,2.186822605783966,1.260000000000001,2.193891319056033,1.260000000000001,2.198972199969238,1.260000000000001,2.202774870859654,1.260000000000001,2.205713487153268,1.260000000000001,2.208044275477681,1.260000000000001,2.209933307238703
1.270000000000001,2.006614612725321,1.270000000000001,2.034437605013363,1.270000000000001,2.071913998698894,1.270000000000001,2.096067186200625,1.270000000000001,2.112899782463318,1.270000000000001,2.125245859331833,1.270000000000001,2.134642659965054,1.270000000000001,2.142002062410581,1.270000000000001,2.152716383183311,1.270000000000001,2.160076316760877,1.270000000000001,2.165401648891228,1.270000000000001,2.169410762889858,1.270000000000001,2.172525227634832,1.270000000000001,2.175007164896575,1.270000000000001,2.177027254740208
1.280000000000001,1.972503658544809,1.280000000000001,2.000091046572313,1.280000000000001,2.037459013343193,1.280000000000001,2.061708071973087,1.280000000000001,2.078707595700366,1.280000000000001,2.091241333060907,1.280000000000001,2.10082580820252,1.280000000000001,2.1083642683065,1.280000000000001,2.119400158742992,1.280000000000001,2.127032365890325,1.280000000000001,2.132587194286951,1.280000000000001,2.136790695433772,1.280000000000001,2.140071111860181,1.280000000000001,2.142695946324002,1.280000000000001,2.144840121062828
1.290000000000001,1.939310814328119,1.290000000000001,1.966651978877517,1.290000000000001,2.003885021872399,1.290000000000001,2.02820396939601,1.290000000000001,2.045347337286301,1.290000000000001,2.058048733406073,1.290000000000001,2.067803629611798,1.290000000000001,2.075506226719277,1.290000000000001,2.08683937481856,1.290000000000001,2.09472504175208,1.290000000000001,2.100494465657546,1.290000000000001,2.104880308549954,1.290000000000001,2.108316766286506,1.290000000000001,2.111076219528182,1.290000000000001,2.11333747260637
1.300000000000001,1.906999089223647,1.300000000000001,1.934083872702499,1.300000000000001,1.971156409647952,1.300000000000001,1.995519973860177,1.300000000000001,2.01278460700579,1.300000000000001,2.025634006029431,1.300000000000001,2.035542300466627,1.300000000000001,2.043394262018842,1.300000000000001,2.055000492311427,1.300000000000001,2.063120818821539,1.300000000000001,2.069089889346833,1.300000000000001,2.07364595079596,1.300000000000001,2.077228449077587,1.300000000000001,2.080114148797851,1.300000000000001,2.082485381144941
1.310000000000001,1.875533233818055,1.310000000000001,1.902351876075348,1.310000000000001,1.939239112216268,1.310000000000001,1.96362261456505,1.310000000000001,1.980986332944486,1.310000000000001,1.99396432864836,1.310000000000001,2.00400914076619,1.310000000000001,2.011995760900621,1.310000000000001,2.023850889599457,1.310000000000001,2.032186964555698,1.310000000000001,2.038340577114153,1.310000000000001,2.043054562721714,1.310000000000001,2.046772928810133,1.310000000000001,2.049776337203152,1.310000000000001,2.052250293991122
1.320000000000001,1.844879639243511,1.320000000000001,1.871422716615588,1.320000000000001,1.908100522506017,1.320000000000001,1.932479764402321,1.320000000000001,1.949920682333698,1.320000000000001,1.963008021573245,1.320000000000001,1.973172523564947,1.320000000000001,1.981279079886884,1.320000000000001,1.993358765300973,1.320000000000001,2.001891436803338,1.320000000000001,2.00821421813289,1.320000000000001,2.013073563669399,1.320000000000001,2.01691736640624,1.320000000000001,2.020029704030867,1.320000000000001,2.022598907303676
1.330000000000001,1.815006242388076,1.330000000000001,1.841264609664011,1.330000000000001,1.877709403326571,1.330000000000001,1.902060554791661,1.330000000000001,1.91955697709775,1.330000000000001,1.932734462769147,1.330000000000001,1.94300178870198,1.330000000000001,1.951213457147321,1.330000000000001,1.963493045303937,1.330000000000001,1.972202785535159,1.330000000000001,1.978678975439998,1.330000000000001,1.983670743205593,1.330000000000001,1.987629201909562,1.330000000000001,1.990841367290855,1.330000000000001,1.993498044699609
1.340000000000001,1.785882436830896,1.340000000000001,1.811847171859899,1.340000000000001,1.848035804889364,1.340000000000001,1.872335295270299,1.340000000000001,1.889865614004479,1.340000000000001,1.903114007462148,1.340000000000001,1.913467161091557,1.340000000000001,1.921768928960533,1.340000000000001,1.934223294746396,1.340000000000001,1.943090059982508,1.340000000000001,1.949703388343601,1.340000000000001,1.95481415911059,1.340000000000001,1.95887604843707,1.340000000000001,1.962178534014717,1.340000000000001,1.964914544260355
1.350000000000001,1.757478989147469,1.350000000000001,1.783141339843002,1.350000000000001,1.819050987102258,1.350000000000001,1.843275397679722,1.350000000000001,1.860817989384009,1.350000000000001,1.874117912408269,1.350000000000001,1.884539673876171,1.350000000000001,1.892916251328102,1.350000000000001,1.905519635944666,1.350000000000001,1.914522722720342,1.350000000000001,1.92125628288623,1.350000000000001,1.926472044584644,1.350000000000001,1.930625596513312,1.350000000000001,1.934008402077523,1.350000000000001,1.936815158158165
1.360000000000001,1.72976796025306,1.360000000000001,1.755119293781223,1.360000000000001,1.790727346416598,1.360000000000001,1.814853304839007,1.360000000000001,1.832386428454946,1.360000000000001,1.845718265057195,1.360000000000001,1.856191096908609,1.360000000000001,1.864626827479341,1.360000000000001,1.877352673636976,1.360000000000001,1.886470572765316,1.360000000000001,1.893306693168198,1.360000000000001,1.898612728208536,1.360000000000001,1.902845533037147,1.360000000000001,1.906298078472924,1.360000000000001,1.909166470475954
1.370000000000001,1.702722631474979,1.370000000000001,1.727754385447776,1.370000000000001,1.763038347038098,1.370000000000001,1.787042423645455,1.370000000000001,1.804544119382083,1.370000000000001,1.817887917975044,1.370000000000001,1.828393871222625,1.370000000000001,1.836872642270043,1.370000000000001,1.849693429346409,1.370000000000001,1.858903680386438,1.370000000000001,1.865823797158302,1.370000000000001,1.871204571211547,1.370000000000001,1.875503480331118,1.370000000000001,1.879014520345955,1.370000000000001,1.881934840328856
1.380000000000001,1.676317435065815,1.380000000000001,1.701021070594652,1.380000000000001,1.735958456345893,1.380000000000001,1.759817062600304,1.380000000000001,1.777265052285849,1.380000000000001,1.790600429042673,1.380000000000001,1.801121050374332,1.380000000000001,1.809626204784667,1.380000000000001,1.822513287165821,1.380000000000001,1.831792337035589,1.380000000000001,1.838776871542068,1.380000000000001,1.844215927728403,1.380000000000001,1.848566962044183,1.380000000000001,1.852124506584974,1.380000000000001,1.855086379054225
1.390000000000001,1.650527888891037,1.390000000000001,1.67489484539208,1.390000000000001,1.709463084399389,1.390000000000001,1.733152373820134,1.390000000000001,1.750523963532524,1.390000000000001,1.763830008117672,1.390000000000001,1.774346249787858,1.390000000000001,1.782860500794682,1.390000000000001,1.795783953819977,1.390000000000001,1.805107024578171,1.390000000000001,1.812135271144537,1.390000000000001,1.817615134911112,1.390000000000001,1.822003404040851,1.390000000000001,1.82559464929433,1.390000000000001,1.828586971895367
1.400000000000001,1.625330535044789,1.400000000000001,1.64935218672668,1.400000000000001,1.683528527450241,1.400000000000001,1.707024299664196,1.400000000000001,1.72429628575473,1.400000000000001,1.737551471039343,1.400000000000001,1.748043605515588,1.400000000000001,1.756548957100408,1.400000000000001,1.769477436445665,1.400000000000001,1.77881840879812,1.400000000000001,1.785868439446335,1.400000000000001,1.791370540902918,1.400000000000001,1.79578017968127,1.400000000000001,1.799391455843725,1.400000000000001,1.802402356058305
1.410000000000001,1.60070288216754,1.410000000000001,1.624370496173947,1.410000000000001,1.658131915416889,1.410000000000001,1.681409524183699,1.410000000000001,1.698558104183965,1.410000000000001,1.711740202062469,1.410000000000001,1.722187744118258,1.410000000000001,1.730665420174106,1.410000000000001,1.74356604211268,1.410000000000001,1.752897362897992,1.410000000000001,1.759945957579392,1.410000000000001,1.765450579624533,1.410000000000001,1.76986470987368,1.410000000000001,1.773481453166977,1.410000000000001,1.776498267970469
1.420000000000001,1.57662335125893,1.420000000000001,1.599928047484046,1.420000000000001,1.633251163321843,1.420000000000001,1.656285429681155,1.420000000000001,1.673286120018307,1.420000000000001,1.686372126022101,1.420000000000001,1.696753765669634,1.420000000000001,1.70518415190484,1.420000000000001,1.718022403629644,1.420000000000001,1.727315027309754,1.420000000000001,1.734337639782374,1.420000000000001,1.739823901846887,1.420000000000001,1.744224628679593,1.420000000000001,1.747831386215815,1.420000000000001,1.750840672608979
1.430000000000001,1.553071224798009,1.430000000000001,1.576003937443382,1.430000000000001,1.608864926737203,1.430000000000001,1.631630058754924,1.430000000000001,1.648457621694888,1.430000000000001,1.661423691747055,1.430000000000001,1.671717242173316,1.430000000000001,1.680079845583178,1.430000000000001,1.692819536555958,1.430000000000001,1.702042912430689,1.430000000000001,1.709013683400564,1.430000000000001,1.714459571840317,1.430000000000001,1.71882802471092,1.430000000000001,1.722408501531582,1.430000000000001,1.725396086396492
1.440000000000001,1.530026599001903,1.440000000000001,1.552578039998356,1.440000000000001,1.584952561331593,1.440000000000001,1.607422082294566,1.440000000000001,1.624050465082009,1.440000000000001,1.636871868438755,1.440000000000001,1.647054233914798,1.440000000000001,1.655327665504573,1.440000000000001,1.667930932462875,1.440000000000001,1.677053050715323,1.440000000000001,1.683944880863473,1.440000000000001,1.689327337651996,1.440000000000001,1.693643766656967,1.440000000000001,1.697180924293495,1.440000000000001,1.700132001842275
1.450000000000001,1.507470339072308,1.450000000000001,1.529630963552017,1.450000000000001,1.561494086661354,1.450000000000001,1.583640773983097,1.450000000000001,1.600043063740262,1.450000000000001,1.612694156892086,1.450000000000001,1.622741326417382,1.450000000000001,1.630903313644077,1.450000000000001,1.643330693212893,1.450000000000001,1.652318203667193,1.450000000000001,1.659102899366156,1.450000000000001,1.664397980401476,1.450000000000001,1.668641917593471,1.450000000000001,1.672118132470789,1.450000000000001,1.675017416340236
1.460000000000001,1.485384037297429,1.460000000000001,1.507144011369175,1.460000000000001,1.538470154399419,1.460000000000001,1.56026599194892,1.460000000000001,1.576414390511878,1.460000000000001,1.58886861752578,1.460000000000001,1.598755690671612,1.460000000000001,1.606783126676016,1.460000000000001,1.618993710194963,1.460000000000001,1.62781212744721,1.460000000000001,1.63446063092233,1.460000000000001,1.639643743570632,1.460000000000001,1.643794236916764,1.460000000000001,1.647191524519894,1.460000000000001,1.650023459026071
1.470000000000001,1.463749973895139,1.470000000000001,1.485099145050686,1.470000000000001,1.51586202124607,1.470000000000001,1.537278168286111,1.470000000000001,1.553143991765222,1.470000000000001,1.565373917173494,1.470000000000001,1.575075169097538,1.470000000000001,1.582944206079537,1.470000000000001,1.594895890895505,1.470000000000001,1.603509897834402,1.470000000000001,1.609992610827226,1.470000000000001,1.615038836908661,1.470000000000001,1.619074760691415,1.470000000000001,1.622375067399876,1.470000000000001,1.625124098429858
1.480000000000001,1.442551080501,1.480000000000001,1.463478951063146,1.480000000000001,1.493651526814044,1.480000000000001,1.514658307219198,1.480000000000001,1.530212015623465,1.480000000000001,1.542189396416524,1.480000000000001,1.551678389201771,1.480000000000001,1.559364583078616,1.480000000000001,1.571014432754047,1.480000000000001,1.579388291004032,1.480000000000001,1.58567549630568,1.480000000000001,1.590560001348918,1.480000000000001,1.594460441148993,1.480000000000001,1.597645999983381,1.480000000000001,1.60029690051251
1.490000000000001,1.421770906222723,1.490000000000001,1.442266610336024,1.490000000000001,1.471821076824545,1.490000000000001,1.49238799271609,1.490000000000001,1.507599255415718,1.490000000000001,1.519295158863578,1.490000000000001,1.528544906029494,1.490000000000001,1.536023418616452,1.490000000000001,1.547328140862428,1.490000000000001,1.555426211045275,1.490000000000001,1.561488589435625,1.490000000000001,1.566187111709773,1.490000000000001,1.569931814795692,1.490000000000001,1.572985554301466,1.490000000000001,1.57552379294998
1.5,1.401393586200474,1.5,1.421445870963492,1.5,1.450353631986558,1.5,1.470449406337466,1.5,1.485287209373254,1.5,1.496672183148168,1.5,1.505655373216065,1.5,1.512901236393215,1.5,1.523817781745754,1.5,1.53160514857632,1.5,1.537414379904534,1.5,1.541903783885156,1.5,1.545473657440237,1.5,1.548379645238689,1.5,1.550791779363935
