nch18_Vgs_Vth (ll=3.5e-07) X,nch18_Vgs_Vth (ll=3.5e-07) Y,nch18_Vgs_Vth (ll=4e-07) X,nch18_Vgs_Vth (ll=4e-07) Y,nch18_Vgs_Vth (ll=5e-07) X,nch18_Vgs_Vth (ll=5e-07) Y,nch18_Vgs_Vth (ll=6e-07) X,nch18_Vgs_Vth (ll=6e-07) Y,nch18_Vgs_Vth (ll=7e-07) X,nch18_Vgs_Vth (ll=7e-07) Y,nch18_Vgs_Vth (ll=8e-07) X,nch18_Vgs_Vth (ll=8e-07) Y,nch18_Vgs_Vth (ll=9e-07) X,nch18_Vgs_Vth (ll=9e-07) Y,nch18_Vgs_Vth (ll=1e-06) X,nch18_Vgs_Vth (ll=1e-06) Y,nch18_Vgs_Vth (ll=1.2e-06) X,nch18_Vgs_Vth (ll=1.2e-06) Y,nch18_Vgs_Vth (ll=1.4e-06) X,nch18_Vgs_Vth (ll=1.4e-06) Y,nch18_Vgs_Vth (ll=1.6e-06) X,nch18_Vgs_Vth (ll=1.6e-06) Y,nch18_Vgs_Vth (ll=1.8e-06) X,nch18_Vgs_Vth (ll=1.8e-06) Y,nch18_Vgs_Vth (ll=2e-06) X,nch18_Vgs_Vth (ll=2e-06) Y,nch18_Vgs_Vth (ll=2.2e-06) X,nch18_Vgs_Vth (ll=2.2e-06) Y,nch18_Vgs_Vth (ll=2.4e-06) X,nch18_Vgs_Vth (ll=2.4e-06) Y
0,-0.5580986560617922,0,-0.5535092677147361,0,-0.5448456956114263,0,-0.5373552095907554,0,-0.531000116084515,0,-0.525598530250603,0,-0.5209744805002617,0,-0.5169828822969074,0,-0.5104611793006636,0,-0.5053747634189599,0,-0.5013069296410531,0,-0.4979850866260269,0,-0.4952246104150798,0,-0.4928964630987843,0,-0.4909079399782946
0.01,-0.5480986560619121,0.01,-0.5435092677148404,0.01,-0.5348456956115135,0.01,-0.5273552095908354,0.01,-0.5210001160845893,0.01,-0.515598530250675,0.01,-0.5109744805003312,0.01,-0.5069828822969736,0.01,-0.5004611793007265,0.01,-0.4953747634190196,0.01,-0.4913069296411086,0.01,-0.4879850866260818,0.01,-0.4852246104151313,0.01,-0.4828964630988341,0.01,-0.4809079399783411
0.02,-0.5380986560620727,0.02,-0.5335092677149793,0.02,-0.5248456956116322,0.02,-0.5173552095909435,0.02,-0.5110001160846919,0.02,-0.5055985302507711,0.02,-0.500974480500424,0.02,-0.4969828822970631,0.02,-0.4904611793008111,0.02,-0.4853747634190992,0.02,-0.4813069296411859,0.02,-0.4779850866261547,0.02,-0.475224610415201,0.02,-0.4728964630989006,0.02,-0.470907939978406
0.03,-0.5280986560622893,0.03,-0.5235092677151674,0.03,-0.5148456956117913,0.03,-0.5073552095910889,0.03,-0.5010001160848274,0.03,-0.4955985302509018,0.03,-0.4909744805005499,0.03,-0.4869828822971857,0.03,-0.4804611793009272,0.03,-0.4753747634192088,0.03,-0.4713069296412905,0.03,-0.4679850866262545,0.03,-0.4652246104152966,0.03,-0.4628964630989919,0.03,-0.4609079399784923
0.04,-0.5180986560625814,0.04,-0.5135092677154222,0.04,-0.504845695612008,0.04,-0.4973552095912855,0.04,-0.4910001160850135,0.04,-0.4855985302510797,0.04,-0.4809744805007206,0.04,-0.4769828822973515,0.04,-0.4704611793010849,0.04,-0.4653747634193582,0.04,-0.4613069296414332,0.04,-0.4579850866263898,0.04,-0.4552246104154269,0.04,-0.4528964630991166,0.04,-0.450907939978612
0.05,-0.5080986560629749,0.05,-0.5035092677157655,0.05,-0.4948456956122988,0.05,-0.4873552095915528,0.05,-0.4810001160852649,0.05,-0.4755985302513205,0.05,-0.4709744805009533,0.05,-0.4669828822975768,0.05,-0.4604611793012972,0.05,-0.4553747634195623,0.05,-0.4513069296416258,0.05,-0.447985086626575,0.05,-0.4452246104156022,0.05,-0.4428964630992843,0.05,-0.4409079399787731
0.06,-0.4980986560635043,0.06,-0.4935092677162272,0.06,-0.4848456956126935,0.06,-0.4773552095919127,0.06,-0.4710001160856064,0.06,-0.4655985302516484,0.06,-0.4609744805012688,0.06,-0.4569828822978835,0.06,-0.4504611793015874,0.06,-0.4453747634198378,0.06,-0.4413069296418897,0.06,-0.4379850866268257,0.06,-0.435224610415843,0.06,-0.4328964630995144,0.06,-0.4309079399789941
0.07000000000000001,-0.4880986560642172,0.07000000000000001,-0.48350926771685,0.07000000000000001,-0.4748456956132274,0.07000000000000001,-0.4673552095924017,0.07000000000000001,-0.4610001160860677,0.07000000000000001,-0.4555985302520904,0.07000000000000001,-0.4509744805016961,0.07000000000000001,-0.4469828822982996,0.07000000000000001,-0.4404611793019822,0.07000000000000001,-0.4353747634202128,0.07000000000000001,-0.4313069296422483,0.07000000000000001,-0.4279850866271678,0.07000000000000001,-0.425224610416171,0.07000000000000001,-0.4228964630998276,0.07000000000000001,-0.4209079399792932
0.08,-0.4780986560651768,0.08,-0.4735092677176889,0.08,-0.4648456956139467,0.08,-0.457355209593063,0.08,-0.4510001160866928,0.08,-0.4455985302526904,0.08,-0.4409744805022777,0.08,-0.4369828822988631,0.08,-0.430461179302518,0.08,-0.4253747634207241,0.08,-0.4213069296427348,0.08,-0.4179850866276327,0.08,-0.4152246104166161,0.08,-0.4128964631002545,0.08,-0.4109079399797019
0.09,-0.4680986560664682,0.09,-0.4635092677188212,0.09,-0.4548456956149198,0.09,-0.447355209593958,0.09,-0.4410001160875404,0.09,-0.4355985302535049,0.09,-0.4309744805030654,0.09,-0.4269828822996281,0.09,-0.4204611793032446,0.09,-0.4153747634214161,0.09,-0.4113069296433973,0.09,-0.4079850866282654,0.09,-0.4052246104172208,0.09,-0.4028964631008342,0.09,-0.4009079399802576
0.09999999999999999,-0.4580986560682054,0.09999999999999999,-0.4535092677203461,0.09999999999999999,-0.4448456956162332,0.09999999999999999,-0.4373552095951677,0.09999999999999999,-0.4310001160886879,0.09999999999999999,-0.4255985302546074,0.09999999999999999,-0.4209744805041331,0.09999999999999999,-0.4169828823006674,0.09999999999999999,-0.4104611793042315,0.09999999999999999,-0.405374763422358,0.09999999999999999,-0.4013069296442963,0.09999999999999999,-0.3979850866291257,0.09999999999999999,-0.3952246104180446,0.09999999999999999,-0.3928964631016233,0.09999999999999999,-0.3909079399810135
0.11,-0.4480986560705426,0.11,-0.4435092677224007,0.11,-0.4348456956180072,0.11,-0.4273552095968042,0.11,-0.4210001160902409,0.11,-0.4155985302561022,0.11,-0.4109744805055818,0.11,-0.4069828823020762,0.11,-0.4004611793055726,0.11,-0.3953747634236375,0.11,-0.3913069296455182,0.11,-0.3879850866302947,0.11,-0.3852246104191624,0.11,-0.3828964631026948,0.11,-0.3809079399820428
0.12,-0.4380986560736859,0.12,-0.4335092677251686,0.12,-0.4248456956204016,0.12,-0.4173552095990168,0.12,-0.4110001160923427,0.12,-0.4055985302581266,0.12,-0.4009744805075448,0.12,-0.3969828823039865,0.12,-0.3904611793073915,0.12,-0.3853747634253742,0.12,-0.3813069296471783,0.12,-0.3779850866318838,0.12,-0.3752246104206838,0.12,-0.3728964631041516,0.12,-0.3709079399834401
0.13,-0.428098656077913,0.13,-0.4235092677288963,0.13,-0.4148456956236333,0.13,-0.4073552096020067,0.13,-0.401000116095187,0.13,-0.3955985302608679,0.13,-0.3909744805102046,0.13,-0.3869828823065764,0.13,-0.3804611793098588,0.13,-0.3753747634277318,0.13,-0.3713069296494336,0.13,-0.3679850866340411,0.13,-0.36522461042275,0.13,-0.3628964631061327,0.13,-0.36090793998534
0.14,-0.4180986560835961,0.14,-0.4135092677339146,0.14,-0.4048456956279944,0.14,-0.3973552096060466,0.14,-0.3910001160990344,0.14,-0.3855985302645785,0.14,-0.3809744805138059,0.14,-0.376982882310086,0.14,-0.3704611793132054,0.14,-0.3653747634309306,0.14,-0.3613069296524933,0.14,-0.3579850866369713,0.14,-0.3552246104255562,0.14,-0.3528964631088229,0.14,-0.3509079399879217
0.15,-0.4080986560912324,0.15,-0.4035092677406696,0.15,-0.3948456956338757,0.15,-0.3873552096115042,0.15,-0.3810001161042352,0.15,-0.3755985302695991,0.15,-0.3709744805186845,0.15,-0.3669828823148397,0.15,-0.3604611793177405,0.15,-0.3553747634352689,0.15,-0.3513069296566455,0.15,-0.3479850866409467,0.15,-0.3452246104293655,0.15,-0.342896463112475,0.15,-0.3409079399914265
0.16,-0.3980986561014922,0.16,-0.3935092677497588,0.16,-0.3848456956418065,0.16,-0.3773552096188733,0.16,-0.3710001161112667,0.16,-0.365598530276391,0.16,-0.3609744805252859,0.16,-0.3569828823212774,0.16,-0.3504611793238879,0.16,-0.3453747634411487,0.16,-0.3413069296622752,0.16,-0.3379850866463395,0.16,-0.3352246104345343,0.16,-0.3328964631174313,0.16,-0.3309079399961831
0.17,-0.3880986561152726,0.17,-0.3835092677619849,0.17,-0.3748456956524956,0.17,-0.3673552096288208,0.17,-0.3610001161207662,0.17,-0.3555985302855749,0.17,-0.3509744805342182,0.17,-0.3469828823299909,0.17,-0.3404611793322133,0.17,-0.3353747634491182,0.17,-0.3313069296699068,0.17,-0.3279850866536503,0.17,-0.3252246104415409,0.17,-0.3228964631241518,0.17,-0.3209079400026336
0.18,-0.3780986561337731,0.18,-0.3735092677784215,0.18,-0.3648456956668984,0.18,-0.3573552096422403,0.18,-0.3510001161335965,0.18,-0.3455985302979867,0.18,-0.3409744805462946,0.18,-0.3369828823417774,0.18,-0.3304611793434813,0.18,-0.3253747634599089,0.18,-0.3213069296802449,0.18,-0.3179850866635567,0.18,-0.3152246104510373,0.18,-0.3128964631332608,0.18,-0.3109079400113778
0.19,-0.368098656158599,0.19,-0.3635092678005108,0.19,-0.3548456956862943,0.19,-0.3473552096603389,0.19,-0.3410001161509121,0.19,-0.3355985303147505,0.19,-0.3309744805626169,0.19,-0.3269828823577134,0.19,-0.3204611793587253,0.19,-0.3153747634745109,0.19,-0.3113069296942369,0.19,-0.3079850866769669,0.19,-0.3052246104638947,0.19,-0.3028964631455952,0.19,-0.3009079400232194
0.2,-0.3580986561918956,0.2,-0.3535092678301834,0.2,-0.344845695712399,0.2,-0.337355209684729,0.2,-0.3310001161742738,0.2,-0.3255985303373811,0.2,-0.3209744805846602,0.2,-0.3169828823792434,0.2,-0.3104611793793315,0.2,-0.3053747634942576,0.2,-0.301306929713163,0.2,-0.2979850866951083,0.2,-0.2952246104812914,0.2,-0.2928964631622855,0.2,-0.2909079400392438
0.21,-0.3480986562365306,0.21,-0.3435092678700157,0.21,-0.3348456957475144,0.21,-0.3273552097175806,0.21,-0.3210001162057651,0.21,-0.3155985303679057,0.21,-0.3109744806144081,0.21,-0.3069828824083093,0.21,-0.3004611794071632,0.21,-0.2953747635209349,0.21,-0.2913069297387363,0.21,-0.287985086719627,0.21,-0.2852246105048044,0.21,-0.2828964631848462,0.21,-0.2809079400609045
0.2200000000000001,-0.3380986562963241,0.2200000000000001,-0.3335092679234543,0.2200000000000001,-0.324845695794719,0.2200000000000001,-0.3173552097617967,0.2200000000000001,-0.3110001162481855,0.2200000000000001,-0.3055985304090504,0.2200000000000001,-0.3009744806545214,0.2200000000000001,-0.296982882447514,0.2200000000000001,-0.2904611794447195,0.2200000000000001,-0.2853747635569432,0.2200000000000001,-0.2813069297732607,0.2200000000000001,-0.2779850867527287,0.2200000000000001,-0.275224610536549,0.2200000000000001,-0.2728964632153059,0.2200000000000001,-0.2709079400901514
0.2300000000000001,-0.3280986563763646,0.2300000000000001,-0.3235092679950918,0.2300000000000001,-0.3148456958581217,0.2300000000000001,-0.307355209821257,0.2300000000000001,-0.301000116305279,0.2300000000000001,-0.2955985304644546,0.2300000000000001,-0.2909744807085581,0.2300000000000001,-0.2869828825003419,0.2300000000000001,-0.2804611794953418,0.2300000000000001,-0.27537476360549,0.2300000000000001,-0.2713069298198104,0.2300000000000001,-0.2679850867973633,0.2300000000000001,-0.2652246105793564,0.2300000000000001,-0.2628964632563799,0.2300000000000001,-0.2609079401295884
0.2400000000000001,-0.3180986564834198,0.2400000000000001,-0.3135092680910451,0.2400000000000001,-0.3048456959432062,0.2400000000000001,-0.2973552099011424,0.2400000000000001,-0.2910001163820383,0.2400000000000001,-0.2855985305389821,0.2400000000000001,-0.2809744807812702,0.2400000000000001,-0.2769828825714443,0.2400000000000001,-0.2704611795634958,0.2400000000000001,-0.2653747636708541,0.2400000000000001,-0.2613069298824914,0.2400000000000001,-0.257985086857464,0.2400000000000001,-0.2552246106369959,0.2400000000000001,-0.2528964633116846,0.2400000000000001,-0.2509079401826866
0.2500000000000001,-0.3080986566264688,0.2500000000000001,-0.3035092682194422,0.2500000000000001,-0.2948456960572685,0.2500000000000001,-0.2873552100083517,0.2500000000000001,-0.2810001164851252,0.2500000000000001,-0.275598530639113,0.2500000000000001,-0.2709744808789903,0.2500000000000001,-0.2669828826670181,0.2500000000000001,-0.2604611796551223,0.2500000000000001,-0.2553747637587367,0.2500000000000001,-0.2513069299667621,0.2500000000000001,-0.2479850869382634,0.2500000000000001,-0.245224610714482,0.2500000000000001,-0.2428964633860243,0.2500000000000001,-0.240907940254057
0.2600000000000001,-0.2980986568174022,0.2600000000000001,-0.2935092683910599,0.2600000000000001,-0.2848456962099964,0.2600000000000001,-0.2773552101520536,0.2600000000000001,-0.2710001166233828,0.2600000000000001,-0.2655985307734578,0.2600000000000001,-0.2609744810101283,0.2600000000000001,-0.2569828827952919,0.2600000000000001,-0.2504611797781084,0.2600000000000001,-0.2453747638766928,0.2600000000000001,-0.2413069300798602,0.2600000000000001,-0.2379850870466903,0.2600000000000001,-0.2352246108184492,0.2600000000000001,-0.2328964634857612,0.2600000000000001,-0.230907940349798
0.2700000000000001,-0.288098657071925,0.2700000000000001,-0.2835092686201525,0.2700000000000001,-0.274845696414226,0.2700000000000001,-0.2673552103443913,0.2700000000000001,-0.2610001168085346,0.2700000000000001,-0.2555985309534217,0.2700000000000001,-0.250974481185824,0.2700000000000001,-0.246982882967161,0.2700000000000001,-0.2404611799428885,0.2700000000000001,-0.2353747640347134,0.2700000000000001,-0.2313069302313484,0.2700000000000001,-0.2279850871918971,0.2700000000000001,-0.2252246109576582,0.2700000000000001,-0.2228964636192836,0.2700000000000001,-0.2209079404779516
0.2800000000000001,-0.2780986574107322,0.2800000000000001,-0.2735092689255257,0.2800000000000001,-0.2648456966869028,0.2800000000000001,-0.25735521060141,0.2800000000000001,-0.2510001170560611,0.2800000000000001,-0.2455985311940644,0.2800000000000001,-0.2409744814207757,0.2800000000000001,-0.2369828831969946,0.2800000000000001,-0.2304611801632081,0.2800000000000001,-0.2253747642459468,0.2800000000000001,-0.2213069304337991,0.2800000000000001,-0.2179850873859043,0.2800000000000001,-0.2152246111436109,0.2800000000000001,-0.2128964637976002,0.2800000000000001,-0.2109079406490629
0.2900000000000001,-0.2680986578609865,0.2900000000000001,-0.2635092693318935,0.2900000000000001,-0.2548456970503269,0.2900000000000001,-0.2473552109442276,0.2900000000000001,-0.2410001173863319,0.2900000000000001,-0.2355985315151882,0.2900000000000001,-0.2309744817343047,0.2900000000000001,-0.2269828835036664,0.2900000000000001,-0.2204611804571018,0.2900000000000001,-0.2153747645276251,0.2900000000000001,-0.2113069307036747,0.2900000000000001,-0.2079850876444393,0.2900000000000001,-0.2052246113913371,0.2900000000000001,-0.2028964640350889,0.2900000000000001,-0.2009079408769
0.3000000000000001,-0.2580986584582262,0.3000000000000001,-0.2535092698716354,0.3000000000000001,-0.244845697533739,0.3000000000000001,-0.2373552114005229,0.3000000000000001,-0.2310001178260329,0.3000000000000001,-0.2255985319427226,0.3000000000000001,-0.2209744821516845,0.3000000000000001,-0.21698288391185,0.3000000000000001,-0.2104611808481133,0.3000000000000001,-0.2053747649022152,0.3000000000000001,-0.2013069310624114,0.3000000000000001,-0.1979850879879642,0.3000000000000001,-0.195224611720378,0.3000000000000001,-0.1928964643504274,0.3000000000000001,-0.1909079411793325
0.3100000000000001,-0.248098659248752,0.3100000000000001,-0.243509270586979,0.3100000000000001,-0.2348456981753027,0.3100000000000001,-0.2273552120064203,0.3100000000000001,-0.2210001184099704,0.3100000000000001,-0.2155985325104542,0.3100000000000001,-0.2109744827058234,0.3100000000000001,-0.2069828844536428,0.3100000000000001,-0.2004611813668153,0.3100000000000001,-0.1953747653988444,0.3100000000000001,-0.1913069315377667,0.3100000000000001,-0.1879850884429408,0.3100000000000001,-0.1852246121559812,0.3100000000000001,-0.1828964647677254,0.3100000000000001,-0.1809079415794115
0.3200000000000001,-0.2380986602925957,0.3200000000000001,-0.2335092715327493,0.3200000000000001,-0.2248456990245944,0.3200000000000001,-0.217355212808826,0.3200000000000001,-0.2110001191832966,0.3200000000000001,-0.2055985332621699,0.3200000000000001,-0.2009744834393238,0.3200000000000001,-0.1969828851705518,0.3200000000000001,-0.1904611820526701,0.3200000000000001,-0.185374766055054,0.3200000000000001,-0.1813069321654626,0.3200000000000001,-0.1779850890433791,0.3200000000000001,-0.1752246127305577,0.3200000000000001,-0.1728964653179079,0.3200000000000001,-0.1709079421066755
0.3300000000000001,-0.2280986616672,0.3300000000000001,-0.2235092727797521,0.3300000000000001,-0.2148457001456722,0.3300000000000001,-0.2073552138683006,0.3300000000000001,-0.2010001202042526,0.3300000000000001,-0.195598534254284,0.3300000000000001,-0.1909744844070075,0.3300000000000001,-0.1869828861159303,0.3300000000000001,-0.1804611829562909,0.3300000000000001,-0.1753747669188974,0.3300000000000001,-0.1713069329911475,0.3300000000000001,-0.1679850898326833,0.3300000000000001,-0.165224613485418,0.3300000000000001,-0.1628964660403396,0.3300000000000001,-0.1609079427986926
0.3400000000000001,-0.2180986634718855,0.3400000000000001,-0.2135092744189016,0.3400000000000001,-0.2048457016208146,0.3400000000000001,-0.197355215262579,0.3400000000000001,-0.1910001215474922,0.3400000000000001,-0.1855985355590118,0.3400000000000001,-0.180974485678954,0.3400000000000001,-0.176982887357889,0.3400000000000001,-0.1704611841421353,0.3400000000000001,-0.1653747680514332,0.3400000000000001,-0.1613069340727202,0.3400000000000001,-0.1579850908658045,0.3400000000000001,-0.1552246144727878,0.3400000000000001,-0.1528964669847268,0.3400000000000001,-0.1509079437028382
0.3500000000000001,-0.2080986658332281,0.3500000000000001,-0.2035092765662015,0.3500000000000001,-0.1948457035550229,0.3500000000000001,-0.1873552170907493,0.3500000000000001,-0.1810001233080565,0.3500000000000001,-0.1755985372681412,0.3500000000000001,-0.1709744873440951,0.3500000000000001,-0.1669828889827297,0.3500000000000001,-0.1604611856916386,0.3500000000000001,-0.1553747695296187,0.3500000000000001,-0.1513069354829761,0.3500000000000001,-0.1479850922117021,0.3500000000000001,-0.1452246157580819,0.3500000000000001,-0.1428964682132244,0.3500000000000001,-0.1409079448782687
0.3600000000000002,-0.1980986689114192,0.3600000000000002,-0.1935092793686403,0.3600000000000002,-0.1848457060813541,0.3600000000000002,-0.1773552194782309,0.3600000000000002,-0.1710001256060243,0.3600000000000002,-0.1655985394974296,0.3600000000000002,-0.1609744895143849,0.3600000000000002,-0.1569828910988955,0.3600000000000002,-0.1504611877067842,0.3600000000000002,-0.1453747714495178,0.3600000000000002,-0.1413069373125405,0.3600000000000002,-0.1379850939559993,0.3600000000000002,-0.1352246174223428,0.3600000000000002,-0.1328964698026763,0.3600000000000002,-0.1309079463979867
0.3700000000000002,-0.1880986729076805,0.3700000000000002,-0.1835092830110791,0.3700000000000002,-0.1748457093671251,0.3700000000000002,-0.1673552225824914,0.3700000000000002,-0.1610001285918574,0.3700000000000002,-0.1555985423916077,0.3700000000000002,-0.1509744923294788,0.3700000000000002,-0.146982893841364,0.3700000000000002,-0.1404611903139651,0.3700000000000002,-0.1353747739297256,0.3700000000000002,-0.1313069396728903,0.3700000000000002,-0.1279850962036823,0.3700000000000002,-0.1252246195646448,0.3700000000000002,-0.1228964718467758,0.3700000000000002,-0.120907948350779
0.3800000000000002,-0.1780986780727121,0.3800000000000002,-0.1735092877241238,0.3800000000000002,-0.1648457136209746,0.3800000000000002,-0.1573552265995039,0.3800000000000002,-0.1510001324523411,0.3800000000000002,-0.1455985461298437,0.3800000000000002,-0.1409744959617752,0.3800000000000002,-0.1369828973762905,0.3800000000000002,-0.1304611936679218,0.3800000000000002,-0.1253747771146989,0.3800000000000002,-0.1213069426991781,0.3800000000000002,-0.1179850990814951,0.3800000000000002,-0.1152246223041367,0.3800000000000002,-0.1128964744578085,0.3800000000000002,-0.1109079508427227
0.3900000000000002,-0.1680986847161196,0.3900000000000002,-0.1635092937928823,0.3900000000000002,-0.1548457191006458,0.3900000000000002,-0.1473552317707462,0.3900000000000002,-0.1410001374168674,0.3900000000000002,-0.1355985509313977,0.3900000000000002,-0.1309745006214706,0.3900000000000002,-0.1269829019055105,0.3900000000000002,-0.1204611979552975,0.3900000000000002,-0.1153747811775265,0.3900000000000002,-0.1113069465523737,0.3900000000000002,-0.1079851027395744,0.3900000000000002,-0.1052246257812666,0.3900000000000002,-0.10289647776755,0.3900000000000002,-0.1009079539978121
0.4000000000000002,-0.1580986932165654,0.4000000000000002,-0.1535093015664052,0.4000000000000002,-0.1448457261212052,0.4000000000000002,-0.1373552383903542,0.4000000000000002,-0.1310001437636409,0.4000000000000002,-0.1255985570609262,0.4000000000000002,-0.1209745065610606,0.4000000000000002,-0.1169829076703193,0.4000000000000002,-0.1104612033971631,0.4000000000000002,-0.1053747863214922,0.4000000000000002,-0.1013069514200812,0.4000000000000002,-0.09798510735169746,0.4000000000000002,-0.09522463015760563,0.4000000000000002,-0.09289648192676192,0.4000000000000002,-0.09090795795720813
0.4100000000000002,-0.1480987040322467,0.4100000000000002,-0.1435093114673217,0.4100000000000002,-0.1348457350631356,0.4100000000000002,-0.1273552468117943,0.4100000000000002,-0.1210001518250272,0.4100000000000002,-0.1155985648326428,0.4100000000000002,-0.1109745140784352,0.4100000000000002,-0.1069829149536244,0.4100000000000002,-0.1004612102496913,0.4100000000000002,-0.09537479277966293,0.4100000000000002,-0.0913069575153625,0.4100000000000002,-0.08798511311357615,0.4100000000000002,-0.08522463561377147,0.4100000000000002,-0.08289648710287578,0.4100000000000002,-0.0809079628767701
0.4200000000000002,-0.1380987177109461,0.4200000000000002,-0.133509324000918,0.4200000000000002,-0.1248457463794176,0.4200000000000002,-0.1173552574530439,0.4200000000000002,-0.1110001619910096,0.4200000000000002,-0.1055985746122708,0.4200000000000002,-0.1009745235175389,0.4200000000000002,-0.09698292407953585,0.4200000000000002,-0.09046121880212493,0.4200000000000002,-0.08537480081182508,0.4200000000000002,-0.0813069650730443,0.4200000000000002,-0.07798512023880194,0.4200000000000002,-0.07522464234519072,0.4200000000000002,-0.07289649347569094,0.4200000000000002,-0.0709079689227588
0.4300000000000002,-0.1280987348986023,0.4300000000000002,-0.1235093397625225,0.4300000000000002,-0.1148457606003579,0.4300000000000002,-0.1073552707990134,0.4300000000000002,-0.1010001747095194,0.4300000000000002,-0.09559858681562411,0.4300000000000002,-0.09097453526556115,0.4300000000000002,-0.08698293540947172,0.4300000000000002,-0.0804612293714812,0.4300000000000002,-0.07537481069847524,0.4300000000000002,-0.07130697434342409,0.4300000000000002,-0.06798512895252889,0.4300000000000002,-0.06522465055591364,0.4300000000000002,-0.06289650123138896,0.4300000000000002,-0.06090797626609368
0.4400000000000002,-0.118098756344945,0.4400000000000002,-0.1135093594417143,0.4400000000000002,-0.1048457783346999,0.4400000000000002,-0.09735528739983351,0.4400000000000002,-0.0910001904824364,0.4400000000000002,-0.08559860190288754,0.4400000000000002,-0.08097454974599688,0.4400000000000002,-0.0769829493343947,0.4400000000000002,-0.07046124229399525,0.4400000000000002,-0.06537482273219769,0.4400000000000002,-0.06130698558394626,0.4400000000000002,-0.05798513948360601,0.4400000000000002,-0.05522466045125268,0.4400000000000002,-0.05289651055568634,0.4400000000000002,-0.05090798507600436
0.4500000000000002,-0.1080987829045773,0.4500000000000002,-0.1035093838217566,0.4500000000000002,-0.09484580026556516,0.4500000000000002,-0.0873553078639327,0.4500000000000002,-0.08100020985662609,0.4500000000000002,-0.07559862036837023,0.4500000000000002,-0.07097456740768121,0.4500000000000002,-0.06698296626358885,0.4500000000000002,-0.06046125791418716,0.4500000000000002,-0.05537483720753472,0.4500000000000002,-0.05130699905003416,0.4500000000000002,-0.04798515205636827,0.4500000000000002,-0.04522467223046062,0.4500000000000002,-0.04289652162730484,0.4500000000000002,-0.04090799551417251
0.4600000000000002,-0.09809881553198213,0.4600000000000002,-0.09350941377287819,0.4600000000000002,-0.08484582714038119,0.4600000000000002,-0.07735533284561064,0.4600000000000002,-0.07100023341026457,0.4600000000000002,-0.06559864272641808,0.4600000000000002,-0.0609745887109206,0.4600000000000002,-0.05698298661133655,0.4600000000000002,-0.05046127657313798,0.4600000000000002,-0.04537485441099481,0.4600000000000002,-0.04130701498667361,0.4600000000000002,-0.03798516688356196,0.4600000000000002,-0.03522468608076373,0.4600000000000002,-0.0328965346129087,0.4600000000000002,-0.0309080077304415
0.4700000000000003,-0.08809885526960187,0.4700000000000003,-0.08350945023881123,0.4700000000000003,-0.07484585975491836,0.4700000000000003,-0.06735536302799633,0.4700000000000003,-0.06100026173590573,0.4700000000000003,-0.05559866949538544,0.4700000000000003,-0.05097461411272147,0.4700000000000003,-0.04698301078359574,0.4700000000000003,-0.04046129859799091,0.4700000000000003,-0.03537487461294414,0.4700000000000003,-0.03130703362220316,0.4700000000000003,-0.02798518416160228,0.4700000000000003,-0.02522470217375233,0.4700000000000003,-0.0228965496643771,0.4700000000000003,-0.02090802186073687
0.4800000000000003,-0.07809890322922269,0.4800000000000003,-0.0735094942172469,0.4800000000000003,-0.06484589893295406,0.4800000000000003,-0.05735539910351067,0.4800000000000003,-0.05100029542275925,0.4800000000000003,-0.04559870118212456,0.4800000000000003,-0.04097464405358292,0.4800000000000003,-0.03698303916691986,0.4800000000000003,-0.03046132429443155,0.4800000000000003,-0.02537489806269128,0.4800000000000003,-0.02130705516523984,0.4800000000000003,-0.01798520406879139,0.4800000000000003,-0.01522472066450131,0.4800000000000003,-0.01289656691855462,0.4800000000000003,-0.01090803802729157
0.4900000000000003,-0.06809896056832904,0.4900000000000003,-0.0635095467362376,0.4900000000000003,-0.05484594550423444,0.4900000000000003,-0.0473554417547622,0.4900000000000003,-0.04100033504097261,0.4900000000000003,-0.03559873826955789,0.4900000000000003,-0.03097467894794387,0.4900000000000003,-0.0269830721213476,0.4900000000000003,-0.02046135394314458,0.4900000000000003,-0.01537492498722276,0.4900000000000003,-0.01130707980483353,0.4900000000000003,-0.00798522676634883,0.4900000000000003,-0.005224741693148627,0.4900000000000003,-0.002896586499153919,0.4900000000000003,-0.0009080563407168341
0.5000000000000002,-0.05809902846421522,0.5000000000000002,-0.0535096088296505,0.5000000000000002,-0.04484600028399244,0.5000000000000002,-0.0373554916388017,0.5000000000000002,-0.03100038113032777,0.5000000000000002,-0.02559878120906833,0.5000000000000002,-0.02097471917951343,0.5000000000000002,-0.01698310997794195,0.5000000000000002,-0.01046138780026162,0.5000000000000002,-0.005374955593181796,0.5000000000000002,-0.00130710771321807,0.5000000000000002,0.002014747598487743,0.5000000000000002,0.004775234611902379,0.5000000000000002,0.007103391480050514,0.5000000000000002,0.009091923096869292
0.5100000000000002,-0.04809910808926243,0.5100000000000002,-0.04350968151502688,0.5100000000000002,-0.03484606405690793,0.5100000000000002,-0.02735554937684481,0.5100000000000002,-0.02100043419456121,0.5100000000000002,-0.01559883041823962,0.5100000000000002,-0.01097476510138939,0.5100000000000002,-0.006983153040554968,0.5100000000000002,-0.0004614261008643039,0.5100000000000002,0.004625009928995727,0.5100000000000002,0.008692860949949921,0.5100000000000002,0.01201471888835226,0.5100000000000002,0.0147752081300942,0.5100000000000002,0.01710336691159853,0.5100000000000002,0.01909190018848766
0.5200000000000002,-0.03809920059035965,0.5200000000000002,-0.03350976577659659,0.5200000000000002,-0.0248461375672544,0.5200000000000002,-0.01735561555011378,0.5200000000000002,-0.01100049470118014,0.5200000000000002,-0.005598886283198046,0.5200000000000002,-0.000974817039920306,0.5200000000000002,0.003016798409486987,0.5200000000000002,0.009538530935810696,0.5200000000000002,0.01462497140007257,0.5200000000000002,0.01869282603301159,0.5200000000000002,0.02201468697164777,0.5200000000000002,0.02477517874506019,0.5200000000000002,0.02710333969108147,0.5200000000000002,0.02909187483937792
0.5300000000000002,-0.02809930707433805,0.5300000000000002,-0.02350986255475074,0.5300000000000002,-0.01484622151541681,0.5300000000000002,-0.007355690701084772,0.5300000000000002,-0.001000563085442496,0.5300000000000002,0.004401050836032261,0.5300000000000002,0.009025124699388209,0.5300000000000002,0.01301674410741027,0.5300000000000002,0.01953848310091189,0.5300000000000002,0.02462492864731136,0.5300000000000002,0.02869278738832892,0.5300000000000002,0.03201465171919587,0.5300000000000002,0.03477514634179218,0.5300000000000002,0.03710330971473463,0.5300000000000002,0.03909184695493928
0.5400000000000003,-0.01809942859973757,0.5400000000000003,-0.01350997274181232,0.5400000000000003,-0.004846316559583341,0.5400000000000003,0.002644224661620398,0.5400000000000003,0.008999360243422738,0.5400000000000003,0.01440098059902228,0.5400000000000003,0.01902505982562219,0.5400000000000003,0.0230166837992265,0.5400000000000003,0.02953843019134528,0.5400000000000003,0.03462488150085752,0.5400000000000003,0.03869274486948338,0.5400000000000003,0.04201461300204878,0.5400000000000003,0.04477511080491631,0.5400000000000003,0.0471032768780742,0.5400000000000003,0.04909181643962912
0.5500000000000003,-0.008099566173836337,0.5500000000000003,-0.003510097182565342,0.5500000000000003,0.005153576679432281,0.5500000000000003,0.01264413005681753,0.5500000000000003,0.01899927489566688,0.5500000000000003,0.02440090267892236,0.5500000000000003,0.02902498805720344,0.5500000000000003,0.0330166172372599,0.5500000000000003,0.039538372006649,0.5500000000000003,0.04462482979161009,0.5500000000000003,0.04869269832983836,0.5500000000000003,0.05201457069053966,0.5500000000000003,0.05477507201809806,0.5500000000000003,0.05710324107554149,0.5500000000000003,0.0590917831968068
0.5600000000000003,0.001900279246951353,0.5600000000000003,0.006489763322570785,0.5600000000000003,0.01515345761240194,0.5600000000000003,0.02264402502470686,0.5600000000000003,0.02899918049565509,0.5600000000000003,0.03440081675804285,0.5600000000000003,0.03902490911840151,0.5600000000000003,0.04301654417747924,0.5600000000000003,0.04953830834754935,0.5600000000000003,0.05462477335056815,0.5600000000000003,0.0586926476223808,0.5600000000000003,0.06201452465444518,0.5600000000000003,0.06477502986439354,0.5600000000000003,0.06710320220098576,0.5600000000000003,0.06909174712927474
0.5700000000000003,0.01190010675546171,0.5700000000000003,0.01648960801387189,0.5700000000000003,0.02515332567676998,0.5700000000000003,0.03264390912248594,0.5700000000000003,0.03899907667851332,0.5700000000000003,0.04440072252554506,0.5700000000000003,0.04902482273788322,0.5700000000000003,0.05301646437871066,0.5700000000000003,0.05953823901607458,0.5700000000000003,0.06462471200942499,0.5700000000000003,0.06869259260058402,0.5700000000000003,0.07201447476397194,0.5700000000000003,0.07477498422729928,0.5700000000000003,0.07710316014872731,0.5700000000000003,0.07909170814034411
0.5800000000000003,0.02189991549270476,0.5800000000000003,0.02648943616976329,0.5800000000000003,0.03515318033371639,0.5800000000000003,0.04264378192227769,0.5800000000000003,0.04899896308906948,0.5800000000000003,0.05440061967719578,0.5800000000000003,0.05902472864909392,0.5800000000000003,0.06301637760347134,0.5800000000000003,0.0695381638168745,0.5800000000000003,0.0746246456020907,0.5800000000000003,0.07869253311996582,0.5800000000000003,0.08201442089128708,0.5800000000000003,0.08477493499222327,0.5800000000000003,0.08710311481495531,0.5800000000000003,0.08909166613515895
0.5900000000000003,0.03189970464846936,0.5900000000000003,0.03648924710636137,0.5900000000000003,0.04515302106764207,0.5900000000000003,0.05264364301138436,0.5900000000000003,0.05899883938282879,0.5900000000000003,0.06440050791688634,0.5900000000000003,0.06902462659210828,0.5900000000000003,0.07301628361999302,0.5900000000000003,0.07953808255934736,0.5900000000000003,0.08462457396674572,0.5900000000000003,0.08869246904001926,0.5900000000000003,0.09201436291231752,0.5900000000000003,0.09477488204814011,0.5900000000000003,0.09710306609926245,0.5900000000000003,0.09909162102210428
0.6000000000000003,0.04189947346400424,0.6000000000000003,0.04648904017929256,0.6000000000000003,0.05515284738794735,0.6000000000000003,0.06264349199450014,0.6000000000000003,0.06899870522854834,0.6000000000000003,0.07440038695937845,0.6000000000000003,0.07902451631640395,0.6000000000000003,0.08301618220496121,0.6000000000000003,0.0895379950601829,0.6000000000000003,0.09462449694813502,0.6000000000000003,0.09869240022626558,0.6000000000000003,0.1020143007085733,0.6000000000000003,0.1047748252892429,0.6000000000000003,0.1071030139061265,0.6000000000000003,0.109091572714168
0.6100000000000003,0.05189922123662538,0.6100000000000003,0.05648881478753831,0.6100000000000003,0.06515265883256094,0.6100000000000003,0.07264332849729904,0.6100000000000003,0.07899856031178643,0.6100000000000003,0.08440025653372085,0.6100000000000003,0.08902439758411418,0.6100000000000003,0.09301607314654647,0.6100000000000003,0.09953790114596162,0.6100000000000003,0.1046244143998045,0.6100000000000003,0.1086923265521881,0.6100000000000003,0.1120142341688515,0.6100000000000003,0.1147747646164369,0.6100000000000003,0.1171029581462518,0.6100000000000003,0.1190915211301427
0.6200000000000003,0.06189894732564283,0.6200000000000003,0.0664885703786221,0.6200000000000003,0.07515245497256684,0.6200000000000003,0.08264315217073059,0.6200000000000003,0.08899840433887352,0.6200000000000003,0.09440011638687895,0.6200000000000003,0.09902427017330162,0.6200000000000003,0.1030159562473798,0.6200000000000003,0.1095378006556094,0.6200000000000003,0.1146243261861378,0.6200000000000003,0.1186922479009495,0.6200000000000003,0.1220141631907016,0.6200000000000003,0.12477469993861,0.6200000000000003,0.1271028987376873,0.6200000000000003,0.1290914661956049
0.6300000000000003,0.07189865115887384,0.6300000000000003,0.07648830645443172,0.6300000000000003,0.08515223541722994,0.6300000000000003,0.09264296269546857,0.6300000000000003,0.09899823704082944,0.6300000000000003,0.1043999662871768,0.6300000000000003,0.1090241338809904,0.6300000000000003,0.1130158313272133,0.6300000000000003,0.1195376934424903,0.6300000000000003,0.1246242321840413,0.6300000000000003,0.1286921641667855,0.6300000000000003,0.132014087681588,0.6300000000000003,0.1347746311736383,0.6300000000000003,0.1371028356066822,0.6300000000000003,0.1390914078436885
0.6400000000000003,0.08189833223894749,0.6400000000000003,0.08648802257692834,0.6400000000000003,0.0951519998188286,0.6400000000000003,0.1026427597860116,0.6400000000000003,0.108998058176852,0.6400000000000003,0.1143998060272657,0.6400000000000003,0.1190239885257069,0.6400000000000003,0.1230156982251132,0.6400000000000003,0.1295375793760661,0.6400000000000003,0.1346241322842467,0.6400000000000003,0.1386920752560378,0.6400000000000003,0.1420140075597456,0.6400000000000003,0.1447745582490808,0.6400000000000003,0.147102768688292,0.6400000000000003,0.1490913460155837
0.6500000000000004,0.09189799014874334,0.6500000000000004,0.09648771837313441,0.6500000000000004,0.10515174787681,0.6500000000000004,0.1126425431941329,0.6500000000000004,0.1189978675371546,0.6500000000000004,0.1243996354264698,0.6500000000000004,0.1290238339494306,0.6500000000000004,0.1330155568010993,0.6500000000000004,0.1395374583430861,0.6500000000000004,0.1446240263921865,0.6500000000000004,0.1486919810878325,0.6500000000000004,0.152013922754709,0.6500000000000004,0.1547744811026162,0.6500000000000004,0.1571026979267207,0.6500000000000004,0.1590912806608339
0.6600000000000004,0.1018976245554728,0.6600000000000004,0.1064873935389758,0.6600000000000004,0.1151514793409879,0.6600000000000004,0.1226423127114371,0.6600000000000004,0.1289976649450144,0.6600000000000004,0.1343994543324268,0.6600000000000004,0.1390236700189124,0.6600000000000004,0.1430154069372068,0.6600000000000004,0.1495373302482949,0.6600000000000004,0.1546239144284909,0.6600000000000004,0.1586918815944234,0.6600000000000004,0.1620138332075526,0.6600000000000004,0.1647743996822116,0.6600000000000004,0.1671026232754508,0.6600000000000004,0.1690912117374226
0.6700000000000004,0.1118972352130795,0.6700000000000004,0.1164870478417085,0.6700000000000004,0.1251511940135974,0.6700000000000004,0.1326420681709747,0.6700000000000004,0.13899745025799,0.6700000000000004,0.1443992626219929,0.6700000000000004,0.1490234966263463,0.6700000000000004,0.1530152485379891,0.6700000000000004,0.1595371950146951,0.6700000000000004,0.1646237963291037,0.6700000000000004,0.1686917767212317,0.6700000000000004,0.1720137388708777,0.6700000000000004,0.1747743139460715,0.6700000000000004,0.1771025446971648,0.6700000000000004,0.1790911392116807
0.6800000000000004,0.1218968219628551,0.6800000000000004,0.1264866811208168,0.6800000000000004,0.135150891750169,0.6800000000000004,0.1426418094478796,0.6800000000000004,0.1489972233683333,0.6800000000000004,0.1543990602014866,0.6800000000000004,0.1590233136894794,0.6800000000000004,0.1630150815305185,0.6800000000000004,0.1695370525834283,0.6800000000000004,0.1746236720451012,0.6800000000000004,0.1786916664266187,0.6800000000000004,0.182013639708578,0.6800000000000004,0.1847742238623998,0.6800000000000004,0.187102462163506,0.6800000000000004,0.1890910630580556
0.6900000000000004,0.1318963847322759,0.6900000000000004,0.1364862932874306,0.6900000000000004,0.145150572459267,0.6900000000000004,0.1526415364591081,0.6900000000000004,0.1589969842026738,0.6900000000000004,0.1643988470063031,0.6900000000000004,0.1690231211511886,0.6900000000000004,0.173014905863942,0.6900000000000004,0.1795369029133145,0.6900000000000004,0.1846235415422307,0.6900000000000004,0.1886915506814544,0.6900000000000004,0.1920135356954165,0.6900000000000004,0.1947741294090046,0.6900000000000004,0.1971023756547124,0.6900000000000004,0.1990909832587611
0.7000000000000004,0.1418959235322309,0.7000000000000004,0.1464858843223512,0.7000000000000004,0.1551502361011995,0.7000000000000004,0.1626412491623812,0.7000000000000004,0.1689967327210603,0.7000000000000004,0.1743986230000282,0.7000000000000004,0.1790229189786349,0.7000000000000004,0.1830147215086848,0.7000000000000004,0.1895367459801207,0.7000000000000004,0.1946234048002596,0.7000000000000004,0.1986914294685198,0.7000000000000004,0.2020134268164879,0.7000000000000004,0.204774030572793,0.7000000000000004,0.2071022851591426,0.7000000000000004,0.2090908998033367
0.7100000000000004,0.1518954384528417,0.7100000000000004,0.1564854542729137,0.7100000000000004,0.1651498826858548,0.7100000000000004,0.1726409475544597,0.7100000000000004,0.1789964689154837,0.7100000000000004,0.1843983881731203,0.7100000000000004,0.1890227071620749,0.7100000000000004,0.1930145284553521,0.7100000000000004,0.1995365817756302,0.7100000000000004,0.2046232618121485,0.7100000000000004,0.2086913027817678,0.7100000000000004,0.2120133130665546,0.7100000000000004,0.2147739273491794,0.7100000000000004,0.2171021906727408,0.7100000000000004,0.2190908126881617
0.7200000000000004,0.1618949296581566,0.7200000000000004,0.1664850032488828,0.7200000000000004,0.1751495122698435,0.7200000000000004,0.1826406316688919,0.7200000000000004,0.188996192807988,0.7200000000000004,0.1943981425412735,0.7200000000000004,0.1990224857134117,0.7200000000000004,0.2030143267134275,0.7200000000000004,0.2095364103065511,0.7200000000000004,0.2146231125831238,0.7200000000000004,0.2186911706255216,0.7200000000000004,0.222013194449333,0.7200000000000004,0.2247738197414389,0.7200000000000004,0.2271020921984462,0.7200000000000004,0.2290907219159087
0.7300000000000004,0.171894397380013,0.7300000000000004,0.176484531417609,0.7300000000000004,0.1851491249530878,0.7300000000000004,0.1926403015733624,0.7300000000000004,0.1989959044484871,0.7300000000000004,0.2043978861435543,0.7300000000000004,0.2090222546645617,0.7300000000000004,0.213014116309826,0.7300000000000004,0.2195362315933359,0.7300000000000004,0.2246229571296765,0.7300000000000004,0.2286910330136063,0.7300000000000004,0.2320130709767252,0.7300000000000004,0.2347737077600296,0.7300000000000004,0.2371019897455848,0.7300000000000004,0.2390906274949939
0.7400000000000004,0.1818938419113387,0.7400000000000004,0.1864840389987186,0.7400000000000004,0.1951487208750791,0.7400000000000004,0.20263995736679,0.7400000000000004,0.2089956039123896,0.7400000000000004,0.2143976190403915,0.7400000000000004,0.2190220140657115,0.7400000000000004,0.2230138972873543,0.7400000000000004,0.2295360456689397,0.7400000000000004,0.2346227954785289,0.7400000000000004,0.2386908899684608,0.7400000000000004,0.2420129426680555,0.7400000000000004,0.2447735914219069,0.7400000000000004,0.2471018833292551,0.7400000000000004,0.2490905294390166
0.7500000000000004,0.1918932635991422,0.7500000000000004,0.1964835262585048,0.7500000000000004,0.2051483002108988,0.7500000000000004,0.2126395991762644,0.7500000000000004,0.2189952912981122,0.7500000000000004,0.2243973413114833,0.7500000000000004,0.2290217639835294,0.7500000000000004,0.2330136697031439,0.7500000000000004,0.2395358525775695,0.7500000000000004,0.2446226276655934,0.7500000000000004,0.2486907415202551,0.7500000000000004,0.2520128095492931,0.7500000000000004,0.2547734707498397,0.7500000000000004,0.25710177296971,0.7500000000000004,0.2590904277662103
0.7600000000000005,0.2018926628374497,0.7600000000000005,0.2064829935042174,0.7600000000000005,0.2151478631671755,0.7600000000000005,0.2226392271539352,0.7600000000000005,0.2289949667245693,0.7600000000000005,0.2343970530537112,0.7600000000000005,0.239021504499362,0.7600000000000005,0.2430134336270808,0.7600000000000005,0.249535652373441,0.7600000000000005,0.2546224537349508,0.7600000000000005,0.2586905877060176,0.7600000000000005,0.2620126716523015,0.7600000000000005,0.2647733457717546,0.7600000000000005,0.2671016586917819,0.7600000000000005,0.2690903224989076
0.7700000000000005,0.2118920400603365,0.7700000000000005,0.2164824410784307,0.7700000000000005,0.2251474099780599,0.7700000000000005,0.2326388414739347,0.7700000000000005,0.2389946303287005,0.7700000000000005,0.2443967543790695,0.7700000000000005,0.2490212357074859,0.7700000000000005,0.253013189140283,0.7700000000000005,0.2595354451195745,0.7700000000000005,0.2646222737378645,0.7700000000000005,0.2686904285688129,0.7700000000000005,0.2720125290141235,0.7700000000000005,0.274773216520102,0.7700000000000005,0.2771015405243097,0.7700000000000005,0.2790902136630411
0.7800000000000005,0.221891395735243,0.7800000000000005,0.2264818693535867,0.7800000000000005,0.2351469409013355,0.7800000000000005,0.2426384423293887,0.7800000000000005,0.2489942822630675,0.7800000000000005,0.254396445412684,0.7800000000000005,0.2590209577134124,0.7800000000000005,0.2630129363336394,0.7800000000000005,0.2695352308866601,0.7800000000000005,0.2746220877318459,0.7800000000000005,0.2786902641569471,0.7800000000000005,0.282012381676304,0.7800000000000005,0.2847730830312619,0.7800000000000005,0.2871014184996163,0.7800000000000005,0.2890901012876652
0.7900000000000005,0.2318907303566572,0.7900000000000005,0.2364812787268071,0.7900000000000005,0.2451464562146917,0.7900000000000005,0.252638029929576,0.7900000000000005,0.2589939226935818,0.7900000000000005,0.2643961262909291,0.7900000000000005,0.269020670632295,0.7900000000000005,0.2730126753064219,0.7900000000000005,0.2795350097519662,0.7900000000000005,0.2846218957797783,0.7900000000000005,0.2886900945232306,0.7900000000000005,0.2920122296842485,0.7900000000000005,0.2947729453449933,0.7900000000000005,0.2971012926530147,0.7900000000000005,0.2990899854045109
0.8000000000000005,0.2418900444402611,0.8000000000000005,0.2464806696150765,0.8000000000000005,0.2551459562122463,0.8000000000000005,0.2626376044972571,0.8000000000000005,0.2689935517973694,0.8000000000000005,0.2743957971596601,0.8000000000000005,0.2790203745874367,0.8000000000000005,0.2830124061650082,0.8000000000000005,0.2895347817983513,0.8000000000000005,0.2946216979490993,0.8000000000000005,0.2986899197243049,0.8000000000000005,0.3020120730866552,0.8000000000000005,0.3047728035039241,0.8000000000000005,0.3071011630223608,0.8000000000000005,0.3090898660475933
0.8100000000000005,0.2518893385175853,0.8100000000000005,0.256480042450792,0.8100000000000005,0.2651454412013305,0.8100000000000005,0.2726371662662121,0.8100000000000005,0.2789931697608025,0.8100000000000005,0.2843954581726001,0.8100000000000005,0.2890200697089196,0.8100000000000005,0.2930121290216946,0.8100000000000005,0.2995345471133445,0.8100000000000005,0.3046214943110694,0.8100000000000005,0.3086897398200175,0.8100000000000005,0.3120119119349706,0.8100000000000005,0.3147726575530866,0.8100000000000005,0.3171010296476393,0.8100000000000005,0.3190897432528302
0.8200000000000005,0.2618886131311889,0.8200000000000005,0.2664793976777449,0.8200000000000005,0.2751449114995486,0.8200000000000005,0.2826367154789887,0.8200000000000005,0.2889927767777024,0.8200000000000005,0.2943951094898448,0.8200000000000005,0.29901975613235,0.8200000000000005,0.3030118439936217,0.8200000000000005,0.3095343057883049,0.8200000000000005,0.3146212849400858,0.8200000000000005,0.3186895548728594,0.8200000000000005,0.3220117462829168,0.8200000000000005,0.324772507539499,0.8200000000000005,0.3271008925705985,0.8200000000000005,0.3290896170577211
0.8300000000000005,0.2718878688303896,0.8300000000000005,0.2764787357475155,0.8300000000000005,0.2851443674321416,0.8300000000000005,0.2926362523848637,0.8300000000000005,0.2989923730477052,0.8300000000000005,0.3043947512765308,0.8300000000000005,0.3090194339977324,0.8300000000000005,0.3130115512017994,0.8300000000000005,0.3195340579176794,0.8300000000000005,0.3246210699130857,0.8300000000000005,0.3286893649474587,0.8300000000000005,0.3320115761860529,0.8300000000000005,0.3347723535117904,0.8300000000000005,0.3371007518344083,0.8300000000000005,0.3390894875010465
0.8400000000000005,0.2818871061674966,0.8400000000000005,0.2864780571162909,0.8400000000000005,0.2951438093296218,0.8400000000000005,0.3026357772380264,0.8400000000000005,0.3089919587748129,0.8400000000000005,0.3143943837016313,0.8400000000000005,0.319019103448452,0.8400000000000005,0.323011250770239,0.8400000000000005,0.3295338035983288,0.8400000000000005,0.3346208493089986,0.8400000000000005,0.338689170110136,0.8400000000000005,0.3420114017013975,0.8400000000000005,0.3447721955198668,0.8400000000000005,0.3471006074833814,0.8400000000000005,0.3490893546226037
0.8500000000000005,0.2918863256945716,0.8500000000000005,0.2964773622420745,0.8500000000000005,0.3051432375257004,0.8500000000000005,0.3126352902959705,0.8500000000000005,0.3189915341661009,0.8500000000000005,0.3243940069368985,0.8500000000000005,0.3290187646303848,0.8500000000000005,0.3330109428251861,0.8500000000000005,0.3395335429289331,0.8500000000000005,0.3446206232082744,0.8500000000000005,0.3486889704284984,0.8500000000000005,0.3520112228870871,0.8500000000000005,0.3547720336146146,0.8500000000000005,0.3571004595626977,0.8500000000000005,0.3590892184629756
0.8600000000000005,0.3018855279606442,0.8600000000000005,0.3064766515822891,0.8600000000000005,0.315142652355472,0.8600000000000005,0.3226347918180843,0.8600000000000005,0.3289910994305905,0.8600000000000005,0.3343936211559266,0.8600000000000005,0.3390184176911096,0.8600000000000005,0.3430106274944417,0.8600000000000005,0.3495332760094767,0.8600000000000005,0.3546203916924632,0.8600000000000005,0.3586887659711037,0.8600000000000005,0.3620110398020789,0.8600000000000005,0.3647718678476505,0.8600000000000005,0.3671003081181881,0.8600000000000005,0.3690890790633313
0.8700000000000006,0.3118847135093645,0.8700000000000006,0.3164759255917211,0.8700000000000006,0.3251420541538523,0.8700000000000006,0.3326342820644194,0.8700000000000006,0.3389906547782559,0.8700000000000006,0.3443932265333408,0.8700000000000006,0.3490180627792202,0.8700000000000006,0.353010304906775,0.8700000000000006,0.3595330029407869,0.8700000000000006,0.3646201548438477,0.8700000000000006,0.3686885568071437,0.8700000000000006,0.3720108525058986,0.8700000000000006,0.3747716982710902,0.8700000000000006,0.3771001531961316,0.8700000000000006,0.3790889364652448
0.8800000000000006,0.321883882877057,0.8800000000000006,0.3264751847207955,0.8800000000000006,0.3351414432542401,0.8800000000000006,0.3426337612946583,0.8800000000000006,0.3489902004191882,0.8800000000000006,0.354392823244097,0.8800000000000006,0.3590177000437366,0.8800000000000006,0.3630099751914208,0.8800000000000006,0.3695327238241528,0.8800000000000006,0.3746199127451346,0.8800000000000006,0.3786883430061965,0.8800000000000006,0.3820106610584088,0.8800000000000006,0.3847715249373577,0.8800000000000006,0.3870999948430918,0.8800000000000006,0.389088790710548
0.8900000000000006,0.3318830365911349,0.8900000000000006,0.3364744294141396,0.8900000000000006,0.3451408199873973,0.8900000000000006,0.3526332297672032,0.8900000000000006,0.358989736562867,0.8900000000000006,0.3643924114628869,0.8900000000000006,0.369017329633599,0.8900000000000006,0.3730096384776322,0.8900000000000006,0.3795324387609841,0.8900000000000006,0.384619665479177,0.8900000000000006,0.3886881246379925,0.8900000000000006,0.3920104655196282,0.8900000000000006,0.3947713478990258,0.8900000000000006,0.3970998331057636,0.8900000000000006,0.3990886418411988
0.9000000000000006,0.3418821751688237,0.9000000000000006,0.3464736601094223,0.9000000000000006,0.3551401846805031,0.9000000000000006,0.362632687738442,0.9000000000000006,0.3689892634175499,0.9000000000000006,0.3743919913636222,0.9000000000000006,0.3790169516972413,0.9000000000000006,0.3830092948943282,0.9000000000000006,0.3895321478525263,0.9000000000000006,0.3946194131287613,0.9000000000000006,0.3986879017722329,0.9000000000000006,0.4020102659495687,0.9000000000000006,0.4047711672086694,0.9000000000000006,0.407099668030862,0.9000000000000006,0.4090884898991761
0.9100000000000006,0.3518812991161709,0.9100000000000006,0.3564728772364102,0.9100000000000006,0.3651395376563968,0.9100000000000006,0.3726321354621221,0.9100000000000006,0.3789887811897698,0.9100000000000006,0.3843915631190263,0.9100000000000006,0.3890165663822295,0.9100000000000006,0.3930089445697729,0.9100000000000006,0.3995318511996296,0.9100000000000006,0.4046191557763992,0.9100000000000006,0.4086876744784297,0.9100000000000006,0.412010062408098,0.9100000000000006,0.4147709829187534,0.9100000000000006,0.4170994996650046,0.9100000000000006,0.4190883349263822
0.9200000000000006,0.3618804089273017,0.9200000000000006,0.3664720812162421,0.9200000000000006,0.3751388792329534,0.9200000000000006,0.3826315731888447,0.9200000000000006,0.3889882900839174,0.9200000000000006,0.3943911269002773,0.9200000000000006,0.3990161738349732,0.9200000000000006,0.4030085876313289,0.9200000000000006,0.4095315489025491,0.9200000000000006,0.4146188935041802,0.9200000000000006,0.4186874428257716,0.9200000000000006,0.4220098549548306,0.9200000000000006,0.4247707950815374,0.9200000000000006,0.4270993280546441,0.9200000000000006,0.4290881769645725
0.9300000000000006,0.3718795050838788,0.9300000000000006,0.3764712724608812,0.9300000000000006,0.3851382097226012,0.9300000000000006,0.392631001165664,0.9300000000000006,0.3989877903019029,0.9300000000000006,0.4043906828767241,0.9300000000000006,0.409015774200475,0.9300000000000006,0.413008224205246,0.9300000000000006,0.4195312410607835,0.9300000000000006,0.4246186263936447,0.9300000000000006,0.4286872068830234,0.9300000000000006,0.4320096436490388,0.9300000000000006,0.4347706037489959,0.9300000000000006,0.4370991532459836,0.9300000000000006,0.4390880160552931
0.9400000000000006,0.3818785880547578,0.9400000000000006,0.3864704513727193,0.9400000000000006,0.3951375294319532,0.9400000000000006,0.4026304196357675,0.9400000000000006,0.4089872820428971,0.9400000000000006,0.4143902312156734,0.9400000000000006,0.4190153676221482,0.9400000000000006,0.4230078544164955,0.9400000000000006,0.4295309277729469,0.9400000000000006,0.4346183545256703,0.9400000000000006,0.4386869667184312,0.9400000000000006,0.4420094285495743,0.9400000000000006,0.44477040897275,0.9400000000000006,0.4470989752849339,0.9400000000000006,0.4490878522398291
0.9500000000000006,0.3918776582957841,0.9500000000000006,0.3964696183443162,0.9500000000000006,0.4051368386615342,0.9500000000000006,0.4126298288382428,0.9500000000000006,0.4189867655031163,0.9500000000000006,0.4243897720822014,0.9500000000000006,0.4290149542416638,0.9500000000000006,0.4330074783886442,0.9500000000000006,0.4395306091366693,0.9500000000000006,0.4446180779804003,0.9500000000000006,0.448686722399663,0.9500000000000006,0.4520092097148163,0.9500000000000006,0.4547702108040281,0.9500000000000006,0.4570987942170588,0.9500000000000006,0.4590876855591658
0.9600000000000006,0.4018767162497213,0.9600000000000006,0.4064687737582519,0.9600000000000006,0.4151361377055971,0.9600000000000006,0.422629229007901,0.9600000000000006,0.4289862408756862,0.9600000000000006,0.4343893056390369,0.9600000000000006,0.4390145341988372,0.9600000000000006,0.4430070962437479,0.9600000000000006,0.4495302852485199,0.9600000000000006,0.4546177968371764,0.9600000000000006,0.4586864739937557,0.9600000000000006,0.4620089872026288,0.9600000000000006,0.4647700092936193,0.9600000000000006,0.4670986100875492,0.9600000000000006,0.4690875160539621
0.9700000000000006,0.4118757623462953,0.9700000000000006,0.4164679179870784,0.9700000000000006,0.4251354268520177,0.9700000000000006,0.432628620375164,0.9700000000000006,0.438985708350527,0.9700000000000006,0.4443888320464603,0.9700000000000006,0.4490141076315498,0.9700000000000006,0.4530067081022925,0.9700000000000006,0.4595299562039498,0.9700000000000006,0.4646175111744965,0.9700000000000006,0.4686862215670732,0.9700000000000006,0.4720087610703212,0.9700000000000006,0.4747698044918526,0.9700000000000006,0.4770984229412003,0.9700000000000006,0.4790873437645311
0.9800000000000006,0.4218747970023201,0.9800000000000006,0.4264670513933432,0.9800000000000006,0.4351347063822351,0.9800000000000006,0.4426280031660031,0.9800000000000006,0.4489851681142918,0.9800000000000006,0.4543883514622511,0.9800000000000006,0.4590136746756946,0.9800000000000006,0.4630063140831376,0.9800000000000006,0.4695296220972582,0.9800000000000006,0.4746172210699842,0.9800000000000006,0.4786859651852917,0.9800000000000006,0.4820085313746365,0.9800000000000006,0.4847695964485745,0.9800000000000006,0.487098232822389,0.9800000000000006,0.489087168730819
0.9900000000000007,0.4318738206218976,0.9900000000000007,0.4364661743296867,0.9900000000000007,0.4451339765712689,0.9900000000000007,0.4526273776019094,0.9900000000000007,0.4589846203503387,0.9900000000000007,0.4643878640416491,0.9900000000000007,0.4690132354651477,0.9900000000000007,0.4730059143034973,0.9900000000000007,0.4795292830215671,0.9900000000000007,0.4846169266003729,0.9900000000000007,0.488685704913372,0.9900000000000007,0.4920082981717357,0.9900000000000007,0.4947693852131372,0.9900000000000007,0.4970980397750716,0.9900000000000007,0.4990869909924022
1.000000000000001,0.4418728335966775,1.000000000000001,0.4464652871389859,1.000000000000001,0.4551332376877565,1.000000000000001,0.4626267438999079,1.000000000000001,0.4689840652387264,1.000000000000001,0.4743873699373549,1.000000000000001,0.47901279013176,1.000000000000001,0.4830055088789215,1.000000000000001,0.4895289390688187,1.000000000000001,0.4946166278414938,1.000000000000001,0.4986854408155653,1.000000000000001,0.5020080615171922,1.000000000000001,0.504769170834405,1.000000000000001,0.5070978438427768,1.000000000000001,0.5090868105884849
1.010000000000001,0.4518718363061572,1.010000000000001,0.4564643901545516,1.010000000000001,0.4651324899940378,1.010000000000001,0.4726261022725972,1.010000000000001,0.4789835029562278,1.010000000000001,0.4843868692995373,1.010000000000001,0.4890123388053643,1.010000000000001,0.4930050979233107,1.010000000000001,0.4995285903297726,1.010000000000001,0.5046163248682863,1.010000000000001,0.5086851729554105,1.010000000000001,0.5120078214659928,1.010000000000001,0.5147689533607425,1.010000000000001,0.5170976450686089,1.010000000000001,0.5190866275578983
1.020000000000001,0.4618708291180212,1.020000000000001,0.4664634837003437,1.020000000000001,0.4751317337462704,1.020000000000001,0.4826254529282111,1.020000000000001,0.488982933676387,1.020000000000001,0.4943863622758637,1.020000000000001,0.4990118816137947,1.020000000000001,0.5030046815489303,1.020000000000001,0.5095282368940209,1.020000000000001,0.5146160177548023,1.020000000000001,0.5186849013957437,1.020000000000001,0.5220075780725512,1.020000000000001,0.5247687328400295,1.020000000000001,0.5270974434952552,1.020000000000001,0.5290864419391063
1.030000000000001,0.4718698123885051,1.030000000000001,0.4764625680912303,1.030000000000001,0.4851309691945619,1.030000000000001,0.4926247960707074,1.030000000000001,0.4989823575695606,1.030000000000001,0.5043858490115398,1.030000000000001,0.5090114186829232,1.030000000000001,0.5130042598664381,1.030000000000001,0.5195278788500137,1.030000000000001,0.5246157065742251,1.030000000000001,0.5286846261987128,1.030000000000001,0.5320073313907131,1.030000000000001,0.5347685093196742,1.030000000000001,0.5370972391649909,1.030000000000001,0.5390862537702201
1.040000000000001,0.4818687864627759,1.040000000000001,0.4864616436332557,1.040000000000001,0.4951301965831212,1.040000000000001,0.5026241318998602,1.040000000000001,0.5089817748029983,1.040000000000001,0.5143853296493694,1.040000000000001,0.5190109501367073,1.040000000000001,0.5230038329849191,1.040000000000001,0.5295275162850777,1.040000000000001,0.5346153913988935,1.040000000000001,0.5386843474257969,1.040000000000001,0.5420070814737794,1.040000000000001,0.5447682828466215,1.040000000000001,0.5470970321197007,1.040000000000001,0.5490860630890018
1.050000000000001,0.4918677516753206,1.050000000000001,0.4964607106239238,1.050000000000001,0.5051294161504329,1.050000000000001,0.5126234606113783,1.050000000000001,0.5189811855409223,1.050000000000001,0.5243848043298176,1.050000000000001,0.5290104760972325,1.050000000000001,0.5330034010119362,1.050000000000001,0.539527149285465,1.050000000000001,0.5446150723003308,1.050000000000001,0.5486840651378306,1.050000000000001,0.5520068283745242,1.050000000000001,0.5547680534673747,1.050000000000001,0.5570968224008884,1.050000000000001,0.5590858699328866
1.060000000000001,0.5018667083503539,1.060000000000001,0.5064597693524917,1.060000000000001,0.5151286281294327,1.060000000000001,0.5226227823970234,1.060000000000001,0.5289805899446164,1.060000000000001,0.5343842731910758,1.060000000000001,0.5390099966847852,1.060000000000001,0.5430029640535752,1.060000000000001,0.5495267779363771,1.060000000000001,0.5546147493492737,1.060000000000001,0.5586837793950308,1.060000000000001,0.5620065721452199,1.060000000000001,0.5647678212280185,1.060000000000001,0.5670966100496996,1.060000000000001,0.5690856743389946
1.070000000000001,0.5118656568022117,1.070000000000001,0.5164588201002727,1.070000000000001,0.5251278327476895,1.070000000000001,0.5326220974447379,1.070000000000001,0.5389799881725251,1.070000000000001,0.5443837363691477,1.070000000000001,0.5490095120179054,1.070000000000001,0.5530025222145056,1.070000000000001,0.5595264023220201,1.070000000000001,0.5646144226157133,1.070000000000001,0.5686834902570318,1.070000000000001,0.5720063128376627,1.070000000000001,0.574767586174243,1.070000000000001,0.5770963951069432,1.070000000000001,0.5790854763441575
1.080000000000001,0.5218645973357509,1.080000000000001,0.52645786314094,1.080000000000001,0.5351270302276028,1.080000000000001,0.54262140593879,1.080000000000001,0.5489793803803579,1.080000000000001,0.5543831939979316,1.080000000000001,0.5590090222134644,1.080000000000001,0.5630020755980393,1.080000000000001,0.5695260225256485,1.080000000000001,0.574614092168932,1.080000000000001,0.5786831977829139,1.080000000000001,0.5820060505032036,1.080000000000001,0.5847673483513652,1.080000000000001,0.5870961776131146,1.080000000000001,0.5890852759849328
1.090000000000001,0.5318635302467494,1.090000000000001,0.536456898740822,1.090000000000001,0.5451262207865993,1.090000000000001,0.552620708059899,1.090000000000001,0.5589787667211992,1.090000000000001,0.564382646209306,1.090000000000001,0.5690085273867365,1.090000000000001,0.5730016243061909,1.090000000000001,0.5795256386296163,1.090000000000001,0.5846137580775447,1.090000000000001,0.5886829020312436,1.090000000000001,0.5920057851927818,1.090000000000001,0.5947671078043666,1.090000000000001,0.5970959576084222,1.090000000000001,0.5990850732976342
1.100000000000001,0.5418624558222889,1.100000000000001,0.5464559271592098,1.100000000000001,0.5551254046373213,1.100000000000001,0.5626200039853918,1.100000000000001,0.568978147345611,1.100000000000001,0.5743820931332208,1.100000000000001,0.5790080276514784,1.100000000000001,0.5830011684397557,1.100000000000001,0.5895252507154353,1.100000000000001,0.5946134204095548,1.100000000000001,0.5986826030601122,1.100000000000001,0.6020055169569609,1.100000000000001,0.6047668645779166,1.100000000000001,0.6070957351328145,1.100000000000001,0.6090848683183515
1.110000000000001,0.5518613743411402,1.110000000000001,0.5564549486486496,1.110000000000001,0.5651245819878342,1.110000000000001,0.5726192938893386,1.110000000000001,0.5789775224017594,1.110000000000001,0.5843815348977953,1.110000000000001,0.5890075231200097,1.110000000000001,0.5930007080983692,1.110000000000001,0.5995248588638253,1.110000000000001,0.6046130792323862,1.110000000000001,0.6086823009271787,1.110000000000001,0.6120052458459627,1.110000000000001,0.6147666187164096,1.110000000000001,0.6170955102260152,1.110000000000001,0.6190846610829859
1.120000000000001,0.5618602860741286,1.120000000000001,0.5664539634552379,1.120000000000001,0.5751237530418157,1.120000000000001,0.5826185779427014,1.120000000000001,0.5889768920355213,1.120000000000001,0.5943809716294132,1.120000000000001,0.5990070139032944,1.120000000000001,0.6030002433805943,1.120000000000001,0.6095244631547846,1.120000000000001,0.6146127346129525,1.120000000000001,0.618681995689721,1.120000000000001,0.6220049719097105,1.120000000000001,0.6247663702640069,1.120000000000001,0.6270952829275528,1.120000000000001,0.6290844516272741
1.130000000000001,0.5718591912844999,1.130000000000001,0.5764529718189002,1.130000000000001,0.5851229179987534,1.130000000000001,0.5926178563134864,1.130000000000001,0.5989762563906079,1.130000000000001,0.6043804034528212,1.130000000000001,0.6090065001110343,1.130000000000001,0.6129997743839852,1.130000000000001,0.6195240636676487,1.130000000000001,0.6246123866177024,1.130000000000001,0.6286816874046722,1.130000000000001,0.6320046951978771,1.130000000000001,0.6347661192646648,1.130000000000001,0.6370950532767966,1.130000000000001,0.6390842399868253
1.140000000000001,0.5818580902282668,1.140000000000001,0.5864519739736765,1.140000000000001,0.5951220770541411,1.140000000000001,0.6026171291668817,1.140000000000001,0.6089756156086803,1.140000000000001,0.6143798304912322,1.140000000000001,0.6190059818517498,1.140000000000001,0.6229993012051765,1.140000000000001,0.629523660481157,1.140000000000001,0.6346120353126813,1.140000000000001,0.6386813761286829,1.140000000000001,0.6420044157599181,1.140000000000001,0.64476586576219,1.140000000000001,0.6470948213129984,1.140000000000001,0.6490840261971567
1.150000000000001,0.5918569831545466,1.150000000000001,0.5964509701479914,1.150000000000001,0.605121230399664,1.150000000000001,0.6126163966654102,1.150000000000001,0.6189749698294748,1.150000000000001,0.6243792528664293,1.150000000000001,0.6290054592328767,1.150000000000001,0.6329988239399651,1.150000000000001,0.6395232536735245,1.150000000000001,0.6446116807635884,1.150000000000001,0.6486810619181729,1.150000000000001,0.652004133645137,1.150000000000001,0.654765609800273,1.150000000000001,0.6570945870753293,1.150000000000001,0.6590838102937318
1.160000000000001,0.6018558703058918,1.160000000000001,0.60644996056492,1.160000000000001,0.6151203782233957,1.160000000000001,0.6226156589690784,1.160000000000001,0.6289743191909217,1.160000000000001,0.6343786706988702,1.160000000000001,0.6390049323608599,1.160000000000001,0.6429983426833924,1.160000000000001,0.6495228433225178,1.160000000000001,0.6546113230358497,1.160000000000001,0.6586807448293891,1.160000000000001,0.6620038489027275,1.160000000000001,0.6647653514225458,1.160000000000001,0.667094350602933,1.160000000000001,0.669083592312
1.170000000000001,0.6118547519186008,1.170000000000001,0.6164489454424386,1.170000000000001,0.6251195207099745,1.170000000000001,0.6326149162355185,1.170000000000001,0.6389736638292702,1.170000000000001,0.6443780841077985,1.170000000000001,0.6490044013412546,1.170000000000001,0.6529978575298342,1.170000000000001,0.6595224295055254,1.170000000000001,0.6646109621946787,1.170000000000001,0.6686804249184672,1.170000000000001,0.6720035615818383,1.170000000000001,0.6747650906726285,1.170000000000001,0.6770941119349674,1.170000000000001,0.6790833722874495
1.180000000000001,0.6218536282230269,1.180000000000001,0.6264479249936862,1.180000000000001,0.6351186580407926,1.180000000000001,0.6426141686201401,1.180000000000001,0.6489730038792153,1.180000000000001,0.6543774932113527,1.180000000000001,0.6590038662788165,1.180000000000001,0.6629973685731011,1.180000000000001,0.6695220122996495,1.180000000000001,0.6746105983051583,1.180000000000001,0.6786801022415032,1.180000000000001,0.6820032717316301,1.180000000000001,0.6847648275941934,1.180000000000001,0.6870938711106607,1.180000000000001,0.6890831502556489
1.190000000000001,0.6318524994438677,1.190000000000001,0.6364468994271951,1.190000000000001,0.6451177903941798,1.190000000000001,0.6526134162762703,1.190000000000001,0.6589723394740208,1.190000000000001,0.664376898126679,1.190000000000001,0.6690033272776195,1.190000000000001,0.6729968759065245,1.190000000000001,0.6795215917817859,1.190000000000001,0.6846102314323151,1.190000000000001,0.6886797768546228,1.190000000000001,0.6920029794013456,1.190000000000001,0.6947645622310258,1.190000000000001,0.6970936281693754,1.190000000000001,0.6990829262523095
1.200000000000001,0.6418513658004483,1.200000000000001,0.6464458689471394,1.200000000000001,0.6551169179455756,1.200000000000001,0.6626126593553106,1.200000000000001,0.6689716707456522,1.200000000000001,0.6743762989700496,1.200000000000001,0.6790027844411543,1.200000000000001,0.6829963796230688,1.200000000000001,0.6895211680287202,1.200000000000001,0.6946098616412034,1.200000000000001,0.6986794488140605,1.200000000000001,0.7020026846403833,1.200000000000001,0.7047642946270861,1.200000000000001,0.7070933831506626,1.200000000000001,0.7090827003133438
1.210000000000001,0.6518502275069979,1.210000000000001,0.6564448337535528,1.210000000000001,0.6651160408677046,1.210000000000001,0.672611898006878,1.210000000000001,0.6789709978249051,1.210000000000001,0.6843756958569823,1.210000000000001,0.6890022378724479,1.210000000000001,0.6929958798154339,1.210000000000001,0.699520741117222,1.210000000000001,0.7046094889970006,1.210000000000001,0.7086791181762471,1.210000000000001,0.7120023874983743,1.210000000000001,0.7147640248265952,1.210000000000001,0.7170931360943423,1.210000000000001,0.7190824724749295
1.220000000000001,0.661849084772907,1.220000000000001,0.6664437940425604,1.220000000000001,0.6751151593307624,1.220000000000001,0.682611132378956,1.220000000000001,0.6889703208415426,1.220000000000001,0.6943750889023712,1.220000000000001,0.6990016876741764,1.220000000000001,0.7029953765761647,1.220000000000001,0.7095203111241533,1.220000000000001,0.7146091135651018,1.220000000000001,0.7186787849978964,1.220000000000001,0.7220020880252731,1.220000000000001,0.7247637528741089,1.220000000000001,0.727092887040576,1.220000000000001,0.7290822427735884
1.230000000000001,0.6718479378029844,1.230000000000001,0.6764427500065876,1.230000000000001,0.6851142735025754,1.230000000000001,0.6926103626180441,1.230000000000001,0.6989696399244276,1.230000000000001,0.7043744782206026,1.230000000000001,0.7090011339487922,1.230000000000001,0.7129948699977783,1.230000000000001,0.7195198781265789,1.230000000000001,0.7246087354112253,1.230000000000001,0.7286784493361125,1.230000000000001,0.7320017862714479,1.230000000000001,0.7347634788146128,1.230000000000001,0.7370926360299533,1.230000000000001,0.7390820112462628
1.240000000000001,0.6818467867977031,1.240000000000001,0.6864417018345831,1.240000000000001,0.6951133835487802,1.240000000000001,0.7026095888693112,1.240000000000001,0.7089689552016679,1.240000000000001,0.7143738639257033,1.240000000000001,0.7190005767986508,1.240000000000001,0.7229943601728829,1.240000000000001,0.7295194422018876,1.240000000000001,0.7346083546015313,1.240000000000001,0.7386781112484927,1.240000000000001,0.7420014822877939,1.240000000000001,0.7447632026936202,1.240000000000001,0.7470923831035909,1.240000000000001,0.7490817779304146
1.250000000000001,0.69184563195343,1.250000000000001,0.6964406497122149,1.250000000000001,0.7051124896329924,1.250000000000001,0.7126088112767454,1.250000000000001,0.7189682668007606,1.250000000000001,0.7243732461314726,1.250000000000001,0.729000016326152,1.250000000000001,0.7329938471943173,1.250000000000001,0.7395190034279201,1.250000000000001,0.7446079712027435,1.250000000000001,0.7486777707932573,1.250000000000001,0.7520011761258381,1.250000000000001,0.7547629245572811,1.250000000000001,0.7570921283032337,1.250000000000001,0.7590815428641164
1.260000000000001,0.7018444734626663,1.260000000000001,0.7064395938220778,1.260000000000001,0.7151115919169782,1.260000000000001,0.722608029983318,1.260000000000001,0.7289675748487411,1.260000000000001,0.7343726249516301,1.260000000000001,0.7389994526338783,1.260000000000001,0.7429933311552894,1.260000000000001,0.7495185618831111,1.260000000000001,0.7546075852822876,1.260000000000001,0.7586774280293689,1.260000000000001,0.7620008678378741,1.260000000000001,0.7647626444525117,1.260000000000001,0.7670918716713717,1.260000000000001,0.7690813060861725
1.270000000000001,0.7118433115142603,1.270000000000001,0.716438534343889,1.270000000000001,0.7251106905608246,1.270000000000001,0.7326072451311353,1.270000000000001,0.7389668794723375,1.270000000000001,0.7443720004999731,1.270000000000001,0.7489988858247566,1.270000000000001,0.7529928121495325,1.270000000000001,0.7595181176466392,1.270000000000001,0.7646071969084371,1.270000000000001,0.7686770830166871,1.270000000000001,0.7720005574770987,1.270000000000001,0.7747623624271145,1.270000000000001,0.7770916132513785,1.270000000000001,0.7790810676362381
1.280000000000001,0.7218421462936279,1.280000000000001,0.7264374714546857,1.280000000000001,0.7351097857231138,1.280000000000001,0.7426064568616069,1.280000000000001,0.7489661807981315,1.280000000000001,0.7543713728905334,1.280000000000001,0.7589983160022092,1.280000000000001,0.762992290271468,1.280000000000001,0.7695176707985891,1.280000000000001,0.7746068061504768,1.280000000000001,0.7786767358161206,1.280000000000001,0.782000245097764,1.280000000000001,0.7847620785299483,1.280000000000001,0.7870913530876412,1.280000000000001,0.7890808275549632
1.290000000000001,0.7318409779829587,1.290000000000001,0.7364364053290127,1.290000000000001,0.745108877561087,1.290000000000001,0.7526056653156068,1.290000000000001,0.7589654789527296,1.290000000000001,0.7643707422377474,1.290000000000001,0.7689977432703382,1.290000000000001,0.7729917656163767,1.290000000000001,0.7795172214201337,1.290000000000001,0.7846064130788779,1.290000000000001,0.7886763864898039,1.290000000000001,0.7919999307553535,1.290000000000001,0.7947617928110727,1.290000000000001,0.7970910912257367,1.290000000000001,0.7990805858841474
1.300000000000001,0.7418398067614234,1.300000000000001,0.7464353361391114,1.300000000000001,0.7551079662308293,1.300000000000001,0.7626048706336518,1.300000000000001,0.768964774062933,1.300000000000001,0.7743701086566395,1.300000000000001,0.7789971677340982,1.300000000000001,0.782991238280591,1.300000000000001,0.7895167695937176,1.300000000000001,0.79460601776549,1.300000000000001,0.7986760351012887,1.300000000000001,0.8019996145067628,1.300000000000001,0.804761505321944,1.300000000000001,0.8070908277125974,1.300000000000001,0.8090803426669064
1.310000000000001,0.751838632805374,1.310000000000001,0.7564342640551089,1.310000000000001,0.7651070518874401,1.310000000000001,0.7726040729560786,1.310000000000001,0.7789640662559254,1.310000000000001,0.7843694722630091,1.310000000000001,0.7889965894995024,1.310000000000001,0.7929907083616927,1.310000000000001,0.7995163154032701,1.310000000000001,0.8046056202837529,1.310000000000001,0.8086756817157466,1.310000000000001,0.8119992964105091,1.310000000000001,0.8147612161156161,1.310000000000001,0.817090562596712,1.310000000000001,0.8190800979478722
1.320000000000001,0.7618374562885347,1.320000000000001,0.7664331892451942,1.320000000000001,0.7751061346852066,1.320000000000001,0.782603272423218,1.320000000000001,0.7889633556594593,1.320000000000001,0.7943688331736287,1.320000000000001,0.7989960086738237,1.320000000000001,0.8029901759587296,1.320000000000001,0.809515858934429,1.320000000000001,0.8146052207089253,1.320000000000001,0.8186753264002086,1.320000000000001,0.8219989765269573,1.320000000000001,0.8247609252469545,1.320000000000001,0.827090295928347,1.320000000000001,0.8290798517733964
1.330000000000001,0.7718362773821944,1.330000000000001,0.776432111875813,1.330000000000001,0.7851052147777918,1.330000000000001,0.7926024691755917,1.330000000000001,0.7989626424020561,1.330000000000001,0.8043681915064598,1.330000000000001,0.8089954253658203,1.330000000000001,0.8129896411724437,1.330000000000001,0.8195154002747811,1.330000000000001,0.8246048191183281,1.330000000000001,0.8286749692238043,1.330000000000001,0.8319986549185645,1.330000000000001,0.8347606327728899,1.330000000000001,0.8370900277597739,1.330000000000001,0.8390796041917877
1.340000000000001,0.7818350962553976,1.340000000000001,0.7864310321118382,1.340000000000001,0.7951042923184144,1.340000000000001,0.8026016633541021,1.340000000000001,0.80896192661322,1.340000000000001,0.8143675473808695,1.340000000000001,0.8189948396859666,1.340000000000001,0.8229891041055188,1.340000000000001,0.8295149395141276,1.340000000000001,0.8346044155916179,1.340000000000001,0.8386746102580384,1.340000000000001,0.8419983316501534,1.340000000000001,0.8447603387526753,1.340000000000001,0.8470897581455418,1.340000000000001,0.8490793552535656
1.350000000000001,0.7918339130751225,1.350000000000001,0.796429950116757,1.350000000000001,0.8051033674600347,1.350000000000001,0.8126008551002384,1.350000000000001,0.8189612084236509,1.350000000000001,0.8243669009178755,1.350000000000001,0.8289942517467097,1.350000000000001,0.8329885648628493,1.350000000000001,0.8395144767447569,1.350000000000001,0.8446040102110752,1.350000000000001,0.8486742495770782,1.350000000000001,0.8519980067892053,1.350000000000001,0.8547600432481819,1.350000000000001,0.8570894871427566,1.350000000000001,0.8590791050117339
1.360000000000001,0.8018327280064718,1.360000000000001,0.8064288660528498,1.360000000000001,0.8151024403555468,1.360000000000001,0.8226000445562794,1.360000000000001,0.8289604879654807,1.360000000000001,0.8343662522403881,1.360000000000001,0.8389936616627353,1.360000000000001,0.8429880235518077,1.360000000000001,0.8495140120617523,1.360000000000001,0.8546036030619176,1.360000000000001,0.8586738872580789,1.360000000000001,0.8619976804061673,1.360000000000001,0.8647597463242052,1.360000000000001,0.8670892148113813,1.360000000000001,0.8690788535220884
1.370000000000001,0.8118315412128403,1.370000000000001,0.8164277800813718,1.370000000000001,0.825101511157973,1.370000000000001,0.832599231865518,1.370000000000001,0.8389597653725011,1.370000000000001,0.8443656014734715,1.370000000000001,0.8489930695512411,1.370000000000001,0.852987480282553,1.370000000000001,0.8595135455633043,1.370000000000001,0.8646031942326227,1.370000000000001,0.8686735233815069,1.370000000000001,0.8719973525747962,1.370000000000001,0.8747594480488009,1.370000000000001,0.8770889412145696,1.370000000000001,0.8790786008435219
1.380000000000001,0.8218303528561045,1.380000000000001,0.8264266923627303,1.380000000000001,0.8351005800206647,1.380000000000001,0.8425984171724732,1.380000000000001,0.8489590407804292,1.380000000000001,0.854364948744618,1.380000000000001,0.8589924755322372,1.380000000000001,0.8629869351683327,1.380000000000001,0.8695130773510527,1.380000000000001,0.8746027838152847,1.380000000000001,0.8786731580315017,1.380000000000001,0.8819970233725091,1.380000000000001,0.8847591484936301,1.380000000000001,0.887088666419009,1.380000000000001,0.8890783470383744
1.390000000000001,0.8318291630967932,1.390000000000001,0.8364256030566724,1.390000000000001,0.8450996470974973,1.390000000000001,0.8525976006231323,1.390000000000001,0.8589583143271501,1.390000000000001,0.8643642941840373,1.390000000000001,0.8689918797288494,1.390000000000001,0.8729863883258149,1.390000000000001,0.8795126075304319,1.390000000000001,0.8846023719059801,1.390000000000001,0.8886727912962451,1.390000000000001,0.8919966928807505,1.390000000000001,0.8947588477343261,1.390000000000001,0.8970883904952685,1.390000000000001,0.899078092172771
1.400000000000001,0.8418279720942596,1.400000000000001,0.846424512322463,1.400000000000001,0.8550987125430864,1.400000000000001,0.8625967823651809,1.400000000000001,0.868957586152994,1.400000000000001,0.8743636379249424,1.400000000000001,0.8789912822676417,1.400000000000001,0.8829858398754209,1.400000000000001,0.8895121362110365,1.400000000000001,0.8946019586051341,1.400000000000001,0.8986724232683376,1.400000000000001,0.9019963611853679,1.400000000000001,0.904758545850865,1.400000000000001,0.9070881135181691,1.400000000000001,0.9090778363169767
1.410000000000001,0.8518267800068619,1.410000000000001,0.8564234203190693,1.410000000000001,0.8650977765129931,1.410000000000001,0.8725959625482491,1.410000000000001,0.8789568564010114,1.410000000000001,0.8843629801038645,1.410000000000001,0.8889906832789416,1.410000000000001,0.892985289941678,1.410000000000001,0.8995116635069907,1.410000000000001,0.9046015440179109,1.410000000000001,0.9086720540451757,1.410000000000001,0.9119960283769928,1.410000000000001,0.9147582429279264,1.410000000000001,0.9170878355671344,1.410000000000001,0.9190775795457422
1.420000000000001,0.8618255869921313,1.420000000000001,0.8664223272053428,1.420000000000001,0.8750968391639414,1.420000000000001,0.882595141324155,1.420000000000001,0.888956125217249,1.420000000000001,0.89436232086095,1.420000000000001,0.8989900828971679,1.420000000000001,0.902984738653556,1.420000000000001,0.9095111895373166,1.420000000000001,0.9146011282545793,1.420000000000001,0.9186716837293313,1.420000000000001,0.9219956945513922,1.420000000000001,0.9247579390552514,1.420000000000001,0.9270875567265338,1.420000000000001,0.9290773219386211
1.430000000000001,0.8718243932069472,1.430000000000001,0.876421233140211,1.430000000000001,0.8850959006540312,1.430000000000001,0.8925943188471658,1.430000000000001,0.8989553927510361,1.430000000000001,0.9043616603402787,1.430000000000001,0.9089894812611655,1.430000000000001,0.9129841861448236,1.430000000000001,0.9195107144262901,1.430000000000001,0.9246007114308716,1.430000000000001,0.9286713124288892,1.430000000000001,0.9319953598098127,1.430000000000001,0.9347576343279572,1.430000000000001,0.9370872770859761,1.430000000000001,0.939077063580267
1.440000000000001,0.8818231988077069,1.440000000000001,0.8864201382828534,1.440000000000001,0.8950949611429641,1.440000000000001,0.9025934952742442,1.440000000000001,0.9089546591552714,1.440000000000001,0.9143609986901693,1.440000000000001,0.9189888785145263,1.440000000000001,0.9229836325543711,1.440000000000001,0.9295102383037778,1.440000000000001,0.9346002936683141,1.440000000000001,0.9386709402577638,1.440000000000001,0.9419950242592626,1.440000000000001,0.9447573288468003,1.440000000000001,0.9470869967405624,1.440000000000001,0.9490768045606521
1.450000000000001,0.8918220039504992,1.450000000000001,0.896419042792897,1.450000000000001,0.9050940207922569,1.450000000000001,0.912592670765305,1.450000000000001,0.9189539245866943,1.450000000000001,0.924360336063472,1.450000000000001,0.9289882748058952,1.450000000000001,0.9329830780265274,1.450000000000001,0.9395097613055379,1.450000000000001,0.9445998750944939,1.450000000000001,0.9486705673359408,1.450000000000001,0.9519946880127361,1.450000000000001,0.9547570227183775,1.450000000000001,0.9570867157910521,1.450000000000001,0.9590765449752177
1.460000000000001,0.9018208087912754,1.460000000000001,0.9064179468305995,1.460000000000001,0.9150930797654689,1.460000000000001,0.9225918454834603,1.460000000000001,0.928953189206164,1.460000000000001,0.9343596726178557,1.460000000000001,0.9389876702892546,1.460000000000001,0.9429825227113285,1.460000000000001,0.9495092835734589,1.460000000000001,0.9545994558432721,1.460000000000001,0.9586701937896431,1.460000000000001,0.9619943511893301,1.460000000000001,0.964756716055208,1.460000000000001,0.9670864343439268,1.460000000000001,0.9690762849249086
1.470000000000001,0.9118196134860196,1.470000000000001,0.9164168505570324,1.470000000000001,0.9250921382284162,1.470000000000001,0.932591019595268,1.470000000000001,0.9389524531789053,1.470000000000001,0.9443590085160516,1.470000000000001,0.948987065124158,1.470000000000001,0.9529819667647399,1.470000000000001,0.9595088052557345,1.470000000000001,0.9645990360548888,1.470000000000001,0.9686698197513888,1.470000000000001,0.9719940139142584,1.470000000000001,0.9747564089757061,1.470000000000001,0.9770861525113169,1.470000000000001,0.9790760245160801
1.480000000000001,0.9218184181909163,1.480000000000001,0.9264157541342767,1.480000000000001,0.9350911963493843,1.480000000000001,0.9425901932709555,1.480000000000001,0.9489517166747381,1.480000000000001,0.9543583439260732,1.480000000000001,0.9589864594759214,1.480000000000001,0.9629814103488099,1.480000000000001,0.9695083265069306,1.480000000000001,0.9745986158759571,1.480000000000001,0.9786694453599032,1.480000000000001,0.9819936763187077,1.480000000000001,0.9847561016039873,1.480000000000001,0.9870858704107807,1.480000000000001,0.9890757638602414
1.490000000000001,0.9318172230625225,1.490000000000001,0.9364146577255964,1.490000000000001,0.9450902542993377,1.490000000000001,0.9525893666846311,1.490000000000001,0.9589509798682767,1.490000000000001,0.9643576790213749,1.490000000000001,0.9689858535157418,1.490000000000001,0.9729808536317326,1.490000000000001,0.9795078474879394,1.490000000000001,0.9845981954593072,1.490000000000001,0.9886690707598851,1.490000000000001,0.9919933385395263,1.490000000000001,0.9947557940695037,1.490000000000001,0.9970855881648927,1.490000000000001,0.9990755030736225
1.5,0.941816028257933,1.5,0.9464135614956275,1.5,0.9550893122521135,1.5,0.9625885400144681,1.5,0.9689502429390743,1.5,0.9743570139809478,1.5,0.9789852474207188,1.5,0.9829802967878,1.5,0.9895073683657845,1.5,0.9945977749636632,1.5,0.9986686961015715,1.5,1.001993000718719,1.5,1.004755486506486,1.5,1.007085305900657,1.5,1.009075242276551
