nch18_gm_gds (ll=3.5e-07) X,nch18_gm_gds (ll=3.5e-07) Y,nch18_gm_gds (ll=4e-07) X,nch18_gm_gds (ll=4e-07) Y,nch18_gm_gds (ll=5e-07) X,nch18_gm_gds (ll=5e-07) Y,nch18_gm_gds (ll=6e-07) X,nch18_gm_gds (ll=6e-07) Y,nch18_gm_gds (ll=7e-07) X,nch18_gm_gds (ll=7e-07) Y,nch18_gm_gds (ll=8e-07) X,nch18_gm_gds (ll=8e-07) Y,nch18_gm_gds (ll=9e-07) X,nch18_gm_gds (ll=9e-07) Y,nch18_gm_gds (ll=1e-06) X,nch18_gm_gds (ll=1e-06) Y,nch18_gm_gds (ll=1.2e-06) X,nch18_gm_gds (ll=1.2e-06) Y,nch18_gm_gds (ll=1.4e-06) X,nch18_gm_gds (ll=1.4e-06) Y,nch18_gm_gds (ll=1.6e-06) X,nch18_gm_gds (ll=1.6e-06) Y,nch18_gm_gds (ll=1.8e-06) X,nch18_gm_gds (ll=1.8e-06) Y,nch18_gm_gds (ll=2e-06) X,nch18_gm_gds (ll=2e-06) Y,nch18_gm_gds (ll=2.2e-06) X,nch18_gm_gds (ll=2.2e-06) Y,nch18_gm_gds (ll=2.4e-06) X,nch18_gm_gds (ll=2.4e-06) Y
0,313.9367304534136,0,399.9578956322677,0,505.1926547532743,0,561.5760979891309,0,600.9640564235699,0,632.8778251726118,0,660.0857159631713,0,683.734955548065,0,722.9243886111191,0,754.0896474153948,0,779.466638823205,0,800.5304248581056,0,818.2942647461053,0,833.4771664185191,0,846.6034371089283
0.01,313.8158570439894,0.01,399.801472988969,0.01,504.9904661024201,0.01,561.3475363262547,0.01,600.7159422003657,0.01,632.6131764174194,0.01,659.8064949615288,0.01,683.4427117958865,0.01,722.6098192679592,0.01,753.7566421509846,0.01,779.118164690694,0.01,800.1687947568894,0.01,817.9213149982402,0.01,833.0943782656283,0.01,846.2120220261995
0.02,313.6924734828707,0.02,399.6415559469188,0.02,504.7833095889594,0.02,561.1129947028014,0.02,600.4609969489418,0.02,632.3409148081654,0.02,659.5189299590309,0.02,683.1414397989382,0.02,722.2849855291839,0.02,753.4122956370541,0.02,778.7574093739804,0.02,799.7940595474316,0.02,817.5345341664441,0.02,832.697115875818,0.02,845.8055598597443
0.03,313.5661755792322,0.03,399.4775893870801,0.03,504.5704099045033,0.03,560.8715497961443,0.03,600.1981733185385,0.03,632.0598787685512,0.03,659.221752231284,0.03,682.8297702964301,0.03,721.948335963895,0.03,753.0548972830426,0.03,778.3825230777044,0.03,799.4042472364117,0.03,817.1318424771591,0.03,832.2832039225634,0.03,845.3817901320414
0.04,313.4364926766598,0.04,399.3089272941374,0.04,504.3508655745988,0.04,560.6221286137196,0.04,599.926254598401,0.04,631.7687191919439,0.04,658.9134884508342,0.04,682.5061133889907,0.04,721.5980694313805,0.04,752.6824613980735,0.04,777.991358722826,0.04,798.9970691021052,0.04,816.7108263060481,0.04,831.8501180745768,0.04,844.938089879761
0.05,313.3028762859502,0.05,399.1348171958114,0.05,504.123627365776,0.05,560.3634829118008,0.05,599.6438258189494,0.05,631.4658674994016,0.05,658.5924259023385,0.05,682.1686210996148,0.05,721.2320928722385,0.05,752.2926808649919,0.05,777.5814220646,0.05,798.5698667285513,0.05,816.2686825239464,0.05,831.3949269848014,0.05,844.4714135638387
0.06,313.1646867744689,0.06,398.9543819308443,0.06,503.8874729828586,0.06,560.0941592353072,0.06,599.3492399335765,0.06,631.1494982951162,0.06,658.2565718549388,0.06,681.8151436901799,0.06,720.8479721589174,0.06,751.8828733008672,0.06,777.1498138239712,0.06,798.1195506609203,0.06,815.8021541362378,0.06,830.9142252970412,0.06,843.9782237640222
0.07000000000000001,313.0211778019299,0.07000000000000001,398.7665983181603,0.07000000000000001,503.6409774669745,0.07000000000000001,559.8124638949794,0.07000000000000001,599.0405783293082,0.07000000000000001,630.817485813854,0.07000000000000001,657.9036062425857,0.07000000000000001,681.4431788500438,0.07000000000000001,720.4428750749802,0.07000000000000001,751.4499187487412,0.07000000000000001,776.6931628697181,0.07000000000000001,797.6425297234285,0.07000000000000001,815.3074562695496,0.07000000000000001,830.4040567419196,0.07000000000000001,843.4544117497646
0.08,312.8714781540306,0.08,398.5702722463218,0.08,503.3824786361901,0.08,559.5164221257384,0.08,598.7156048448147,0.08,630.4673532900385,0.08,657.5308267468359,0.08,681.0498128267717,0.08,720.0135054717847,0.08,750.9901879553147,0.08,776.2075495304807,0.08,797.1346301154151,0.08,814.7801916648521,0.08,829.8598265297711,0.08,842.8952071866923
0.09,312.7145705872549,0.09,398.3640096511321,0.09,503.1100368460105,0.09,559.2037306068563,0.09,598.3717124185979,0.09,630.0962143360214,0.09,657.1350853505443,0.09,680.6316525622983,0.09,719.5560276886164,0.09,750.4994603745754,0.09,775.6884182508121,0.09,796.5910035859049,0.09,814.2152550706254,0.09,829.2762025289484,0.09,842.2950765619759
0.09999999999999999,312.54926726282,0.09999999999999999,398.1461828016415,0.09999999999999999,502.8213882927298,0.09999999999999999,558.8717024791076,0.09999999999999999,598.0058614630607,0.09999999999999999,629.7007054133617,0.09999999999999999,656.7127154556561,0.09999999999999999,680.1847479547137,0.09999999999999999,719.0659804490308,0.09999999999999999,749.9728312396227,0.09999999999999999,775.1304790837535,0.09999999999999999,796.0060243404371,0.09999999999999999,813.606726354212,0.09999999999999999,828.6470052129937,0.09999999999999999,841.6476104738171
0.11,312.3741813196205,0.11,397.9148912784964,0.11,502.5138910491565,0.11,558.5172039822424,0.11,597.6145090803865,0.11,629.2769085408787,0.11,656.2594487637884,0.11,679.7045035200475,0.11,718.5381797087315,0.11,749.404607419164,0.11,774.5275979994611,0.11,795.3731749305866,0.11,812.9477528530739,0.11,827.9650871628073,0.11,840.945400825893
0.12,312.1876941207144,0.12,397.6679170119331,0.12,502.1844630243594,0.12,558.1365818782385,0.12,597.1935283310937,0.12,628.8202635410104,0.12,655.7703213455162,0.12,679.1855790321438,0.12,717.9666103923971,0.12,748.7881924020747,0.12,773.8726767789374,0.12,794.6849223235483,0.12,812.2304225834407,0.12,827.2222041470014,0.12,840.1799103406343
0.13,311.9879177148221,0.13,397.402672762523,0.13,501.8295110981275,0.13,557.7255809513573,0.13,596.738116974725,0.13,628.3254694291774,0.13,655.2395687318766,0.13,678.6217792353968,0.13,717.344307706169,0.13,748.1159617375764,0.13,773.1575244758445,0.13,793.9325867845399,0.13,811.4456315691037,0.13,826.4088816487324,0.13,839.3413388316224
0.14,311.7726520952374,0.14,397.1161434948079,0.14,501.4448508267326,0.14,557.2792511269701,0.14,596.2426954768491,0.14,627.7863750652236,0.14,654.6605105261895,0.14,678.0059335489287,0.14,716.6632298634639,0.14,747.3791317388893,0.14,772.3727242313955,0.14,793.1062083118336,0.14,810.582950950212,0.14,825.5142833719859,0.14,838.4184935965319
0.15,311.5393369311424,0.15,396.8048202367509,0.15,501.0256163900719,0.15,556.791844182796,0.15,595.700794689962,0.15,627.1958599993133,0.15,654.0254260621221,0.15,677.3297679309876,0.15,715.9141257694318,0.15,746.5676264200073,0.15,771.5075018258154,0.15,792.194418379872,0.15,809.6305029351361,0.15,824.5260920290403,0.15,837.3986753954905
0.16,311.2849976138154,0.16,396.4646262715515,0.16,500.5661609070781,0.16,556.2567007145725,0.16,595.1049345623924,0.16,626.5457076727025,0.16,653.3254241587621,0.16,676.583772905059,0.16,715.0864036660431,0.16,745.6699507057868,0.16,770.5496060086605,0.16,791.1843289548258,0.16,808.5748593846632,0.16,823.4304179143534,0.16,836.2675971277364
0.17,311.0061857341789,0.17,396.0908359183571,0.17,500.0599479599259,0.17,555.6661290617666,0.17,594.4464966335853,0.17,625.8264749254986,0.17,652.5503122216259,0.17,675.7570743622337,0.17,714.1680101881782,0.17,744.6730822152665,0.17,769.4852156781052,0.17,790.06145649533,0.17,807.4009832299099,0.17,822.2117577958307,0.17,835.009359908933
0.18,310.6989145297895,0.18,395.6779867850861,0.18,499.499436232656,0.18,555.0112794237159,0.18,593.7155950916577,0.18,625.027364303042,0.18,651.6884730191515,0.18,674.8373173858993,0.18,713.1453340047711,0.18,743.562399689665,0.18,768.2988957323352,0.18,788.8097063084246,0.18,806.092241415329,0.18,820.8530359050991,0.18,833.6065211978201
0.19,310.3585904616506,0.19,395.2197872968329,0.19,498.8759607071605,0.19,554.2820185594676,0.19,592.9009539895188,0.19,624.1361091617747,0.19,650.7267616789934,0.19,673.8105782676605,0.19,712.003154529785,0.19,742.3216737551953,0.19,766.9736322407934,0.19,787.4114525574748,0.19,804.6305289817983,0.19,819.3357706344924,0.19,832.0403022619911
0.2,309.9799429701567,0.2,394.7090226119483,0.2,498.1796160128137,0.2,553.4668134492881,0.2,591.9898020573434,0.2,623.1388862986101,0.2,649.6504410624791,0.2,672.6613263815689,0.2,710.7246643842748,0.2,740.9331554719574,0.2,765.4909887568418,0.2,785.847761651895,0.2,802.9965574590026,0.2,817.6404250982151,0.2,830.2909977091277
0.21,309.5569556936256,0.21,394.1374638472765,0.21,497.3991504624352,0.21,552.5526363059432,0.21,590.9678016393243,0.21,622.0202770084443,0.21,648.4431809381703,0.21,671.3724658987992,0.21,709.2916045766327,0.21,739.3778101570027,0.21,763.8314391558995,0.21,784.0988216294969,0.21,801.170376750641,0.21,815.747016702693,0.21,828.3386676334489
0.2200000000000001,309.0828041013162,0.2200000000000001,393.4957879679469,0.2200000000000001,496.5218831996605,0.2200000000000001,551.5249085554476,0.2200000000000001,589.8190348216463,0.2200000000000001,620.7633052972902,0.2200000000000001,647.0871554355573,0.2200000000000001,669.9254975575018,0.2200000000000001,707.6845636988082,0.2200000000000001,737.6357580534519,0.2200000000000001,761.9749478940236,0.2200000000000001,782.1446567956007,0.2200000000000001,799.1322172525346,0.2200000000000001,813.636079136487,0.2200000000000001,826.1642117428877
0.2300000000000001,308.5498066856749,0.2300000000000001,392.7735188773137,0.2300000000000001,495.5336618823036,0.2300000000000001,550.3675079999052,0.2300000000000001,588.5260778999821,0.2300000000000001,619.3495914587594,0.2300000000000001,645.5632840296397,0.2300000000000001,668.3008526307862,0.2300000000000001,705.8835062660768,0.2300000000000001,735.68699861354,0.2300000000000001,759.901884683301,0.2300000000000001,779.9662235170219,0.2300000000000001,796.8637558193127,0.2300000000000001,811.2900870826641,0.2300000000000001,823.7509415745342
0.2400000000000001,307.949399651035,0.2400000000000001,391.9590042594155,0.2400000000000001,494.4188845035844,0.2400000000000001,549.0628713185604,0.2400000000000001,587.070204812807,0.2400000000000001,617.7596700301077,0.2400000000000001,643.851673223729,0.2400000000000001,666.4784640287795,0.2400000000000001,703.8686091947873,0.2400000000000001,733.5125093089862,0.2400000000000001,757.5943743746219,0.2400000000000001,777.546996039974,0.2400000000000001,794.3499210071831,0.2400000000000001,808.695464381193,0.2400000000000001,821.0867757946145
0.2500000000000001,307.2721484550472,0.2500000000000001,391.0394475869569,0.2500000000000001,493.1606161992177,0.2500000000000001,547.5922330415402,0.2500000000000001,585.431770436559,0.2500000000000001,615.9735323074497,0.2500000000000001,641.9323277569219,0.2500000000000001,664.4386512362321,0.2500000000000001,701.6214963373968,0.2500000000000001,731.0958188209801,0.2500000000000001,755.0381889671972,0.2500000000000001,774.875153973521,0.2500000000000001,791.5813521011813,0.2500000000000001,805.8452915807287,0.2500000000000001,818.1671748575466
0.2600000000000001,306.5078135297695,0.2600000000000001,390.0010202491962,0.2600000000000001,491.7408397517783,0.2600000000000001,545.9360512766606,0.2600000000000001,583.5908342952686,0.2600000000000001,613.9714630689409,0.2600000000000001,639.7862087778989,0.2600000000000001,662.1634029331273,0.2600000000000001,699.1269636421907,0.2600000000000001,728.4251510552247,0.2600000000000001,752.2252782062953,0.2600000000000001,771.9464650129968,0.2600000000000001,788.557600523641,0.2600000000000001,802.7427950458658,0.2600000000000001,814.9988897932203
0.2700000000000001,305.6454917675378,0.2700000000000001,388.829084505753,0.2700000000000001,490.140885943859,0.2700000000000001,544.074678002716,0.2700000000000001,581.5280915980136,0.2700000000000001,611.7352451996314,0.2700000000000001,637.396717111919,0.2700000000000001,659.6381375543934,0.2700000000000001,696.3752731950015,0.2700000000000001,725.4962094348671,0.2700000000000001,749.1569945098471,0.2700000000000001,768.7679016456099,0.2700000000000001,785.2910933342222,0.2700000000000001,799.4056171882473,0.2700000000000001,811.604504094563
0.2800000000000001,304.6738593207054,0.2800000000000001,387.5085629574224,0.2800000000000001,488.3420949531804,0.2800000000000001,541.9893344820778,0.2800000000000001,579.226176998852,0.2800000000000001,609.2497983859794,0.2800000000000001,634.7516646868263,0.2800000000000001,656.8539981799001,0.2800000000000001,693.3650501687353,0.2800000000000001,722.3156041735625,0.2800000000000001,745.8479779262952,0.2800000000000001,765.3619174029975,0.2800000000000001,781.8117429287724,0.2800000000000001,795.870710388215,0.2800000000000001,808.0275704577542
0.2900000000000001,303.5815438593954,0.2900000000000001,386.0244926933835,0.2900000000000001,486.3267592781901,0.2900000000000001,539.6634451377631,0.2900000000000001,576.6713899249639,0.2900000000000001,606.5052896750731,0.2900000000000001,631.8457549341257,0.2900000000000001,653.8106804323758,0.2900000000000001,690.1067250434764,0.2900000000000001,718.90479790184,0.2900000000000001,742.3305040381488,0.2900000000000001,761.7711113241871,0.2900000000000001,778.1718579683392,0.2900000000000001,792.1994381181306,0.2900000000000001,804.3378573393463
0.3000000000000001,302.357653876268,0.3000000000000001,384.3627993921652,0.3000000000000001,484.0793870544767,0.3000000000000001,537.0843584449528,0.3000000000000001,573.8558485570644,0.3000000000000001,603.4996917734959,0.3000000000000001,628.6835084688994,0.3000000000000001,650.5196832977239,0.3000000000000001,686.6263038601975,0.3000000000000001,715.3042346683832,0.3000000000000001,738.6588390732039,0.3000000000000001,758.062705932649,0.3000000000000001,774.4506665025226,0.3000000000000001,788.4820859869106,0.3000000000000001,800.6358065344698
0.3100000000000001,300.9924862273812,0.3100000000000001,382.5113142292177,0.3100000000000001,481.5882947787601,0.3100000000000001,534.2454307788265,0.3100000000000001,570.7799996593083,0.3100000000000001,600.2416542925585,0.3100000000000001,625.2824266434621,0.3100000000000001,647.007694946431,0.3100000000000001,682.9690035558086,0.3100000000000001,711.5770081199886,0.3100000000000001,734.9127804390226,0.3100000000000001,754.3318484527526,0.3100000000000001,770.7573041665268,0.3100000000000001,784.8404912050634,0.3100000000000001,797.0547782049164
0.3200000000000001,299.478417151063,0.3200000000000001,380.461028876786,0.3200000000000001,478.847481281304,0.3200000000000001,531.1483569166808,0.3200000000000001,567.455279862159,0.3200000000000001,596.7533795298276,0.3200000000000001,621.6759691106134,0.3200000000000001,643.3195671123544,0.3200000000000001,679.2019534293133,0.3200000000000001,707.8110236539612,0.3200000000000001,731.19910835964,0.3200000000000001,750.7022534244968,0.3200000000000001,767.2306004949087,0.3200000000000001,781.42695973919,0.3200000000000001,793.7591083088715
0.3300000000000001,297.8109520315517,0.3300000000000001,378.207534690901,0.3300000000000001,475.8586409080463,0.3300000000000001,527.8054887642087,0.3300000000000001,563.9065317670236,0.3300000000000001,593.0729525272989,0.3300000000000001,617.9156330115526,0.3300000000000001,639.5200011700704,0.3300000000000001,675.414767660334,0.3300000000000001,704.1181726792818,0.3300000000000001,727.6492196583337,0.3300000000000001,747.3222505242894,0.3300000000000001,764.0335562426494,0.3300000000000001,778.4172246356608,0.3300000000000001,790.9356190961007
0.3400000000000001,295.9898608122433,0.3400000000000001,375.752515672054,0.3400000000000001,472.6330375266054,0.3400000000000001,524.2416899563668,0.3400000000000001,560.1735313295601,0.3400000000000001,589.2552827955423,0.3400000000000001,614.0710937799231,0.3400000000000001,635.6927177372235,0.3400000000000001,671.7164301956914,0.3400000000000001,700.6287024064832,0.3400000000000001,724.4109401886969,0.3400000000000001,744.3541085747876,0.3400000000000001,761.3403070604301,0.3400000000000001,775.9952042872009,0.3400000000000001,788.7763347353994
0.3500000000000001,294.020257014348,0.3500000000000001,373.105059569505,0.3500000000000001,469.1927872393029,0.3500000000000001,520.4950462096617,0.3500000000000001,556.3107182010815,0.3500000000000001,585.3705331089139,0.3500000000000001,610.2270896369026,0.3500000000000001,631.9356286322198,0.3500000000000001,668.2267845906299,0.3500000000000001,697.4789743460111,0.3500000000000001,721.6327136484392,0.3500000000000001,741.9549157664537,0.3500000000000001,759.3139904472039,0.3500000000000001,774.3281507705914,0.3500000000000001,787.4511879872395
0.3600000000000002,291.9133923361275,0.3600000000000002,370.2824263937662,0.3600000000000002,465.5709134520126,0.3600000000000002,516.6155430352983,0.3600000000000002,552.3840247839238,0.3600000000000002,581.4987638545102,0.3600000000000002,606.4756683001233,0.3600000000000002,628.3505795362277,0.3600000000000002,665.0612627106489,0.3600000000000002,694.7914882819218,0.3600000000000002,719.4394064845351,0.3600000000000002,740.2486906506148,0.3600000000000002,758.0756618634416,0.3600000000000002,773.532817690093,0.3600000000000002,787.0718273764039
0.3700000000000002,289.6868502194556,0.3700000000000002,367.3097955452723,0.3700000000000002,461.8094044764657,0.3700000000000002,512.6607369104835,0.3700000000000002,548.4637218024127,0.3700000000000002,577.719704094781,0.3700000000000002,602.9028006947977,0.3700000000000002,625.0268526840374,0.3700000000000002,662.3086256223672,0.3700000000000002,692.647715548309,0.3700000000000002,717.901131059651,0.3700000000000002,739.2920051267301,0.3700000000000002,757.6674001536968,0.3700000000000002,773.6366039784534,0.3700000000000002,787.6512442268249
0.3800000000000002,287.3637611811029,0.3800000000000002,364.2184540748377,0.3800000000000002,457.9545240943615,0.3800000000000002,508.6876368527751,0.3800000000000002,544.6126357375848,0.3800000000000002,574.0973014887053,0.3800000000000002,599.569445547441,0.3800000000000002,622.0190501529653,0.3800000000000002,660.0036056407527,0.3800000000000002,691.0569984425803,0.3800000000000002,716.9996845731608,0.3800000000000002,739.0389644685679,0.3800000000000002,758.016574689977,0.3800000000000002,774.5416480063494,0.3800000000000002,789.0680762726822
0.3900000000000002,284.9706788576335,0.3900000000000002,361.0419671993766,0.3900000000000002,454.0489326619038,0.3900000000000002,504.7406499586804,0.3900000000000002,540.8701248946904,0.3900000000000002,570.6601579617208,0.3900000000000002,596.489021067301,0.3900000000000002,619.3222365495226,0.3900000000000002,658.0992164885173,0.3900000000000002,689.928041702876,0.3900000000000002,716.6006544375315,0.3900000000000002,739.3148633530917,0.3900000000000002,758.9116219136994,0.3900000000000002,776.0030404859439,0.3900000000000002,791.047403463932
0.4000000000000002,282.5339078877466,0.4000000000000002,357.81017476127,0.4000000000000002,450.1208860811743,0.4000000000000002,500.8366219438188,0.4000000000000002,537.2338475008872,0.4000000000000002,567.3810251073193,0.4000000000000002,593.605642517632,0.4000000000000002,616.8498547177406,0.4000000000000002,656.446284463791,0.4000000000000002,689.0521080525024,0.4000000000000002,716.4413846954292,0.4000000000000002,739.8093932828849,0.4000000000000002,760.0005742746226,0.4000000000000002,777.6325332544588,0.4000000000000002,793.1693780913357
0.4100000000000002,280.0744088113367,0.4100000000000002,354.5414355739454,0.4100000000000002,446.1718975601881,0.4100000000000002,496.9496008286428,0.4100000000000002,533.6433030911326,0.4100000000000002,564.1606624177784,0.4100000000000002,590.7796126701888,0.4100000000000002,614.4218849735639,0.4100000000000002,654.7889661109557,0.4100000000000002,688.1071649901749,0.4100000000000002,716.1439194675387,0.4100000000000002,740.0979740574056,0.4100000000000002,760.8201167008365,0.4100000000000002,778.9345796665272,0.4100000000000002,794.9115192391386
0.4200000000000002,277.6019118961897,0.4200000000000002,351.2343440842414,0.4200000000000002,442.1655519600502,0.4200000000000002,492.9994990078266,0.4200000000000002,529.9706226959562,0.4200000000000002,560.8225204144744,0.4200000000000002,587.7872393168041,0.4200000000000002,611.7705600556376,0.4200000000000002,652.7830919942721,0.4200000000000002,686.6884709598154,0.4200000000000002,715.2565902652941,0.4200000000000002,739.6928678433572,0.4200000000000002,760.8548050398397,0.4200000000000002,779.3723951814736,0.4200000000000002,795.7205386962752
0.4300000000000002,275.1094414985512,0.4300000000000002,347.8609520925215,0.4300000000000002,438.0211467735373,0.4300000000000002,488.8495179503635,0.4300000000000002,526.0240748861287,0.4300000000000002,557.1237145532973,0.4300000000000002,584.3399032705673,0.4300000000000002,608.5675853299617,0.4300000000000002,650.0385183322452,0.4300000000000002,684.36355606666,0.4300000000000002,713.3189965661463,0.4300000000000002,738.1158708780944,0.4300000000000002,759.61562223565,0.4300000000000002,778.4509384725042,0.4300000000000002,795.0986420772545
0.4400000000000002,272.5698603839961,0.4400000000000002,344.3639585914929,0.4400000000000002,433.6158087277997,0.4400000000000002,484.3161758674239,0.4400000000000002,521.5674145558651,0.4400000000000002,552.7839943553556,0.4400000000000002,580.1221796569426,0.4400000000000002,604.4705021099828,0.4400000000000002,646.1786447829652,0.4400000000000002,680.7406835407639,0.4400000000000002,709.9360822615336,0.4400000000000002,734.9756027014517,0.4400000000000002,756.7188208680466,0.4400000000000002,775.7961890638736,0.4400000000000002,792.6825020539872
0.4500000000000002,269.9360086245657,0.4500000000000002,340.6599642925573,0.4500000000000002,428.7971718159972,0.4500000000000002,479.1927038310698,0.4500000000000002,516.3536443124505,0.4500000000000002,547.5286257844595,0.4500000000000002,574.8421639570455,0.4500000000000002,599.1787009752775,0.4500000000000002,640.9031571378766,0.4500000000000002,675.5337143903956,0.4500000000000002,704.8422464165852,0.4500000000000002,730.0292195162351,0.4500000000000002,751.9443825063142,0.4500000000000002,771.2099734648305,0.4500000000000002,788.294352309697
0.4600000000000002,267.145343500012,0.4600000000000002,336.6495265567032,0.4600000000000002,423.4056945051539,0.4600000000000002,473.2821618064505,0.4600000000000002,510.1664641690719,0.4600000000000002,541.135526836383,0.4600000000000002,568.2818333138027,0.4600000000000002,592.4849505132115,0.4600000000000002,634.0375295867534,0.4600000000000002,668.6062569410858,0.4600000000000002,697.9387880483977,0.4600000000000002,723.2128750886037,0.4600000000000002,745.2597430991241,0.4600000000000002,764.6874332594303,0.4600000000000002,781.9537525937749
0.4700000000000003,264.1287564544868,0.4700000000000003,332.2326700835891,0.4700000000000003,417.3022115486449,0.4700000000000003,466.4326353298283,0.4700000000000003,502.8590562663226,0.4700000000000003,533.4743920575671,0.4700000000000003,560.3341106232535,0.4700000000000003,584.3087829007666,0.4700000000000003,625.5565773894041,0.4700000000000003,659.9845385248964,0.4700000000000003,689.2967028667767,0.4700000000000003,714.6355548960372,0.4700000000000003,736.8058566918014,0.4700000000000003,756.3964215750391,0.4700000000000003,773.8512793666144
0.4800000000000003,260.8218526518805,0.4800000000000003,327.3264823342514,0.4800000000000003,410.393911842371,0.4800000000000003,458.5653124465304,0.4800000000000003,494.3798996921731,0.4800000000000003,524.5275322493626,0.4800000000000003,551.0172479179394,0.4800000000000003,574.7038108096552,0.4800000000000003,615.5778361216702,0.4800000000000003,649.8385953402249,0.4800000000000003,679.1278561617301,0.4800000000000003,704.5422082661893,0.4800000000000003,726.853913693102,0.4800000000000003,746.6290958869223,0.4800000000000003,764.2959993057357
0.4900000000000003,257.1760203042862,0.4900000000000003,321.880393281449,0.4900000000000003,402.6519068655032,0.4900000000000003,449.6881252982639,0.4900000000000003,484.7793031996041,0.4900000000000003,514.3880337183158,0.4900000000000003,540.4644973309856,0.4900000000000003,563.8394259830045,0.4900000000000003,604.329818723328,0.4900000000000003,638.4405125716492,0.4900000000000003,667.7360077955856,0.4900000000000003,693.2596347136537,0.4900000000000003,715.7475755238065,0.4900000000000003,735.7415558334797,0.4900000000000003,753.6532595965793
0.5000000000000002,253.1665599047554,0.5000000000000002,315.8852767550372,0.5000000000000002,394.1160955501979,0.5000000000000002,439.8922427294531,0.5000000000000002,474.1964987279962,0.5000000000000002,503.2379043539941,0.5000000000000002,528.8944209314146,0.5000000000000002,551.964578750034,0.5000000000000002,592.1063605987803,0.5000000000000002,626.113063171635,0.5000000000000002,655.4622080290678,0.5000000000000002,681.1401896855123,0.5000000000000002,703.8459516192905,0.5000000000000002,724.096680759425,0.5000000000000002,742.2877430344361
0.5100000000000002,248.7960470372724,0.5100000000000002,309.3744320683755,0.5100000000000002,384.8870263905966,0.5100000000000002,429.3339281076605,0.5100000000000002,462.8326949264808,0.5100000000000002,491.3140772974906,0.5100000000000002,516.5716119884719,0.5100000000000002,539.3647555460899,0.5100000000000002,579.2195369150762,0.5100000000000002,613.1814549702657,0.5100000000000002,642.6369049911937,0.5100000000000002,668.5150080999434,0.5100000000000002,691.4782736405198,0.5100000000000002,712.0203654038304,0.5100000000000002,730.5212597215216
0.5200000000000002,244.0925695527569,0.5200000000000002,302.4169594476833,0.5200000000000002,375.1081440397156,0.5200000000000002,418.2079377474728,0.5200000000000002,450.9183326129311,0.5200000000000002,478.8717980998654,0.5200000000000002,503.7679762464441,0.5200000000000002,526.3224334005945,0.5200000000000002,565.960805558178,0.5200000000000002,599.9366864922912,0.5200000000000002,629.5460012596646,0.5200000000000002,655.6627842469085,0.5200000000000002,678.9152301783396,0.5200000000000002,699.7751758709194,0.5200000000000002,718.608481731933
0.5300000000000002,239.1038900664598,0.5300000000000002,295.1060128868095,0.5300000000000002,364.943794476676,0.5300000000000002,406.7196176788688,0.5300000000000002,438.6824312676084,0.5300000000000002,466.1532717147822,0.5300000000000002,490.7319704189716,0.5300000000000002,513.0876729652496,0.5300000000000002,552.5753098276562,0.5300000000000002,586.613789151149,0.5300000000000002,616.412720961507,0.5300000000000002,642.7948069467875,0.5300000000000002,666.3567186899946,0.5300000000000002,687.5504194470697,0.5300000000000002,706.7289929800313
0.5400000000000003,233.8894329148546,0.5400000000000003,287.5452560338177,0.5400000000000003,354.5582747386359,0.5400000000000003,395.0614529139692,0.5400000000000003,426.3293489255385,0.5400000000000003,453.3660183949169,0.5400000000000003,477.669207777302,0.5400000000000003,499.8612094541086,0.5400000000000003,539.2498312616364,0.5400000000000003,573.383992988367,0.5400000000000003,603.3932420327294,0.5400000000000003,630.0534054523081,0.5400000000000003,653.9325776331472,0.5400000000000003,675.4647476746525,0.5400000000000003,694.9914378553281
0.5500000000000003,228.5121084224213,0.5500000000000003,279.8365244378673,0.5500000000000003,344.0996235217333,0.5500000000000003,383.3972024518196,0.5500000000000003,414.0250405340207,0.5500000000000003,440.6718805907008,0.5500000000000003,464.7343073437242,0.5500000000000003,486.7889936470661,0.5500000000000003,526.1119414579997,0.5500000000000003,560.3574443496293,0.5500000000000003,590.5821310492174,0.5500000000000003,617.5194663517368,0.5500000000000003,641.7117194376564,0.5500000000000003,663.5765626679303,0.5500000000000003,683.444946096031
0.5600000000000003,223.031520391984,0.5600000000000003,272.0706370058722,0.5600000000000003,333.6897347075331,0.5600000000000003,371.8541514329768,0.5600000000000003,401.8922300112777,0.5600000000000003,428.1851247397865,0.5600000000000003,452.0316542553306,0.5600000000000003,473.9652584379396,0.5600000000000003,513.2366726368347,0.5600000000000003,547.5924145874098,0.5600000000000003,578.023350038838,0.5600000000000003,605.2247367966471,0.5600000000000003,629.7153879586698,0.5600000000000003,651.8979915331687,0.5600000000000003,672.0936564120284
0.5700000000000003,217.499372354669,0.5700000000000003,264.3220608828154,0.5700000000000003,323.420562221325,0.5700000000000003,360.5221954463447,0.5700000000000003,390.0123635101962,0.5700000000000003,415.9768962255823,0.5700000000000003,439.6219226488419,0.5700000000000003,461.4407089148533,0.5700000000000003,500.6570941282869,0.5700000000000003,535.107388742304,0.5700000000000003,565.7233172287494,0.5700000000000003,593.1655227462664,0.5700000000000003,617.9312831817791,0.5700000000000003,640.4093014058748,0.5700000000000003,660.9113320460892
0.5800000000000003,211.9571931395333,0.5800000000000003,256.6471386184304,0.5800000000000003,313.3550766439821,0.5800000000000003,349.4576356442206,0.5800000000000003,378.431744457421,0.5800000000000003,404.0831724732203,0.5800000000000003,427.531400210325,0.5800000000000003,449.2328644922399,0.5800000000000003,488.3759493984285,0.5800000000000003,522.89338801591,0.5800000000000003,553.6635815995171,0.5800000000000003,581.3155319821833,0.5800000000000003,606.3264705413997,0.5800000000000003,629.0718180149937,0.5800000000000003,649.8542569855897
0.5900000000000003,206.4360190360689,0.5900000000000003,249.0850139479126,0.5900000000000003,303.5312450144089,0.5900000000000003,338.6895149856049,0.5900000000000003,367.1695179809677,0.5900000000000003,392.5138749553208,0.5900000000000003,415.7618519605742,0.5900000000000003,437.3364084057876,0.5900000000000003,476.3764794597318,0.5900000000000003,510.9249074483168,0.5900000000000003,541.8117112397389,0.5900000000000003,569.6366431430508,0.5900000000000003,594.8580053882562,0.5900000000000003,617.8384016255777,0.5900000000000003,638.8715692488745
0.6000000000000003,200.9574406874674,0.6000000000000003,241.6602205599402,0.6000000000000003,293.9674300173367,0.6000000000000003,328.2267344258029,0.6000000000000003,356.2257835771353,0.6000000000000003,381.2615426035905,0.6000000000000003,404.2994794109349,0.6000000000000003,425.7322583827839,0.6000000000000003,464.6314329102446,0.6000000000000003,499.1687003422203,0.6000000000000003,530.1298079055047,0.6000000000000003,558.0871543334413,0.6000000000000003,583.4809372880893,0.6000000000000003,606.6612336211907,0.6000000000000003,627.9128560536935
0.6100000000000003,195.5354008864806,0.6100000000000003,234.3860013866749,0.6100000000000003,284.6679901561322,0.6100000000000003,318.0647559831145,0.6100000000000003,345.5887789223978,0.6100000000000003,370.3086737953602,0.6100000000000003,393.1222431972482,0.6100000000000003,414.3947725479046,0.6100000000000003,453.1099146445348,0.6100000000000003,487.5902364092036,0.6100000000000003,518.5806030681795,0.6100000000000003,546.6275619729208,0.6100000000000003,572.1538169921432,0.6100000000000003,595.4970921852454,0.6100000000000003,616.9332329257521
0.6200000000000003,190.1782334802296,0.6200000000000003,227.2676629868719,0.6200000000000003,275.6283079892318,0.6200000000000003,308.1912344237011,0.6200000000000003,335.2406342108199,0.6200000000000003,359.6333888713748,0.6200000000000003,382.205334856606,0.6200000000000003,403.2969888467794,0.6200000000000003,441.7821417193438,0.6200000000000003,476.1580179395817,0.6200000000000003,507.1313997544779,0.6200000000000003,535.2241907089722,0.6200000000000003,560.8420677634724,0.6200000000000003,584.3105089347846,0.6200000000000003,605.8963213040693
0.6300000000000003,184.8905878503836,0.6300000000000003,220.3055319789594,0.6300000000000003,266.8388611044567,0.6300000000000003,298.5903310508021,0.6300000000000003,325.1615896666424,0.6300000000000003,349.2134246334164,0.6300000000000003,371.5249053554535,0.6300000000000003,392.4140818462373,0.6300000000000003,430.6223976787552,0.6300000000000003,464.846112651367,0.6300000000000003,495.7562620394056,0.6300000000000003,523.8511046633209,0.6300000000000003,549.5196704117931,0.6300000000000003,573.0752688944779,0.6300000000000003,594.7755960331922
0.6400000000000003,179.6750354314563,0.6400000000000003,213.497305384575,0.6400000000000003,258.28823325361,0.6400000000000003,289.2457337263191,0.6400000000000003,315.3328059728739,0.6400000000000003,339.0286721650077,0.6400000000000003,361.0603230679158,0.6400000000000003,381.7253552745463,0.6400000000000003,419.6105628586365,0.6400000000000003,453.6353136902831,0.6400000000000003,484.4368812023433,0.6400000000000003,512.4907394116234,0.6400000000000003,538.169607077975,0.6400000000000003,561.7747016506644,0.6400000000000003,583.5545516432758
0.6500000000000004,174.5332770563147,0.6500000000000004,206.8397496761071,0.6500000000000004,249.9651393270233,0.6500000000000004,280.1425565450175,0.6500000000000004,305.7380125786842,0.6500000000000004,329.062552891088,0.6500000000000004,350.7952905119654,0.6500000000000004,371.2151230433064,0.6500000000000004,408.732599749495,0.6500000000000004,442.5133170228614,0.6500000000000004,473.1625125660494,0.6500000000000004,501.1336488509101,0.6500000000000004,526.783456263291,0.6500000000000004,550.4011536658545,0.6500000000000004,572.2260745191719
0.6600000000000004,169.4669541951686,0.6600000000000004,200.3298042132691,0.6600000000000004,241.859627695785,0.6600000000000004,271.2683533914841,0.6600000000000004,296.3642715978085,0.6600000000000004,319.3025371965168,0.6600000000000004,340.718140024849,0.6600000000000004,360.8728079000396,0.6600000000000004,397.980328879982,0.6600000000000004,431.4742505537649,0.6600000000000004,461.9293133875618,0.6600000000000004,489.7776924692241,0.6600000000000004,515.3604596818193,0.6600000000000004,538.9549576421224,0.6600000000000004,560.7913325152842
0.6700000000000004,164.4781162838752,0.6700000000000004,193.9651953309578,0.6700000000000004,233.9636528441765,0.6700000000000004,262.6134840187445,0.6700000000000004,287.2021190313124,0.6700000000000004,309.7400784583915,0.6700000000000004,330.8215856052332,0.6700000000000004,350.692535448067,0.6700000000000004,387.350768453236,0.6700000000000004,420.5178211443877,0.6700000000000004,450.7393407553319,0.6700000000000004,478.4269153500804,0.6700000000000004,503.9063074307506,0.6700000000000004,527.4431403500732,0.6700000000000004,549.2584190262495
0.6800000000000004,159.5694181778843,0.6800000000000004,187.7446825869721,0.6800000000000004,226.2712036486631,0.6800000000000004,254.1710447491505,0.6800000000000004,278.2453050689392,0.6800000000000004,300.3701860717691,0.6800000000000004,321.1021525149039,0.6800000000000004,340.6724413189917,0.6800000000000004,376.8452461781193,0.6800000000000004,409.6482788740371,0.6800000000000004,439.5994009272644,0.6800000000000004,467.0903057204729,0.6800000000000004,492.4318207877583,0.6800000000000004,515.878043659604,0.6800000000000004,537.6409224232196
0.6900000000000004,154.7441250866407,0.6900000000000004,181.6680522441939,0.6900000000000004,218.7781460380571,0.6900000000000004,245.936536113681,0.6900000000000004,269.490307373099,0.6900000000000004,291.1908082534339,0.6900000000000004,311.5594504633513,0.6900000000000004,330.8138517986037,0.6900000000000004,366.4684329488815,0.6900000000000004,398.873339174312,0.6900000000000004,428.5198834604633,0.6900000000000004,455.7805575901213,0.6900000000000004,480.9516555479287,0.6900000000000004,504.2759779560253,0.6900000000000004,525.956537009645
0.7000000000000004,150.0059947469466,0.7000000000000004,175.7359554698368,0.7000000000000004,211.4819051766387,0.7000000000000004,237.9073977174934,0.7000000000000004,260.9357449098745,0.7000000000000004,282.202146921255,0.7000000000000004,302.195406781309,0.7000000000000004,321.1204485599113,0.7000000000000004,356.2273989451954,0.7000000000000004,388.2031554605223,0.7000000000000004,417.513666633627,0.7000000000000004,444.5129202738794,0.7000000000000004,469.483104047853,0.7000000000000004,492.6559832426855,0.7000000000000004,514.2257885498848
0.7100000000000004,145.3590937976264,0.7100000000000004,169.9496671762819,0.7100000000000004,204.3810790244792,0.7100000000000004,230.0825023663481,0.7100000000000004,252.5817797410692,0.7100000000000004,273.4059862953964,0.7100000000000004,293.0135355218637,0.7100000000000004,311.5974882090496,0.7100000000000004,346.1307541669067,0.7100000000000004,377.6493977375402,0.7100000000000004,406.5951447729901,0.7100000000000004,433.3041817728222,0.7100000000000004,458.0450401191782,0.7100000000000004,481.0387400999033,0.7100000000000004,502.4709149587674
0.7200000000000004,140.8075911524293,0.7200000000000004,164.3108202881746,0.7200000000000004,197.4750459380255,0.7200000000000004,222.4616696898259,0.7200000000000004,244.4295619229086,0.7200000000000004,264.8050849680461,0.7200000000000004,284.0182872325626,0.7200000000000004,302.2511169726039,0.7200000000000004,336.1879066571294,0.7200000000000004,367.2244652901618,0.7200000000000004,395.7794018625628,0.7200000000000004,422.1718076816128,0.7200000000000004,446.6570266532766,0.7200000000000004,469.4456487248197,0.7200000000000004,490.7149193049431
0.7300000000000004,136.3555579130219,0.7300000000000004,158.821151805199,0.7300000000000004,190.7636053809987,0.7300000000000004,215.0452347912568,0.7300000000000004,236.4807482431237,0.7300000000000004,256.4026575242399,0.7300000000000004,275.2145013519354,0.7300000000000004,293.0877989305617,0.7300000000000004,326.4084512727008,0.7300000000000004,356.9408423856015,0.7300000000000004,385.0815375781694,0.7300000000000004,411.1332397760838,0.7300000000000004,435.3385885179479,0.7300000000000004,457.8980777894475,0.7300000000000004,478.9807961599817
0.7400000000000004,132.0067921632374,0.7400000000000004,153.4822822534638,0.7400000000000004,184.2466729544328,0.7400000000000004,207.8336893597045,0.7400000000000004,228.7371080665567,0.7400000000000004,248.2019551849926,0.7400000000000004,266.6069674273198,0.7400000000000004,284.1138612304014,0.7400000000000004,316.8016882011804,0.7400000000000004,346.8105932381007,0.7400000000000004,374.5161399345927,0.7400000000000004,400.2053470295532,0.7400000000000004,424.1086425703184,0.7400000000000004,446.4167741724058,0.7400000000000004,467.2909218887285
0.7500000000000004,127.7646782280993,0.7500000000000004,148.2955390473078,0.7500000000000004,177.9240382376731,0.7500000000000004,200.8274001972015,0.7500000000000004,221.2002178070493,0.7500000000000004,240.2059439932636,0.7500000000000004,258.2000911490205,0.7500000000000004,275.335150176291,0.7500000000000004,307.3762619339805,0.7500000000000004,336.844984751083,0.7500000000000004,364.0968915416161,0.7500000000000004,389.4040150005243,0.7500000000000004,412.9850699874108,0.7500000000000004,435.0214183011814,0.7500000000000004,455.6665933074285
0.7600000000000005,123.6320836004528,0.7600000000000005,143.2618265281595,0.7600000000000005,171.7951854648044,0.7600000000000005,194.0264020931363,0.7600000000000005,213.8712382182002,0.7600000000000005,232.417072427467,0.7600000000000005,249.9976551737132,0.7600000000000005,266.7567865905595,0.7600000000000005,298.1399067190742,0.7600000000000005,327.0542214280704,0.7600000000000005,353.8362927270067,0.7600000000000005,378.7438560640646,0.7600000000000005,401.9844128469319,0.7600000000000005,423.7303066797401,0.7600000000000005,444.1276960588371
0.7700000000000005,119.6112924297174,0.7700000000000005,138.3815404221777,0.7700000000000005,165.8591718925975,0.7700000000000005,187.4302573152759,0.7700000000000005,206.7507646378758,0.7700000000000005,224.837116828957,0.7700000000000005,242.0026616931005,0.7700000000000005,258.3830062304033,0.7700000000000005,289.0992825085134,0.7700000000000005,317.4472752417187,0.7700000000000005,343.7454834543765,0.7700000000000005,368.2380218068983,0.7700000000000005,391.1216758552841,0.7700000000000005,412.5601422097968,0.7700000000000005,432.6924831273764
0.7800000000000005,115.7039718320549,0.7800000000000005,133.6545215404089,0.7800000000000005,160.1145559719531,0.7800000000000005,181.0379717284254,0.7800000000000005,199.838738558592,0.7800000000000005,217.4670917036142,0.7800000000000005,234.217242743845,0.7800000000000005,250.2170703839282,0.7800000000000005,280.2598852009734,0.7800000000000005,308.0317933258306,0.7800000000000005,333.8341462254567,0.7800000000000005,357.8980992855628,0.7800000000000005,380.4102145668231,0.7800000000000005,401.5259133986294,0.7800000000000005,421.3774444154607
0.7900000000000005,111.9111659129745,0.7900000000000005,129.0800421602919,0.7900000000000005,154.5593663774714,0.7900000000000005,174.8479569222304,0.7900000000000005,193.1344086581781,0.7900000000000005,210.3072120519048,0.7900000000000005,226.6426246215462,0.7900000000000005,242.2612323573316,0.7900000000000005,271.6260158884265,0.7900000000000005,298.814067469077,0.7900000000000005,324.1104733994532,0.7900000000000005,347.7340741660668,0.7900000000000005,369.8616928002367,0.7900000000000005,390.6408449250382,0.7900000000000005,410.1972496804785
0.8000000000000005,108.2333119266989,0.8000000000000005,124.65681819185,0.8000000000000005,149.1911029942814,0.8000000000000005,168.8580281327892,0.8000000000000005,186.6363301300792,0.8000000000000005,203.3568958340391,0.8000000000000005,219.2791339142403,0.8000000000000005,234.5167468786229,0.8000000000000005,263.2007953608245,0.8000000000000005,289.7990510810979,0.8000000000000005,314.5811841437114,0.8000000000000005,337.7543455983382,0.8000000000000005,359.4860938177042,0.8000000000000005,379.9164039015455,0.8000000000000005,399.1647489930753
0.8100000000000005,104.6702731283694,0.8100000000000005,120.3830405634354,0.8100000000000005,144.0067616670656,0.8100000000000005,163.06542873958,0.8100000000000005,180.3423923783509,0.8100000000000005,196.6147960855589,0.8100000000000005,212.1262342255773,0.8100000000000005,226.9839111147118,0.8100000000000005,254.9862119622221,0.8100000000000005,280.9904112469429,0.8100000000000005,305.2515782416814,0.8100000000000005,327.9657797272044,0.8100000000000005,349.2917718993523,0.8100000000000005,369.362348242535,0.8100000000000005,388.2910169432894
0.8200000000000005,101.2213833687646,0.8200000000000005,116.2564199738994,0.8200000000000005,139.0028755670378,0.8200000000000005,157.4668734014021,0.8200000000000005,174.2498665968715,0.8200000000000005,190.078853787635,0.8200000000000005,205.1825843537538,0.8200000000000005,219.6621277799917,0.8200000000000005,246.9831927964707,0.8200000000000005,272.3906054708658,0.8200000000000005,296.1256160192997,0.8200000000000005,318.3737908077294,0.8200000000000005,339.2855330272457,0.8200000000000005,358.986805634391,0.8200000000000005,377.5854289039945
0.8300000000000005,97.88549916215993,0.8300000000000005,112.2742400472572,0.8300000000000005,134.1755672125157,0.8300000000000005,152.0586032567098,0.8300000000000005,168.3554662433056,0.8300000000000005,183.7463641868798,0.8300000000000005,198.4461103614937,0.8300000000000005,212.5499825470264,0.8300000000000005,239.1916901062017,0.8300000000000005,264.0009745984902,0.8300000000000005,287.2060155807777,0.8300000000000005,308.9824408491544,0.8300000000000005,329.4727353654794,0.8300000000000005,348.796373583492,0.8300000000000005,367.0557596421253
0.8400000000000005,94.66105570450426,0.8400000000000005,108.4334148556513,0.8400000000000005,129.5206063491913,0.8400000000000005,146.8364479259076,0.8400000000000005,162.6554148282941,0.8400000000000005,177.6140507435994,0.8400000000000005,191.9140855153964,0.8400000000000005,205.6453295608361,0.8400000000000005,231.6107763125908,0.8400000000000005,255.8218451211024,0.8400000000000005,278.494360295939,0.8400000000000005,299.7945504883395,0.8400000000000005,319.8574020160589,0.8400000000000005,338.7962328211512,0.8400000000000005,356.7082963763821
0.8500000000000005,91.54612405164775,0.8500000000000005,104.7305476615417,0.8500000000000005,125.0334699751042,0.8500000000000005,141.7958902426107,0.8500000000000005,157.1455167041232,0.8500000000000005,171.6781422074235,0.8500000000000005,185.5832134379815,0.8500000000000005,198.9453802604458,0.8500000000000005,224.2387426633369,0.8500000000000005,247.8526355693742,0.8500000000000005,269.9912110178603,0.8500000000000005,290.8118153548772,0.8500000000000005,310.4423401105045,0.8500000000000005,328.9902679381281,0.8500000000000005,346.5479599822974
0.8600000000000005,88.53846733847989,0.8600000000000005,101.1619885227125,0.8600000000000005,120.7094017409252,0.8600000000000005,136.9321306725025,0.8600000000000005,151.8212276261545,0.8600000000000005,165.9344494515912,0.8600000000000005,179.4497109831118,0.8600000000000005,192.4467919082633,0.8600000000000005,217.0731976815544,0.8600000000000005,240.0919629870309,0.8600000000000005,261.6962188230058,0.8600000000000005,282.0349235287518,0.8600000000000005,301.2292616550797,0.8600000000000005,319.3811904947707,0.8600000000000005,336.5784294306829
0.8700000000000006,85.63559450496324,0.8700000000000006,97.72388908217357,0.8700000000000006,116.5434687531197,0.8700000000000006,132.2401492426766,0.8700000000000006,146.6777227693315,0.8700000000000006,160.3784396402497,0.8700000000000006,173.5093883165139,0.8700000000000006,186.1457532228242,0.8700000000000006,210.1111626436402,0.8700000000000006,232.5377465439052,0.8700000000000006,253.6082351642127,0.8700000000000006,273.4636708131022,0.8700000000000006,292.2189026901187,0.8700000000000006,309.9706610117406,0.8700000000000006,326.8022657183207
0.8800000000000006,82.83481048560185,0.8800000000000006,94.4122534246718,0.8800000000000006,112.5306144576374,0.8800000000000006,127.7147635071649,0.8800000000000006,141.7099606203527,0.8800000000000006,155.005306068491,0.8800000000000006,167.757724471044,0.8800000000000006,180.038065318364,0.8800000000000006,203.3491621566937,0.8800000000000006,225.1873062208101,0.8800000000000006,245.7254172258377,0.8800000000000006,265.0970714676923,0.8800000000000006,283.4111382665112,0.8800000000000006,300.7594072073132,0.8800000000000006,317.2210325246668
0.8900000000000006,80.13326221635361,0.8900000000000006,91.2229843282458,0.8900000000000006,108.6657067965807,0.8900000000000006,123.3506816306196,0.8900000000000006,136.9127417505892,0.8900000000000006,149.8100326212763,0.8900000000000006,162.1899372713459,0.8900000000000006,174.1192167961165,0.8900000000000006,196.7833085775748,0.8900000000000006,218.0374551966349,0.8900000000000006,238.0453269933832,0.8900000000000006,256.9334627933355,0.8900000000000006,274.805091507709,0.8900000000000006,291.747336628998,0.8900000000000006,307.8354116273857
0.9000000000000006,77.52798012487891,0.9000000000000006,88.15192458468498,0.9000000000000006,104.9435812262149,0.9000000000000006,119.1425501005743,0.9000000000000006,132.2807619260619,0.9000000000000006,144.7874522663949,0.9000000000000006,156.8010470067763,0.9000000000000006,168.3844523304607,0.9000000000000006,190.4093795391552,0.9000000000000006,211.0845851157941,0.9000000000000006,230.5650231195466,0.9000000000000006,248.9706025481183,0.9000000000000006,266.3992356348844,0.9000000000000006,282.93364245446,0.9000000000000006,298.645311750055
0.9100000000000006,75.01591500684923,0.9100000000000006,85.19489332114186,0.9100000000000006,101.3590784799625,0.9100000000000006,115.0849958996184,0.9100000000000006,127.8086593498878,0.9100000000000006,139.9322993502178,0.9100000000000006,151.5859335977102,0.9100000000000006,162.8288344708673,0.9100000000000006,184.2228882494589,0.9100000000000006,204.3247438349244,0.9100000000000006,223.2811451096267,0.9100000000000006,241.2057586360836,0.9100000000000006,258.1914883096583,0.9100000000000006,274.3169017294361,0.9100000000000006,289.6499700237562
0.9200000000000006,72.59397036444852,0.9200000000000006,82.34771744115149,0.9200000000000006,97.90707717251151,0.9200000000000006,111.1726632012974,0.9200000000000006,123.4910560797387,0.9200000000000006,135.2392557238632,0.9200000000000006,146.5393872695225,0.9200000000000006,157.4472986594457,0.9200000000000006,178.2191465264032,0.9200000000000006,197.7537055630513,0.9200000000000006,216.1899896821644,0.9200000000000006,233.6357908586894,0.9200000000000006,250.1792980155597,0.9200000000000006,265.8951656915224,0.9200000000000006,280.8480456395448
0.9300000000000006,70.25903040459677,0.9300000000000006,79.60625843087441,0.9300000000000006,94.58252148728933,0.9300000000000006,107.4002448151826,0.9300000000000006,119.3225938361627,0.9300000000000006,130.7029909101514,0.9300000000000006,141.6561529396675,0.9300000000000006,152.2347016629495,0.9300000000000006,172.3933207458247,0.9300000000000006,191.3670335396704,0.9300000000000006,209.2875794061722,0.9300000000000006,226.2572247802059,0.9300000000000006,242.3597224735189,0.9300000000000006,257.6660421170002,0.9300000000000006,272.2377055686806
0.9400000000000006,68.00798397429708,0.9400000000000006,76.96643485795694,0.9400000000000006,91.38044428375623,0.9400000000000006,103.7625087126662,0.9400000000000006,115.2979645327992,0.9400000000000006,126.3181966443938,0.9400000000000006,136.9309686526958,0.9400000000000006,147.1858637539695,0.9400000000000006,166.7404810287932,0.9400000000000006,185.1601355568521,0.9400000000000006,202.5697238911674,0.9400000000000006,219.0663179456068,0.9400000000000006,234.7294992873554,0.9400000000000006,249.6267698404657,0.9400000000000006,263.8167024523556
0.9500000000000006,65.83774475813235,0.9500000000000006,74.42424093669123,0.9500000000000006,88.295986015491,0.9500000000000006,100.2543200285121,0.9500000000000006,111.4119359301226,0.9500000000000006,122.0796161984754,0.9500000000000006,132.3585984796661,0.9500000000000006,142.2956050627352,0.9500000000000006,161.2556440914389,0.9500000000000006,179.1283127392252,0.9500000000000006,196.0320739251299,0.9500000000000006,212.0591188199731,0.9500000000000006,227.2851091564327,0.9500000000000006,241.7742857482765,0.9500000000000006,255.5824449235166
0.9600000000000006,63.74526808608849,0.9600000000000006,71.97576155314643,0.9600000000000006,85.32440987497661,0.9600000000000006,96.8706589647289,0.9600000000000006,107.659372851122,0.9600000000000006,117.9820689388708,0.9600000000000006,127.9338603437054,0.9600000000000006,137.5587765701633,0.9600000000000006,155.9338102379641,0.9600000000000006,173.266802062016,0.9600000000000006,189.6701690309708,0.9600000000000006,205.2315189029349,0.9600000000000006,220.0228320863805,0.9600000000000006,234.105284650608,0.9600000000000006,247.5320607363029
0.9700000000000006,61.72756470508098,0.9700000000000006,69.61718414486222,0.9700000000000006,82.46111358453676,0.9700000000000006,93.606635031538,0.9700000000000006,104.0352544094302,0.9700000000000006,114.020470584552,0.9700000000000006,123.6516492516316,0.9700000000000006,132.9702862340066,0.9700000000000006,150.7699950048703,0.9700000000000006,167.5708131216491,0.9700000000000006,183.4794789538348,0.9700000000000006,198.5792985216222,0.9700000000000006,212.9387970868738,0.9700000000000006,226.6162725018846,0.9700000000000006,239.6624531509154
0.9800000000000006,59.78171185998084,0.9800000000000006,67.34480781735746,0.9800000000000006,79.70163824145837,0.9800000000000006,90.45749805195607,0.9800000000000006,100.5346876947926,0.9800000000000006,110.1898496273227,0.9800000000000006,119.5069564103185,0.9800000000000006,128.5251207407334,0.9800000000000006,145.7592559701253,0.9800000000000006,162.0355596846089,0.9800000000000006,177.4554396089617,0.9800000000000006,192.0981668287747,0.9800000000000006,206.0290258750526,0.9800000000000006,219.3036134763637,0.9800000000000006,231.9703510651702
0.9900000000000007,57.90486201369019,0.9900000000000007,65.15505005857345,0.9900000000000007,77.04167460394542,0.9900000000000007,87.41864633708236,0.9900000000000007,97.15291834300039,0.9900000000000007,106.4853603607758,0.9900000000000007,115.494884691378,0.9900000000000007,124.2183633621608,0.9900000000000007,140.8967152306133,0.9900000000000007,156.6562865337962,0.9900000000000007,171.5934840178949,0.9900000000000007,185.7837965364675,0.9900000000000007,199.2894711122963,0.9900000000000007,212.1635714193847,0.9900000000000007,224.4523534035459
1.000000000000001,56.09424951406924,1.000000000000001,63.04445138589541,1.000000000000001,74.47706717705556,1.000000000000001,84.48563241264176,1.000000000000001,93.88533839178872,1.000000000000001,102.9022929391204,1.000000000000001,111.6106608836073,1.000000000000001,120.0452083725514,1.000000000000001,136.1775780301853,1.000000000000001,151.4282921137239,1.000000000000001,165.8890687465577,1.000000000000001,179.6318539052901,1.000000000000001,192.716049695694,1.000000000000001,205.1923461936765,1.000000000000001,217.1049682789151
1.010000000000001,54.3471954906582,1.010000000000001,61.00967823109207,1.010000000000001,72.0038164269025,1.010000000000001,81.65416664676708,1.010000000000001,90.72749179388289,1.010000000000001,99.43608085707197,1.010000000000001,107.8496451427475,1.010000000000001,116.0009724523678,1.010000000000001,131.5971479923448,1.010000000000001,146.3469474496007,1.010000000000001,160.3376963361618,1.010000000000001,173.6380244892905,1.010000000000001,186.304671609734,1.010000000000001,198.3861054271287,1.010000000000001,209.9246474211141
1.020000000000001,52.66111123791393,1.020000000000001,59.04752433826333,1.020000000000001,69.61807941931994,1.020000000000001,78.92011909661721,1.020000000000001,87.67507792577588,1.020000000000001,96.08230620913251,1.020000000000001,104.2073380151867,1.020000000000001,112.0811034719884,1.020000000000001,127.1508393802245,1.020000000000001,141.407711784955,1.020000000000001,154.9349341805148,1.020000000000001,167.7980351027656,1.020000000000001,180.0512648119526,1.020000000000001,191.7410121404811,1.020000000000001,202.9078163836506
1.030000000000001,51.0335003153741,1.030000000000001,57.15491091994665,1.030000000000001,67.3161691472571,1.030000000000001,76.27951985880996,1.030000000000001,84.72395339765127,1.030000000000001,92.83670305292783,1.030000000000001,100.6793853788302,1.030000000000001,108.2811870148385,1.030000000000001,122.8341867656275,1.030000000000001,136.6061453434915,1.030000000000001,149.6764302969748,1.030000000000001,162.1076724677019,1.030000000000001,173.951796620118,1.030000000000001,185.2532487274153,1.030000000000001,196.0509009509485
1.040000000000001,49.46195956961505,1.040000000000001,55.32888578783751,1.040000000000001,65.09455278044075,1.040000000000001,73.72855817695384,1.040000000000001,81.87013243802309,1.040000000000001,89.69515916844179,1.040000000000001,97.26158160494693,1.040000000000001,104.5969509605074,1.040000000000001,118.6428524741877,1.040000000000001,131.9379196026653,1.040000000000001,144.557926356858,1.040000000000001,156.5627989249641,1.040000000000001,168.0022919963566,1.040000000000001,178.9190376920889,1.040000000000001,189.3503502101749
1.050000000000001,47.94417925868297,1.050000000000001,53.5666216476279,1.050000000000001,62.94984904189239,1.050000000000001,71.26358053007911,1.050000000000001,79.1097860902513,1.050000000000001,86.6537164691472,1.050000000000001,93.94987122952877,1.050000000000001,101.0242684293843,1.050000000000001,114.5726321034329,1.050000000000001,127.3988254022061,1.050000000000001,139.5752683583178,1.050000000000001,151.1593656050502,1.050000000000001,162.1988491348725,1.050000000000001,172.7346595581856,1.050000000000001,182.8026566754996
1.060000000000001,46.47794243717046,1.060000000000001,51.86541372262593,1.060000000000001,60.87882488915173,1.060000000000001,68.88108789309675,1.060000000000001,76.43924044593652,1.060000000000001,83.70857030322422,1.060000000000001,90.7403493602522,1.060000000000001,97.55915933262062,1.060000000000001,110.6194584165909,1.060000000000001,122.9847792096821,1.060000000000001,134.724415257398,1.060000000000001,145.893423390676,1.060000000000001,156.5376526983116,1.060000000000001,166.6964683050746,1.060000000000001,176.4043738384024
1.070000000000001,45.06112373950275,1.070000000000001,50.22267684821347,1.070000000000001,58.87839165404905,1.070000000000001,66.57773234958077,1.070000000000001,73.85497408290587,1.070000000000001,80.85606783285911,1.070000000000001,87.62926105011748,1.070000000000001,94.19779076957832,1.070000000000001,106.7794038584687,1.070000000000001,118.6918278123227,1.070000000000001,130.0014458534195,1.070000000000001,140.7611319825558,1.070000000000001,151.0149850267637,1.070000000000001,160.8009046647347,1.070000000000001,170.1521314838546
1.080000000000001,43.69168768030842,1.080000000000001,48.63594215886614,1.080000000000001,56.94560076996826,1.080000000000001,64.3503131872861,1.080000000000001,71.35361488372979,1.080000000000001,78.0927056780383,1.080000000000001,84.61299982005895,1.080000000000001,90.93647646903949,1.080000000000001,103.0486819203953,1.080000000000001,114.5161516823905,1.080000000000001,125.4025641926014,1.080000000000001,135.7587673474027,1.080000000000001,145.6272356111077,1.080000000000001,155.044507581471,1.080000000000001,164.0426490821484
1.090000000000001,42.36768657400142,1.090000000000001,47.10285347170182,1.090000000000001,55.07763920525619,1.090000000000001,62.19577261448623,1.090000000000001,68.93193636722208,1.090000000000001,75.41512697227934,1.090000000000001,81.68810549675344,1.090000000000001,87.77167545217853,1.090000000000001,99.42364755320182,1.090000000000001,110.4540672347711,1.090000000000001,120.9241037257451,1.090000000000001,130.8827277987884,1.090000000000001,140.3709090934254,1.090000000000001,149.4239241068975,1.090000000000001,158.0727475363245
1.100000000000001,41.08725816123157,1.100000000000001,45.62116345181106,1.100000000000001,53.27182468742736,1.100000000000001,60.11119119796263,1.100000000000001,66.58685365336618,1.100000000000001,72.82011796265746,1.100000000000001,78.85126150872669,1.100000000000001,84.69999007153071,1.100000000000001,95.90079680317247,1.100000000000001,106.5020281702372,1.100000000000001,116.562530429811,1.100000000000001,126.129538934617,1.100000000000001,135.2426320302033,1.100000000000001,143.9359179754573,1.100000000000001,152.2393595377499
1.110000000000001,39.84862301349344,1.110000000000001,44.18872963911967,1.110000000000001,51.52560080543477,1.110000000000001,58.09378311381449,1.110000000000001,64.31541916327807,1.110000000000001,70.30460426692136,1.110000000000001,76.09929176432038,1.110000000000001,81.71816355981861,1.110000000000001,92.47676582413409,1.110000000000001,102.6566260749828,1.110000000000001,112.3144450793767,1.110000000000001,121.4958576307176,1.110000000000001,130.2391586286978,1.110000000000001,138.5773770795413,1.110000000000001,146.5395387550631
1.120000000000001,38.6500817857714,1.120000000000001,42.80351038907866,1.120000000000001,49.83653205233836,1.120000000000001,56.14089128671169,1.120000000000001,62.11481814030543,1.120000000000001,67.86564688403716,1.120000000000001,73.42915721770204,1.120000000000001,78.82307720433673,1.120000000000001,89.14832939925189,1.120000000000001,98.91459042631044,1.120000000000001,108.1765848323751,1.120000000000001,116.9784752671167,1.120000000000001,125.3573756433092,1.120000000000001,133.3453200386591,1.120000000000001,140.9704680565004
1.130000000000001,37.49001235907411,1.130000000000001,41.4635607850924,1.130000000000001,48.20229886334795,1.130000000000001,54.24998248060344,1.130000000000001,59.98236406473182,1.130000000000001,65.50043803992735,1.130000000000001,70.83795221373298,1.130000000000001,76.0117472464546,1.130000000000001,85.91239908867968,1.130000000000001,95.27278813574554,1.130000000000001,104.1458242746635,1.130000000000001,112.5743203429555,1.130000000000001,120.5943065967783,1.130000000000001,128.2369020342767,1.130000000000001,135.5294669409007
1.140000000000001,36.36686692506732,1.140000000000001,40.16702856091397,1.140000000000001,46.62069269357589,1.140000000000001,52.41864239294995,1.140000000000001,57.91549402268564,1.140000000000001,63.20629693746294,1.140000000000001,68.32290068899137,1.140000000000001,73.28132159153282,1.140000000000001,82.766021103626,1.140000000000001,91.72822274397126,1.140000000000001,100.2191760500421,1.140000000000001,108.2804606166982,1.140000000000001,115.9471154705714,1.140000000000001,123.2494200593871,1.140000000000001,130.2139983289181
1.150000000000001,35.27916904515193,1.150000000000001,38.91215006715845,1.150000000000001,45.08961117124908,1.150000000000001,50.64457079507023,1.150000000000001,55.9117640795284,1.150000000000001,60.98066546862948,1.150000000000001,65.88135229437468,1.150000000000001,70.62907640203098,1.150000000000001,79.70637399351133,1.150000000000001,88.27803336701449,1.150000000000001,96.39379118593766,1.150000000000001,104.0941048904177,1.150000000000001,111.4131099891842,1.150000000000001,118.3803177109151,1.150000000000001,125.0216748425839
1.160000000000001,34.22551071423513,1.160000000000001,37.69724630875665,1.160000000000001,43.60705335480285,1.160000000000001,48.92557675308503,1.160000000000001,53.96884469907035,1.160000000000001,58.82110393713351,1.160000000000001,63.51077849435536,1.160000000000001,68.05241263551871,1.160000000000001,76.73076622064076,1.160000000000001,84.91949347933414,1.160000000000001,92.66695920988258,1.160000000000001,100.0126045402371,1.160000000000001,106.9897446045425,1.160000000000001,113.6271896319324,1.160000000000001,119.950264677927
1.170000000000001,33.20454945317313,1.170000000000001,36.52071907445337,1.170000000000001,42.17111511605367,1.170000000000001,47.25957395696208,1.170000000000001,52.08451624228189,1.170000000000001,56.72528683133382,1.170000000000001,61.20876868892665,1.170000000000001,65.54885257965717,1.170000000000001,73.83663368582697,1.170000000000001,81.65000960721926,1.170000000000001,89.03610813786135,1.170000000000001,96.03345487899068,1.170000000000001,102.6746232683452,1.170000000000001,108.9877856898914,1.170000000000001,114.9976971515052
1.180000000000001,32.2150054490975,1.180000000000001,35.38104717460958,1.180000000000001,40.77998466636985,1.180000000000001,45.64457617925344,1.180000000000001,50.25666457257007,1.180000000000001,54.69099868014827,1.180000000000001,58.97302639640946,1.180000000000001,63.11603642770955,1.180000000000001,71.0215372585381,1.180000000000001,78.46711999443666,1.180000000000001,85.4988044023895,1.180000000000001,92.15429642166031,1.180000000000001,98.46550206187101,1.180000000000001,104.4600149554902,1.180000000000001,110.1620679766405
1.190000000000001,31.25565875879351,1.190000000000001,34.27678279950276,1.190000000000001,39.43193823833104,1.190000000000001,44.07869288008288,1.190000000000001,48.48327678904511,1.190000000000001,52.71613001833296,1.190000000000001,56.80136552843448,1.190000000000001,60.75171893067153,1.190000000000001,68.28316035633517,1.190000000000001,75.3684932914899,1.190000000000001,82.05275277533983,1.190000000000001,88.37291610860474,1.190000000000001,94.36029173421484,1.190000000000001,100.0419495245727,1.190000000000001,105.441644298786
1.200000000000001,30.32534658687063,1.200000000000001,33.20654800689951,1.200000000000001,38.12533593165409,1.200000000000001,42.56012497069062,1.200000000000001,46.76243710438688,1.200000000000001,50.79867348214359,1.200000000000001,54.69170678243453,1.200000000000001,58.45376615546758,1.200000000000001,65.61930661015521,1.200000000000001,72.35192730971741,1.200000000000001,78.69579632792582,1.200000000000001,84.68724852576915,1.200000000000001,90.35706018005662,1.200000000000001,95.73182820127597,1.200000000000001,100.8348694904627
1.210000000000001,29.42296064758585,1.210000000000001,32.16903134484564,1.210000000000001,36.85861772907283,1.210000000000001,41.08716074428096,1.210000000000001,45.09232287981661,1.210000000000001,48.93672005172625,1.210000000000001,52.64207417171285,1.210000000000001,56.22015237274295,1.210000000000001,63.02789764440448,1.210000000000001,69.41534787158929,1.210000000000001,75.42591645722813,1.210000000000001,81.09537714435037,1.210000000000001,86.45403486704897,1.210000000000001,91.52806003452095,1.210000000000001,96.34036767467364
1.220000000000001,28.5474446167641,1.220000000000001,31.16298461326307,1.220000000000001,35.63029968530341,1.220000000000001,39.6581719799089,1.220000000000001,43.47120082618032,1.220000000000001,47.12845545253835,1.220000000000001,50.65059170849337,1.220000000000001,54.04895709238249,1.220000000000001,60.50697099355168,1.220000000000001,66.55680777853127,1.220000000000001,72.24123299521803,1.220000000000001,77.59553558443466,1.220000000000001,82.64960519966395,1.220000000000001,87.4292276708338,1.220000000000001,91.95694791029199
1.230000000000001,27.69779167824425,1.230000000000001,30.18721976602195,1.230000000000001,34.43897029013577,1.230000000000001,38.27161022264562,1.230000000000001,41.89742337716235,1.230000000000001,45.37215672456394,1.230000000000001,48.71548025115479,1.230000000000001,51.93836225987305,1.230000000000001,58.05467816965728,1.230000000000001,63.7744859072741,1.230000000000001,69.14000440155883,1.230000000000001,74.18610888724886,1.230000000000001,78.94232478038441,1.230000000000001,83.43409045403421,1.230000000000001,87.68360793359713
1.240000000000001,26.87304216761515,1.240000000000001,29.24060595357948,1.240000000000001,33.2832870049679,1.240000000000001,36.9260032411695,1.240000000000001,40.36942523808217,1.240000000000001,43.66618896493582,1.240000000000001,46.83505452299345,1.240000000000001,49.8866496218744,1.240000000000001,55.66928288799103,1.240000000000001,61.06668643461612,1.240000000000001,66.12062802542955,1.240000000000001,70.86563475854571,1.240000000000001,75.33091350013537,1.240000000000001,79.54158716578978,1.240000000000001,83.51953730583412
1.250000000000001,26.07228131462823,1.250000000000001,28.32206670501629,1.250000000000001,32.16197297072081,1.250000000000001,35.6199516621849,1.250000000000001,38.88572011150482,1.250000000000001,42.00900224675172,1.250000000000001,45.00772030621579,1.250000000000001,47.89219826465321,1.250000000000001,53.34915945011964,1.250000000000001,58.43183817832857,1.250000000000001,63.18164040353796,1.250000000000001,67.63280472057572,1.250000000000001,71.81425935688189,1.250000000000001,75.75083825978092,1.250000000000001,79.46411976774367
1.260000000000001,25.29463708455411,1.260000000000001,27.43057724728407,1.260000000000001,31.07381388395523,1.260000000000001,34.35212577960747,1.260000000000001,37.44489759894345,1.260000000000001,40.39912871423792,1.260000000000001,43.23197181132111,1.260000000000001,45.95348232427308,1.260000000000001,51.09279127550101,1.260000000000001,55.86849402827438,1.260000000000001,60.32171754112007,1.260000000000001,64.48646508157549,1.260000000000001,68.39141986414968,1.260000000000001,72.06114739650157,1.260000000000001,75.51693454730076
1.270000000000001,24.53927811784197,1.270000000000001,26.56516195868483,1.270000000000001,30.01765503712137,1.270000000000001,33.12126253522593,1.270000000000001,36.04562027617006,1.270000000000001,38.83517985190389,1.270000000000001,41.50638921845655,1.270000000000001,44.06906886241384,1.270000000000001,48.89876956335708,1.270000000000001,53.37533042643648,1.270000000000001,57.53967509939589,1.270000000000001,61.42561759959706,1.270000000000001,65.06162286966445,1.270000000000001,68.47200203472727,1.270000000000001,71.67775630819706
1.280000000000001,23.80541176671162,1.280000000000001,25.72489195298636,1.280000000000001,28.99239851817051,1.280000000000001,31.92616266648964,1.280000000000001,34.68662093802676,1.280000000000001,37.31584392285112,1.280000000000001,39.82963638361689,1.280000000000001,42.23761589626324,1.280000000000001,46.76579205614728,1.280000000000001,50.95114683690183,1.280000000000001,54.83446838648484,1.280000000000001,58.44941968100558,1.280000000000001,61.82426655787852,1.280000000000001,64.9830727803316,1.280000000000001,67.94655336342991
1.290000000000001,23.09228222673382,1.290000000000001,24.90888279010952,1.290000000000001,27.99700056420307,1.290000000000001,30.76568801615163,1.290000000000001,33.36670000707584,1.290000000000001,35.83988356885062,1.290000000000001,38.20045869854435,1.290000000000001,40.45787056492538,1.290000000000001,44.69266186408193,1.290000000000001,48.59486512679116,1.290000000000001,52.20519201886528,1.290000000000001,55.55718391367257,1.290000000000001,58.67891835993426,1.290000000000001,61.59421113434775,1.290000000000001,64.32348371363588
1.300000000000001,22.39916876100563,1.300000000000001,24.11629230898087,1.300000000000001,27.03046906338643,1.300000000000001,29.63875899765916,1.300000000000001,32.08472309887537,1.300000000000001,34.40613356210871,1.300000000000001,36.61768108880227,1.300000000000001,38.72866740800765,1.300000000000001,42.67828629655993,1.300000000000001,46.30552875627733,1.300000000000001,49.65107908690641,1.300000000000001,52.74837669060209,1.300000000000001,55.62531244086322,1.300000000000001,58.30544522171196,1.300000000000001,60.80888840564835
1.310000000000001,21.725384014186,1.310000000000001,23.34631857789726,1.310000000000001,26.0918611990339,1.310000000000001,28.54435220940455,1.310000000000001,30.83961873506656,1.310000000000001,33.01349869570584,1.310000000000001,35.08020612954152,1.310000000000001,37.04892672438761,1.310000000000001,40.7216756309168,1.310000000000001,44.08230165022157,1.310000000000001,47.17149962129048,1.310000000000001,50.02261563261546,1.310000000000001,52.66334537888858,1.310000000000001,55.11697302274556,1.310000000000001,57.40328164801804
1.320000000000001,21.07027241340607,1.320000000000001,22.59819795759057,1.320000000000001,25.18028122944451,1.320000000000001,27.48149819017383,1.320000000000001,29.63037619375309,1.320000000000001,31.6609517964247,1.320000000000001,33.58701225291178,1.320000000000001,35.41765297039189,1.320000000000001,38.82194173144309,1.320000000000001,41.92446659556966,1.320000000000001,44.76595811764149,1.320000000000001,47.37966547024607,1.320000000000001,49.79306959792072,1.320000000000001,52.0291525759465,1.320000000000001,54.10733707231392
1.330000000000001,20.43320865288298,1.330000000000001,21.87120327207473,1.330000000000001,24.29487839686569,1.330000000000001,26.44927930733989,1.330000000000001,28.45604348477574,1.330000000000001,30.34753184001192,1.330000000000001,32.13715201471499,1.330000000000001,33.83393314670133,1.330000000000001,36.97829641207496,1.330000000000001,39.8314229779817,1.330000000000001,42.43408983592555,1.330000000000001,44.8194319976747,1.330000000000001,47.01468406631741,1.330000000000001,49.04248857844613,1.330000000000001,50.9218695002475
1.340000000000001,19.81359625894979,1.340000000000001,21.16464208231525,1.340000000000001,23.43484495871635,1.340000000000001,25.44682776849969,1.340000000000001,27.31572543539518,1.340000000000001,29.07234214475715,1.340000000000001,30.7297503807121,1.340000000000001,32.29693511210984,1.340000000000001,35.19004941486204,1.340000000000001,37.80268363906445,1.340000000000001,40.17565555098065,1.340000000000001,42.34195366908413,1.340000000000001,44.32852173795847,1.340000000000001,46.1576147877208,1.340000000000001,47.84781157658233
1.350000000000001,19.21086623213836,1.350000000000001,20.47785505773974,1.350000000000001,22.5994143339912,1.350000000000001,24.47332374631932,1.350000000000001,26.20858186953798,1.350000000000001,27.83454861455906,1.350000000000001,29.36400298490618,1.350000000000001,30.80590574983934,1.350000000000001,33.45660585355238,1.350000000000001,35.83787060342131,1.350000000000001,37.99053439410577,1.350000000000001,39.94739037538508,1.350000000000001,41.73503319341449,1.350000000000001,43.37527163453779,1.350000000000001,44.88618466845178
1.360000000000001,18.62447576291331,1.360000000000001,19.81021444062638,1.360000000000001,21.78785935752999,1.360000000000001,23.52799360530377,1.360000000000001,25.13382586108757,1.360000000000001,26.63337799735898,1.360000000000001,28.03917430315694,1.360000000000001,29.36016889863346,1.360000000000001,31.77746294833661,1.360000000000001,33.93670939479439,1.360000000000001,35.87871439703046,1.360000000000001,37.63600892348128,1.360000000000001,39.23476594872626,1.360000000000001,40.69627850430769,1.360000000000001,42.03806352651635
1.370000000000001,18.05390701765354,1.370000000000001,19.16112259843235,1.370000000000001,20.99949063457572,1.370000000000001,22.61010821801261,1.370000000000001,24.09072203869717,1.370000000000001,25.46811611891974,1.370000000000001,26.75459567570099,1.370000000000001,27.95912294653141,1.370000000000001,30.15220585515175,1.370000000000001,32.09902163581069,1.370000000000001,33.84028033456552,1.370000000000001,35.40816474959015,1.370000000000001,36.82833894789722,1.370000000000001,38.12150024490878,1.370000000000001,39.3045343664213
1.380000000000001,17.49866599148764,1.380000000000001,18.53001065916147,1.380000000000001,20.23365498773557,1.380000000000001,21.7189813568921,1.380000000000001,23.078584916227,1.380000000000001,24.33810604549035,1.380000000000001,25.50966310179491,1.380000000000001,26.60223797071105,1.380000000000001,28.58050237288866,1.380000000000001,30.32471561053389,1.380000000000001,31.87539846760237,1.380000000000001,33.26427944233888,1.380000000000001,34.51641185491604,1.380000000000001,35.65180762707465,1.380000000000001,36.68664627353067
1.390000000000001,16.95828142462313,1.390000000000001,17.91633722490566,1.390000000000001,19.48973398809239,1.390000000000001,20.85396814635223,1.390000000000001,22.0967772191998,1.390000000000001,23.24274612200418,1.390000000000001,24.30383471909663,1.390000000000001,25.28905229280576,1.390000000000001,27.06209629691009,1.390000000000001,28.61377446827041,1.390000000000001,29.98429782227223,1.390000000000001,31.20481374130534,1.390000000000001,32.29964892397395,1.390000000000001,33.28803173050679,1.390000000000001,34.1853561699439
1.400000000000001,16.43230377884902,1.400000000000001,17.31958715872646,1.400000000000001,18.76714256178314,1.400000000000001,20.01446355799883,1.400000000000001,21.14470817363558,1.400000000000001,22.18148782533578,1.400000000000001,23.13662787013845,1.400000000000001,24.01916830692202,1.400000000000001,25.59679918079841,1.400000000000001,26.9662417672786,1.400000000000001,28.16724771306406,1.400000000000001,29.23023582309497,1.400000000000001,30.17867746326941,1.400000000000001,31.03091256319884,1.400000000000001,31.8014680142394
1.410000000000001,15.92030427093553,1.410000000000001,16.73927044005839,1.410000000000001,18.0653276628473,1.410000000000001,19.19990093001609,1.410000000000001,20.22183171938087,1.410000000000001,21.15383336509003,1.410000000000001,22.00761564911517,1.410000000000001,22.79224742875757,1.410000000000001,24.18448027435424,1.410000000000001,25.38220410517808,1.410000000000001,26.42453133668358,1.410000000000001,27.34098489917196,1.410000000000001,28.15404122482674,1.410000000000001,28.88104264433769,1.410000000000001,29.53556742474955
1.420000000000001,15.42187395970466,1.420000000000001,16.17492108381908,1.420000000000001,17.38376700255336,1.420000000000001,18.4097504896246,1.420000000000001,19.32764460571882,1.420000000000001,20.15933295790738,1.420000000000001,20.9164228153199,1.420000000000001,21.6080040108698,1.420000000000001,22.82505442932843,1.420000000000001,23.8617706663301,1.420000000000001,24.75641543733155,1.420000000000001,25.53743043286759,1.420000000000001,26.22614944964135,1.420000000000001,26.83880678314674,1.420000000000001,27.38795350645474
1.430000000000001,14.9366228835857,1.430000000000001,15.62609611838704,1.430000000000001,16.72196782473201,1.430000000000001,17.64351785533826,1.430000000000001,18.46168432285025,1.430000000000001,19.19758169596797,1.430000000000001,19.86272095632892,1.430000000000001,20.46619807377268,1.430000000000001,21.51846781036388,1.430000000000001,22.40504964178071,1.430000000000001,23.16311627762652,1.430000000000001,23.81982763594149,1.430000000000001,24.3952227629724,1.430000000000001,24.90431984332501,1.430000000000001,25.3585702815463
1.440000000000001,14.46417924551242,1.440000000000001,15.09237461756381,1.440000000000001,16.07946571587597,1.440000000000001,16.90074249349391,1.440000000000001,17.62352681908402,1.440000000000001,18.26821592712563,1.440000000000001,18.84622278621988,1.440000000000001,19.3666267181088,1.440000000000001,20.26468132222852,1.440000000000001,21.01212164906559,1.440000000000001,21.64476244181004,1.440000000000001,22.18827031679337,1.440000000000001,22.6612376235747,1.440000000000001,23.07736485402659,1.440000000000001,23.44694071713706
1.450000000000001,14.0041886420451,1.450000000000001,14.57335678155784,1.450000000000001,15.45582343792988,1.450000000000001,16.18099610131675,1.450000000000001,16.81278395068166,1.450000000000001,17.37090906395616,1.450000000000001,17.8666754737319,1.450000000000001,18.30911411276852,1.450000000000001,19.06365176972663,1.450000000000001,19.68301049792125,1.450000000000001,20.20135534025621,1.450000000000001,20.6426425990515,1.450000000000001,21.02387154150007,1.450000000000001,21.35733435397679,1.450000000000001,21.65210683453622
1.460000000000001,13.55631333362131,1.460000000000001,14.06866306192401,1.460000000000001,14.85062977079217,1.460000000000001,15.48388088677611,1.460000000000001,16.02910060978574,1.460000000000001,16.50536674321733,1.460000000000001,16.92385291458767,1.460000000000001,17.29350000059703,1.460000000000001,17.91531090581887,1.460000000000001,18.41765190846521,1.460000000000001,18.83272865707034,1.460000000000001,19.18257147247227,1.460000000000001,19.48245173371951,1.460000000000001,19.74317825978038,1.460000000000001,19.97257968430653
1.470000000000001,13.12023155284601,1.470000000000001,13.57793332524923,1.470000000000001,14.26349835062849,1.470000000000001,14.80902771385627,1.470000000000001,15.27215147638391,1.470000000000001,15.6713212672205,1.470000000000001,16.0175468933965,1.470000000000001,16.31962672969345,1.470000000000001,16.81954269517057,1.470000000000001,17.21586107759957,1.470000000000001,17.53850835398116,1.470000000000001,17.80738252512302,1.470000000000001,18.03591021383994,1.470000000000001,18.23336174826301,1.470000000000001,18.40630298940203
1.480000000000001,12.69563684772123,1.480000000000001,13.10082605020371,1.480000000000001,13.69406648917504,1.480000000000001,14.15609408088263,1.480000000000001,14.5416373435758,1.480000000000001,14.86852527586994,1.480000000000001,15.14755712557033,1.480000000000001,15.38732490557175,1.480000000000001,15.77615931855001,1.480000000000001,16.07730028480047,1.480000000000001,16.31807517006053,1.480000000000001,16.51606147320432,1.480000000000001,16.68274843491119,1.480000000000001,16.8258365548372,1.480000000000001,16.95063391880174
1.490000000000001,12.28223745669081,1.490000000000001,12.63701755237435,1.490000000000001,13.14199395836955,1.490000000000001,13.52476189950015,1.490000000000001,13.83728097236792,1.490000000000001,14.09674462404003,1.490000000000001,14.31368022970303,1.490000000000001,14.49639786687362,1.490000000000001,14.78487665608684,1.490000000000001,15.00144799818435,1.490000000000001,15.17053178532646,1.490000000000001,15.30722418583134,1.490000000000001,15.42101445304398,1.490000000000001,15.51802865440131,1.490000000000001,15.60234371374173
1.5,11.87975571233471,1.5,12.18620123106339,1.5,12.60696172394471,1.5,12.91473504317132,1.5,13.15882244368333,1.5,13.3557504745943,1.5,13.51569775582673,1.5,13.64660531136993,1.5,13.84529019561371,1.5,13.98757114615929,1.5,14.09467689159771,1.5,14.17909773826133,1.5,14.24829510767823,1.5,14.30684448582845,1.5,14.35763975825467
