pch18_ft (ll=3.5e-07) X,pch18_ft (ll=3.5e-07) Y,pch18_ft (ll=4e-07) X,pch18_ft (ll=4e-07) Y,pch18_ft (ll=5e-07) X,pch18_ft (ll=5e-07) Y,pch18_ft (ll=6e-07) X,pch18_ft (ll=6e-07) Y,pch18_ft (ll=7e-07) X,pch18_ft (ll=7e-07) Y,pch18_ft (ll=8e-07) X,pch18_ft (ll=8e-07) Y,pch18_ft (ll=9e-07) X,pch18_ft (ll=9e-07) Y,pch18_ft (ll=1e-06) X,pch18_ft (ll=1e-06) Y,pch18_ft (ll=1.2e-06) X,pch18_ft (ll=1.2e-06) Y,pch18_ft (ll=1.4e-06) X,pch18_ft (ll=1.4e-06) Y,pch18_ft (ll=1.6e-06) X,pch18_ft (ll=1.6e-06) Y,pch18_ft (ll=1.8e-06) X,pch18_ft (ll=1.8e-06) Y,pch18_ft (ll=2e-06) X,pch18_ft (ll=2e-06) Y,pch18_ft (ll=2.2e-06) X,pch18_ft (ll=2.2e-06) Y,pch18_ft (ll=2.4e-06) X,pch18_ft (ll=2.4e-06) Y
0,-14739.02576878582,0,-13023.37152744655,0,-11022.53194389446,0,-9726.641642532742,0,-8739.179582730174,0,-7939.301104134975,0,-7272.329898707978,0,-6706.166289677039,0,-5795.862382682692,0,-5096.086971250826,0,-4541.69865506409,0,-4091.910076116922,0,-3719.846051824884,0,-3407.08264316365,0,-3140.573583857015
0.01,-19404.11956216562,0.01,-17168.99379949194,0.01,-14557.12050293018,0.01,-12860.03729825007,0.01,-11563.49283050294,0.01,-10511.2708851993,0.01,-9632.692505929797,0.01,-8886.149080205705,0.01,-7684.542254375375,0.01,-6759.888955411471,0.01,-6026.826687858764,0.01,-5431.767683817168,0.01,-4939.340575681805,0.01,-4525.266743355429,0.01,-4172.338189831483
0.02,-25539.33985625701,0.02,-22627.89527625311,0.02,-19218.62782167599,0.02,-16996.11115523934,0.02,-15293.64496604026,0.02,-13909.37648987915,0.02,-12751.97504804365,0.02,-11767.51874179372,0.02,-10181.30373810149,0.02,-8959.461669998373,0.02,-7990.124403945191,0.02,-7202.879808668555,0.02,-6551.169410115295,0.02,-6002.995899043739,0.02,-5535.659459327567
0.03,-33605.66885610315,0.03,-29813.79916009533,0.03,-25363.94147981122,0.03,-22453.20773409053,0.03,-20217.56729121981,0.03,-18396.31339804373,0.03,-16871.4729079125,0.03,-15573.18143180269,0.03,-13479.11356335428,0.03,-11864.48876445495,0.03,-10582.68946065256,0.03,-9541.186030863937,0.03,-8678.686913801666,0.03,-7953.016775177594,0.03,-7334.227520929334
0.04,-44207.71905223023,0.04,-39269.84856680188,0.04,-33462.02518682387,0.04,-29649.76040841059,0.04,-26713.7013173182,0.04,-24317.27645663983,0.04,-22308.15282908636,0.04,-20595.82698450589,0.04,-17831.10541551121,0.04,-15697.32289347293,0.04,-14002.29558207996,0.04,-12624.41193777273,0.04,-11482.97343135773,0.04,-10522.38117840387,0.04,-9703.118827803997
0.05,-58138.08376219803,0.05,-51708.6968747924,0.05,-44128.71436565317,0.05,-39135.35011484446,0.05,-35279.03410187097,0.05,-32125.44869252753,0.05,-29477.96208046009,0.05,-27219.35380658506,0.05,-23568.92119332873,0.05,-20748.92066904525,0.05,-18507.40500819297,0.05,-16684.51473402134,0.05,-15173.98224609989,0.05,-13902.50109254987,0.05,-12817.92174579691
0.06,-76435.19261068518,0.06,-68064.83203929204,0.06,-58172.12937186348,0.06,-51631.21439985996,0.06,-46565.6284381791,0.06,-42415.17569631329,0.06,-38926.12873249775,0.06,-35946.68398484505,0.06,-31126.45949125176,0.06,-27399.41950468139,0.06,-24435.21353670446,0.06,-22023.66702228712,0.06,-20024.81692810122,0.06,-18341.99309903635,0.06,-16906.36293298598
0.07000000000000001,-100458.6875031166,0.07000000000000001,-89562.77383291911,0.07000000000000001,-76651.85135425831,0.07000000000000001,-68082.98576754799,0.07000000000000001,-61428.12424159953,0.07000000000000001,-55965.0448732956,0.07000000000000001,-51366.45183330009,0.07000000000000001,-47435.77696193382,0.07000000000000001,-41070.52954196888,0.07000000000000001,-36144.61502021947,0.07000000000000001,-32224.79784179369,0.07000000000000001,-29034.69662832694,0.07000000000000001,-26389.93309773502,0.07000000000000001,-24163.00381234007,0.07000000000000001,-22263.04052953982
0.08,-131987.4762652486,0.08,-117805.8138247031,0.08,-100955.8846317313,0.08,-89729.20115561414,0.08,-80985.35381289686,0.08,-73793.67338559791,0.08,-67732.09501861906,0.08,-62546.10505522388,0.08,-54140.26754824337,0.08,-47629.88342499837,0.08,-42446.6641373481,0.08,-38227.08544338514,0.08,-34728.20844049922,0.08,-31781.82932904107,0.08,-29267.96838121691
0.09,-173347.0576689792,0.09,-154891.2613011093,0.09,-132900.5232251648,0.09,-118190.0645186916,0.09,-106700.0260300244,0.09,-97231.71301195088,0.09,-89241.00976231911,0.09,-82398.38847307177,0.09,-71297.58166528714,0.09,-62693.40881121292,0.09,-55840.24107424862,0.09,-50259.81842450974,0.09,-45631.96919922884,0.09,-41734.75126870815,0.09,-38409.717171895
0.09999999999999999,-227574.5015478814,0.09999999999999999,-203559.7633396743,0.09999999999999999,-174859.5814538381,0.09999999999999999,-155582.0829268761,0.09999999999999999,-140481.4036039541,0.09999999999999999,-128014.4067601819,0.09999999999999999,-117479.8206852816,0.09999999999999999,-108450.9915374233,0.09999999999999999,-93791.33430287191,0.09999999999999999,-82420.89808170854,0.09999999999999999,-73361.09251761982,0.09999999999999999,-65982.53789937281,0.09999999999999999,-59863.17226749626,0.09999999999999999,-54710.08148396888,0.09999999999999999,-50313.97534869432
0.11,-298631.6696234997,0.11,-267388.2301945498,0.11,-229931.0648817029,0.11,-204665.5418805083,0.11,-184817.0182070083,0.11,-168399.9648788879,0.11,-154510.7805386475,0.11,-142597.0243322567,0.11,-123238.405571786,0.11,-108214.2508037154,0.11,-96239.79942141235,0.11,-86486.54911369779,0.11,-78397.97053750235,0.11,-71587.38896940282,0.11,-65778.29850620173
0.12,-391679.9252674889,0.12,-351038.2510882523,0.12,-302151.2535822483,0.12,-269033.3200092853,0.12,-242940.7047441912,0.12,-221320.0171524417,0.12,-203007.186283411,0.12,-187286.8066768567,0.12,-161725.1314447262,0.12,-141876.8150017931,0.12,-126054.4907151147,0.12,-113167.157912049,0.12,-102480.7550830976,0.12,-93484.69886252836,0.12,-85813.59705966669
0.13,-513432.7251331246,0.13,-460574.6315939074,0.13,-396768.3084666342,0.13,-353351.2001307684,0.13,-319045.4978874368,0.13,-290569.3361530679,0.13,-266423.3196754948,0.13,-245680.8050592775,0.13,-211932.7364207083,0.13,-185717.763017335,0.13,-164818.7539249488,0.13,-147798.4688534891,0.13,-133688.3461262509,0.13,-121813.9872081375,0.13,-111692.4188057281
0.14,-672606.076653291,0.14,-603871.7602791389,0.14,-520589.7816097602,0.14,-463661.4607399038,0.14,-418551.0393553761,0.14,-381042.7098273262,0.14,-349205.319730332,0.14,-321838.2237408886,0.14,-277290.0545733632,0.14,-242677.54087677,0.14,-215085.9147787547,0.14,-192620.9331141654,0.14,-174004.1114911545,0.14,-158344.3773087593,0.14,-145003.1609927078
0.15,-880490.7417833016,0.15,-791128.7450096846,0.15,-682420.5732021009,0.15,-607762.8377253106,0.15,-548435.7658488632,0.15,-499026.9216908579,0.15,-457049.0488804464,0.15,-420945.7532504682,0.15,-362155.6974736228,0.15,-316474.9432513494,0.15,-280069.1308287023,0.15,-250440.3283922438,0.15,-225900.1733096107,0.15,-205270.8485985435,0.15,-187707.7963717628
0.16,-1151673.948672244,0.16,-1035517.286472235,0.16,-893609.4849113635,0.16,-795680.4215328102,0.16,-717643.7375622379,0.16,-652554.7070157584,0.16,-597209.4101753316,0.16,-549588.9910576057,0.16,-472029.3563582632,0.16,-411773.6677125289,0.16,-363773.9755768506,0.16,-324734.11065793,0.16,-292423.2057657891,0.16,-265283.7293360718,0.16,-242198.2947045003
0.17,-1504941.631148954,0.17,-1353988.42008974,0.17,-1168722.811790541,0.17,-1040237.871204299,0.17,-937573.6652440127,0.17,-851824.4309215905,0.17,-778861.8655285757,0.17,-716064.9395574756,0.17,-613787.3989364377,0.17,-534361.5898952394,0.17,-471135.6830415467,0.17,-419756.7825723297,0.17,-377275.2979870081,0.17,-341630.5057656106,0.17,-311343.4774172044
0.18,-1964393.806970754,0.18,-1768264.457520872,0.18,-1526361.18083235,0.18,-1357740.214737975,0.18,-1222652.229202392,0.18,-1109682.848454912,0.18,-1013509.93171468,0.18,-930726.6772982655,0.18,-795930.4521944063,0.18,-691328.7833737596,0.18,-608146.4653423504,0.18,-540629.7204752368,0.18,-484875.7360250023,0.18,-438156.4344051607,0.18,-398513.5426622843
0.19,-2560803.964646837,0.19,-2306038.977163534,0.19,-1990129.272675038,0.19,-1768766.648434566,0.19,-1590983.415692223,0.19,-1442157.048116034,0.19,-1315420.745955147,0.19,-1206339.524661725,0.19,-1028819.350241135,0.19,-891219.9182382877,0.19,-781949.0281075089,0.19,-693392.746626033,0.19,-620382.4889954336,0.19,-559304.3786048815,0.19,-507564.3382846652
0.2,-3333245.773946661,0.2,-3002398.040459076,0.2,-2589754.636370697,0.2,-2299056.75957296,0.2,-2065048.180714558,0.2,-1869003.712668688,0.2,-1702052.896242094,0.2,-1558410.623619752,0.2,-1324860.13966079,0.2,-1144123.105475631,0.2,-1000860.99631721,0.2,-884985.3376898604,0.2,-789644.5954955472,0.2,-710048.2789746799,0.2,-642758.8029047826
0.21,-4330993.636123528,0.21,-3901456.563120225,0.21,-3362328.353042442,0.21,-2980447.727079807,0.21,-2672402.098502236,0.21,-2414217.579728595,0.21,-2194415.641574186,0.21,-2005430.438097098,0.21,-1698579.369997218,0.21,-1461641.831615677,0.21,-1274283.240708504,0.21,-1123116.841835001,0.21,-999050.8131358665,0.21,-895731.0368093648,0.21,-808601.1431909243
0.2200000000000001,-5615673.247216059,0.2200000000000001,-5058170.86430528,0.2200000000000001,-4353603.418506296,0.2200000000000001,-3851781.870747741,0.2200000000000001,-3446281.426377743,0.2200000000000001,-3106406.202748375,0.2200000000000001,-2817267.156355467,0.2200000000000001,-2568936.879519977,0.2200000000000001,-2166510.591860661,0.2200000000000001,-1856683.083304537,0.2200000000000001,-1612437.182672092,0.2200000000000001,-1415981.648993962,0.2200000000000001,-1255239.925339146,0.2200000000000001,-1121780.219531018,0.2200000000000001,-1009563.846201912
0.2300000000000001,-7263589.856577156,0.2300000000000001,-6540237.798534212,0.2300000000000001,-5619233.889304142,0.2300000000000001,-4959652.792019646,0.2300000000000001,-4425981.478804432,0.2300000000000001,-3978897.754883834,0.2300000000000001,-3599025.883751909,0.2300000000000001,-3273286.031468805,0.2300000000000001,-2746798.637686647,0.2300000000000001,-2342990.327498597,0.2300000000000001,-2025879.118184008,0.2300000000000001,-1771783.456607286,0.2300000000000001,-1564649.812408001,0.2300000000000001,-1393288.913655783,0.2300000000000001,-1249702.774399
0.2400000000000001,-9368091.789881771,0.2400000000000001,-8429920.214250496,0.2400000000000001,-7225769.691973546,0.2400000000000001,-6358798.059910242,0.2400000000000001,-5656821.945039989,0.2400000000000001,-5069411.488370829,0.2400000000000001,-4571243.834285535,0.2400000000000001,-4144999.094356698,0.2400000000000001,-3458431.62034248,0.2400000000000001,-2934365.597540937,0.2400000000000001,-2524762.843593456,0.2400000000000001,-2198060.254624414,0.2400000000000001,-1932911.704131139,0.2400000000000001,-1714478.565160059,0.2400000000000001,-1532184.262194175
0.2500000000000001,-12041735.4802371,0.2500000000000001,-10825550.24556333,0.2500000000000001,-9251145.870547935,0.2500000000000001,-8111888.813492866,0.2500000000000001,-7189477.058122894,0.2500000000000001,-6419103.857123684,0.2500000000000001,-5767491.844549341,0.2500000000000001,-5211571.172037884,0.2500000000000001,-4320047.383355103,0.2500000000000001,-3643572.754431407,0.2500000000000001,-3117873.858499943,0.2500000000000001,-2700853.45356898,0.2500000000000001,-2364145.074198257,0.2500000000000001,-2088105.581753524,0.2500000000000001,-1858788.385896554
0.2600000000000001,-15417914.27062487,0.2600000000000001,-13842367.91466964,0.2600000000000001,-11784339.52062495,0.2600000000000001,-10288435.41913122,0.2600000000000001,-9078450.457151739,0.2600000000000001,-8070833.472615602,0.2600000000000001,-7221558.969121994,0.2600000000000001,-6499695.548210641,0.2600000000000001,-5348345.671011993,0.2600000000000001,-4481000.919110782,0.2600000000000001,-3811539.795423334,0.2600000000000001,-3283836.617551297,0.2600000000000001,-2860270.067742619,0.2600000000000001,-2514924.42384496,0.2600000000000001,-2229493.885934362
0.2700000000000001,-19651518.48399595,0.2700000000000001,-17612278.80278488,0.2700000000000001,-14923846.05483726,0.2700000000000001,-12962559.62863093,0.2700000000000001,-11379549.73249804,0.2700000000000001,-10066594.64002289,0.2700000000000001,-8964994.214075511,0.2700000000000001,-8032992.611380736,0.2700000000000001,-6556270.987199111,0.2700000000000001,-5453283.8347952,0.2700000000000001,-4608616.322330387,0.2700000000000001,-3947591.704719842,0.2700000000000001,-3420507.018750927,0.2700000000000001,-2993355.983151061,0.2700000000000001,-2642272.902340064
0.2800000000000001,-24918147.63157402,0.2800000000000001,-22282104.08820909,0.2800000000000001,-18774695.05856744,0.2800000000000001,-16209519.12569324,0.2800000000000001,-14146394.96374435,0.2800000000000001,-12444269.78673777,0.2800000000000001,-11024222.69835427,0.2800000000000001,-9829527.285402132,0.2800000000000001,-7951287.736967094,0.2800000000000001,-6562182.19216889,0.2800000000000001,-5507817.856479917,0.2800000000000001,-4689257.60700063,0.2800000000000001,-4041244.535927035,0.2800000000000001,-3519504.127327119,0.2800000000000001,-3093205.593499316
0.2900000000000001,-31411450.83578975,0.2900000000000001,-28010003.5477816,0.2900000000000001,-23443930.91474334,0.2900000000000001,-20101136.6533592,0.2900000000000001,-17426282.09510129,0.2900000000000001,-15234126.22649444,0.2900000000000001,-13417712.42850861,0.2900000000000001,-11899602.17831066,0.2900000000000001,-9534187.00284701,0.2900000000000001,-7804082.273467808,0.2900000000000001,-6503657.701156312,0.2900000000000001,-5502738.170842456,0.2900000000000001,-4716400.931436155,0.2900000000000001,-4087597.118020894,0.2900000000000001,-3576955.418856093
0.3000000000000001,-39338382.55089617,0.3000000000000001,-34960023.79009165,0.3000000000000001,-29034841.64962752,0.3000000000000001,-24700662.06436815,0.3000000000000001,-21256060.54507318,0.3000000000000001,-18455753.16271653,0.3000000000000001,-16153860.15777085,0.3000000000000001,-14244430.48231089,0.3000000000000001,-11298860.56466853,0.3000000000000001,-9170386.404747995,0.3000000000000001,-7587147.168341802,0.3000000000000001,-6379528.950943969,0.3000000000000001,-5438277.220777405,0.3000000000000001,-4690812.955520404,0.3000000000000001,-4087540.440096221
0.3100000000000001,-48912551.31203152,0.3100000000000001,-43295163.31083831,0.3100000000000001,-35640679.98756742,0.3100000000000001,-30057981.76057673,0.3100000000000001,-25658946.62123004,0.3100000000000001,-22116265.21795441,0.3100000000000001,-19230279.211426,0.3100000000000001,-16856216.13277874,0.3100000000000001,-13233293.81154502,0.3100000000000001,-10648852.43652661,0.3100000000000001,-8747191.263833521,0.3100000000000001,-7310034.532392832,0.3100000000000001,-6198742.770792336,0.3100000000000001,-5322320.24914048,0.3100000000000001,-4619234.989257176
0.3200000000000001,-60346362.8497111,0.3200000000000001,-53169872.21332286,0.3200000000000001,-43339037.66031705,0.3200000000000001,-36206308.74153065,0.3200000000000001,-30643209.38329207,0.3200000000000001,-26210450.79175067,0.3200000000000001,-22634914.1668002,0.3200000000000001,-19719848.84072424,0.3200000000000001,-15321685.74021765,0.3200000000000001,-12225640.80377612,0.3200000000000001,-9972384.25355752,0.3200000000000001,-8285075.879648179,0.3200000000000001,-6990473.931475133,0.3200000000000001,-5976285.674850588,0.3200000000000001,-5167385.58590262
0.3300000000000001,-73843169.81016958,0.3300000000000001,-64723335.65189908,0.3300000000000001,-52188189.70651422,0.3300000000000001,-43161347.14076925,0.3300000000000001,-36203309.96424365,0.3300000000000001,-30723070.58924042,0.3300000000000001,-26348897.87620397,0.3300000000000001,-22815929.67017808,0.3300000000000001,-17547221.90647279,0.3300000000000001,-13887571.90236523,0.3300000000000001,-11252756.53247803,0.3300000000000001,-9297210.031773007,0.3300000000000001,-7807938.844135712,0.3300000000000001,-6648603.63587229,0.3300000000000001,-5728948.587085258
0.3400000000000001,-89590910.93988438,0.3400000000000001,-78074985.07471927,0.3400000000000001,-62226424.6704321,0.3400000000000001,-50923343.59369662,0.3400000000000001,-42323382.21503253,0.3400000000000001,-35632835.35976479,0.3400000000000001,-30350478.11669595,0.3400000000000001,-26124370.30852486,0.3400000000000001,-19894775.66722323,0.3400000000000001,-15624004.63059516,0.3400000000000001,-12581027.93581802,0.3400000000000001,-10341539.25312637,0.3400000000000001,-8647899.842377756,0.3400000000000001,-7337189.478495479,0.3400000000000001,-6302641.696821266
0.3500000000000001,-107758528.3913971,0.3500000000000001,-93323253.15662977,0.3500000000000001,-73474585.18532342,0.3500000000000001,-59481543.32923913,0.3500000000000001,-48982145.73016728,0.3500000000000001,-40916982.74205722,0.3500000000000001,-34618932.26084022,0.3500000000000001,-29627575.23335028,0.3500000000000001,-22352816.71405108,0.3500000000000001,-17427863.97248078,0.3500000000000001,-13953079.17641624,0.3500000000000001,-11415845.8362275,0.3500000000000001,-9509350.476483848,0.3500000000000001,-8041804.392884683,0.3500000000000001,-6888709.019689079
0.3600000000000002,-128495703.589846,0.3600000000000002,-110547643.9946047,0.3600000000000002,-85940979.63916549,0.3600000000000002,-68819699.92909916,0.3600000000000002,-56157788.48351718,0.3600000000000002,-46555117.07617602,0.3600000000000002,-39137359.61855169,0.3600000000000002,-33312339.15479193,0.3600000000000002,-24914064.79066616,0.3600000000000002,-19295617.19598209,0.3600000000000002,-15367591.62277695,0.3600000000000002,-12520083.4535897,0.3600000000000002,-10392957.91850328,0.3600000000000002,-8763499.716394207,0.3600000000000002,-7488391.880126895
0.3700000000000002,-151935303.009611,0.3700000000000002,-129813003.3807604,0.3700000000000002,-99626910.86296102,0.3700000000000002,-78920841.07123499,0.3700000000000002,-63831320.30818845,0.3700000000000002,-52531210.85253723,0.3700000000000002,-43893619.16149742,0.3700000000000002,-37170024.06966636,0.3700000000000002,-27574829.14411544,0.3700000000000002,-21226313.27854786,0.3700000000000002,-16825036.09149689,0.3700000000000002,-13655419.98168669,0.3700000000000002,-11300197.11111965,0.3700000000000002,-9503849.724515963,0.3700000000000002,-8103255.054250929
0.3800000000000002,-178196768.7896061,0.3800000000000002,-151173913.476377,0.3800000000000002,-114530734.0588665,0.3800000000000002,-89769710.94828954,0.3800000000000002,-71987429.20657215,0.3800000000000002,-58833308.33460627,0.3800000000000002,-48879313.07455471,0.3800000000000002,-41195146.77596223,0.3800000000000002,-30333370.15775382,0.3800000000000002,-23220054.89500814,0.3800000000000002,-18326349.71022934,0.3800000000000002,-14823123.53526942,0.3800000000000002,-12232421.42185252,0.3800000000000002,-10264176.60347273,0.3800000000000002,-8734537.960996365
0.3900000000000002,-207388022.6535321,0.3900000000000002,-174676865.6996494,0.3900000000000002,-130648823.2229007,0.3900000000000002,-101352151.8942779,0.3900000000000002,-80612774.95129381,0.3900000000000002,-65451274.61286473,0.3900000000000002,-54087367.49178927,0.3900000000000002,-45383008.49115358,0.3900000000000002,-33187890.52750846,0.3900000000000002,-25276407.05466751,0.3900000000000002,-19871700.260215,0.3900000000000002,-16023604.5800918,0.3900000000000002,-13190115.60020907,0.3900000000000002,-11044962.48362204,0.3900000000000002,-9382687.138927901
0.4000000000000002,-239603666.6059559,0.4000000000000002,-200358523.9295413,0.4000000000000002,-147972985.8560016,0.4000000000000002,-113651853.8980386,0.4000000000000002,-89692597.06782539,0.4000000000000002,-72373613.47044183,0.4000000000000002,-59509217.61891234,0.4000000000000002,-49727284.99005733,0.4000000000000002,-36134848.94705297,0.4000000000000002,-27393242.93471785,0.4000000000000002,-21459698.46450508,0.4000000000000002,-17255876.79470913,0.4000000000000002,-14172525.76109081,0.4000000000000002,-11845595.60295215,0.4000000000000002,-10047183.15210956
0.4100000000000002,-274918465.6136728,0.4100000000000002,-228239866.0836848,0.4100000000000002,-166485327.8369191,0.4100000000000002,-126645970.227701,0.4100000000000002,-99207167.96217124,0.4100000000000002,-79584715.30249852,0.4100000000000002,-65132733.42093182,0.4100000000000002,-54218496.97595117,0.4100000000000002,-39168178.52402313,0.4100000000000002,-29566393.28024793,0.4100000000000002,-23087291.41449672,0.4100000000000002,-18517587.38475457,0.4100000000000002,-15177765.14284786,0.4100000000000002,-12664515.95706881,0.4100000000000002,-10726705.38436251
0.4200000000000002,-313377021.8671936,0.4200000000000002,-258317835.8628416,0.4200000000000002,-186152803.5310646,0.4200000000000002,-140301680.0156352,0.4200000000000002,-109129760.3182425,0.4200000000000002,-87063784.718586,0.4200000000000002,-70941788.87349999,0.4200000000000002,-58843999.69577853,0.4200000000000002,-42279714.7975259,0.4200000000000002,-31790231.2759341,0.4200000000000002,-24750380.06289484,0.4200000000000002,-19805614.06406569,0.4200000000000002,-16203369.72990979,0.4200000000000002,-13499723.40370843,0.4200000000000002,-11419593.03023608
0.4300000000000002,-354982594.5308755,0.4300000000000002,-290557684.2845129,0.4300000000000002,-206924200.2954838,0.4300000000000002,-154575636.4299656,0.4300000000000002,-119427356.1072863,0.4300000000000002,-94786162.77451843,0.4300000000000002,-76917848.61944023,0.4300000000000002,-63589647.00133458,0.4300000000000002,-45460767.8157998,0.4300000000000002,-34059049.4481564,0.4300000000000002,-26444997.55137708,0.4300000000000002,-21117068.73599177,0.4300000000000002,-17247155.50172186,0.4300000000000002,-14349514.06549059,0.4300000000000002,-12124482.04953231
0.4400000000000002,-399689390.6631863,0.4400000000000002,-324889765.5171085,0.4400000000000002,-228731827.2188001,0.4400000000000002,-169417374.5014483,0.4400000000000002,-130064430.8660931,0.4400000000000002,-102726967.3362937,0.4400000000000002,-83043285.8438427,0.4400000000000002,-68442747.68548721,0.4400000000000002,-48704421.81253039,0.4400000000000002,-36368852.39730082,0.4400000000000002,-28168726.27773326,0.4400000000000002,-22450436.17700662,0.4400000000000002,-18308148.26138084,0.4400000000000002,-15213250.95328695,0.4400000000000002,-12840952.4310083
0.4500000000000002,-447402642.815425,0.4500000000000002,-361213770.8360711,0.4500000000000002,-251498786.3433146,0.4500000000000002,-184776441.7446903,0.4500000000000002,-141009105.8664683,0.4500000000000002,-110866198.8089556,0.4500000000000002,-89305579.95158353,0.4500000000000002,-73395523.49682385,0.4500000000000002,-52007933.00440867,0.4500000000000002,-38719077.95456209,0.4500000000000002,-29921974.72810932,0.4500000000000002,-23806548.99704704,0.4500000000000002,-19387346.77377474,0.4500000000000002,-16091974.11030324,0.4500000000000002,-13570024.987434
0.4600000000000002,-497989114.8839754,0.4600000000000002,-399411340.5461565,0.4600000000000002,-275150865.5255077,0.4600000000000002,-200611733.995229,0.4600000000000002,-152240153.9859485,0.4600000000000002,-119193978.4080036,0.4600000000000002,-95701273.09912498,0.4600000000000002,-78448141.07476467,0.4600000000000002,-55374592.26483975,0.4600000000000002,-41113805.39144104,0.4600000000000002,-31708797.40915661,0.4600000000000002,-25189165.11153742,0.4600000000000002,-20488142.12169782,0.4600000000000002,-16988713.01618978,0.4600000000000002,-14314399.13988659
0.4700000000000003,-551297736.4009329,0.4700000000000003,-439365353.5210163,0.4700000000000003,-299630498.2479095,0.4700000000000003,-216900754.0810314,0.4700000000000003,-163753067.4430987,0.4700000000000003,-127714566.525195,0.4700000000000003,-102238673.279878,0.4700000000000003,-83610557.28873914,0.4700000000000003,-58814611.73224932,0.4700000000000003,-43562184.59525172,0.4700000000000003,-33537091.53360983,0.4700000000000003,-26605040.77868464,0.4700000000000003,-21616323.10145769,0.4700000000000003,-17908454.59755011,0.4700000000000003,-15078400.5152066
0.4800000000000003,-607186877.8529269,0.4800000000000003,-480981954.4478753,0.4800000000000003,-324909500.0846335,0.4800000000000003,-233646530.3251341,0.4800000000000003,-175563715.8696634,0.4800000000000003,-136448219.1353352,0.4800000000000003,-108938703.8837341,0.4800000000000003,-88902798.23697507,0.4800000000000003,-62344892.87991951,0.4800000000000003,-46078048.13463093,0.4800000000000003,-35418179.6090275,0.4800000000000003,-28063529.5606114,0.4800000000000003,-22779706.85259528,0.4800000000000003,-18857808.82714206,0.4800000000000003,-15867680.14921713
0.4900000000000003,-665552568.9965483,0.4900000000000003,-524210406.990168,0.4900000000000003,-350997652.4663997,0.4900000000000003,-250880663.9448282,0.4900000000000003,-187708862.0034973,0.4900000000000003,-145430581.7205406,0.4900000000000003,-115833829.9812363,0.4900000000000003,-94353723.99082886,0.4900000000000003,-65987820.55920152,0.4900000000000003,-48678864.31324472,0.4900000000000003,-37365925.85183997,0.4900000000000003,-29575838.95485525,0.4900000000000003,-23987510.13741404,0.4900000000000003,-19844472.63458747,0.4900000000000003,-16688753.33975654
0.5000000000000002,-726351562.6277604,0.5000000000000002,-569056471.3328812,0.5000000000000002,-377945430.4455822,0.5000000000000002,-268662070.2950534,0.5000000000000002,-200243641.7325299,0.5000000000000002,-154709937.3609207,0.5000000000000002,-122965442.7704271,0.5000000000000002,-99998663.34629662,0.5000000000000002,-69769414.12373456,0.5000000000000002,-51384299.3930769,0.5000000000000002,-39395602.06230761,0.5000000000000002,-31154119.48059078,0.5000000000000002,-25249604.71035925,0.5000000000000002,-20876611.3981002,0.5000000000000002,-17548478.57056735
0.5100000000000002,-789614605.9874514,0.5100000000000002,-615586839.6670626,0.5100000000000002,-405840720.1246772,0.5100000000000002,-287072010.3297929,0.5100000000000002,-213236763.1657178,0.5100000000000002,-164343028.0493575,0.5100000000000002,-130380333.4915442,0.5100000000000002,-105876457.6491524,0.5100000000000002,-73717223.03071158,0.5100000000000002,-54214672.01141812,0.5100000000000002,-41522715.37296763,0.5100000000000002,-32810549.94850309,0.5100000000000002,-26575786.0379238,0.5100000000000002,-21962262.21604796,0.5100000000000002,-18453562.0299149
0.5200000000000002,-855447904.0892016,0.5200000000000002,-663924436.8065504,0.5200000000000002,-434800683.0122365,0.5200000000000002,-306206668.0632204,0.5200000000000002,-226764485.8682447,0.5200000000000002,-174390292.5891121,0.5200000000000002,-138126919.1410599,0.5200000000000002,-112026436.3782105,0.5200000000000002,-77858303.77974485,0.5200000000000002,-57189528.10257415,0.5200000000000002,-43761959.77643073,0.5200000000000002,-34556538.19422326,0.5200000000000002,-27975146.08258167,0.5200000000000002,-23108829.80268094,0.5200000000000002,-19410144.30155457
0.5300000000000002,-924023518.4624234,0.5300000000000002,-714236308.5613801,0.5300000000000002,-464960659.1200117,0.5300000000000002,-326168723.4867133,0.5300000000000002,-240904417.2376996,0.5300000000000002,-184911260.3033825,0.5300000000000002,-146251755.0585769,0.5300000000000002,-118485719.7382272,0.5300000000000002,-82217507.39769843,0.5300000000000002,-60326479.01239561,0.5300000000000002,-46126385.51091863,0.5300000000000002,-36402102.239964,0.5300000000000002,-29455596.73039967,0.5300000000000002,-24322709.45694828,0.5300000000000002,-20423495.37371689
0.5400000000000003,-995561485.106789,0.5400000000000003,-766716900.6165183,0.5400000000000003,-496462111.2412754,0.5400000000000003,-347059187.5401807,0.5400000000000003,-255729921.9966094,0.5400000000000003,-195960611.9372492,0.5400000000000003,-154796672.1557192,0.5400000000000003,-125287077.3492395,0.5400000000000003,-86816190.07265459,0.5400000000000003,-63640361.87302776,0.5400000000000003,-48626818.53147265,0.5400000000000003,-38355449.72479025,0.5400000000000003,-31023553.58747149,0.5400000000000003,-25609042.07465739,0.5400000000000003,-21497820.07352454
0.5500000000000003,-1070307366.396958,0.5500000000000003,-821569711.7761021,0.5500000000000003,-529441266.9152072,0.5500000000000003,-368970380.9394723,0.5500000000000003,-271305620.5364709,0.5500000000000003,-207585169.2384897,0.5500000000000003,-163796683.559624,0.5500000000000003,-132457422.009691,0.5500000000000003,-91671365.01427427,0.5500000000000003,-67142718.33952099,0.5500000000000003,-51271518.23179819,0.5500000000000003,-40422741.31866778,0.5500000000000003,-32683765.64249386,0.5500000000000003,-26971587.38215581,0.5500000000000003,-22636161.11159687
0.5600000000000003,-1148508852.772576,0.5600000000000003,-878989823.8553846,0.5600000000000003,-564019555.7734343,0.5600000000000003,-391980518.4303243,0.5600000000000003,-287684157.7261267,0.5600000000000003,-219821868.9745754,0.5600000000000003,-173278658.8451754,0.5600000000000003,-140016910.6016774,0.5600000000000003,-96795252.80610386,0.5600000000000003,-70841550.43579845,0.5600000000000003,-54066037.18379227,0.5600000000000003,-42608007.09968431,0.5600000000000003,-34439264.34937342,0.5600000000000003,-28412692.76504898,0.5600000000000003,-23840380.25306186
0.5700000000000003,-1230394260.284172,0.5700000000000003,-939149010.309912,0.5700000000000003,-600296376.4495993,0.5700000000000003,-416150012.170309,0.5700000000000003,-304904209.4622879,0.5700000000000003,-232696641.424028,0.5700000000000003,-183260675.2821414,0.5700000000000003,-147978564.3952333,0.5700000000000003,-102195158.2207604,0.5700000000000003,-74741296.77843735,0.5700000000000003,-57013238.05608106,0.5700000000000003,-44913179.94508696,0.5700000000000003,-36291402.83487174,0.5700000000000003,-29933333.44452691,0.5700000000000003,-25111197.25912064
0.5800000000000003,-1316154742.131169,0.5800000000000003,-1002184303.520038,0.5800000000000003,-638344281.5191771,0.5800000000000003,-441519374.7980105,0.5800000000000003,-322989569.3196675,0.5800000000000003,-246224044.4042407,0.5800000000000003,-193751916.6274285,0.5800000000000003,-156348298.952825,0.5800000000000003,-107873595.0044012,0.5800000000000003,-78842971.72376415,0.5800000000000003,-60113424.35120191,0.5800000000000003,-47338212.26873489,0.5800000000000003,-38239958.4374807,0.5800000000000003,-31533202.22490583,0.5800000000000003,-26448268.58114359
0.5900000000000003,-1405931061.478434,0.5900000000000003,-1068190235.167266,0.5900000000000003,-678206380.4359545,0.5900000000000003,-468108479.7017397,0.5900000000000003,-341949106.0969067,0.5900000000000003,-260407484.339789,0.5900000000000003,-204752985.2525316,0.5900000000000003,-165125256.0538916,0.5900000000000003,-113828586.9042861,0.5900000000000003,-83144417.10734816,0.5900000000000003,-63364548.04882042,0.5900000000000003,-49881248.03400356,0.5900000000000003,-40283276.58895634,0.5900000000000003,-33210831.16354318,0.5900000000000003,-27850291.35167895
0.6000000000000003,-1499805026.665689,0.6000000000000003,-1137214517.883023,0.6000000000000003,-719895613.801789,0.6000000000000003,-495916895.5367059,0.6000000000000003,-361777380.1121995,0.6000000000000003,-275239865.9519522,0.6000000000000003,-216256507.3870811,0.6000000000000003,-174302344.5046342,0.6000000000000003,-120054085.6020092,0.6000000000000003,-87640626.13764665,0.6000000000000003,-66762465.10048364,0.6000000000000003,-52538828.28206081,0.6000000000000003,-42418439.19397509,0.6000000000000003,-34963731.77028902,0.6000000000000003,-29315121.78718504
0.6100000000000003,-1597795209.666777,0.6100000000000003,-1209256693.575207,0.6100000000000003,-763395508.3443747,0.6100000000000003,-524925022.3206146,0.6100000000000003,-382455729.0220533,0.6100000000000003,-290704535.8088485,0.6100000000000003,-228247932.484109,0.6100000000000003,-183866914.9501635,0.6100000000000003,-126540459.3902678,0.6100000000000003,-92324108.66403732,0.6100000000000003,-70301217.00327389,0.6100000000000003,-55306114.05926075,0.6100000000000003,-44641445.14586355,0.6100000000000003,-36788543.9794338,0.6100000000000003,-30839900.11988662
0.6200000000000003,-1699856318.809588,0.6200000000000003,-1284269182.911257,0.6200000000000003,-808662039.4596395,0.6200000000000003,-555095791.2909042,0.6200000000000003,-403953666.3717281,0.6200000000000003,-306776411.7392561,0.6200000000000003,-240706449.2245025,0.6200000000000003,-193801511.1042168,0.6200000000000003,-133275017.961647,0.6200000000000003,-97185275.10619488,0.6200000000000003,-73973322.57483792,0.6200000000000003,-58177115.09490388,0.6200000000000003,-46947394.10473134,0.6200000000000003,-38681186.92901739,0.6200000000000003,-32421176.4571158
0.6300000000000003,-1805881511.851217,0.6300000000000003,-1362160174.543816,0.6300000000000003,-855626274.6862416,0.6300000000000003,-586376732.7385527,0.6300000000000003,-426230468.4456092,0.6300000000000003,-323423214.4731986,0.6300000000000003,-253605959.195559,0.6300000000000003,-204084654.1447669,0.6300000000000003,-140242547.7700666,0.6300000000000003,-102212822.4971366,0.6300000000000003,-77770068.46125354,0.6300000000000003,-61144915.86900847,0.6300000000000003,-49330667.20063503,0.6300000000000003,-40637006.5925609,0.6300000000000003,-34055033.59575851
0.6400000000000003,-1915706950.783091,0.6400000000000003,-1442797845.703741,0.6400000000000003,-904197526.1089842,0.6400000000000003,-618702255.8023504,0.6400000000000003,-449236852.8951923,0.6400000000000003,-340606737.7927183,0.6400000000000003,-266916063.8972711,0.6400000000000003,-214691628.0581228,0.6400000000000003,-147425839.1928445,0.6400000000000003,-107394110.5826754,0.6400000000000003,-81681790.07243448,0.6400000000000003,-64201893.04300661,0.6400000000000003,-51785100.10893442,0.6400000000000003,-42650916.71328674,0.6400000000000003,-35737203.95214849
0.6500000000000004,-2029117965.442181,0.6500000000000004,-1526015476.965312,0.6500000000000004,-954266791.3900473,0.6500000000000004,-651996017.919598,0.6500000000000004,-472916674.9908367,0.6500000000000004,-358284108.9038658,0.6500000000000004,-280603031.7950291,0.6500000000000004,-225595241.9304488,0.6500000000000004,-154806191.6536959,0.6500000000000004,-112715519.1507639,0.6500000000000004,-85698136.89654896,0.6500000000000004,-67339919.88147698,0.6500000000000004,-54304145.20582295,0.6500000000000004,-44717530.48069214,0.6500000000000004,-37463178.56401271
0.6600000000000004,-2145856277.11028,0.6600000000000004,-1611617096.141728,0.6600000000000004,-1005710307.616372,0.6600000000000004,-686173288.786597,0.6600000000000004,-497208584.7470035,0.6600000000000004,-376409002.5008437,0.6600000000000004,-294630720.4635334,0.6600000000000004,-236766551.3170154,0.6600000000000004,-162363886.5147569,0.6600000000000004,-118162780.1448629,0.6600000000000004,-89808317.80619256,0.6600000000000004,-70550554.51178353,0.6600000000000004,-56881020.44134662,0.6600000000000004,-46831281.11990712,0.6600000000000004,-39228306.70967392
0.6700000000000004,-2265627818.507791,0.6700000000000004,-1699383351.870279,0.6700000000000004,-1058393078.975827,0.6700000000000004,-721143235.3015065,0.6700000000000004,-522047601.7724016,0.6700000000000004,-394932781.1034732,0.6700000000000004,-308961435.2934238,0.6700000000000004,-248175525.5481133,0.6700000000000004,-170078620.3662249,0.6700000000000004,-123721279.965235,0.6700000000000004,-94001323.26695098,0.6700000000000004,-73825209.82589899,0.6700000000000004,-59508843.30092503,0.6700000000000004,-48986530.14367474,0.6700000000000004,-41027885.15846604
0.6800000000000004,-2388110765.593329,0.6800000000000004,-1789077374.624302,0.6800000000000004,-1112172269.656768,0.6800000000000004,-756811071.4571207,0.6800000000000004,-547366575.6413093,0.6800000000000004,-413805541.5832103,0.6800000000000004,-323556711.4224232,0.6800000000000004,-259791651.666564,0.6800000000000004,-177929893.6529394,0.6800000000000004,-129376328.891847,0.6800000000000004,-98266122.44135217,0.6800000000000004,-77155303.6327211,0.6800000000000004,-62180748.84635342,0.6800000000000004,-51177662.50897487,0.6800000000000004,-42857236.46634758
0.6900000000000004,-2512963467.585698,0.6900000000000004,-1880450432.414541,0.6900000000000004,-1166900378.903942,0.6900000000000004,-793080031.7624977,0.6900000000000004,-573097508.7418011,0.6900000000000004,-432977053.9612859,0.6900000000000004,-338378009.9437711,0.6900000000000004,-271584468.9560285,0.6900000000000004,-185897351.5644079,0.6900000000000004,-135113395.8894292,0.6900000000000004,-102591834.1263425,0.6900000000000004,-80532388.37523521,0.6900000000000004,-64889991.3740731,0.6900000000000004,-53399168.35601413,0.6900000000000004,-44711776.08583827
0.7000000000000004,-2639832025.285249,0.7000000000000004,-1973247231.842736,0.7000000000000004,-1222428137.187701,0.7000000000000004,-829853139.3622527,0.7000000000000004,-599172726.4759932,0.7000000000000004,-452397583.920044,0.7000000000000004,-353387323.2753044,0.7000000000000004,-283524030.8780294,0.7000000000000004,-193961075.8655388,0.7000000000000004,-140918308.2292207,0.7000000000000004,-106967871.3012272,0.7000000000000004,-83948260.3547595,0.7000000000000004,-67630029.71555455,0.7000000000000004,-55645711.39579219,0.7000000000000004,-46587068.37638586
0.7100000000000004,-2768357325.286469,0.7100000000000004,-2067210753.77286,0.7100000000000004,-1278607081.812945,0.7100000000000004,-867034751.0724589,0.7100000000000004,-625525886.6417952,0.7100000000000004,-472018595.1763688,0.7100000000000004,-368547687.9400292,0.7100000000000004,-295581293.7491319,0.7100000000000004,-202101827.8842893,0.7100000000000004,-146777416.392911,0.7100000000000004,-111384059.7987662,0.7100000000000004,-87395048.9545643,0.7100000000000004,-70394596.63073526,0.7100000000000004,-57912184.35196563,0.7100000000000004,-48478871.87792829
0.7200000000000004,-2898181389.928179,0.7200000000000004,-2162086547.486563,0.7200000000000004,-1335291787.426423,0.7200000000000004,-904531871.2602787,0.7200000000000004,-652092825.904442,0.7200000000000004,-491793331.9634047,0.7200000000000004,-383823605.9284006,0.7200000000000004,-307728433.6607382,0.7200000000000004,-210301244.1925898,0.7200000000000004,-152677725.6035017,0.7200000000000004,-115830732.2362845,0.7200000000000004,-90865286.81973234,0.7200000000000004,-73177753.10398082,0.7200000000000004,-60193752.14737412,0.7200000000000004,-50383174.44170682
0.7300000000000004,-3028952950.139006,0.7300000000000004,-2257626438.067625,0.7300000000000004,-1392341741.887559,0.7300000000000004,-942255234.8854599,0.7300000000000004,-678812246.4630855,0.7300000000000004,-511677285.3364318,0.7300000000000004,-399181378.2633347,0.7300000000000004,-319939094.9524028,0.7300000000000004,-218541987.6021454,0.7300000000000004,-158606996.0426503,0.7300000000000004,-120298798.8465513,0.7300000000000004,-94351962.32150176,0.7300000000000004,-75973928.63671513,0.7300000000000004,-62485883.75035545,0.7300000000000004,-52296218.99406915
0.7400000000000004,-3160332190.558958,0.7400000000000004,-2353591628.854538,0.7400000000000004,-1449622870.800152,0.7400000000000004,-980120167.051396,0.7400000000000004,-705626250.2952681,0.7400000000000004,-531628549.8304141,0.7400000000000004,-414589356.348087,0.7400000000000004,-332188574.9775596,0.7400000000000004,-226807856.9355017,0.7400000000000004,-164553814.3568365,0.7400000000000004,-124779797.2243283,0.7400000000000004,-97848555.90859804,0.7400000000000004,-78777948.8387849,0.7400000000000004,-64784373.75852357,0.7400000000000004,-54214520.8393253
0.7500000000000004,-3291994653.071453,0.7500000000000004,-2449755203.905085,0.7500000000000004,-1507008724.574493,0.7500000000000004,-1018047232.037597,0.7500000000000004,-732480731.6970179,0.7500000000000004,-551608079.1380125,0.7500000000000004,-430018118.1372078,0.7500000000000004,-344453950.9439247,0.7500000000000004,-235083859.6246638,0.7500000000000004,-170507639.4263969,0.7500000000000004,-129265923.2553903,0.7500000000000004,-101349062.1268101,0.7500000000000004,-81585051.75340469,0.7500000000000004,-67085354.89963154,0.7500000000000004,-56134877.48808464
0.7600000000000005,-3423634315.772475,0.7600000000000005,-2545904054.346945,0.7600000000000005,-1564381350.161605,0.7600000000000005,-1055962689.003354,0.7600000000000005,-759325641.2385949,0.7600000000000005,-571579850.9618735,0.7600000000000005,-445440577.1472799,0.7600000000000005,-356714155.2845942,0.7600000000000005,-243356251.5468771,0.7600000000000005,-176458825.5819851,0.7600000000000005,-133750045.628571,0.7600000000000005,-104847999.1780038,0.7600000000000005,-84390894.41369896,0.7600000000000005,-69385302.67510395,0.7600000000000005,-58054372.03193986
0.7700000000000005,-3554965889.199876,0.7700000000000005,-2641840267.191151,0.7700000000000005,-1621631875.616971,0.7700000000000005,-1093798774.420353,0.7700000000000005,-786115135.7797381,0.7700000000000005,-591510952.0689839,0.7700000000000005,-460832032.8546697,0.7700000000000005,-368950006.3515481,0.7700000000000005,-251612548.6529583,0.7700000000000005,-182398626.519808,0.7700000000000005,-138225706.3615786,0.7700000000000005,-108340407.9016916,0.7700000000000005,-87191551.13130116,0.7700000000000005,-71681033.3692082,0.7700000000000005,-59970371.08006881
0.7800000000000005,-3685726390.36486,0.7800000000000005,-2737382025.774482,0.7800000000000005,-1678660839.549558,0.7800000000000005,-1131493832.924653,0.7800000000000005,-812807629.9203027,0.7800000000000005,-611371594.9075013,0.7800000000000005,-476170171.1677519,0.7800000000000005,-381144201.2659733,0.7800000000000005,-259841514.9090551,0.7800000000000005,-188319183.1126347,0.7800000000000005,-142687109.7149094,0.7800000000000005,-111821842.0094959,0.7800000000000005,-89983504.96978427,0.7800000000000005,-73969696.60432318,0.7800000000000005,-61880518.23552603
0.7900000000000005,-3815676068.051011,0.7900000000000005,-2832364077.765602,0.7900000000000005,-1735378299.513438,0.7900000000000005,-1168992318.831987,0.7900000000000005,-839365764.3188528,0.7900000000000005,-631135077.023399,0.7900000000000005,-491435023.4771746,0.7900000000000005,-393281277.5623216,0.7900000000000005,-268033130.8926121,0.7900000000000005,-194213498.1629079,0.7900000000000005,-147129101.7438681,0.7900000000000005,-115288351.2997294,0.7900000000000005,-92763633.76935647,0.7900000000000005,-76248763.5496591,0.7900000000000005,-63782724.0264798
0.8000000000000005,-3944598760.497029,0.8000000000000005,-2926637830.046201,0.8000000000000005,-1791703753.779216,0.8000000000000005,-1206244690.219519,0.8000000000000005,-865756305.8201225,0.8000000000000005,-650777694.0293733,0.8000000000000005,-506608892.3508191,0.8000000000000005,-405347549.8800839,0.8000000000000005,-276178547.0940726,0.8000000000000005,-200075400.9225466,0.8000000000000005,-151547142.5648501,0.8000000000000005,-118736459.4400183,0.8000000000000005,-95529191.97541602,0.8000000000000005,-78516011.79614247,0.8000000000000005,-65675153.12776829
0.8100000000000005,-4072301769.646567,0.8100000000000005,-3020071130.283889,0.8100000000000005,-1847565909.998546,0.8100000000000005,-1243207216.440333,0.8100000000000005,-891949993.4267117,0.8100000000000005,-670278616.1266873,0.8100000000000005,-521676251.3202105,0.8100000000000005,-417331027.4434556,0.8100000000000005,-284270025.6114513,0.8100000000000005,-205899503.9349124,0.8100000000000005,-155937273.2060634,0.8100000000000005,-122163137.7435455,0.8100000000000005,-98277789.39247803,0.8100000000000005,-80769507.80225022,0.8100000000000005,-67556209.61780339
0.8200000000000005,-4198615335.457882,0.8200000000000005,-3112547793.233023,0.8200000000000005,-1902902332.335948,0.8200000000000005,-1279841718.382779,0.8200000000000005,-917921342.9491134,0.8200000000000005,-689619737.2448462,0.8200000000000005,-536623625.4639699,0.8200000000000005,-429221317.4706241,0.8200000000000005,-292300873.5151969,0.8200000000000005,-211681154.4580217,0.8200000000000005,-160296078.6892769,0.8200000000000005,-125565776.1901037,0.8200000000000005,-101007367.8453492,0.8200000000000005,-83007587.70127092,0.8200000000000005,-69424520.92059867
0.8300000000000005,-4323391790.078103,0.8300000000000005,-3203966926.257735,0.8300000000000005,-1957658996.0195,0.8300000000000005,-1316115258.906443,0.8300000000000005,-943648421.7930173,0.8300000000000005,-708785504.8285375,0.8300000000000005,-551439458.6909482,0.8300000000000005,-441009519.0166767,0.8300000000000005,-300265370.7331441,0.8300000000000005,-217416382.4230694,0.8300000000000005,-164620648.7611751,0.8300000000000005,-128942152.7665437,0.8300000000000005,-103716176.5887005,0.8300000000000005,-85228837.14582124,0.8300000000000005,-71278920.98751128
0.8400000000000005,-4446504465.9074,0.8400000000000005,-3294242103.861392,0.8400000000000005,-2011789775.183495,0.8400000000000005,-1351999798.813659,0.8400000000000005,-969112603.878805,0.8400000000000005,-727762737.2217796,0.8400000000000005,-566113972.8023134,0.8400000000000005,-452688111.1073573,0.8400000000000005,-308158694.8785599,0.8400000000000005,-223101846.580928,0.8400000000000005,-168908537.4693392,0.8400000000000005,-132290402.0290413,0.8400000000000005,-106402747.1696646,0.8400000000000005,-87432070.75454205,0.8400000000000005,-73118433.18146002
0.8500000000000005,-4567846424.328575,0.8500000000000005,-3383300435.533402,0.8500000000000005,-2065255886.590923,0.8500000000000005,-1387471831.585917,0.8500000000000005,-994298313.2179886,0.8500000000000005,-746540434.5333611,0.8500000000000005,-580639022.6072147,0.8500000000000005,-464250838.3941147,0.8500000000000005,-315976845.0354837,0.8500000000000005,-228734780.2029861,0.8500000000000005,-173157722.5666739,0.8500000000000005,-135608983.627588,0.8500000000000005,-109065868.3199683,0.8500000000000005,-89616311.62214521,0.8500000000000005,-74942253.24066706
0.8600000000000005,-4687329063.859345,0.8600000000000005,-3471081565.423691,0.8600000000000005,-2118025308.502596,0.8600000000000005,-1422512008.020506,0.8600000000000005,-1019192763.251674,0.8600000000000005,-765109587.8493859,0.8600000000000005,-595007950.6049206,0.8600000000000005,-475692596.9716225,0.8600000000000005,-323716566.13495,0.8600000000000005,-234312937.4377653,0.8600000000000005,-177366565.5336267,0.8600000000000005,-138896651.3845297,0.8600000000000005,-111704561.3370097,0.8600000000000005,-91780771.25935988,0.8600000000000005,-76749732.62094754
0.8700000000000006,-4804880658.184344,0.8700000000000006,-3557536636.525988,0.8700000000000006,-2170072190.742448,0.8700000000000006,-1457104759.917852,0.8700000000000006,-1043785697.727882,0.8700000000000006,-783462990.7162617,0.8700000000000006,-609215444.0464268,0.8700000000000006,-487009322.4605239,0.8700000000000006,-331375275.2106535,0.8700000000000006,-239834541.186042,0.8700000000000006,-181533772.8330184,0.8700000000000006,-142152423.3860346,0.8700000000000006,-114318056.308738,0.8700000000000006,-93924830.2449902,0.8700000000000006,-78540362.44615163
0.8800000000000006,-4920444866.349634,0.8800000000000006,-3642627246.43313,0.8800000000000006,-2221376268.995537,0.8800000000000006,-1491237930.141604,0.8800000000000006,-1068069137.68602,0.8800000000000006,-801595055.9664457,0.8800000000000006,-623257396.5604359,0.8800000000000006,-498197881.9771675,0.8800000000000006,-338950990.5167142,0.8800000000000006,-245298233.1465753,0.8800000000000006,-185658358.858892,0.8800000000000006,-145375553.4288425,0.8800000000000006,-116905769.4457823,0.8800000000000006,-96048019.79874831,0.8800000000000006,-80313758.23590299
0.8900000000000006,-5033979249.651592,0.8900000000000006,-3726324416.489916,0.8900000000000006,-2271922293.628924,0.8900000000000006,-1524902414.731987,0.8900000000000006,-1092037138.042067,0.8900000000000006,-819501640.2082316,0.8900000000000006,-637130775.9772967,0.8900000000000006,-509255971.192062,0.8900000000000006,-346442264.2246878,0.8900000000000006,-250703026.5025777,0.8900000000000006,-189739610.90873,0.8900000000000006,-148565504.0646132,0.8900000000000006,-119467281.7059771,0.8900000000000006,-98150004.42058147,0.8900000000000006,-82069645.52812985
0.9000000000000006,-5145453822.621493,0.9000000000000006,-3808607591.418547,0.9000000000000006,-2321699480.88377,0.9000000000000006,-1558091821.311492,0.9000000000000006,-1115685556.332837,0.9000000000000006,-837179877.6515725,0.9000000000000006,-650833499.5105518,0.9000000000000006,-520182017.3188154,0.9000000000000006,-353848119.1909299,0.9000000000000006,-256048261.5648479,0.9000000000000006,-193777056.3968042,0.9000000000000006,-151721921.3999095,0.9000000000000006,-122002318.8305604,0.9000000000000006,-100230565.6893981,0.9000000000000006,-83807846.47059692
0.9100000000000006,-5254849659.119209,0.9100000000000006,-3889463682.286573,0.9100000000000006,-2370700992.162179,0.9100000000000006,-1590802146.782521,0.9100000000000006,-1139011835.380179,0.9100000000000006,-854628024.3918356,0.9100000000000006,-664364317.0558885,0.9100000000000006,-530975088.5732172,0.9100000000000006,-361167990.0967835,0.9100000000000006,-261333564.5593574,0.9100000000000006,-197770432.4340732,0.9100000000000006,-154844611.7402317,0.9100000000000006,-124510732.8570959,0.9100000000000006,-102289587.2706655,0.9100000000000006,-85528267.42011219
0.9200000000000006,-5362157568.958793,0.9200000000000006,-3968886162.045699,0.9200000000000006,-2418923445.321691,0.9200000000000006,-1623031476.2716,0.9200000000000006,-1162014800.969454,0.9200000000000006,-871845313.8162646,0.9200000000000006,-677722703.0369684,0.9200000000000006,-541634810.393225,0.9200000000000006,-368401669.1097038,0.9200000000000006,-266558809.6427024,0.9200000000000006,-201719657.8250298,0.9200000000000006,-157933520.1101949,0.9200000000000006,-126992485.1303399,0.9200000000000006,-104327041.1473367,0.9200000000000006,-87230887.55946313
0.9300000000000006,-5467376855.701244,0.9300000000000006,-4046874219.782792,0.9300000000000006,-2466366460.378175,0.9300000000000006,-1654779704.412227,0.9300000000000006,-1184694475.090189,0.9300000000000006,-888831823.4259118,0.9300000000000006,-690908756.9599556,0.9300000000000006,-552161288.5100858,0.9300000000000006,-375549256.0898151,0.9300000000000006,-271724084.1457096,0.9300000000000006,-205624807.472454,0.9300000000000006,-160988710.6373995,0.9300000000000006,-129447630.7977282,0.9300000000000006,-106342975.0610004,0.9300000000000006,-88915748.51968773
0.9400000000000006,-5570514162.236478,0.9400000000000006,-4123431977.261077,0.9400000000000006,-2513032240.781634,0.9400000000000006,-1686048279.360259,0.9400000000000006,-1207051904.849236,0.9400000000000006,-905588353.0697896,0.9400000000000006,-703923112.6269637,0.9400000000000006,-562555038.8028228,0.9400000000000006,-382611113.2698455,0.9400000000000006,-276829656.9808708,0.9400000000000006,-209486089.134987,0.9400000000000006,-164010348.7531901,0.9400000000000006,-131876304.7495999,0.9400000000000006,-108337501.1290575,0.9400000000000006,-90582944.9780899
0.9500000000000006,-5671582407.484006,0.9500000000000006,-4198567769.246141,0.9500000000000006,-2558925190.439804,0.9500000000000006,-1716839969.384812,0.9500000000000006,-1229089006.824248,0.9500000000000006,-922116314.3580649,0.9500000000000006,-716766855.7952538,0.9500000000000006,-572816923.7472434,0.9500000000000006,-389587824.2630241,0.9500000000000006,-281875950.1006333,0.9500000000000006,-213303822.4480053,0.9500000000000006,-166998685.1379421,0.9500000000000006,-134278708.9446069,0.9500000000000006,-110310785.588097,0.9500000000000006,-92232616.18976836
0.9600000000000006,-5770599814.901554,0.9600000000000006,-4272293487.45795,0.9600000000000006,-2604051565.893473,0.9600000000000006,-1747158651.453474,0.9600000000000006,-1250808426.36506,0.9600000000000006,-938417630.8483813,0.9600000000000006,-729441449.9476151,0.9600000000000006,-582948095.1811244,0.9600000000000006,-396480157.1999619,0.9600000000000006,-286863512.8583328,0.9600000000000006,-217078420.0935191,0.9600000000000006,-169954041.32025,0.9600000000000006,-136655101.0467398,0.9600000000000006,-112263039.6026287,0.9600000000000006,-93864938.40149753
0.9700000000000006,-5867589031.425915,0.9700000000000006,-4344623986.712289,0.9700000000000006,-2648419162.463685,0.9700000000000006,-1777009120.916043,0.9700000000000006,-1272213411.160194,0.9700000000000006,-954494648.474667,0.9700000000000006,-741948669.7521726,0.9700000000000006,-592949943.0438147,0.9700000000000006,-403289031.7583143,0.9700000000000006,-291792999.0994403,0.9700000000000006,-220810370.988111,0.9700000000000006,-172876796.8271946,0.9700000000000006,-139005784.2911785,0.9700000000000006,-114194511.0710877,0.9700000000000006,-95480118.09101288
0.9800000000000006,-5962576333.906561,0.9800000000000006,-4415576550.8602,0.9800000000000006,-2692037032.766153,0.9800000000000006,-1806396921.16692,0.9800000000000006,-1293307698.253367,0.9800000000000006,-970350055.602607,0.9800000000000006,-754290541.7321134,0.9800000000000006,-602824049.7069706,0.9800000000000006,-410015489.8252932,0.9800000000000006,-296665146.7958319,0.9800000000000006,-224500225.3477385,0.9800000000000006,-175767377.7755733,0.9800000000000006,-141331098.490723,0.9800000000000006,-116105477.3568292,0.9800000000000006,-97078385.97141746
0.9900000000000007,-6055590918.951019,0.9900000000000007,-4485170415.450167,0.9900000000000007,-2734915235.695587,0.9900000000000007,-1835328192.018076,0.9900000000000007,-1314095413.610242,0.9900000000000007,-985986812.0435079,0.9900000000000007,-766469291.6307199,0.9900000000000007,-612572149.4889641,0.9900000000000007,-416660669.520114,0.9900000000000007,-301480760.028031,0.9900000000000007,-228148581.483268,0.9900000000000007,-178626246.7906207,0.9900000000000007,-143631412.0921608,0.9900000000000007,-117996238.8700828,0.9900000000000007,-98659991.69911034
1.000000000000001,-6146664271.313078,1.000000000000001,-4553426343.579452,1.000000000000001,-2777064613.798635,1.000000000000001,-1863809535.427016,1.000000000000001,-1334580983.289141,1.000000000000001,-1001408086.331601,1.000000000000001,-778487297.9412298,1.000000000000001,-622196092.9352325,1.000000000000001,-423225782.299021,1.000000000000001,-306240693.1183516,1.000000000000001,-231756074.1797056,1.000000000000001,-181453894.1383748,1.000000000000001,-145907115.1918961,1.000000000000001,-119867113.4269297,1.000000000000001,-100225199.223818
1.010000000000001,-6235829605.458117,1.010000000000001,-4620366251.125259,1.010000000000001,-2818496596.855703,1.010000000000001,-1891847897.184891,1.010000000000001,-1354769055.253219,1.010000000000001,-1016617200.563376,1.010000000000001,-790347051.0689882,1.010000000000001,-631697815.447379,1.010000000000001,-429712092.8676547,1.010000000000001,-310945836.7202289,1.010000000000001,-235323364.5143103,1.010000000000001,-184250829.9598697,1.010000000000001,-148158613.4219034,1.010000000000001,-121718431.3129147,1.010000000000001,-101774282.7206673
1.020000000000001,-6323121374.672869,1.020000000000001,-4686012877.415486,1.020000000000001,-2859223029.462799,1.020000000000001,-1919450463.168718,1.020000000000001,-1374664430.868618,1.020000000000001,-1031617582.106843,1.020000000000001,-802051117.6028597,1.020000000000001,-641079309.8524212,1.020000000000001,-436120901.632514,1.020000000000001,-315597105.6746449,1.020000000000001,-238851130.9732629,1.020000000000001,-187017577.4989899,1.020000000000001,-150386322.6201295,1.020000000000001,-123550530.9814811,1.020000000000001,-103307523.0464306
1.030000000000001,-6408574842.004821,1.030000000000001,-4750389497.382492,1.030000000000001,-2899256020.426937,1.030000000000001,-1946624568.788554,1.030000000000001,-1394272005.157358,1.030000000000001,-1046412721.509195,1.030000000000001,-813602109.1900479,1.030000000000001,-650342602.5182246,1.030000000000001,-442453529.4338204,1.030000000000001,-320195428.4523929,1.030000000000001,-242340061.7327398,1.030000000000001,-189754667.2207251,1.030000000000001,-152590664.2034486,1.030000000000001,-125363755.3206879,1.030000000000001,-104825204.6648418
1.040000000000001,-6492225707.374387,1.040000000000001,-4813519671.312492,1.040000000000001,-2938607811.850495,1.040000000000001,-1973377620.308529,1.040000000000001,-1413596714.91086,1.040000000000001,-1061006135.960224,1.040000000000001,-825002655.5315785,1.040000000000001,-659489732.6397719,1.040000000000001,-448711304.3150833,1.040000000000001,-324741738.0105224,1.040000000000001,-245790847.9774076,1.040000000000001,-192462631.7222097,1.040000000000001,-154772061.1658284,1.040000000000001,-127158448.4254647,1.040000000000001,-106327612.9890416
1.050000000000001,-6574109785.364623,1.050000000000001,-4875427028.436065,1.050000000000001,-2977290665.869146,1.050000000000001,-1999717026.783099,1.050000000000001,-1432643493.815207,1.050000000000001,-1075401337.703268,1.050000000000001,-836255381.0423309,1.050000000000001,-668522734.3423198,1.050000000000001,-454895550.0990844,1.050000000000001,-329236963.9016131,1.050000000000001,-249204178.1372435,1.050000000000001,-195142001.3450897,1.050000000000001,-156930934.6292917,1.050000000000001,-128934952.8166405,1.050000000000001,-107815032.0925403
1.060000000000001,-6654262728.431987,1.060000000000001,-4936135080.783232,1.060000000000001,-3015316767.117018,1.060000000000001,-2025650141.422001,1.060000000000001,-1451417233.790521,1.060000000000001,-1089601806.823022,1.060000000000001,-847362884.7485718,1.060000000000001,-677443621.2703918,1.060000000000001,-461007576.5553114,1.060000000000001,-333682025.4854912,1.060000000000001,-252580732.9317199,1.060000000000001,-197793300.404044,1.060000000000001,-159067700.8802904,1.060000000000001,-130693607.0521369,1.060000000000001,-109287742.7435463
1.070000000000001,-6732719790.569768,1.070000000000001,-4995667063.933708,1.070000000000001,-3052698139.112731,1.070000000000001,-2051184211.275011,1.070000000000001,-1469922751.80019,1.070000000000001,-1103610967.878882,1.070000000000001,-858327723.0256498,1.070000000000001,-686254373.3548765,1.070000000000001,-467048670.9593399,1.070000000000001,-338077826.1039401,1.070000000000001,-255921181.1185535,1.070000000000001,-200417043.9526266,1.070000000000001,-161182768.8291385,1.070000000000001,-132434743.6797784,1.070000000000001,-110746020.7208695
1.080000000000001,-6809515626.776501,1.080000000000001,-5054045801.51778,1.080000000000001,-3089446572.886228,1.080000000000001,-2076326334.207339,1.080000000000001,-1488164761.44056,1.080000000000001,-1117432169.891962,1.080000000000001,-869152394.8084377,1.080000000000001,-694956925.4738853,1.080000000000001,-473020090.8599068,1.080000000000001,-342425248.0897153,1.080000000000001,-259226175.8522127,1.080000000000001,-203013735.0137421,1.080000000000001,-163276537.8350299,1.080000000000001,-134158687.4851729,1.080000000000001,-112190135.3729267
1.090000000000001,-6884684124.019376,1.090000000000001,-5111293590.556079,1.090000000000001,-3125573566.29458,1.090000000000001,-2101083422.216116,1.090000000000001,-1506147848.675456,1.090000000000001,-1131068669.232716,1.090000000000001,-879839328.9361364,1.090000000000001,-703553157.7455629,1.090000000000001,-478923057.8842006,1.090000000000001,-346725148.491513,1.090000000000001,-262496351.5650077,1.090000000000001,-205583862.20792,1.090000000000001,-165349395.8438245,1.090000000000001,-135865753.9918565,1.090000000000001,-113620348.3844902
1.100000000000001,-6958258259.723723,1.100000000000001,-5167432104.95961,1.100000000000001,-3161090272.600403,1.100000000000001,-2125462170.216176,1.100000000000001,-1523876451.132114,1.100000000000001,-1144523614.993172,1.100000000000001,-890390873.3209463,1.100000000000001,-712044887.2125981,1.100000000000001,-484758752.4257722,1.100000000000001,-350978355.4062874,1.100000000000001,-265732321.2907563,1.100000000000001,-208127897.7180894,1.100000000000001,-167401717.7901371,1.100000000000001,-137556248.1744677,1.100000000000001,-115036912.718742
1.110000000000001,-7030269984.157772,1.110000000000001,-5222482314.739954,1.110000000000001,-3196007457.008767,1.110000000000001,-2149469029.497416,1.110000000000001,-1541354840.424417,1.110000000000001,-1157800036.463086,1.110000000000001,-900809285.6560912,1.110000000000001,-720433860.6983132,1.110000000000001,-490528309.07253,1.110000000000001,-355185664.8193468,1.110000000000001,-268934674.3576961,1.110000000000001,-210646295.5346151,1.110000000000001,-169433864.2192831,1.110000000000001,-139230463.3489289,1.110000000000001,-116440071.7048818
1.120000000000001,-7100750123.408399,1.120000000000001,-5276464418.699371,1.120000000000001,-3230335459.973906,1.120000000000001,-2173110185.125941,1.120000000000001,-1558587107.015853,1.120000000000001,-1170900832.361792,1.120000000000001,-911096725.4030786,1.120000000000001,-728721748.6328621,1.120000000000001,-496232812.6441504,1.120000000000001,-359347837.8609195,1.120000000000001,-272103974.3833304,1.120000000000001,-213139489.9290025,1.120000000000001,-171446180.0882807,1.120000000000001,-140888680.2065865,1.120000000000001,-117830058.2439692
1.130000000000001,-7169728299.955075,1.130000000000001,-5329397788.577899,1.130000000000001,-3264084166.195183,1.130000000000001,-2196391536.626066,1.130000000000001,-1575577147.176849,1.130000000000001,-1183828761.50766,1.130000000000001,-921255246.8199514,1.130000000000001,-736910139.6648769,1.130000000000001,-501873294.719048,1.130000000000001,-363465598.3953337,1.130000000000001,-275240757.5093636,1.130000000000001,-215607894.1087965,1.130000000000001,-173438993.7083532,1.130000000000001,-142531165.9618723,1.130000000000001,-119207094.1078345
1.140000000000001,-7237232868.14158,1.140000000000001,-5381300922.829247,1.140000000000001,-3297262978.322297,1.140000000000001,-2219318681.339699,1.140000000000001,-1592328651.63044,1.140000000000001,-1196586434.634005,1.140000000000001,-931286792.8123372,1.140000000000001,-745000535.8891749,1.140000000000001,-507450730.5405951,1.140000000000001,-367539630.8655286,1.140000000000001,-278345530.8196435,1.140000000000001,-218051899.0098546,1.140000000000001,-175412615.7942482,1.140000000000001,-144158173.5853491,1.140000000000001,-120571389.3077927
1.150000000000001,-7303290862.117848,1.150000000000001,-5432191408.377075,1.150000000000001,-3329880794.481056,1.150000000000001,-2241896899.913629,1.150000000000001,-1608845095.514656,1.150000000000001,-1209176307.084527,1.150000000000001,-941193189.406643,1.150000000000001,-752994348.5344132,1.150000000000001,-512966036.2007369,1.150000000000001,-371570578.3213359,1.150000000000001,-281418770.8881885,1.150000000000001,-220471872.1852891,1.150000000000001,-177367338.5881146,1.150000000000001,-145769941.0959734,1.150000000000001,-121923141.5115007
1.160000000000001,-7367927954.074549,1.160000000000001,-5482085888.867828,1.160000000000001,-3361945988.814257,1.160000000000001,-2264131143.413378,1.160000000000001,-1625129729.321283,1.160000000000001,-1221600672.1427,1.160000000000001,-950976140.6600622,1.160000000000001,-760892893.966189,1.160000000000001,-518420066.0062377,1.160000000000001,-375559040.5648351,1.160000000000001,-284460922.4078583,1.160000000000001,-222868156.7530111,1.160000000000001,-179303435.0277449,1.160000000000001,-147366690.8880353,1.160000000000001,-123262535.4876389
1.170000000000001,-7431168420.823055,1.170000000000001,-5531000038.086033,1.170000000000001,-3393466394.306911,1.170000000000001,-2286026021.605259,1.170000000000001,-1641185570.497548,1.170000000000001,-1233861654.767672,1.170000000000001,-960637223.8353943,1.170000000000001,-768697389.870905,1.170000000000001,-523813609.9388866,1.170000000000001,-379505572.3500791,1.170000000000001,-287472396.8530812,1.170000000000001,-225241070.3659298,1.170000000000001,-181221157.9306146,1.170000000000001,-148948629.0695546,1.170000000000001,-124589742.5591603
1.180000000000001,-7493035116.980785,1.180000000000001,-5578948537.33333,1.180000000000001,-3424449287.230683,1.180000000000001,-2307585791.985398,1.180000000000001,-1657015395.420552,1.180000000000001,-1245961205.525038,1.180000000000001,-970177884.6794239,1.180000000000001,-776408951.4938067,1.180000000000001,-529147391.1257454,1.180000000000001,-383410681.5776631,1.180000000000001,-290453571.1322633,1.180000000000001,-227590904.1704809,1.180000000000001,-183120739.1664073,1.180000000000001,-150515944.7898726,1.180000000000001,-125904920.0466355
1.190000000000001,-7553549453.210705,1.190000000000001,-5625945055.693123,1.190000000000001,-3454901372.601296,1.190000000000001,-2328814349.166885,1.190000000000001,-1672621731.47397,1.190000000000001,-1257901094.513559,1.190000000000001,-979599432.6526744,1.190000000000001,-784028587.8109668,1.190000000000001,-534422063.2392287,1.190000000000001,-387274827.4269429,1.190000000000001,-293404786.1870968,1.190000000000001,-229917921.720316,1.190000000000001,-185002388.7915591,1.190000000000001,-152068809.5348623,1.190000000000001,-127208210.6837572
1.200000000000001,-7612731378.131263,1.200000000000001,-5672002232.210503,1.200000000000001,-3484828770.092954,1.200000000000001,-2349715214.263484,1.200000000000001,-1688006848.972661,1.200000000000001,-1269682905.099157,1.200000000000001,-988903035.9651389,1.200000000000001,-791557197.5198753,1.200000000000001,-539638207.7494205,1.200000000000001,-391098418.3702265,1.200000000000001,-296326345.4969534,1.200000000000001,-232222357.8126274,1.200000000000001,-186866294.1198243,1.200000000000001,-153607376.3684923,1.200000000000001,-128499741.9873069
1.210000000000001,-7670599362.664604,1.210000000000001,-5717131659.112899,1.210000000000001,-3514236999.897985,1.210000000000001,-2370291523.931191,1.210000000000001,-1703172752.693773,1.210000000000001,-1281308027.275416,1.210000000000001,-998089716.2775503,1.210000000000001,-798995564.7364453,1.210000000000001,-544796330.9525126,1.210000000000001,-394881810.0140452,1.210000000000001,-299218513.4469599,1.210000000000001,-234504417.2147852,1.210000000000001,-188712618.7029513,1.210000000000001,-155131779.0995334,1.210000000000001,-129779625.5638945
1.220000000000001,-7727170385.725005,1.220000000000001,-5761343865.280967,1.220000000000001,-3543130968.05714,1.220000000000001,-2390546018.74746,1.220000000000001,-1718121172.782914,1.220000000000001,-1292777650.475276,1.220000000000001,-1007160342.930889,1.220000000000001,-806344354.2881339,1.220000000000001,-549896860.6997463,1.220000000000001,-398625302.7125993,1.220000000000001,-302081513.5181218,1.220000000000001,-236764273.2486982,1.220000000000001,-190541501.1952747,1.220000000000001,-156642131.3518945,1.220000000000001,-131047956.3355003
1.230000000000001,-7782459920.269053,1.230000000000001,-5804648299.253827,1.230000000000001,-3571514950.818327,1.230000000000001,-2410481030.62311,1.230000000000001,-1732853554.81118,1.230000000000001,-1304092755.662117,1.230000000000001,-1016115626.568397,1.230000000000001,-813604106.4932357,1.230000000000001,-554940142.7508112,1.230000000000001,-402329138.8977418,1.230000000000001,-304915526.2571466,1.230000000000001,-239002066.1995905,1.230000000000001,-192353054.0753726,1.230000000000001,-158138525.5165064,1.230000000000001,-132304811.6653513
1.240000000000001,-7836481918.836925,1.240000000000001,-5847053311.118442,1.240000000000001,-3599392577.608373,1.240000000000001,-2430098468.953289,1.240000000000001,-1747371048.763605,1.240000000000001,-1315254106.529956,1.240000000000001,-1024956112.014196,1.240000000000001,-820775231.315614,1.240000000000001,-559926436.6742411,1.240000000000001,-405993500.0684916,1.240000000000001,-307720686.9822996,1.240000000000001,-241217901.5147583,1.240000000000001,-194147362.1969579,1.240000000000001,-159621031.5617983,1.240000000000001,-133550250.3648691
1.250000000000001,-7889248797.809492,1.250000000000001,-5888566132.692248,1.250000000000001,-3626766812.225855,1.250000000000001,-2449399805.223296,1.250000000000001,-1761674496.74262,1.250000000000001,-1326262239.642577,1.250000000000001,-1033682170.271441,1.250000000000001,-827858001.7822165,1.250000000000001,-564855911.2151841,1.250000000000001,-409618503.3810214,1.250000000000001,-310497083.1798899,1.250000000000001,-243411847.7563289,1.250000000000001,-195924481.139828,1.250000000000001,-161089695.678652,1.250000000000001,-134784311.5614521
1.260000000000001,-7940771419.694519,1.260000000000001,-5929192855.461047,1.260000000000001,-3653639931.88358,1.260000000000001,-2468386055.79199,1.260000000000001,-1775764419.171266,1.260000000000001,-1337117453.340012,1.260000000000001,-1042293989.50043,1.260000000000001,-834852546.547888,1.260000000000001,-569728639.0480464,1.260000000000001,-413204197.7775117,1.260000000000001,-313244751.5437136,1.260000000000001,-245583934.2701441,1.260000000000001,-197684435.3300735,1.260000000000001,-162544538.7343216,1.260000000000001,-136007013.40561
1.270000000000001,-7991059072.836273,1.270000000000001,-5968938405.784398,1.270000000000001,-3680013503.747737,1.270000000000001,-2487057762.58157,1.270000000000001,-1789640999.281515,1.270000000000001,-1347819795.23894,1.270000000000001,-1050791564.834064,1.270000000000001,-841758841.4885138,1.270000000000001,-574544590.8281314,1.270000000000001,-416750559.5892294,1.270000000000001,-315963674.6072459,1.270000000000001,-247734148.5306743,1.270000000000001,-199427215.8968528,1.270000000000001,-163985554.508166,1.270000000000001,-137218351.5945615
1.280000000000001,-8040119448.02058,1.280000000000001,-6007806516.929046,1.280000000000001,-3705888358.639924,1.280000000000001,-2505414971.408648,1.280000000000001,-1803304065.673268,1.280000000000001,-1358369048.151144,1.280000000000001,-1059174686.8846,1.280000000000001,-848576700.1996886,1.280000000000001,-579303628.4525424,1.280000000000001,-420257487.5458925,1.280000000000001,-318653776.9154614,1.280000000000001,-249862433.1194322,1.280000000000001,-201152778.2309307,1.280000000000001,-165412707.6802217,1.280000000000001,-138418297.6878159
1.290000000000001,-8087958611.523899,1.290000000000001,-6045799697.540399,1.290000000000001,-3731264561.587917,1.290000000000001,-2523457207.698442,1.290000000000001,-1816753072.730608,1.290000000000001,-1368764714.242289,1.290000000000001,-1067442928.792441,1.290000000000001,-855305763.2744207,1.290000000000001,-584005497.4369522,1.290000000000001,-423724797.1199108,1.290000000000001,-321314920.6802151,1.290000000000001,-251968682.291743,1.290000000000001,-202861039.207946,1.290000000000001,-166825931.5417175,1.290000000000001,-139606797.1885762
1.300000000000001,-8134580974.23455,1.300000000000001,-6082919196.21482,1.300000000000001,-3756141378.935473,1.300000000000001,-2541183449.334153,1.300000000000001,-1829987078.684988,1.300000000000001,-1379005997.252974,1.300000000000001,-1075595631.665568,1.300000000000001,-861945486.2302871,1.300000000000001,-588649818.3112518,1.300000000000001,-427152214.1308611,1.300000000000001,-323946900.8601521,1.300000000000001,-254052738.0842007,1.300000000000001,-204551874.0371362,1.300000000000001,-168225125.3946464,1.300000000000001,-140783767.3630733
1.310000000000001,-8179989256.558256,1.310000000000001,-6119164961.896022,1.310000000000001,-3780517241.751342,1.310000000000001,-2558592096.408165,1.310000000000001,-1843004721.121625,1.310000000000001,-1389091782.605966,1.310000000000001,-1083631888.257812,1.310000000000001,-868495125.954862,1.310000000000001,-593236076.9345156,1.310000000000001,-430539367.5327384,1.310000000000001,-326549439.6035343,1.310000000000001,-256114385.9127514,1.310000000000001,-206225112.6941432,1.310000000000001,-169610151.6056827,1.310000000000001,-141949094.7682805
1.320000000000001,-8224184448.915639,1.320000000000001,-6154535599.889401,1.320000000000001,-3804389705.31728,1.320000000000001,-2575680937.66371,1.320000000000001,-1855804189.737089,1.320000000000001,-1399020615.229753,1.320000000000001,-1091550524.736992,1.320000000000001,-874953725.5389992,1.320000000000001,-597763613.6285597,1.320000000000001,-433885781.3047792,1.320000000000001,-329122179.99045,1.320000000000001,-258153349.6094923,1.320000000000001,-207880535.8947882,1.320000000000001,-170980832.2781019,1.320000000000001,-143102632.4570227
1.330000000000001,-8267165767.74842,1.330000000000001,-6189028323.37469,1.330000000000001,-3827755404.527825,1.330000000000001,-2592447113.447819,1.330000000000001,-1868383196.176146,1.330000000000001,-1408790674.940718,1.330000000000001,-1099350080.401363,1.330000000000001,-881320097.3719494,1.330000000000001,-602231611.030542,1.330000000000001,-437190865.3664825,1.330000000000001,-331664679.0100946,1.330000000000001,-260169285.8452813,1.330000000000001,-209517870.565623,1.330000000000001,-172336945.504316,1.330000000000001,-144244196.8284546
1.340000000000001,-8308930607.080948,1.340000000000001,-6222638900.403985,1.340000000000001,-3850610005.104864,1.340000000000001,-2608887075.04269,1.340000000000001,-1880738940.806235,1.340000000000001,-1418399749.24672,1.340000000000001,-1107028785.216837,1.340000000000001,-887592804.3819954,1.340000000000001,-606639080.5698826,1.340000000000001,-440453905.4397118,1.340000000000001,-334176399.7098441,1.340000000000001,-262161777.8855512,1.340000000000001,-211136784.7670166,1.340000000000001,-173678221.161361,1.340000000000001,-145373564.0915118
1.350000000000001,-8349474485.839678,1.350000000000001,-6255361596.506146,1.350000000000001,-3872948150.623968,1.350000000000001,-2624996540.307078,1.350000000000001,-1892868076.333171,1.350000000000001,-1427845203.466939,1.350000000000001,-1114584535.070456,1.350000000000001,-893770139.3232248,1.350000000000001,-610984847.4842485,1.350000000000001,-443674051.7865456,1.350000000000001,-336656702.4563971,1.350000000000001,-264130328.6290439,1.350000000000001,-212736882.026021,1.350000000000001,-175004336.2126709,1.350000000000001,-146490466.3095962
1.360000000000001,-8388790991.322323,1.360000000000001,-6287189113.186288,1.360000000000001,-3894763405.472802,1.360000000000001,-2640770445.648255,1.360000000000001,-1904766668.225684,1.360000000000001,-1437123948.109718,1.360000000000001,-1122014864.670875,1.360000000000001,-899850102.0359244,1.360000000000001,-615267534.3058854,1.360000000000001,-446850306.7621281,1.360000000000001,-339104835.2564831,1.360000000000001,-266074352.8842284,1.360000000000001,-214317695.0399691,1.360000000000001,-176314909.482206,1.360000000000001,-147594586.9968323
1.370000000000001,-8426871719.439434,1.370000000000001,-6318112522.818321,1.370000000000001,-3916048194.022518,1.370000000000001,-2656202894.463982,1.370000000000001,-1916430152.004812,1.370000000000001,-1446232403.516734,1.370000000000001,-1129316918.077418,1.370000000000001,-905830374.6476744,1.370000000000001,-619485542.7747704,1.370000000000001,-449981511.1388454,1.370000000000001,-341519923.0966763,1.370000000000001,-267993168.8470286,1.370000000000001,-215878678.7184157,1.370000000000001,-177609495.8722122,1.370000000000001,-148685556.2403773
1.380000000000001,-8463706212.631217,1.380000000000001,-6348121200.690227,1.380000000000001,-3936793736.499598,1.380000000000001,-2671287102.350755,1.380000000000001,-1927853287.573124,1.380000000000001,-1455166461.873149,1.380000000000001,-1136487416.910537,1.380000000000001,-911708294.7386527,1.380000000000001,-623637034.1721535,1.380000000000001,-453066329.1838308,1.380000000000001,-343900956.2804067,1.380000000000001,-269885988.7573705,1.380000000000001,-217419202.5417957,1.380000000000001,-178887580.0043644,1.380000000000001,-149762945.3300961
1.390000000000001,-8499281896.702573,1.390000000000001,-6377202755.282129,1.390000000000001,-3956989982.306737,1.390000000000001,-2686015339.577865,1.390000000000001,-1939030110.915619,1.390000000000001,-1463921446.805479,1.390000000000001,-1143522626.392829,1.390000000000001,-917480826.5719614,1.390000000000001,-627719908.119882,1.390000000000001,-456103232.5083483,1.390000000000001,-346246777.7672071,1.390000000000001,-271751908.7325627,1.390000000000001,-218938542.2311592,1.390000000000001,-180148569.2768624,1.390000000000001,-150826260.8873692
1.400000000000001,-8533584018.226905,1.400000000000001,-6405342958.250911,1.400000000000001,-3976625541.868556,1.400000000000001,-2700378871.584996,1.400000000000001,-1949953883.706621,1.400000000000001,-1472492070.948772,1.400000000000001,-1150418319.497612,1.400000000000001,-923144530.5932045,1.400000000000001,-631731779.9615941,1.400000000000001,-459090482.7582102,1.400000000000001,-348556069.5567708,1.400000000000001,-273589897.8043724,1.400000000000001,-220435870.7461461,1.400000000000001,-181391786.3484174,1.400000000000001,-151874938.4999078
1.410000000000001,-8566595584.655651,1.410000000000001,-6432525676.067855,1.410000000000001,-3995687618.480072,1.410000000000001,-2714367898.5844,1.410000000000001,-1960617041.613718,1.410000000000001,-1480872392.069497,1.410000000000001,-1157169739.647075,1.410000000000001,-928695531.5384188,1.410000000000001,-635669956.9351408,1.410000000000001,-462026113.2819094,1.410000000000001,-350827338.2112822,1.410000000000001,-275398786.2260523,1.410000000000001,-221910248.659626,1.410000000000001,-182616461.08547,1.410000000000001,-152908335.8904246
1.420000000000001,-8598297309.842531,1.420000000000001,-6458732805.819349,1.420000000000001,-4014161942.122968,1.420000000000001,-2727971495.745813,1.420000000000001,-1971011142.408905,1.420000000000001,-1489055768.587792,1.420000000000001,-1163771562.611424,1.420000000000001,-934129485.6617472,1.420000000000001,-639531413.4665186,1.420000000000001,-464907910.0015832,1.420000000000001,-353058899.67632,1.420000000000001,-277177253.1677608,1.420000000000001,-223360613.9991745,1.420000000000001,-183821722.0429964,1.420000000000001,-153925725.6752449
1.430000000000001,-8628667568.354174,1.430000000000001,-6483944218.340674,1.430000000000001,-4032032707.794457,1.430000000000001,-2741177555.920677,1.430000000000001,-1981126815.386009,1.430000000000001,-1497034815.65919,1.430000000000001,-1170217858.519967,1.430000000000001,-939441547.8093287,1.430000000000001,-643312766.0680648,1.430000000000001,-467733391.8244262,1.430000000000001,-355248863.6466348,1.430000000000001,-278923813.9862714,1.430000000000001,-224785771.6997297,1.430000000000001,-185006587.5936767,1.430000000000001,-154926287.8059447
1.440000000000001,-8657682362.695822,1.440000000000001,-6508137712.609797,1.440000000000001,-4049282521.56862,1.440000000000001,-2753972737.42701,1.440000000000001,-1990953714.047229,1.440000000000001,-1504801363.356704,1.440000000000001,-1176502055.209887,1.440000000000001,-944626339.3285297,1.440000000000001,-647010248.5121677,1.440000000000001,-470499791.0725123,1.440000000000001,-357395117.8308693,1.440000000000001,-280636807.339966,1.440000000000001,-226184382.8804775,1.440000000000001,-186169956.8767092,1.440000000000001,-155909101.8343349
1.450000000000001,-8685315308.424622,1.450000000000001,-6531288986.180159,1.450000000000001,-4065892358.378367,1.450000000000001,-2766342420.065993,1.450000000000001,-2000480474.561058,1.450000000000001,-1512346418.941249,1.450000000000001,-1182616904.5109,1.450000000000001,-949677918.1145566,1.450000000000001,-650619688.1785961,1.450000000000001,-473204034.5793399,1.450000000000001,-359495312.6011723,1.450000000000001,-282314382.5248034,1.450000000000001,-227554954.2439336,1.450000000000001,-187310600.8076818,1.450000000000001,-156873139.1999604
1.460000000000001,-8711537643.042044,1.460000000000001,-6553371627.360617,1.460000000000001,-4081841536.354274,1.460000000000001,-2778270673.267566,1.460000000000001,-2009694683.103159,1.460000000000001,-1519660135.718016,1.460000000000001,-1188554453.492198,1.460000000000001,-954589752.4588026,1.460000000000001,-654136484.7395301,1.460000000000001,-475842726.3029217,1.460000000000001,-361546846.6707094,1.460000000000001,-283954487.5323491,1.460000000000001,-228895827.9973956,1.460000000000001,-188427153.4756973,1.460000000000001,-157817255.8106176
1.470000000000001,-8736318265.522646,1.470000000000001,-6574357135.829806,1.470000000000001,-4097107713.458702,1.470000000000001,-2789740241.04399,1.470000000000001,-2018582855.855315,1.470000000000001,-1526731791.537549,1.470000000000001,-1194306023.173853,1.470000000000001,-959354700.7690011,1.470000000000001,-657555592.6478746,1.470000000000001,-478412132.5360083,1.470000000000001,-363546854.6233707,1.470000000000001,-285554858.4766469,1.470000000000001,-230205172.8162908,1.470000000000001,-189518104.3533493,1.470000000000001,-158740185.2704099
1.480000000000001,-8759623814.306133,1.480000000000001,-6594214979.354161,1.480000000000001,-4111666913.065438,1.480000000000001,-2800732549.230929,1.480000000000001,-2027130436.126868,1.480000000000001,-1533549780.590124,1.480000000000001,-1199862197.710261,1.480000000000001,-963964999.6664407,1.480000000000001,-660871509.2229465,1.480000000000001,-480908171.0483497,1.480000000000001,-365492197.3215812,1.480000000000001,-287113011.1999103,1.480000000000001,-231480976.5034555,1.480000000000001,-190581791.8577366,1.480000000000001,-159640533.2053671
1.490000000000001,-8781418792.489641,1.490000000000001,-6612912695.192706,1.490000000000001,-4125493585.989024,1.490000000000001,-2811227741.258427,1.490000000000001,-2035321813.731106,1.490000000000001,-1540101622.723392,1.490000000000001,-1205212827.558845,1.490000000000001,-968412263.4061012,1.490000000000001,-664078270.4666858,1.490000000000001,-483326405.7622824,1.490000000000001,-367379456.4317257,1.490000000000001,-288626236.0414634,1.490000000000001,-232721041.1432212,1.490000000000001,-191616398.9227175,1.490000000000001,-160516773.2407098
1.5,-8801665749.718189,1.5,-6630416045.521839,1.5,-4138560717.171381,1.5,-2821204749.337953,1.5,-2043140372.329666,1.5,-1546373995.031623,1.5,-1210347050.6077,1.5,-972687497.9743572,1.5,-667169457.0673101,1.5,-485662048.8227196,1.5,-369204934.518312,1.5,-290091596.9293904,1.5,-233922981.6959494,1.5,-192619951.3671756,1.5,-161367245.2908074
