pch18_gm_gds (ll=3.5e-07) X,pch18_gm_gds (ll=3.5e-07) Y,pch18_gm_gds (ll=4e-07) X,pch18_gm_gds (ll=4e-07) Y,pch18_gm_gds (ll=5e-07) X,pch18_gm_gds (ll=5e-07) Y,pch18_gm_gds (ll=6e-07) X,pch18_gm_gds (ll=6e-07) Y,pch18_gm_gds (ll=7e-07) X,pch18_gm_gds (ll=7e-07) Y,pch18_gm_gds (ll=8e-07) X,pch18_gm_gds (ll=8e-07) Y,pch18_gm_gds (ll=9e-07) X,pch18_gm_gds (ll=9e-07) Y,pch18_gm_gds (ll=1e-06) X,pch18_gm_gds (ll=1e-06) Y,pch18_gm_gds (ll=1.2e-06) X,pch18_gm_gds (ll=1.2e-06) Y,pch18_gm_gds (ll=1.4e-06) X,pch18_gm_gds (ll=1.4e-06) Y,pch18_gm_gds (ll=1.6e-06) X,pch18_gm_gds (ll=1.6e-06) Y,pch18_gm_gds (ll=1.8e-06) X,pch18_gm_gds (ll=1.8e-06) Y,pch18_gm_gds (ll=2e-06) X,pch18_gm_gds (ll=2e-06) Y,pch18_gm_gds (ll=2.2e-06) X,pch18_gm_gds (ll=2.2e-06) Y,pch18_gm_gds (ll=2.4e-06) X,pch18_gm_gds (ll=2.4e-06) Y
0,240.9897499810575,0,307.7622191158806,0,388.7833106127644,0,429.4851540591121,0,455.453612755122,0,474.9282427424427,0,490.5379506720835,0,503.4324879214599,0,523.5421697550114,0,538.5077290098047,0,550.0767448353014,0,559.2860589049159,0,566.7899441160649,0,573.0215073848617,0,578.2787811333553
0.01,240.7754206492458,0.01,307.4864016263276,0.01,388.4306037548039,0.01,429.0919007483673,0.01,455.0335281861308,0.01,474.4876093016894,0.01,490.0806275592005,0.01,502.9612437038293,0.01,523.0489789057126,0.01,537.9980195945578,0.01,549.5541572724537,0.01,558.7531527722222,0.01,566.2485869214638,0.01,572.473103100755,0.01,577.7244116679934
0.02,240.5578160569748,0.02,307.206118367627,0.02,388.071671550852,0.02,428.6912713153083,0.02,454.6051983760784,0.02,474.0380182894509,0.02,489.6137446376517,0.02,502.4799229159863,0.02,522.5448717008252,0.02,537.4767421741424,0.02,549.0194823842703,0.02,558.2077363050435,0.02,565.6943685221624,0.02,571.9115421014078,0.02,577.1566333453885
0.03,240.3363897875318,0.03,306.9206287224633,0.03,387.7054898416629,0.03,428.2820588090118,0.03,454.1672793999197,0.03,473.5780139524597,0.03,489.1357518390005,0.03,501.9868947110446,0.03,522.0280863087719,0.03,536.9420335226454,0.03,548.4707762964809,0.03,557.6478000411513,0.03,565.1252251247754,0.03,571.3347148855607,0.03,576.5732977017345
0.04,240.1105100556219,0.04,306.6290761054842,0.04,387.3308738447535,0.04,427.862867061238,0.04,453.71821684756,0.04,473.1059127937245,0.04,488.6448568685914,0.04,501.4802736665187,0.04,521.4965864082977,0.04,536.3917406070095,0.04,547.9057932075949,0.04,557.0710227770061,0.04,564.5387730945139,0.04,570.7401853172518,0.04,575.9719238632028
0.05,239.87944609633,0.05,306.3304694682444,0.05,386.9464526462065,0.05,427.4320808415247,0.05,453.2562128513775,0.05,472.6197681197923,0.05,488.1389877096339,0.05,500.9578805736411,0.05,520.9480192670702,0.05,535.8233766277247,0.05,547.3219398472086,0.05,556.4747247646407,0.05,563.9322611247485,0.05,570.1251419435652,0.05,575.3496491467681
0.06,239.6423525189201,0.06,306.0236620560264,0.06,386.5506399802395,0.06,426.9878317747922,0.06,452.7791885414774,0.06,472.1173297762009,0.06,487.6157501354593,0.06,500.4171980963325,0.06,520.3796684959108,0.06,535.2340716115017,0.06,546.7162244044511,0.06,555.8558153232557,0.06,563.3025167828043,0.06,569.4863436616274,0.06,574.7031739909349
0.07000000000000001,239.3982513916318,0.07000000000000001,305.7073271118473,0.07000000000000001,386.1416009237398,0.07000000000000001,426.5279596446926,0.07000000000000001,452.2847415724837,0.07000000000000001,471.5959987448486,0.07000000000000001,487.0723799372878,0.07000000000000001,499.8553210417805,0.07000000000000001,519.788401288742,0.07000000000000001,534.6205174282493,0.07000000000000001,546.0851998548167,0.07000000000000001,555.2107348430952,0.07000000000000001,562.6458874533654,0.07000000000000001,568.8200597947994,0.07000000000000001,574.0287013109406
0.08,239.1460118258862,0.08,305.379930232243,0.08,385.7172141664935,0.08,426.0499687701349,0.08,451.7700984608629,0.08,471.0527764021637,0.08,486.5056897280695,0.08,499.2689011641389,0.08,519.1706101834648,0.08,533.9789073690729,0.08,545.4249019109346,0.08,554.5353914847798,0.08,561.9581760505108,0.08,568.1220050090546,0.08,573.3218707621055
0.09,238.8843268451415,0.09,305.0396981114997,0.09,385.275029590292,0.09,425.5509792601862,0.09,451.2320616349018,0.09,470.4842084426943,0.09,485.9120104286217,0.09,498.6540867049385,0.09,518.5221497261199,0.09,533.304870823139,0.09,544.730782269589,0.09,553.8250933631404,0.09,561.2345723888666,0.09,567.387270048533,0.09,572.5776889685501
0.09999999999999999,238.6116873622009,0.09999999999999999,304.6845834755285,0.09999999999999999,384.8122210176831,0.09999999999999999,425.0276731467239,0.09999999999999999,450.666951357416,0.09999999999999999,469.8863237908523,0.09999999999999999,485.2871279156056,0.09999999999999999,498.0064572979837,0.09999999999999999,517.8382689331073,0.09999999999999999,532.5934041777936,0.09999999999999999,543.9976384763214,0.09999999999999999,553.0744777059131,0.09999999999999999,560.4695818508675,0.09999999999999999,566.6102500550522,0.09999999999999999,571.7904575938991
0.11,238.326353158102,0.11,304.312226117772,0.11,384.3255341957689,0.11,424.4762356926493,0.11,450.0705430686744,0.11,469.2545692931736,0.11,484.62621585618,0.11,497.3209554808016,0.11,517.113541180639,0.11,531.8387999000752,0.11,543.2195426456888,0.11,552.277439465298,0.11,559.6569540346281,0.11,565.784573335747,0.11,570.953702275532
0.12,238.0263208681275,0.12,303.9199101249984,0.12,383.8112303906416,0.12,423.8922926140668,0.12,449.4380012586799,0.12,468.5837416564321,0.12,483.9237665284633,0.12,496.5918169207573,0.12,516.3417941755465,0.12,531.0345769142858,0.12,542.3897725414448,0.12,551.4270632186681,0.12,558.7896155043015,0.12,564.9030349478558,0.12,570.0601070072511
0.13,237.709289151771,0.13,303.5045176436961,0.13,383.2650264197342,0.13,423.2708445832633,0.13,448.7638117684662,0.13,467.8679190347992,0.13,483.1735224984211,0.13,495.8125026564821,0.13,515.5160440616746,0.13,530.1734169606684,0.13,541.5007502329602,0.13,550.5155640256733,0.13,557.8596126965016,0.13,563.9575414884969,0.13,569.1014606496702
0.14,237.3726214737007,0.14,303.0624799173378,0.14,382.6820325872712,0.14,422.6062012530732,0.14,448.0417155062795,0.14,467.100395947532,0.14,482.3684134746592,0.14,494.9756382609567,0.14,514.6284395871407,0.14,529.2471137076973,0.14,540.5439958101645,0.14,549.5342453247772,0.14,556.8580735792182,0.14,562.9390761285727,0.14,568.0686249925647
0.15,237.0133072768081,0.15,302.5897268564598,0.15,382.0566908658516,0.15,421.8919182284025,0.15,447.2646480232294,0.15,466.2736269111892,0.15,481.5005045832683,0.15,494.072966948234,0.15,513.6702247036379,0.15,528.2465441042847,0.15,539.5101065732445,0.15,548.4734850692643,0.15,555.7751999309713,0.15,561.8376963333219,0.15,566.951537311115
0.16,236.6279228162002,0.16,302.0816371296962,0.16,381.3827168464856,0.16,421.1207419820478,0.16,446.4246913066387,0.16,465.3791863867657,0.16,480.5609647889045,0.16,493.09532636714,0.16,512.6317310898029,0.16,527.1616748987667,0.16,538.3887758146468,0.16,547.3227652201224,0.16,554.6003062071136,0.16,560.642580965493,0.16,565.7392647436176
0.17,236.2125935786944,0.17,301.53299173192,0.17,380.6530505259298,0.17,420.2845697441693,0.17,445.5130465978546,0.17,464.4077554525047,0.17,479.54006731543,0.17,492.0326622303787,0.17,511.5024159573474,0.17,525.9816214838532,0.17,537.1688698377613,0.17,546.0707644815716,0.17,553.3219259294158,0.17,559.3421486063903,0.17,564.4201331033371
0.18,235.7629610730546,0.18,300.937935244655,0.18,379.8598229757696,0.18,419.3744339514726,0.18,444.5200400825384,0.18,463.3491490677247,0.18,478.4272377293252,0.18,490.874096044769,0.18,510.2709651171392,0.18,524.6947812326626,0.18,535.8385871695526,0.18,544.7055397262243,0.18,551.9280123007986,0.18,557.9242748663404,0.18,562.9819588178418
0.19,235.2741578769388,0.19,300.2899505968712,0.19,378.9943483854265,0.19,418.3805239506621,0.19,443.4351769406717,0.19,462.1924018705925,0.19,477.2111697934837,0.19,489.6080689619363,0.19,508.9254865236834,0.19,523.2890690951797,0.19,534.3857298060937,0.19,543.21482765548,0.19,550.4062660196864,0.19,556.3766428707474,0.19,561.4124192213003
0.2,234.7407961931462,0.2,299.5818550853132,0.2,378.0471538887808,0.2,417.2922612648413,0.2,442.24726338216,0.2,460.9259350000609,0.2,475.8800340695269,0.2,488.2225888975011,0.2,507.453825021329,0.2,521.7522889796766,0.2,532.7981222564147,0.2,541.5865042878171,0.2,548.7446294007976,0.2,554.6872673024463,0.2,559.6996026655535
0.21,234.1569768027369,0.21,298.8058277044578,0.21,377.0080628819107,0.21,416.0984486688347,0.21,440.9446206498786,0.21,459.537831067148,0.21,474.4218090647008,0.21,486.7056129994396,0.21,505.8440340451364,0.21,520.0726794673561,0.21,531.0642191153652,0.21,539.8092447482521,0.21,546.9319906952626,0.21,552.8452370685224,0.21,557.8327845060415
0.2200000000000001,233.5163271635091,0.2200000000000001,297.953480371682,0.2200000000000001,375.8663509763722,0.2200000000000001,414.7875171721441,0.2200000000000001,439.515418967326,0.2200000000000001,458.0162483792012,0.2200000000000001,472.8247685827653,0.2200000000000001,485.0456012338963,0.2200000000000001,504.0850432728728,0.2200000000000001,518.2396751665943,0.2200000000000001,529.1739441767,0.2200000000000001,537.8734276633596,0.2200000000000001,544.9591439185509,0.2200000000000001,550.8417226966535,0.2200000000000001,555.8034757106678
0.2300000000000001,232.8120793684301,0.2300000000000001,297.0159881874865,0.2300000000000001,374.6109968243618,0.2300000000000001,413.3478980173819,0.2300000000000001,437.9481620141217,0.2300000000000001,456.3500075585342,0.2300000000000001,471.0781603250333,0.2300000000000001,483.2322775581549,0.2300000000000001,502.1675605571797,0.2300000000000001,516.244923062165,0.2300000000000001,527.1198009831145,0.2300000000000001,535.7723243112083,0.2300000000000001,542.8200444139801,0.2300000000000001,548.6712886607827,0.2300000000000001,553.6067841989673
0.2400000000000001,232.0372005036943,0.2400000000000001,295.984296014154,0.2400000000000001,373.2310519500244,0.2400000000000001,411.7685476991584,0.2400000000000001,436.2323520647953,0.2400000000000001,454.5293817631233,0.2400000000000001,469.1731073332717,0.2400000000000001,481.2576301991915,0.2400000000000001,500.0852387056609,0.2400000000000001,514.0835829507373,0.2400000000000001,524.898282250717,0.2400000000000001,533.5035982983186,0.2400000000000001,540.5133843233112,0.2400000000000001,546.3335333048306,0.2400000000000001,551.2431101864013
0.2500000000000001,231.1845891957405,0.2500000000000001,294.8494196619583,0.2500000000000001,371.7161530670829,0.2500000000000001,410.0396508409262,0.2500000000000001,434.3593599335991,0.2500000000000001,452.5471128390847,0.2500000000000001,467.1037521706359,0.2500000000000001,479.1171681754248,0.2500000000000001,497.8361184168349,0.2500000000000001,511.7559175797194,0.2500000000000001,522.5115785123844,0.2500000000000001,531.071111328549,0.2500000000000001,538.0444792356857,0.2500000000000001,543.8350437890986,0.2500000000000001,548.72015951062
0.2600000000000001,230.2473521138371,0.2600000000000001,293.6028587101194,0.2600000000000001,370.0571951500514,0.2600000000000001,408.1535157577409,0.2600000000000001,432.3235088933494,0.2600000000000001,450.3996559131401,0.2600000000000001,464.8686393235223,0.2600000000000001,476.8114225073122,0.2600000000000001,495.4243224039531,0.2600000000000001,509.2691354373131,0.2600000000000001,519.9695382616579,0.2600000000000001,528.4869779885615,0.2600000000000001,535.4274007298238,0.2600000000000001,541.1915935493573,0.2600000000000001,546.0551960445471
0.2700000000000001,229.2191718675206,0.2700000000000001,292.2371328381287,0.2700000000000001,368.247171025833,0.2700000000000001,406.1056570747376,0.2700000000000001,430.1233534914166,0.2700000000000001,448.0886193522081,0.2700000000000001,462.472288953742,0.2700000000000001,474.347632026005,0.2700000000000001,492.8619164985973,0.2700000000000001,506.6393810992473,0.2700000000000001,517.2917565505098,0.2700000000000001,525.7737310542324,0.2700000000000001,532.6872029552701,0.2700000000000001,538.4304187929803,0.2700000000000001,543.277359544368
0.2800000000000001,228.0947716984282,0.2800000000000001,290.7464423717137,0.2800000000000001,366.2821601313575,0.2800000000000001,403.8960247502841,0.2800000000000001,427.7630880893086,0.2800000000000001,445.622310847079,0.2800000000000001,459.9268499153774,0.2800000000000001,471.74148040546,0.2800000000000001,490.1707666589329,0.2800000000000001,503.8936703388936,0.2800000000000001,514.509562547659,0.2800000000000001,522.9663452080982,0.2800000000000001,529.8619718291293,0.2800000000000001,535.5922859740887,0.2800000000000001,540.4297464292586
0.2900000000000001,226.8704708828739,0.2900000000000001,289.1274340794669,0.2900000000000001,364.1624119090427,0.2900000000000001,401.5302855755726,0.2900000000000001,425.2539524990235,0.2900000000000001,443.017220580036,0.2900000000000001,457.2536294700853,0.2900000000000001,469.0186513346194,0.2900000000000001,487.3841061921681,0.2900000000000001,501.0714412687798,0.2900000000000001,511.6675418516701,0.2900000000000001,520.1137254102578,0.2900000000000001,527.0042781922535,0.2900000000000001,532.7329103857672,0.2900000000000001,537.5707953876803
0.3000000000000001,225.5448060221776,0.3000000000000001,287.3800227663032,0.3000000000000001,361.8934157269625,0.3000000000000001,399.0209903104163,0.3000000000000001,422.6154134396979,0.3000000000000001,440.299170989333,0.3000000000000001,454.4841852934095,0.3000000000000001,466.2158484568427,0.3000000000000001,484.5473946867381,0.3000000000000001,498.2252514888694,0.3000000000000001,508.8240821971918,0.3000000000000001,517.279114873012,0.3000000000000001,524.1814620077122,0.3000000000000001,529.9231295831152,0.3000000000000001,534.7743616862523
0.3100000000000001,224.1191660741843,0.3100000000000001,285.5081767690872,0.3100000000000001,359.486780065568,0.3100000000000001,396.3883711646993,0.3100000000000001,419.8757985601426,0.3100000000000001,437.5037513206665,0.3100000000000001,451.660547764531,0.3100000000000001,463.3808050754223,0.3100000000000001,481.7179249359492,0.3100000000000001,495.4200259495497,0.3100000000000001,506.0503076906954,0.3100000000000001,514.5387567485147,0.3100000000000001,521.4740568986371,0.3100000000000001,527.2471207403514,0.3100000000000001,532.1277525922079
0.3200000000000001,222.5983532637524,0.3200000000000001,283.5205229049317,0.3200000000000001,356.9606662968833,0.3200000000000001,393.6604242733657,0.3200000000000001,417.0719651834837,0.3200000000000001,434.6755611732626,0.3200000000000001,448.8340504029515,0.3200000000000001,460.5707243511346,0.3200000000000001,478.9625645479678,0.3200000000000001,492.7302065222365,0.3200000000000001,503.4267284477865,0.3200000000000001,511.978119779008,0.3200000000000001,518.9716536304298,0.3200000000000001,524.7979522857853,0.3200000000000001,529.7270083400082
0.3300000000000001,220.9909411889361,0.3300000000000001,281.4305710519783,0.3300000000000001,354.3394543486311,0.3300000000000001,390.8718684542548,0.3300000000000001,414.2475368638012,0.3300000000000001,431.8657574268579,0.3300000000000001,446.062238002367,0.3300000000000001,457.8486045947078,0.3300000000000001,476.3530759822254,0.3300000000000001,490.2342505958942,0.3300000000000001,501.0370635352317,0.3300000000000001,509.6851595550934,0.3300000000000001,516.7656890707755,0.3300000000000001,522.6699713275776,0.3300000000000001,527.6689446845102
0.3400000000000001,219.3092638318074,0.3400000000000001,279.2563158373897,0.3400000000000001,351.6522900495979,0.3400000000000001,388.0615797256017,0.3400000000000001,411.4492931448472,0.3400000000000001,429.1274976985457,0.3400000000000001,443.4034664916309,0.3400000000000001,455.277092186733,0.3400000000000001,473.9587246389332,0.3400000000000001,488.0062578011306,0.3400000000000001,498.9590822408576,0.3400000000000001,507.7405207736308,0.3400000000000001,514.9391204700805,0.3400000000000001,520.9480355410903,0.3400000000000001,526.040009443768
0.3500000000000001,217.568849761134,0.3500000000000001,277.018968098753,0.3500000000000001,348.930220921111,0.3500000000000001,385.2682372818587,0.3500000000000001,408.7215153576956,0.3500000000000001,426.5091680666332,0.3500000000000001,440.9091738358007,0.3500000000000001,452.9099335801761,0.3500000000000001,471.8364209345048,0.3500000000000001,486.105125423432,0.3500000000000001,497.2529982363348,0.3500000000000001,506.2053305745264,0.3500000000000001,513.553734886993,0.3500000000000001,519.6944258721242,0.3500000000000001,524.9028648884191
0.3600000000000002,215.7871360866339,0.3600000000000002,274.7406347352297,0.3600000000000002,346.2018161809336,0.3600000000000002,382.5242314813181,0.3600000000000002,406.0985198933791,0.3600000000000002,424.0458102123283,0.3600000000000002,438.6144130062074,0.3600000000000002,450.7817809360133,0.3600000000000002,470.019436890552,0.3600000000000002,484.5625083870234,0.3600000000000002,495.9488861667453,0.3600000000000002,505.1082130549896,0.3600000000000002,512.6368583406958,0.3600000000000002,518.9353184652168,0.3600000000000002,524.2826717077813
0.3700000000000002,213.9813807495371,0.3700000000000002,272.4409337178534,0.3700000000000002,343.487517314558,0.3700000000000002,379.8483893939228,0.3700000000000002,403.5962360946172,0.3700000000000002,421.7498812029771,0.3700000000000002,436.5280259207618,0.3700000000000002,448.8979461217918,0.3700000000000002,468.5066457034563,0.3700000000000002,483.3718040548833,0.3700000000000002,495.0355528752646,0.3700000000000002,504.434125445341,0.3700000000000002,512.1702011060192,0.3700000000000002,518.6496638047231,0.3700000000000002,524.1560154406465
0.3800000000000002,212.1658562425103,0.3800000000000002,270.1328133079356,0.3800000000000002,340.7934558307638,0.3800000000000002,377.2386983645456,0.3800000000000002,401.2043884009947,0.3800000000000002,419.6032206907119,0.3800000000000002,434.6245922441854,0.3800000000000002,447.2264494530201,0.3800000000000002,467.2549495308048,0.3800000000000002,482.481047161063,0.3800000000000002,494.4539045681006,0.3800000000000002,504.1181707231019,0.3800000000000002,512.0840784458514,0.3800000000000002,518.7637766518639,0.3800000000000002,524.4458287717936
0.3900000000000002,210.3486465296023,0.3900000000000002,267.8182087704825,0.3900000000000002,338.1059977922919,0.3900000000000002,374.6667707831343,0.3900000000000002,398.8813759064314,0.3900000000000002,417.5525686378498,0.3900000000000002,432.8406727485971,0.3900000000000002,445.6950060997473,0.3900000000000002,466.1776796519012,0.3900000000000002,481.79255713037,0.3900000000000002,494.0976663590268,0.3900000000000002,504.0472340207971,0.3900000000000002,512.2598329140241,0.3900000000000002,519.1544356883065,0.3900000000000002,525.0250788212153
0.4000000000000002,208.5286357786757,0.4000000000000002,265.4845199725225,0.4000000000000002,335.3886302119299,0.4000000000000002,372.0760181844006,0.4000000000000002,396.5539850654654,0.4000000000000002,415.5108250509568,0.4000000000000002,431.0775270204535,0.4000000000000002,444.1950782079239,0.4000000000000002,465.1509355405819,0.4000000000000002,481.1711181621507,0.4000000000000002,493.8230519221923,0.4000000000000002,504.0708714509762,0.4000000000000002,512.5417339871743,0.4000000000000002,519.6616317688361,0.4000000000000002,525.7302361640011
0.4100000000000002,206.6934806058591,0.4100000000000002,263.1030739450562,0.4100000000000002,332.5827470490913,0.4100000000000002,369.3851175317056,0.4100000000000002,394.1233636962397,0.4100000000000002,413.3652470577261,0.4100000000000002,429.2112401089542,0.4100000000000002,442.5936638487075,0.4100000000000002,464.028041418534,0.4100000000000002,480.4604451508434,0.4100000000000002,493.4667770653504,0.4100000000000002,504.0205427035283,0.4100000000000002,512.7571905942723,0.4100000000000002,520.1095824599344,0.4100000000000002,526.382956141996
0.4200000000000002,204.8193777374122,0.4200000000000002,260.630581591613,0.4200000000000002,329.6132470359625,0.4200000000000002,366.4972511727491,0.4200000000000002,391.4772195646914,0.4200000000000002,410.9920348540175,0.4200000000000002,427.1092379088941,0.4200000000000002,440.7513803439205,0.4200000000000002,462.6599761389506,0.4200000000000002,479.5052473083619,0.4200000000000002,492.8693031204428,0.4200000000000002,503.7337344275219,0.4200000000000002,512.7415494521932,0.4200000000000002,520.3320605811705,0.4200000000000002,526.8158325384329
0.4300000000000002,202.8731806215463,0.4300000000000002,258.0140205071405,0.4300000000000002,326.3986601114625,0.4300000000000002,363.3139941492194,0.4300000000000002,388.5063555087401,0.4300000000000002,408.274773807378,0.4300000000000002,424.6501247550961,0.4300000000000002,438.5433360188195,0.4300000000000002,460.9176077587303,0.4300000000000002,478.1742592311648,0.4300000000000002,491.898348515545,0.4300000000000002,503.0777678353087,0.4300000000000002,512.36208681174,0.4300000000000002,520.1965000754286,0.4300000000000002,526.8965726510021
0.4400000000000002,200.8168773533157,0.4400000000000002,255.1984618389186,0.4400000000000002,322.8641040408874,0.4400000000000002,359.7511449203348,0.4400000000000002,385.1220951029951,0.4400000000000002,405.1227474764275,0.4400000000000002,421.7424668109129,0.4400000000000002,435.8781295647483,0.4400000000000002,458.7107124641851,0.4400000000000002,476.379025750343,0.4400000000000002,490.4673517768835,0.4400000000000002,501.9679213566504,0.4400000000000002,511.5358012517812,0.4400000000000002,519.621480822929,0.4400000000000002,526.5451995109929
0.4500000000000002,198.6137509444132,0.4500000000000002,252.1363920431214,0.4500000000000002,318.9542789145348,0.4500000000000002,355.7529111782403,0.4500000000000002,381.2705810062437,0.4500000000000002,401.484887619887,0.4500000000000002,418.3381973775506,0.4500000000000002,432.7106382872001,0.4500000000000002,455.999524057829,0.4500000000000002,474.0843331466413,0.4500000000000002,488.5449376565268,0.4500000000000002,500.3760734723198,0.4500000000000002,510.2373539996615,0.4500000000000002,518.5840666123896,0.4500000000000002,525.7408700073588
0.4600000000000002,196.2349478994302,0.4600000000000002,248.7964490688846,0.4600000000000002,314.6434395046687,0.4600000000000002,351.3011195947711,0.4600000000000002,376.9406682732487,0.4600000000000002,397.3562709571852,0.4600000000000002,414.437791541257,0.4600000000000002,429.0459918979307,0.4600000000000002,452.7966824089567,0.4600000000000002,471.3085611527791,0.4600000000000002,486.1540002202282,0.4600000000000002,498.3287623021497,0.4600000000000002,508.4962901344301,0.4600000000000002,517.1163295731529,0.4600000000000002,524.5178126051975
0.4700000000000003,193.6649389119165,0.4700000000000003,245.1695012313184,0.4700000000000003,309.940028102916,0.4700000000000003,346.4174777582483,0.4700000000000003,372.1639335820217,0.4700000000000003,392.7761760035037,0.4700000000000003,410.0866718327399,0.4700000000000003,424.9345883450406,0.4700000000000003,449.1600788561147,0.4700000000000003,468.1149385617123,0.4700000000000003,483.3617580260781,0.4700000000000003,495.8963088483391,0.4700000000000003,506.385420793601,0.4700000000000003,515.2931309845022,0.4700000000000003,522.9526115068928
0.4800000000000003,190.9045973168769,0.4800000000000003,241.270688405764,0.4800000000000003,304.885137837207,0.4800000000000003,341.1588459481126,0.4800000000000003,367.0074638668088,0.4800000000000003,387.8189446576916,0.4800000000000003,405.3645587505702,0.4800000000000003,420.4602439436501,0.4800000000000003,445.1792495574111,0.4800000000000003,464.59673557524,0.4800000000000003,480.2640863187634,0.4800000000000003,493.1765089975249,0.4800000000000003,504.0040234016615,0.4800000000000003,513.2149337397915,0.4800000000000003,521.1467066145968
0.4900000000000003,187.9712705509221,0.4900000000000003,237.1371591588906,0.4900000000000003,299.5456226543387,0.4900000000000003,335.6072303811392,0.4900000000000003,361.561776099423,0.4900000000000003,382.5804554766241,0.4900000000000003,400.3709005650576,0.4900000000000003,415.7248512518748,0.4900000000000003,440.9590003743233,0.4900000000000003,460.8602558342018,0.4900000000000003,476.9680976393256,0.4900000000000003,490.2769335242582,0.4900000000000003,501.4599426315616,0.4900000000000003,510.9897574491052,0.4900000000000003,519.2082387744323
0.5000000000000002,184.8960266204795,0.5000000000000002,232.8223437342382,0.5000000000000002,294.0038754984667,0.5000000000000002,329.8572072076408,0.5000000000000002,355.9269567737364,0.5000000000000002,377.1635090085151,0.5000000000000002,395.2097994104347,0.5000000000000002,410.8330221804877,0.5000000000000002,436.6037734197508,0.5000000000000002,457.0091174744645,0.5000000000000002,473.5764203396916,0.5000000000000002,487.2992404398098,0.5000000000000002,498.8539516610599,0.5000000000000002,508.7175935679236,0.5000000000000002,517.2365188875551
0.5100000000000002,181.7189251677785,0.5100000000000002,228.388320037114,0.5100000000000002,288.34672813219,0.5100000000000002,324.0035473500507,0.5100000000000002,350.1998619196614,0.5100000000000002,371.6649386850032,0.5100000000000002,389.9771801340196,0.5100000000000002,405.8793812783202,0.5100000000000002,432.2052536532766,0.5100000000000002,453.1321724254852,0.5100000000000002,470.1753974908391,0.5100000000000002,484.3276157525828,0.5100000000000002,496.268400255814,0.5100000000000002,506.4792312619982,0.5100000000000002,515.3110068628698
0.5200000000000002,178.4834901646629,0.5200000000000002,223.8979910395638,0.5200000000000002,282.6556132906172,0.5200000000000002,318.1311426775088,0.5200000000000002,344.4643153880866,0.5200000000000002,366.1662041793916,0.5200000000000002,384.751789048154,0.5200000000000002,400.9399449174997,0.5200000000000002,427.8344028655613,0.5200000000000002,449.2960619782255,0.5200000000000002,466.8280578494889,0.5200000000000002,481.422078911231,0.5200000000000002,493.7607932039014,0.5200000000000002,504.3300616749616,0.5200000000000002,513.4853050685257
0.5300000000000002,175.2315130354161,0.5300000000000002,219.4084716808144,0.5300000000000002,276.9993592893593,0.5300000000000002,312.3083351565536,0.5300000000000002,338.785137059383,0.5300000000000002,360.7280694540422,0.5300000000000002,379.5904364155404,0.5300000000000002,396.0678460442012,0.5300000000000002,423.5379483069559,0.5300000000000002,445.5422722688212,0.5300000000000002,463.5716028409569,0.5300000000000002,478.6163063473431,0.5300000000000002,491.3618820695797,0.5300000000000002,502.2983874396346,0.5300000000000002,511.7856475070993
0.5400000000000003,171.9989966372219,0.5400000000000003,214.9665031848719,0.5400000000000003,271.4301129854809,0.5400000000000003,306.5838013576304,0.5400000000000003,333.2058875336895,0.5400000000000003,355.3890525558989,0.5400000000000003,374.5270185808526,0.5400000000000003,391.2928239524946,0.5400000000000003,419.3385812004199,0.5400000000000003,441.8878373192563,0.5400000000000003,460.4184827781566,0.5400000000000003,475.9189925711891,0.5400000000000003,489.0772494820048,0.5400000000000003,500.3871856537768,0.5400000000000003,510.2128084777742
0.5500000000000003,168.8136273242338,0.5500000000000003,210.6061112565895,0.5500000000000003,265.9821759774362,0.5500000000000003,300.9864730514745,0.5500000000000003,327.7496125595388,0.5500000000000003,350.1667974608239,0.5500000000000003,369.5743772583673,0.5500000000000003,386.6234698948855,0.5500000000000003,415.2377697902173,0.5500000000000003,438.3285437466781,0.5500000000000003,457.3598848786095,0.5500000000000003,473.3175507234886,0.5500000000000003,486.8911738173991,0.5500000000000003,498.5781023404202,0.5500000000000003,508.7462016870706
0.5600000000000003,165.6937790894903,0.5600000000000003,206.3482649664438,0.5600000000000003,260.6731105950697,0.5600000000000003,295.5276403957274,0.5600000000000003,322.4216216633176,0.5600000000000003,345.0613380101338,0.5600000000000003,364.7279272694985,0.5600000000000003,382.0511360054564,0.5600000000000003,411.2200707402562,0.5600000000000003,434.8435129200217,0.5600000000000003,454.3705076307858,0.5600000000000003,470.7830289743576,0.5600000000000003,484.771653863185,0.5600000000000003,496.8365617128632,0.5600000000000003,507.3490569854566
0.5700000000000003,162.6487921301194,0.5700000000000003,202.2020364470966,0.5700000000000003,255.5063198123428,0.5700000000000003,290.2043314122474,0.5700000000000003,317.2133549865621,0.5700000000000003,340.0592953769994,0.5700000000000003,359.9700933104758,0.5700000000000003,377.5545526431255,0.5700000000000003,407.2579989363081,0.5700000000000003,431.4002369096865,0.5700000000000003,451.413712929887,0.5700000000000003,468.2753474993962,0.5700000000000003,482.675709781213,0.5700000000000003,495.1171166285368,0.5700000000000003,505.9738098838068
0.5800000000000003,159.6801448643903,0.5800000000000003,198.1666894741819,0.5800000000000003,250.4743526876863,0.5800000000000003,285.0031869170465,0.5800000000000003,312.1065654549068,0.5800000000000003,335.1382541520113,0.5800000000000003,355.2748203961971,0.5800000000000003,373.1044374319287,0.5800000000000003,403.3167711780177,0.5800000000000003,427.95940938652,0.5800000000000003,448.4464176081307,0.5800000000000003,465.7482341927778,0.5800000000000003,480.5543520919988,0.5800000000000003,493.3684432395521,0.5800000000000003,504.5671163753602
0.5900000000000003,156.7831274526241,0.5900000000000003,194.2341799409817,0.5900000000000003,245.562342530861,0.5900000000000003,279.9042543552839,0.5900000000000003,307.0772716843194,0.5900000000000003,330.2708031436009,0.5900000000000003,350.6116706051987,0.5900000000000003,368.6676310409255,0.5900000000000003,399.3584937671938,0.5900000000000003,424.4791470168187,0.5900000000000003,445.4233391701379,0.5900000000000003,463.1534888914139,0.5900000000000003,478.3568603725242,0.5900000000000003,491.5376312301894,0.5900000000000003,503.0741524859732
0.6000000000000003,153.9486838548573,0.6000000000000003,190.3916703422273,0.6000000000000003,240.7511734940848,0.6000000000000003,274.8843357436963,0.6000000000000003,302.0991557025005,0.6000000000000003,325.4279467956581,0.6000000000000003,345.9492374062089,0.6000000000000003,364.210511318448,0.6000000000000003,395.3455756539657,0.6000000000000003,420.9184038215915,0.6000000000000003,442.3004132965355,0.6000000000000003,460.4444050517815,0.6000000000000003,476.0342094602376,0.6000000000000003,489.573614496845,0.6000000000000003,501.4420491642589
0.6100000000000003,151.1651785872797,0.6100000000000003,186.6237946927977,0.6100000000000003,236.0201450816739,0.6100000000000003,269.9197045500995,0.6100000000000003,297.1462563013201,0.6100000000000003,320.581765114463,0.6100000000000003,341.2577759846517,0.6100000000000003,359.7016000416363,0.6100000000000003,391.2433038409337,0.6100000000000003,417.239530019075,0.6100000000000003,439.037344976365,0.6100000000000003,457.578318285707,0.6100000000000003,473.5416182742624,0.6100000000000003,487.429721824123,0.6100000000000003,499.622445611938
0.6200000000000003,148.4199352395219,0.6200000000000003,182.9145301258372,0.6200000000000003,231.3490407952796,0.6200000000000003,264.9881392121282,0.6200000000000003,292.1949346195744,0.6200000000000003,315.7073191216722,0.6200000000000003,336.5110614288051,0.6200000000000003,355.1133852155589,0.6200000000000003,387.0216190101063,0.6200000000000003,413.4100227148751,0.6200000000000003,435.5993468663949,0.6200000000000003,454.5183396840066,0.6200000000000003,470.8402823115267,0.6200000000000003,485.0654109476765,0.6200000000000003,497.5732262314635
0.6300000000000003,145.7004707341282,0.6300000000000003,179.2486236845323,0.6300000000000003,226.719601915845,0.6300000000000003,260.0703078969963,0.6300000000000003,287.2251676383006,0.6300000000000003,310.7838715829896,0.6300000000000003,331.6875543377234,0.6300000000000003,350.4234455421333,0.6300000000000003,382.6561870880081,0.6300000000000003,409.4035694191464,0.6300000000000003,431.9581690574699,0.6300000000000003,451.2343801265119,0.6300000000000003,467.898397320861,0.6300000000000003,482.4472943662328,0.6300000000000003,495.2595501260586
0.6400000000000003,142.9954063968738,0.6400000000000003,175.6125856234803,0.6400000000000003,222.1164650096796,0.6400000000000003,255.1505881572158,0.6400000000000003,282.2212674971831,0.6400000000000003,305.7955298843335,0.6400000000000003,326.7709866918912,0.6400000000000003,345.6149940035942,0.6400000000000003,378.1288886076173,0.6400000000000003,405.2005087333704,0.6400000000000003,428.0925458247991,0.6400000000000003,447.7035917112447,0.6400000000000003,464.6916004660213,0.6400000000000003,479.5495831776385,0.6400000000000003,492.6542992698139
0.6500000000000004,140.2950744837634,0.6500000000000004,171.9952978416087,0.6500000000000004,217.5276506326692,0.6500000000000004,250.2174264925229,0.6500000000000004,277.1721406338049,0.6500000000000004,300.7314303383752,0.6500000000000004,321.7504905901072,0.6500000000000004,340.6769653093077,0.6500000000000004,373.4278528902143,0.6500000000000004,400.7878360618728,0.6500000000000004,423.9881873426625,0.6500000000000004,443.9103540535595,0.6500000000000004,461.2029563220153,0.6500000000000004,476.3540757962207,0.6500000000000004,489.7380716906314
0.6600000000000004,137.5918601989524,0.6600000000000004,168.388303988298,0.6600000000000004,212.9446996682204,0.6600000000000004,245.2633458196203,0.6600000000000004,272.0712000089569,0.6600000000000004,295.5855800180101,0.6600000000000004,316.6203875970669,0.6600000000000004,335.6037659166897,0.6600000000000004,368.5471565518266,0.6600000000000004,396.158873851899,0.6600000000000004,419.6374354929431,0.6600000000000004,439.8459240374665,0.6600000000000004,457.4226056706343,0.6600000000000004,472.8498088860739,0.6600000000000004,486.4988363822809
0.6700000000000004,134.8803286345705,0.6700000000000004,164.7858523878168,0.6700000000000004,208.3625501869343,0.6700000000000004,240.2847008826361,0.6700000000000004,266.9160332307708,0.6700000000000004,290.3564602481341,0.6700000000000004,311.3797435109653,0.6700000000000004,330.3947917654563,0.6700000000000004,363.4862915648607,0.6700000000000004,391.3127112874092,0.6700000000000004,415.0386882027493,0.6700000000000004,435.5078528841902,0.6700000000000004,453.3471803652862,0.6700000000000004,469.0324731912098,0.6700000000000004,482.9313520593486
0.6800000000000004,132.1571873833545,0.6800000000000004,161.1847592596211,0.6800000000000004,203.7792372363984,0.6800000000000004,235.2812680361021,0.6800000000000004,261.707914223287,0.6800000000000004,285.0464798450349,0.6800000000000004,306.0317768089386,0.6800000000000004,325.0538020187787,0.6800000000000004,358.2494910253782,0.6800000000000004,386.2535012810783,0.6800000000000004,410.1956797616409,0.6800000000000004,430.8992575521362,0.6800000000000004,448.9790708288746,0.6800000000000004,464.9036803793115,0.6800000000000004,479.0364354390895
0.6900000000000004,129.421131973616,0.6900000000000004,157.584151535417,0.6900000000000004,199.1954844084146,0.6900000000000004,230.255740148043,0.6900000000000004,256.4512294592913,0.6900000000000004,279.6613490986324,0.6900000000000004,300.5831917008293,0.6900000000000004,319.5882196780111,0.6900000000000004,352.8449833612667,0.6900000000000004,380.9896853359929,0.6900000000000004,405.1166874861136,0.6900000000000004,426.0280165990898,0.6900000000000004,444.3256160574467,0.6900000000000004,460.4701505033191,0.6900000000000004,474.8201483840027
0.7000000000000004,126.6726150667103,0.7000000000000004,153.985138473582,0.7000000000000004,194.614241852841,0.7000000000000004,225.2131817959088,0.7000000000000004,251.1528736645046,0.7000000000000004,274.2094291527769,0.7000000000000004,295.0434902982127,0.7000000000000004,314.0084135092384,0.7000000000000004,347.2842294020704,0.7000000000000004,375.5332007208347,0.7000000000000004,399.8137191777697,0.7000000000000004,420.9059449204928,0.7000000000000004,439.3982704786443,0.7000000000000004,455.7428743404091,0.7000000000000004,470.2929580574616
0.7100000000000004,123.9135731150332,0.7100000000000004,150.3904508976162,0.7100000000000004,190.0402120629983,0.7100000000000004,220.1604856996327,0.7100000000000004,245.8216553831691,0.7100000000000004,268.701096825922,0.7100000000000004,289.4243037799817,0.7100000000000004,308.3270011258863,0.7100000000000004,341.5811822674571,0.7100000000000004,369.8987101090769,0.7100000000000004,394.3017217096683,0.7100000000000004,415.5479878444242,0.7100000000000004,434.2117882487503,0.7100000000000004,450.7362912568021,0.7100000000000004,465.4689107751449
0.7200000000000004,121.1471369041278,0.7200000000000004,146.8040772061896,0.7200000000000004,185.4793930046737,0.7200000000000004,215.1058590525356,0.7200000000000004,240.4677403722664,0.7200000000000004,263.1481524621349,0.7200000000000004,283.7387699954418,0.7200000000000004,302.5582006651391,0.7200000000000004,335.7515977291125,0.7200000000000004,364.1028816585914,0.7200000000000004,388.5978390373387,0.7200000000000004,409.9714631603544,0.7200000000000004,428.7834537981308,0.7200000000000004,445.4675115948085,0.7200000000000004,460.3648486946689
0.7300000000000004,118.3773456813222,0.7300000000000004,143.2309168198793,0.7300000000000004,180.9386583067718,0.7300000000000004,210.0583582675019,0.7300000000000004,235.1021505951716,0.7300000000000004,257.5632882048488,0.7300000000000004,278.0009747628477,0.7300000000000004,296.7172483347817,0.7300000000000004,329.8124125998957,0.7300000000000004,358.1637374832532,0.7300000000000004,382.7207379912379,0.7300000000000004,404.1953698074168,0.7300000000000004,423.1323776701165,0.7300000000000004,439.9556028983308,0.7300000000000004,454.9996888869076
0.7400000000000004,115.6088787071795,0.7400000000000004,139.6764646419696,0.7400000000000004,176.4253863072718,0.7400000000000004,205.0274826045074,0.7400000000000004,229.7363285301464,0.7400000000000004,251.9596260391493,0.7400000000000004,272.2254660810796,0.7400000000000004,290.8198910726036,0.7400000000000004,323.7812006850691,0.7400000000000004,352.1000804756432,0.7400000000000004,376.6900122516548,0.7400000000000004,398.2397740364813,0.7400000000000004,417.2788688370421,0.7400000000000004,434.2209514809442,0.7400000000000004,449.3937765689632
0.7500000000000004,112.8468131710018,0.7500000000000004,136.1465344280303,0.7500000000000004,171.9471436246618,0.7500000000000004,200.0228310026851,0.7500000000000004,224.381770389001,0.7500000000000004,246.3503288385063,0.7500000000000004,266.4268443597417,0.7500000000000004,284.8819574382394,0.7500000000000004,317.6757096854118,0.7500000000000004,345.9310032803226,0.7500000000000004,370.5256687445848,0.7500000000000004,392.125277705622,0.7500000000000004,411.243888535205,0.7500000000000004,428.2847047192956,0.7500000000000004,443.5683181810476
0.7600000000000005,110.096413487452,0.7600000000000005,132.6470245828075,0.7600000000000005,167.5114243906984,0.7600000000000005,195.053821955374,0.7600000000000005,219.0497273942343,0.7600000000000005,240.7482832134563,0.7600000000000005,260.6194273239346,0.7600000000000005,278.9190053875611,0.7600000000000005,311.5134779220055,0.7600000000000005,339.6754786518698,0.7600000000000005,364.2476960988308,0.7600000000000005,385.872568747047,0.7600000000000005,405.0485860286817,0.7600000000000005,422.1682948174956,0.7600000000000005,437.5448953520663
0.7700000000000005,107.3629539692582,0.7700000000000005,129.183726677759,0.7700000000000005,163.1254430902346,0.7700000000000005,190.1294731681638,0.7700000000000005,213.7509712095097,0.7700000000000005,235.1658499142231,0.7700000000000005,254.8169851891213,0.7700000000000005,272.9460424915338,0.7700000000000005,305.3115265965875,0.7700000000000005,333.3520272109991,0.7700000000000005,357.8757115285254,0.7700000000000005,379.5020505272831,0.7700000000000005,398.7139133627099,0.7700000000000005,415.893041416268,0.7700000000000005,431.3450574123203
0.7800000000000005,104.6515746453322,0.7800000000000005,125.7621747299278,0.7800000000000005,158.7959768596877,0.7800000000000005,185.2582357603801,0.7800000000000005,208.4956176877696,0.7800000000000005,229.6146756158482,0.7800000000000005,249.032539761772,0.7800000000000005,266.9773121917961,0.7800000000000005,299.0861212567694,0.7800000000000005,326.9784564919138,0.7800000000000005,351.428680319751,0.7800000000000005,373.0335445802368,0.7800000000000005,392.2603138816935,0.7800000000000005,409.4798280998782,0.7800000000000005,424.9899877621078
0.7900000000000005,101.9671684433811,0.7900000000000005,122.3875318224344,0.7900000000000005,154.5292518697485,0.7900000000000005,180.4478766691783,0.7900000000000005,203.293002050325,0.7900000000000005,224.105558872413,0.7900000000000005,243.2782200640832,0.7900000000000005,261.0261385992895,0.7900000000000005,292.8525949752635,0.7900000000000005,320.5716639364642,0.7900000000000005,344.9247007909909,0.7900000000000005,366.4860598234753,0.7900000000000005,385.7074778664671,0.7900000000000005,402.9488463911567,0.7900000000000005,418.5002379075058
0.8000000000000005,99.31429696073705,0.8000000000000005,119.0645098124293,0.8000000000000005,150.3308678066506,0.8000000000000005,175.7054024266349,0.8000000000000005,198.1515981694306,0.8000000000000005,218.6483625944788,0.8000000000000005,237.5651666349681,0.8000000000000005,255.1048218695167,0.8000000000000005,286.6252252082654,0.8000000000000005,314.1474958702746,0.8000000000000005,338.3808469059406,0.8000000000000005,359.8776206145654,0.8000000000000005,379.0741578375872,0.8000000000000005,396.3193999714313,0.8000000000000005,411.8955220843304
0.8100000000000005,96.69713146670257,0.8100000000000005,115.7973174858466,0.8100000000000005,146.2057544819895,0.8100000000000005,171.037017623943,0.8100000000000005,193.0789748263581,0.8100000000000005,213.2519656224105,0.8100000000000005,231.9034768755099,0.8100000000000005,249.2245763880805,0.8100000000000005,280.4171564464982,0.8100000000000005,307.7206545827577,0.8100000000000005,331.8130607420155,0.8100000000000005,353.2251459711447,0.8100000000000005,372.378035987536,0.8100000000000005,389.6097617330196,0.8100000000000005,405.1945652201788
0.8200000000000005,94.11941560836138,0.8200000000000005,112.5896325631125,0.8200000000000005,142.1581546365231,0.8200000000000005,166.448111509055,0.8200000000000005,188.081781984812,0.8200000000000005,207.9242461411012,0.8200000000000005,226.3021839673648,0.8200000000000005,243.3955041382605,0.8200000000000005,274.2403608502064,0.8200000000000005,301.3046456447029,0.8200000000000005,325.2360869670771,0.8200000000000005,346.5443721716865,0.8200000000000005,365.6356360488354,0.8200000000000005,382.8370760742869,0.8200000000000005,398.414996752377
0.8300000000000005,91.58444620016706,0.8300000000000005,109.4445930556094,0.8300000000000005,138.1916276592859,0.8300000000000005,161.9432669356031,0.8300000000000005,183.1657609485782,0.8300000000000005,202.6720905393479,0.8300000000000005,220.7692627620576,0.8300000000000005,237.6265964908782,0.8300000000000005,268.1056299056433,0.8300000000000005,294.9117584063849,0.8300000000000005,318.66344224352,0.8300000000000005,339.8498116771293,0.8300000000000005,358.8622725860872,0.8300000000000005,376.0172994886354,0.8300000000000005,391.573283426199
0.8400000000000005,89.09506876444033,0.8400000000000005,106.3648039612701,0.8400000000000005,134.3090693800231,0.8400000000000005,157.5262863969979,0.8400000000000005,178.335772823394,0.8400000000000005,197.5014218814468,0.8400000000000005,215.3116566027659,0.8400000000000005,231.9257582121954,0.8400000000000005,262.022590664171,0.8400000000000005,288.5530731018756,0.8400000000000005,312.1074129193927,0.8400000000000005,333.1547417136746,0.8400000000000005,352.072031064171,0.8400000000000005,369.1651728312175,0.8400000000000005,384.6846944978637
0.8500000000000005,86.65368470477496,0.8500000000000005,103.3523556566061,0.8500000000000005,130.5127437637927,0.8500000000000005,153.2002306315217,0.8500000000000005,173.5958404976873,0.8500000000000005,192.4172429766042,0.8500000000000005,209.9353198702405,0.8500000000000005,226.2998483184855,0.8500000000000005,255.9997409479311,0.8500000000000005,282.2384887860597,0.8500000000000005,305.5790751389025,0.8500000000000005,326.4712166004178,0.8500000000000005,345.2777727576801,0.8500000000000005,362.2942193309815,0.8500000000000005,377.7632934290229
0.8600000000000005,84.26226736213411,0.8600000000000005,100.4088508538911,0.8600000000000005,126.8043229591268,0.8600000000000005,148.9674659731359,0.8600000000000005,168.9492000823551,0.8600000000000005,187.4236897792308,0.8600000000000005,204.6452718036442,0.8600000000000005,220.7547331702243,0.8600000000000005,250.0444986661441,0.8600000000000005,275.9767670747773,0.8600000000000005,299.0883322277939,0.8600000000000005,319.8100986045876,0.8600000000000005,338.491159244373,0.8600000000000005,355.4167630718448,0.8600000000000005,370.8219507909746
0.8700000000000006,81.92238456686404,0.8700000000000006,97.53543747103035,0.8700000000000006,123.1849327538269,0.8700000000000006,144.8297172822082,0.8700000000000006,164.3983584434194,0.8700000000000006,182.5240915689201,0.8700000000000006,199.4456578773948,0.8700000000000006,215.2953479373726,0.8700000000000006,244.1632611286527,0.8700000000000006,269.7755873944756,0.8700000000000006,292.6439649315629,0.8700000000000006,313.181102815129,0.8700000000000006,331.7226919135485,0.8700000000000006,348.5439633378236,0.8700000000000006,363.8723737539735
0.8800000000000006,79.63522566583319,0.8800000000000006,94.7328452210462,0.8800000000000006,119.6552010472754,0.8800000000000006,140.7881238932366,0.8800000000000006,159.9451540951314,0.8800000000000006,177.7210350147371,0.8800000000000006,194.3398156863321,0.8800000000000006,209.9257632491795,0.8800000000000006,238.3614709348793,0.8800000000000006,263.6416101386578,0.8800000000000006,286.253690769031,0.8800000000000006,306.5928521977752,0.8800000000000006,324.9817625837973,0.8800000000000006,341.6858608668925,0.8800000000000006,356.9251481724741
0.8900000000000006,77.40163135152871,0.8900000000000006,92.00142414898131,0.8900000000000006,116.2153074438072,0.8900000000000006,136.8432965522361,0.8900000000000006,155.5908192846607,0.8900000000000006,173.0164298131832,0.8900000000000006,189.3303428924771,0.8900000000000006,204.6492544547142,0.8900000000000006,232.6436856436784,0.8900000000000006,257.5805447604366,0.8900000000000006,279.9242293940418,0.8900000000000006,300.0529396213772,0.8900000000000006,318.2767119412891,0.8900000000000006,334.8514326681995,0.8900000000000006,349.9897898801976
0.9000000000000006,75.22212493859553,0.9000000000000006,89.34118371853086,0.9000000000000006,112.8650325034156,0.9000000000000006,132.9953737813948,0.9000000000000006,151.3360415893299,0.9000000000000006,168.411574098981,0.9000000000000006,184.4191653127467,0.9000000000000006,199.4683714593781,0.9000000000000006,227.013648985489,0.9000000000000006,251.5972203949387,0.9000000000000006,273.6613714253545,0.9000000000000006,293.5679942107638,0.9000000000000006,311.6148930730444,0.9000000000000006,328.0486526141177,0.9000000000000006,343.0748023577199
0.9100000000000006,73.09694401714836,0.9100000000000006,86.75183137580579,0.9100000000000006,109.6038055540764,0.9100000000000006,129.2440765037476,0.9100000000000006,147.1810237645207,0.9100000000000006,163.9072182638496,0.9100000000000006,179.607603678503,0.9100000000000006,194.3850075671948,0.9100000000000006,221.474361861857,0.9100000000000006,245.6956571003169,0.9100000000000006,267.4700487057032,0.9100000000000006,287.1437498839646,0.9100000000000006,305.0027378714162,0.9100000000000006,321.2845555190741,0.9100000000000006,336.1877384345232
0.9200000000000006,71.026071659064,0.9200000000000006,84.23280979386389,0.9200000000000006,106.4307502774077,0.9200000000000006,125.5887600902103,0.9200000000000006,143.1255409292002,0.9200000000000006,159.5036261842041,0.9200000000000006,174.8964379788361,0.9200000000000006,189.4004661524008,0.9200000000000006,216.0281517908774,0.9200000000000006,239.8791362329659,0.9200000000000006,261.3544043854289,0.9200000000000006,280.7851143711453,0.9200000000000006,298.4458245268829,0.9200000000000006,314.5653028574084,0.9200000000000006,329.33526412526
0.9300000000000006,69.00926656367072,0.9300000000000006,81.7833322316752,0.9300000000000006,103.3447275314095,0.9300000000000006,122.0284632611191,0.9300000000000006,139.1689944625666,0.9300000000000006,155.200633160814,0.9300000000000006,170.2859686152572,0.9300000000000006,184.5155243121287,0.9300000000000006,210.6767398049946,0.9300000000000006,234.1502688338201,0.9300000000000006,255.317861597455,0.9300000000000006,274.4962373892299,0.9300000000000006,291.9489447069566,0.9300000000000006,307.8962486555954,0.9300000000000006,322.5232230842294
0.9400000000000006,67.04609170479281,0.9400000000000006,79.40241562913239,0.9400000000000006,100.344375076741,0.9400000000000006,118.561953491343,0.9400000000000006,135.3104622165176,0.9400000000000006,150.997700118349,0.9400000000000006,165.7760738533406,0.9400000000000006,179.7304929211891,0.9400000000000006,205.4213040960892,0.9400000000000006,228.5110612060061,0.9400000000000006,249.3631898032954,0.9400000000000006,268.2805769669733,0.9400000000000006,285.5161693440725,0.9400000000000006,301.2820044215716,0.9400000000000006,315.7567004913253
0.9500000000000006,65.13594118494557,0.9500000000000006,77.0889112103371,0.9500000000000006,97.42814403284345,0.9500000000000006,115.1877687390355,0.9500000000000006,131.5487448317951,0.9500000000000006,146.8939638080623,0.9500000000000006,161.3662632635207,0.9500000000000006,175.0452727273305,0.9500000000000006,200.2625399381219,0.9500000000000006,222.9629771131772,0.9500000000000006,243.4925681501176,0.9500000000000006,262.1409631825361,0.9500000000000006,279.1509122283983,0.9500000000000006,294.7265022513742,0.9500000000000006,309.0400854619019
0.9600000000000006,63.27806511814132,0.9600000000000006,74.84153248564969,0.9600000000000006,94.59433201349923,0.9600000000000006,111.904255450026,0.9600000000000006,127.8824080878322,0.9600000000000006,142.8882829094564,0.9600000000000006,157.0557270060684,0.9600000000000006,170.459406297744,0.9600000000000006,195.2007156069702,0.9600000000000006,217.5069962307896,0.9600000000000006,237.7076453916542,0.9600000000000006,256.0796587969313,0.9600000000000006,272.8559908291398,0.9600000000000006,288.2330554851506,0.9600000000000006,302.3771313095554
0.9700000000000006,61.4715924539461,0.9700000000000006,72.65888063373586,0.9700000000000006,91.84111298415664,0.9700000000000006,108.709602889147,0.9700000000000006,124.3098213240044,0.9700000000000006,138.979280043524,0.9700000000000006,152.8433809411187,0.9700000000000006,165.972125761939,0.9700000000000006,190.2357241666368,0.9700000000000006,212.1436686448511,0.9700000000000006,232.0095960986237,0.9700000000000006,250.0984164475206,0.9700000000000006,266.6336839538386,0.9700000000000006,281.8044164752314,0.9700000000000006,295.7710131839133
0.9800000000000006,59.71555172567963,0.9800000000000006,70.53946731262546,0.9800000000000006,89.16656395085546,0.9800000000000006,105.6018739221695,0.9800000000000006,120.8291920493958,0.9800000000000006,135.1653797971545,0.9800000000000006,148.7279076390754,0.9800000000000006,161.5823963981823,0.9800000000000006,185.367131107012,0.9800000000000006,206.8731653202311,0.9800000000000006,226.3991730213627,0.9800000000000006,244.198532209884,0.9800000000000006,260.4857860069527,0.9800000000000006,275.4428311857685,0.9800000000000006,289.2243827663522
0.9900000000000007,58.00888975843392,0.9900000000000007,68.48173499772857,0.9900000000000007,86.56868863774652,0.9900000000000007,102.5790324226426,0.9900000000000007,117.4385969142594,0.9900000000000007,131.4448429207685,0.9900000000000007,144.7077934361274,0.9900000000000007,157.2889561866121,0.9900000000000007,180.5942179063999,0.9900000000000007,201.6953245595261,0.9900000000000007,220.8767555747953,0.9900000000000007,238.3808954519907,0.9900000000000007,254.4136577290401,0.9900000000000007,269.1500904680818,0.9900000000000007,282.7394198356201
1.000000000000001,56.35048841091964,1.000000000000001,66.48407497843471,1.000000000000001,84.04543834100599,1.000000000000001,99.63896751111062,1.000000000000001,114.1360092540588,1.000000000000001,127.8157969042281,1.000000000000001,140.7813617279245,1.000000000000001,153.0903515060546,1.000000000000001,175.9160216567714,1.000000000000001,196.6096945474059,1.000000000000001,215.4423944985649,1.000000000000001,232.6460349933472,1.000000000000001,248.4182733932581,1.000000000000001,262.9275779559736,1.000000000000001,276.3178806186702
1.010000000000001,54.73917945177435,1.010000000000001,64.54484316649022,1.010000000000001,81.59473016509598,1.010000000000001,96.77951485377027,1.010000000000001,110.9193234399484,1.010000000000001,124.2762631632992,1.010000000000001,136.9468027265379,1.010000000000001,148.9849691884775,1.010000000000001,171.3313709358832,1.010000000000001,191.615572130274,1.010000000000001,210.095852806928,1.010000000000001,226.9941616501988,1.010000000000001,242.5002645090981,1.010000000000001,256.7763146027576,1.010000000000001,269.9611429232849
1.020000000000001,53.17375768826523,1.020000000000001,62.66237388147773,1.020000000000001,79.21446285557403,1.020000000000001,93.99847525666733,1.020000000000001,107.7863762811748,1.020000000000001,120.8241810840219,1.020000000000001,133.2021999246497,1.020000000000001,144.9710651678655,1.020000000000001,166.8389181412058,1.020000000000001,186.7120380192447,1.020000000000001,204.8366431878407,1.020000000000001,221.4252072983733,1.020000000000001,236.6599601387326,1.020000000000001,250.6969999413181,1.020000000000001,263.6702481120537
1.030000000000001,51.65299247526783,1.030000000000001,60.83499178358648,1.030000000000001,76.90253044359012,1.030000000000001,91.29363079264168,1.030000000000001,104.7349657279081,1.030000000000001,117.4574291780846,1.030000000000001,129.5455535198633,1.030000000000001,141.0467899724612,1.030000000000001,162.4371685196884,1.030000000000001,181.897988629756,1.030000000000001,199.6640620420056,1.030000000000001,215.938860621511,1.030000000000001,230.8974239717937,1.030000000000001,244.690050192703,1.030000000000001,257.4459400247497
1.040000000000001,50.17563773670813,1.040000000000001,59.06102212332831,1.040000000000001,74.65683391269995,1.040000000000001,88.66275869354934,1.040000000000001,101.7628671196384,1.040000000000001,114.1738436009679,1.040000000000001,125.9748010530817,1.040000000000001,137.2102113133493,1.040000000000001,158.1245061369275,1.040000000000001,177.1721647866107,1.040000000000001,194.5772203729862,1.040000000000001,210.53459973765,1.040000000000001,225.2124883336719,1.040000000000001,238.7556333814588,1.040000000000001,251.2887009914982
1.050000000000001,48.74044063171987,1.050000000000001,57.33879947336737,1.050000000000001,72.4752910903173,1.050000000000001,86.10364323139916,1.050000000000001,98.86784721624869,1.050000000000001,110.9712342781669,1.050000000000001,122.4878355105774,1.050000000000001,133.459334019993,1.050000000000001,153.8992170319125,1.050000000000001,172.5331775302017,1.050000000000001,189.5750717509648,1.050000000000001,205.211721912411,1.050000000000001,219.604785321092,1.050000000000001,232.89370163746,1.050000000000001,245.1987851034295
1.060000000000001,47.34614899469729,1.060000000000001,55.66667510040127,1.060000000000001,70.35584495523027,1.060000000000001,83.61408580045777,1.060000000000001,96.0476762377096,1.060000000000001,107.8473988747825,1.060000000000001,119.0825211307262,1.060000000000001,129.792117566648,1.060000000000001,149.7595098006762,1.060000000000001,167.9795312611635,1.060000000000001,184.6564375781203,1.060000000000001,199.9693705756735,1.060000000000001,214.0737752707484,1.060000000000001,227.1040208789018,1.060000000000001,239.1762489249776
1.070000000000001,45.9915176731605,1.070000000000001,54.04302312596872,1.070000000000001,68.29647054013321,1.070000000000001,81.19191339895161,1.070000000000001,93.30013812516083,1.070000000000001,104.8001348312976,1.070000000000001,115.7567071451662,1.070000000000001,126.2064914236839,1.070000000000001,145.7035338454461,1.070000000000001,163.5096444571536,1.070000000000001,179.8200298831873,1.070000000000001,194.8065598618465,1.070000000000001,208.6187727722025,1.070000000000001,221.3861980787819,1.070000000000001,233.2209798410203
1.080000000000001,44.67531388061065,1.080000000000001,52.4662456149107,1.080000000000001,66.29518059481332,1.080000000000001,78.8349856946911,1.080000000000001,90.62303922172309,1.080000000000001,101.8272496744911,1.080000000000001,112.5082396710115,1.080000000000001,122.7003684558393,1.080000000000001,141.7293955165902,1.080000000000001,159.121868189089,1.080000000000001,175.0644718692044,1.080000000000001,189.7221968922569,1.080000000000001,203.2389704374765,1.080000000000001,215.7397063205453,1.080000000000001,227.3327222380088
1.090000000000001,43.39632167387546,1.090000000000001,50.93477671951665,1.090000000000001,64.35003016202977,1.090000000000001,76.541200844298,1.090000000000001,88.01421555655031,1.090000000000001,98.92656979777173,1.090000000000001,109.3349719567908,1.090000000000001,119.2716565762246,1.090000000000001,137.8351723635016,1.090000000000001,154.8145026551812,1.090000000000001,170.3883164320453,1.090000000000001,184.7151020142476,1.090000000000001,197.9334606375531,1.090000000000001,210.163907848069,1.090000000000001,221.5111017185083
1.100000000000001,42.15334565632304,1.100000000000001,49.44708599657032,1.100000000000001,62.45912020468324,1.100000000000001,74.30850022119336,1.100000000000001,85.47153890071492,1.100000000000001,96.0959478904734,1.100000000000001,106.2347731702948,1.100000000000001,115.9182688511018,1.100000000000001,134.0189256982546,1.100000000000001,150.5858119411256,1.100000000000001,165.7900628587159,1.100000000000001,179.7840272048959,1.100000000000001,192.7012554110133,1.100000000000001,204.6580753115053,1.100000000000001,215.7556475464624
1.110000000000001,40.94521400001837,1.110000000000001,48.00168100387845,1.110000000000001,60.62060040985525,1.110000000000001,72.13487219343274,1.110000000000001,82.99292174905236,1.110000000000001,93.33326918104946,1.110000000000001,103.2055359022396,1.110000000000001,112.6381322365561,1.110000000000001,130.2787116635486,1.110000000000001,146.4340372033609,1.110000000000001,161.2681719052876,1.110000000000001,174.9276728393219,1.110000000000001,187.5413047436176,1.110000000000001,199.2214114054015,1.110000000000001,210.0658135164874
1.120000000000001,39.77078087170578,1.120000000000001,46.59710927260318,1.120000000000001,58.83267128293686,1.120000000000001,70.01835507908979,1.120000000000001,80.57632136819016,1.120000000000001,90.6364566451191,1.120000000000001,100.2451825456978,1.120000000000001,109.4291951145468,1.120000000000001,126.6125909833628,1.120000000000001,142.3574084610937,1.120000000000001,156.821079443773,1.120000000000001,170.1447030146695,1.120000000000001,182.4525134094186,1.120000000000001,193.8530670881964,1.120000000000001,204.4409974333313
1.130000000000001,38.62892833956223,1.130000000000001,45.23195974204195,1.130000000000001,57.09358563347826,1.130000000000001,67.95703939433741,1.130000000000001,78.21974303790977,1.130000000000001,88.00347531598511,1.130000000000001,97.35167069801703,1.130000000000001,106.2894337827451,1.130000000000001,123.0186375627975,1.130000000000001,138.3541551713982,1.130000000000001,152.4472088571819,1.130000000000001,165.4337596112189,1.130000000000001,177.433756555655,1.130000000000001,188.5521585640774,1.130000000000001,198.8805593804543
1.140000000000001,37.51856783012471,1.140000000000001,43.90486373440484,1.140000000000001,55.4016495436535,1.140000000000001,65.94906949771466,1.140000000000001,75.92124260083756,1.140000000000001,85.4323358228781,1.140000000000001,94.52299771940348,1.140000000000001,103.2168580401747,1.140000000000001,119.494946091383,1.140000000000001,134.4225157502812,1.140000000000001,148.1449823512809,1.140000000000001,160.7934752622918,1.140000000000001,172.4838942040099,1.140000000000001,183.3177831994801,1.140000000000001,193.38383894791
1.150000000000001,36.43864119770234,1.150000000000001,42.61449553876536,1.150000000000001,53.75522290039878,1.150000000000001,63.99264472340496,1.150000000000001,73.67892842427361,1.150000000000001,82.9210972706674,1.150000000000001,91.7572045708623,1.150000000000001,100.2095159991431,1.150000000000001,116.0396387930193,1.150000000000001,130.5607461921073,1.150000000000001,143.912831341407,1.150000000000001,156.2224853948725,1.150000000000001,167.6017848314661,1.150000000000001,178.1490345363758,1.150000000000001,187.9501715792138
1.160000000000001,35.38812146201405,1.160000000000001,41.35957266567504,1.160000000000001,52.15271956333504,1.160000000000001,62.08602008663437,1.160000000000001,71.49096286776013,1.160000000000001,80.4678695643364,1.160000000000001,89.05237904351451,1.160000000000001,97.26549824334018,1.160000000000001,112.6508714553514,1.160000000000001,126.7671279294314,1.160000000000001,139.7492060627918,1.160000000000001,151.7194394929452,1.160000000000001,162.7862981838045,1.160000000000001,173.0450165551382,1.160000000000001,182.5789041875773
1.170000000000001,34.36601326373847,1.170000000000001,40.13885582695544,1.170000000000001,50.59260723251435,1.170000000000001,60.2275066355464,1.170000000000001,69.3555633408135,1.170000000000001,78.07081527203488,1.170000000000001,86.40665848171315,1.170000000000001,94.38294144221571,1.170000000000001,109.326838861499,1.170000000000001,123.0399750657495,1.170000000000001,135.6525845431578,1.170000000000001,147.2830117255802,1.170000000000001,158.0363274649889,1.170000000000001,168.0048573280775,1.170000000000001,177.2694101789234
1.180000000000001,33.37135308215205,1.180000000000001,38.95114868888175,1.180000000000001,49.07340707282258,1.180000000000001,58.41547151609511,1.180000000000001,67.27100302699178,1.180000000000001,75.72815111200526,1.180000000000001,83.81823209367195,1.180000000000001,91.56003152305557,1.180000000000001,106.0657797383073,1.180000000000001,119.3776411046019,1.180000000000001,131.6214810670265,1.180000000000001,142.911911072504,1.180000000000001,153.3508010349844,1.180000000000001,163.0277221946311,1.180000000000001,172.0211040080191
1.190000000000001,32.4032092540259,1.190000000000001,37.79529744134148,1.190000000000001,47.5936931454456,1.190000000000001,56.64833780955465,1.190000000000001,65.2356113431793,1.190000000000001,73.43814914111525,1.190000000000001,81.28534293560467,1.190000000000001,88.79500649417655,1.190000000000001,102.8659813270828,1.190000000000001,115.7785252899882,1.190000000000001,127.6544542523192,1.190000000000001,138.604891069645,1.190000000000001,148.7286937379628,1.190000000000001,158.1128265758057,1.190000000000001,166.8334553796528
1.200000000000001,31.46068182847177,1.200000000000001,36.67019022053538,1.200000000000001,46.1520916911543,1.200000000000001,54.92458419613006,1.200000000000001,63.24777419651355,1.200000000000001,71.19913771605721,1.200000000000001,78.80628964842836,1.200000000000001,86.08615900567304,1.200000000000001,99.7257836752441,1.200000000000001,112.2410786649389,1.200000000000001,123.7501148506766,1.200000000000001,134.3607592874362,1.200000000000001,144.1690379713187,1.200000000000001,153.2594485339233,1.200000000000001,161.7060031927306
1.210000000000001,30.54290228839865,1.210000000000001,35.57475641834673,1.210000000000001,44.74728030520481,1.210000000000001,53.2427444928332,1.210000000000001,61.30593409577629,1.210000000000001,69.00950229238519,1.210000000000001,76.37942802005853,1.210000000000001,83.4318387277509,1.210000000000001,96.64358374044863,1.210000000000001,108.7638099473181,1.210000000000001,119.907133374131,1.210000000000001,130.1783866439799,1.210000000000001,139.6709345938318,1.210000000000001,148.4669411682247,1.210000000000001,156.6383693079317
1.220000000000001,29.64903316567869,1.220000000000001,34.50796590761408,1.220000000000001,43.37798703934902,1.220000000000001,51.60140710914716,1.220000000000001,59.40859016915778,1.220000000000001,66.86768612144837,1.220000000000001,74.00317244086618,1.220000000000001,80.83045462100567,1.220000000000001,93.6178393921672,1.220000000000001,105.345291314218,1.220000000000001,116.1242476414407,1.220000000000001,126.0567166442968,1.220000000000001,135.2335637578688,1.220000000000001,143.7347449218329,1.220000000000001,151.6302722017771
1.230000000000001,28.77826757396557,1.230000000000001,33.46882820913568,1.230000000000001,42.04298946271781,1.230000000000001,49.99921446003276,1.230000000000001,57.55429813610368,1.230000000000001,64.77219090077828,1.230000000000001,71.67599731509837,1.230000000000001,78.28047716782271,1.230000000000001,90.64707338943879,1.230000000000001,101.9841641785097,1.230000000000001,112.4002703276571,1.230000000000001,121.9947746244058,1.230000000000001,130.8561957356398,1.230000000000001,139.0623998576093,1.230000000000001,146.6815405488803
1.240000000000001,27.92982868033463,1.240000000000001,32.4563916232874,1.240000000000001,40.74111371016948,1.240000000000001,48.43486237242249,1.240000000000001,55.74167027729361,1.240000000000001,62.72157742954883,1.240000000000001,69.3964384867175,1.240000000000001,75.78044062918686,1.240000000000001,87.72987740724068,1.240000000000001,98.67914503281541,1.240000000000001,108.7340965897383,1.240000000000001,117.9916770656992,1.240000000000001,126.5382017929631,1.240000000000001,134.4495579401524,1.240000000000001,141.7921267504935
1.250000000000001,27.10296913450204,1.250000000000001,31.46974234658264,1.250000000000001,39.47123354398023,1.250000000000001,46.90709951843834,1.250000000000001,53.96937544363442,1.250000000000001,60.7144663171985,1.250000000000001,67.16309473410796,1.250000000000001,73.32894538655937,1.250000000000001,84.86491617744159,1.250000000000001,95.42903142730032,1.250000000000001,105.1247118290101,1.250000000000001,114.0466410293628,1.250000000000001,122.279065144445,1.250000000000001,129.8959953385956,1.250000000000001,136.96212040069
1.260000000000001,26.2969704722693,1.260000000000001,30.50800359133723,1.260000000000001,38.23226945245023,1.260000000000001,45.41472690608721,1.260000000000001,52.23613914238103,1.260000000000001,58.74953879007901,1.260000000000001,64.9746293841652,1.260000000000001,70.92466042371136,1.260000000000001,82.05093180322226,1.260000000000001,92.23270813747594,1.260000000000001,101.57119963759,1.260000000000001,110.1589937430759,1.260000000000001,118.0783920024792,1.260000000000001,125.4016247378816,1.260000000000001,132.1917616510863
1.270000000000001,25.51114250802951,1.270000000000001,29.57033472473727,1.270000000000001,37.02318780707096,1.270000000000001,43.95659745603123,1.270000000000001,50.5407437359366,1.270000000000001,56.82553763782453,1.270000000000001,62.82977209238757,1.270000000000001,68.56632599837964,1.270000000000001,79.28674829797265,1.270000000000001,89.08915356664913,1.270000000000001,98.07274995997642,1.270000000000001,106.3281823513258,1.270000000000001,113.9359227064834,1.270000000000001,120.9665076166089,1.270000000000001,127.4814543998695
1.280000000000001,24.74482272960697,1.280000000000001,28.65593044203557,1.280000000000001,35.8430000982263,1.280000000000001,42.53161569109992,1.280000000000001,48.88202878647478,1.280000000000001,54.94126833798481,1.280000000000001,60.7273208312636,1.280000000000001,66.2527565479356,1.280000000000001,76.57127639038124,1.280000000000001,85.99744641390738,1.280000000000001,94.62866748205428,1.280000000000001,102.5537838168916,1.280000000000001,109.851542889887,1.280000000000001,116.5908664149797,1.280000000000001,122.8317791924347
1.290000000000001,23.99737570736347,1.290000000000001,27.76401998726321,1.290000000000001,34.69076226796354,1.290000000000001,41.13873756340691,1.290000000000001,47.25889157704596,1.290000000000001,53.09560039391861,1.290000000000001,58.66614412436215,1.290000000000001,63.98284386666097,1.290000000000001,73.90351862642662,1.290000000000001,82.9567726221656,1.290000000000001,91.23838023789055,1.290000000000001,98.83551493268237,1.290000000000001,105.8252946082571,1.290000000000001,112.2750964768742,1.290000000000001,118.2435056766503
1.300000000000001,23.26819252834872,1.300000000000001,26.89386643369201,1.300000000000001,33.56557415704048,1.300000000000001,39.77697044209983,1.300000000000001,45.67028783707263,1.300000000000001,51.28746891689981,1.300000000000001,56.64518355773727,1.300000000000001,61.75556058418951,1.300000000000001,71.28257478573663,1.300000000000001,79.96643260141619,1.300000000000001,87.90144839846869,1.300000000000001,95.17324237096283,1.300000000000001,101.8573873136255,1.300000000000001,108.0197776067016,1.300000000000001,113.7176044074911
1.310000000000001,22.55669026527956,1.310000000000001,26.04476603526882,1.310000000000001,32.46657908217378,1.310000000000001,38.44537328276285,1.310000000000001,44.11523269694615,1.310000000000001,49.51587647841833,1.310000000000001,54.66345659302031,1.310000000000001,59.56996396487598,1.310000000000001,68.70764761350098,1.310000000000001,77.02584869887619,1.310000000000001,84.61757317594918,1.310000000000001,91.56699265900004,1.310000000000001,97.94820851615887,1.310000000000001,103.8256850326002,1.310000000000001,109.2552577429086
1.320000000000001,21.86231148925063,1.320000000000001,25.21604765931667,1.320000000000001,31.39296355804814,1.320000000000001,37.14305699714042,1.320000000000001,42.59280189244527,1.320000000000001,47.77989525248976,1.320000000000001,52.7200596976793,1.320000000000001,57.42520003561444,1.320000000000001,66.17804884951987,1.320000000000001,74.13457286008926,1.320000000000001,81.386605741407,1.320000000000001,88.01696192784432,1.320000000000001,94.09833392562,1.320000000000001,99.69379951375934,1.320000000000001,104.8578695162136
1.330000000000001,21.1845238342779,1.330000000000001,24.4070723098832,1.330000000000001,30.34395717706418,1.330000000000001,35.86918503888988,1.330000000000001,41.10213323465598,1.330000000000001,46.07866945991975,1.330000000000001,50.81417179663669,1.330000000000001,55.32050803454442,1.330000000000001,63.69320551221757,1.330000000000001,71.2922943923019,1.330000000000001,78.20855601299749,1.330000000000001,84.5235252323523,1.330000000000001,90.30853681128235,1.330000000000001,95.62531627262909,1.330000000000001,100.5270731105359
1.340000000000001,20.52281962100853,1.340000000000001,23.617232750156,1.340000000000001,29.31883265788334,1.340000000000001,34.62297421731362,1.340000000000001,39.6424283546094,1.340000000000001,44.41141811655388,1.340000000000001,48.94505803538856,1.340000000000001,53.25522515441698,1.340000000000001,61.2526663669425,1.340000000000001,68.49884770331769,1.340000000000001,75.08360112471479,1.340000000000001,81.0872451874085,1.340000000000001,86.57979626085165,1.340000000000001,91.62165237193686,1.340000000000001,96.264737500614
1.350000000000001,19.87671554614333,1.350000000000001,22.84595323126074,1.350000000000001,28.31690607134449,1.350000000000001,33.40369574612955,1.350000000000001,38.21295472353365,1.350000000000001,42.77743807493713,1.350000000000001,47.11207382732486,1.350000000000001,51.22879153165417,1.350000000000001,58.85610847423774,1.350000000000001,65.75421984520075,1.350000000000001,72.01209333395056,1.350000000000001,77.70887960731764,1.350000000000001,82.91330395803335,1.350000000000001,87.68445209527303,1.350000000000001,92.07297076770028
1.360000000000001,19.24575244326087,1.360000000000001,22.09268933342001,1.360000000000001,27.3375372491361,1.360000000000001,32.21067652799638,1.360000000000001,36.81304793904432,1.360000000000001,41.17610733313263,1.360000000000001,45.31466913649368,1.360000000000001,49.24075540469403,1.360000000000001,56.5033436744575,1.360000000000001,63.05855764273977,1.360000000000001,68.99456706903132,1.360000000000001,74.389387774006,1.360000000000001,79.31046903609665,1.360000000000001,83.81558982982794,1.360000000000001,87.9541205383556
1.370000000000001,18.62949511972246,1.370000000000001,21.35692792377142,1.370000000000001,26.38013037641377,1.370000000000001,31.04330066738066,1.370000000000001,35.44211425427695,1.370000000000001,39.60688856507516,1.370000000000001,43.5523929211957,1.370000000000001,47.29077833268445,1.370000000000001,54.1943248202418,1.370000000000001,60.41217413196306,1.370000000000001,66.0317447571887,1.370000000000001,71.12993489712989,1.370000000000001,75.77292050406805,1.370000000000001,80.01716989465531,1.370000000000001,83.91077075141521
1.380000000000001,18.02753227312434,1.380000000000001,20.63818723297573,1.380000000000001,25.44413476416171,1.380000000000001,29.90101119402892,1.380000000000001,34.09963331045186,1.380000000000001,38.06933280332711,1.380000000000001,41.82489763300859,1.380000000000001,45.37864032770403,1.380000000000001,51.9291515179905,1.380000000000001,57.81555397519693,1.380000000000001,63.12454101116158,1.380000000000001,67.93189426797923,1.380000000000001,72.30250668680291,1.380000000000001,76.29152271201511,1.380000000000001,79.94573412390416
1.390000000000001,17.4394764892281,1.390000000000001,19.93601704997628,1.390000000000001,24.5290457901954,1.390000000000001,28.78331196643257,1.390000000000001,32.78516101324138,1.390000000000001,36.56308317715702,1.390000000000001,40.13194363001421,1.390000000000001,43.50424471049713,1.390000000000001,49.70807508467461,1.390000000000001,55.26935745808714,1.390000000000001,60.27406469110719,1.390000000000001,64.7968465531024,1.390000000000001,68.90129107444233,1.390000000000001,72.64119668787235,1.390000000000001,76.06203967259643
1.400000000000001,16.86496432138371,1.400000000000001,19.24999903071247,1.400000000000001,23.63440598903203,1.400000000000001,27.68976970891386,1.400000000000001,31.4983324692974,1.400000000000001,35.08787857625049,1.400000000000001,38.47340332225447,1.400000000000001,41.66762245180647,1.400000000000001,47.53150236850747,1.400000000000001,52.77442261343678,1.400000000000001,57.48161830239832,1.400000000000001,61.72657562800006,1.400000000000001,65.57154394690498,1.400000000000001,69.06894515706495,1.400000000000001,72.26291465935434
1.410000000000001,16.30365644901994,1.410000000000001,18.57974711210589,1.410000000000001,22.75980626016658,1.410000000000001,26.62001611703289,1.410000000000001,30.23886487123901,1.410000000000001,33.6435570733346,1.410000000000001,36.849264822398,1.410000000000001,39.86893570990649,1.410000000000001,45.39999802375816,1.410000000000001,50.33176496045328,1.410000000000001,54.74869414376552,1.410000000000001,58.72306032196182,1.410000000000001,62.31572913152281,1.410000000000001,65.57770776622074,1.410000000000001,68.55176037252782
1.420000000000001,15.75523790973691,1.420000000000001,17.92490801705952,1.420000000000001,21.90488715137118,1.420000000000001,25.5737499438592,1.420000000000001,29.00656018753765,1.420000000000001,32.23005889818914,1.420000000000001,35.25963482653462,1.420000000000001,38.10848022190476,1.420000000000001,43.31428477489252,1.420000000000001,47.9425743013192,1.420000000000001,52.07696659071163,1.420000000000001,55.78846143952736,1.420000000000001,59.13648527442416,1.420000000000001,62.1705857204718,1.420000000000001,64.93212124111977
1.430000000000001,15.21941839576713,1.430000000000001,17.28516182938541,1.430000000000001,21.06934015837972,1.430000000000001,24.55073895437253,1.430000000000001,27.80130747863198,1.430000000000001,30.84742871221016,1.430000000000001,33.70474040106087,1.430000000000001,36.3866861548295,1.430000000000001,41.27524115824018,1.430000000000001,45.60820798629391,1.430000000000001,49.46827989398847,1.430000000000001,52.92510345004487,1.430000000000001,56.03660106696032,1.430000000000001,58.85081041610095,1.430000000000001,61.40764690916166
1.440000000000001,14.69593260098761,1.440000000000001,16.66022260943961,1.440000000000001,20.25290896479997,1.440000000000001,23.5508216073536,1.440000000000001,26.6230846234818,1.440000000000001,29.49581688900221,1.440000000000001,32.18492930490284,1.440000000000001,34.7041169767167,1.440000000000001,39.28389619663535,1.440000000000001,43.33018005155699,1.440000000000001,46.92463089999992,1.440000000000001,50.13545030312606,1.440000000000001,53.01898397500668,1.440000000000001,55.62170512739664,1.440000000000001,57.98204708065084
1.450000000000001,14.18454059919955,1.450000000000001,16.04983901171973,1.450000000000001,19.45539052657567,1.450000000000001,22.57390829456554,1.450000000000001,25.47195920354254,1.450000000000001,28.17547946550805,1.450000000000001,30.70066843622365,1.450000000000001,33.06146587331669,1.450000000000001,37.34142045160764,1.450000000000001,41.1101456593445,1.450000000000001,44.44814616893105,1.450000000000001,47.42207494236988,1.450000000000001,50.08662217858181,1.450000000000001,52.48663961700051,1.450000000000001,54.65903918346739
1.460000000000001,13.68502822800535,1.460000000000001,15.45379485488885,1.460000000000001,18.67663588442761,1.460000000000001,21.61998193735124,1.460000000000001,24.34808825663539,1.460000000000001,26.88677639412317,1.460000000000001,29.25253996479795,1.460000000000001,31.45954921955231,1.460000000000001,35.44911291712892,1.460000000000001,38.94988033665977,1.460000000000001,42.04105308490728,1.460000000000001,44.78762225967192,1.460000000000001,47.24253964644891,1.460000000000001,49.44897779773058,1.460000000000001,51.44228919372576
1.470000000000001,13.19720744536477,1.470000000000001,14.87190958284759,1.470000000000001,17.91655056646173,1.470000000000001,20.6890977132798,1.470000000000001,23.25171658518532,1.470000000000001,25.63016770445082,1.470000000000001,27.84123470219587,1.470000000000001,29.89929662427632,1.470000000000001,33.60838327768101,1.470000000000001,36.85125362564315,1.470000000000001,39.70564472813317,1.470000000000001,42.23476546242047,1.470000000000001,44.48974454707439,1.470000000000001,46.51201888838231,1.470000000000001,48.33534630514648
1.480000000000001,12.72091661793372,1.480000000000001,14.30403854301833,1.480000000000001,17.17509442305345,1.480000000000001,19.78138166323251,1.480000000000001,22.1831732865979,1.480000000000001,24.40620718020429,1.480000000000001,26.46754227943506,1.480000000000001,28.38173711067154,1.480000000000001,31.82072916017252,1.480000000000001,34.81619693246845,1.480000000000001,37.44423851562223,1.480000000000001,39.76615611615037,1.480000000000001,41.83117153009366,1.480000000000001,43.67893286945302,1.480000000000001,45.34157251122047
1.490000000000001,12.25602069185893,1.490000000000001,13.7500729956504,1.490000000000001,16.45228071930526,1.490000000000001,18.89702791620621,1.490000000000001,21.14286617380374,1.490000000000001,23.21553317933479,1.490000000000001,25.13233775376838,1.490000000000001,26.9079810810388,1.490000000000001,30.08770817086554,1.490000000000001,32.8466655964342,1.490000000000001,35.25912891461499,1.490000000000001,37.38436847149288,1.490000000000001,39.26961879235858,1.490000000000001,40.9526914443976,1.490000000000001,42.46406857469664
1.5,11.80241118826151,1.5,13.20993975669082,1.5,15.74817429948408,1.5,18.03629426969061,1.5,20.13127377736833,1.5,22.05885628091092,1.5,23.83656436020314,1.5,25.47919785058075,1.5,28.41090472888575,1.5,30.94459549572637,1.5,33.15253488497392,1.5,35.09183907467905,1.5,36.80768125337533,1.5,38.33599612720966,1.5,39.70559826587986
