pch18_Id_W (ll=3.5e-07) X,pch18_Id_W (ll=3.5e-07) Y,pch18_Id_W (ll=4e-07) X,pch18_Id_W (ll=4e-07) Y,pch18_Id_W (ll=5e-07) X,pch18_Id_W (ll=5e-07) Y,pch18_Id_W (ll=6e-07) X,pch18_Id_W (ll=6e-07) Y,pch18_Id_W (ll=7e-07) X,pch18_Id_W (ll=7e-07) Y,pch18_Id_W (ll=8e-07) X,pch18_Id_W (ll=8e-07) Y,pch18_Id_W (ll=9e-07) X,pch18_Id_W (ll=9e-07) Y,pch18_Id_W (ll=1e-06) X,pch18_Id_W (ll=1e-06) Y,pch18_Id_W (ll=1.2e-06) X,pch18_Id_W (ll=1.2e-06) Y,pch18_Id_W (ll=1.4e-06) X,pch18_Id_W (ll=1.4e-06) Y,pch18_Id_W (ll=1.6e-06) X,pch18_Id_W (ll=1.6e-06) Y,pch18_Id_W (ll=1.8e-06) X,pch18_Id_W (ll=1.8e-06) Y,pch18_Id_W (ll=2e-06) X,pch18_Id_W (ll=2e-06) Y,pch18_Id_W (ll=2.2e-06) X,pch18_Id_W (ll=2.2e-06) Y,pch18_Id_W (ll=2.4e-06) X,pch18_Id_W (ll=2.4e-06) Y
0,-1.026926845241304e-06,0,-9.040357067349843e-07,0,-7.62217581796006e-07,0,-6.71675876730288e-07,0,-6.034037604611405e-07,0,-5.484949369001666e-07,0,-5.029372410057385e-07,0,-4.644044586778173e-07,0,-4.026762566756246e-07,0,-3.553822905989995e-07,0,-3.17993277537706e-07,0,-2.877002158562933e-07,0,-2.626640435813496e-07,0,-2.416297377789403e-07,0,-2.237115928988181e-07
0.01,-1.357088262656999e-06,0.01,-1.196204539139721e-06,0.01,-1.01017613171145e-06,0.01,-8.910429566913469e-07,0.01,-8.009880914676166e-07,0.01,-7.284298870257289e-07,0.01,-6.681500964203102e-07,0.01,-6.171157670944403e-07,0.01,-5.352768215856247e-07,0.01,-4.72513149852903e-07,0.01,-4.228608346039443e-07,0.01,-3.826121279326652e-07,0.01,-3.493355440015442e-07,0.01,-3.213698104559087e-07,0.01,-2.975414818517991e-07
0.02,-1.793049209132593e-06,0.02,-1.582497907037898e-06,0.02,-1.338556293760085e-06,0.02,-1.181849523528984e-06,0.02,-1.06309506733226e-06,0.02,-9.67240303336447e-07,0.02,-8.87502142254901e-07,0.02,-8.199281449539097e-07,0.02,-7.114551311353632e-07,0.02,-6.281837493174102e-07,0.02,-5.622634477357499e-07,0.02,-5.088015676136995e-07,0.02,-4.645842398499428e-07,0.02,-4.274130318051208e-07,0.02,-3.95733694764976e-07
0.03,-2.368557963537302e-06,0.03,-2.093099339539079e-06,0.03,-1.773320080323928e-06,0.03,-1.567251044966296e-06,0.03,-1.410694782537231e-06,0.03,-1.284098089435697e-06,0.03,-1.178648790218921e-06,0.03,-1.089198800953557e-06,0.03,-9.454623937239458e-07,0.03,-8.350123481011159e-07,0.03,-7.475178506169637e-07,0.03,-6.765245093970156e-07,0.03,-6.177854974305763e-07,0.03,-5.683923266554807e-07,0.03,-5.262869246670513e-07
0.04,-3.128072736624068e-06,0.04,-2.767821386091645e-06,0.04,-2.348766372905552e-06,0.04,-2.077867950649502e-06,0.04,-1.87153552285201e-06,0.04,-1.704383744726143e-06,0.04,-1.564971009802658e-06,0.04,-1.446595321555553e-06,0.04,-1.256183870346989e-06,0.04,-1.109724806619107e-06,0.04,-9.9362767596918e-07,0.04,-8.99380305139359e-07,0.04,-8.213724775042674e-07,0.04,-7.557573750277186e-07,0.04,-6.998105310653863e-07
0.05,-4.130139838798126e-06,0.05,-3.659158532162944e-06,0.05,-3.110191093387963e-06,0.05,-2.754176607693373e-06,0.05,-2.482320190494292e-06,0.05,-2.261683422399708e-06,0.05,-2.07741944004522e-06,0.05,-1.920807804134437e-06,0.05,-1.668635153192734e-06,0.05,-1.474482220986514e-06,0.05,-1.320475989248122e-06,0.05,-1.195393709010105e-06,0.05,-1.091826170199706e-06,0.05,-1.00468692685263e-06,0.05,-9.303703506131217e-07
0.06,-5.451829251752074e-06,0.06,-4.836300501095013e-06,0.06,-4.117389312658509e-06,0.06,-3.649659693462703e-06,0.06,-3.291575552482582e-06,0.06,-3.000422717971478e-06,0.06,-2.756947150416241e-06,0.06,-2.549807995931748e-06,0.06,-2.215937090087887e-06,0.06,-1.958633616163615e-06,0.06,-1.754399859195888e-06,0.06,-1.588443695175587e-06,0.06,-1.450982851983838e-06,0.06,-1.335293703116107e-06,0.06,-1.236605828537181e-06
0.07000000000000001,-7.194555142292396e-06,0.07000000000000001,-6.390404840220398e-06,0.07000000000000001,-5.449262785597476e-06,0.07000000000000001,-4.834954346683922e-06,0.07000000000000001,-4.363432203680522e-06,0.07000000000000001,-3.979337690387142e-06,0.07000000000000001,-3.657716577110092e-06,0.07000000000000001,-3.383827953367766e-06,0.07000000000000001,-2.941920444525031e-06,0.07000000000000001,-2.60102794831082e-06,0.07000000000000001,-2.330267674309816e-06,0.07000000000000001,-2.110148671876672e-06,0.07000000000000001,-1.927759306571988e-06,0.07000000000000001,-1.77421438920328e-06,0.07000000000000001,-1.643204264020678e-06
0.08,-9.49170876679561e-06,0.08,-8.44151925312168e-06,0.08,-7.209877489102886e-06,0.08,-6.403310000745833e-06,0.08,-5.782600418598061e-06,0.08,-5.276045572357851e-06,0.08,-4.851323511170109e-06,0.08,-4.489284077013592e-06,0.08,-3.904558107877064e-06,0.08,-3.453061188326051e-06,0.08,-3.094217247168756e-06,0.08,-2.802351592227682e-06,0.08,-2.560427182165895e-06,0.08,-2.356705831651244e-06,0.08,-2.182844490817557e-06
0.09,-1.251866086655384e-05,0.09,-1.114766305417203e-05,0.09,-9.536421117414138e-06,0.09,-8.477763364143764e-06,0.09,-7.66091451393723e-06,0.09,-6.993058142058592e-06,0.09,-6.432355537492005e-06,0.09,-5.953941681677741e-06,0.09,-5.18048337694621e-06,0.09,-4.58268818230137e-06,0.09,-4.107261223937175e-06,0.09,-3.720392468988728e-06,0.09,-3.399608138075814e-06,0.09,-3.129405678063618e-06,0.09,-2.898756743286012e-06
0.09999999999999999,-1.650585853822267e-05,0.09999999999999999,-1.471673120795944e-05,0.09999999999999999,-1.260964709865794e-05,0.09999999999999999,-1.122056189571619e-05,0.09999999999999999,-1.014593169070528e-05,0.09999999999999999,-9.265685068103483e-06,0.09999999999999999,-8.525698877040279e-06,0.09999999999999999,-7.893705034956778e-06,0.09999999999999999,-6.870931405481164e-06,0.09999999999999999,-6.079698788945226e-06,0.09999999999999999,-5.450029051889287e-06,0.09999999999999999,-4.937412741050973e-06,0.09999999999999999,-4.512213543521493e-06,0.09999999999999999,-4.153963724522546e-06,0.09999999999999999,-3.848089984841954e-06
0.11,-2.175595840884745e-05,0.11,-1.942208355514287e-05,0.11,-1.666756829200477e-05,0.11,-1.484552723380775e-05,0.11,-1.343221777250178e-05,0.11,-1.227240930473304e-05,0.11,-1.129613225252619e-05,0.11,-1.046153367778871e-05,0.11,-9.10954233753691e-06,0.11,-8.062647813810977e-06,0.11,-7.228995633948142e-06,0.11,-6.550009323905416e-06,0.11,-5.986619634051879e-06,0.11,-5.511812101248558e-06,0.11,-5.106335326340703e-06
0.12,-2.866621721230582e-05,0.12,-2.562293840431946e-05,0.12,-2.202339105281606e-05,0.12,-1.963425624042486e-05,0.12,-1.777614076579891e-05,0.12,-1.624848999953925e-05,0.12,-1.496090671986403e-05,0.12,-1.385913480098982e-05,0.12,-1.207259488622718e-05,0.12,-1.068794383399671e-05,0.12,-9.584650587035647e-06,0.12,-8.685650315282538e-06,0.12,-7.939455135999902e-06,0.12,-7.310421745052638e-06,0.12,-6.773127673375962e-06
0.13,-3.775771929450812e-05,0.13,-3.379101907303807e-05,0.13,-2.908897236396188e-05,0.13,-2.595732177760714e-05,0.13,-2.351523475578673e-05,0.13,-2.150377043018772e-05,0.13,-1.98062156063501e-05,0.13,-1.835227200522289e-05,0.13,-1.599240559669551e-05,0.13,-1.416174961188474e-05,0.13,-1.270219449671237e-05,0.13,-1.151238442977011e-05,0.13,-1.052448817878473e-05,0.13,-9.69149372701507e-06,0.13,-8.97984143231451e-06
0.14,-4.971347876615551e-05,0.14,-4.454532308730478e-05,0.14,-3.840545578814518e-05,0.14,-3.430197284183399e-05,0.14,-3.109350466477285e-05,0.14,-2.844595133873967e-05,0.14,-2.620871986910091e-05,0.14,-2.42907731341761e-05,0.14,-2.117484052374866e-05,0.14,-1.875553414357861e-05,0.14,-1.682551658144203e-05,0.14,-1.52515284726436e-05,0.14,-1.394423843461165e-05,0.14,-1.284166206071871e-05,0.14,-1.189951471109619e-05
0.15,-6.542803698047646e-05,0.15,-5.869741948043279e-05,0.15,-5.068321602607005e-05,0.15,-4.530826193589508e-05,0.15,-4.109443270808449e-05,0.15,-3.761094803401482e-05,0.15,-3.466362440979872e-05,0.15,-3.213462603529519e-05,0.15,-2.80221528282935e-05,0.15,-2.482635243335759e-05,0.15,-2.227541968048809e-05,0.15,-2.019420865064994e-05,0.15,-1.846511530482809e-05,0.15,-1.700644550506027e-05,0.15,-1.575978539911545e-05
0.16,-8.607191358688083e-05,0.16,-7.731035718393521e-05,0.16,-6.685384036217363e-05,0.16,-5.981606723834798e-05,0.16,-5.428393839612741e-05,0.16,-4.970239932572581e-05,0.16,-4.58212151399483e-05,0.16,-4.248793474608139e-05,0.16,-3.706269346297283e-05,0.16,-3.284322389343936e-05,0.16,-2.947332232842594e-05,0.16,-2.672287017614697e-05,0.16,-2.443710076284663e-05,0.16,-2.250838611153618e-05,0.16,-2.085970778280468e-05
0.17,-0.0001131751964540426,0.17,-0.0001017751184949993,0.17,-8.813762521164794e-05,0.17,-7.8926151702081e-05,0.17,-7.166615631922443e-05,0.17,-6.56429561385025e-05,0.17,-6.053428141922482e-05,0.17,-5.614298470999094e-05,0.17,-4.898945524495279e-05,0.17,-4.342134462898568e-05,0.17,-3.897199331118462e-05,0.17,-3.533916382206264e-05,0.17,-3.231926368187546e-05,0.17,-2.977055866550079e-05,0.17,-2.759154618297306e-05
0.18,-0.0001487357117932604,0.18,-0.0001339096116385548,0.18,-0.0001161309971961113,0.18,-0.0001040792362068809,0.18,-9.455565186026813e-05,0.18,-8.664066697528319e-05,0.18,-7.991948115019882e-05,0.18,-7.41372496670132e-05,0.18,-6.470991594236226e-05,0.18,-5.736631355349186e-05,0.18,-5.149527081298124e-05,0.18,-4.669997599138216e-05,0.18,-4.271271838423208e-05,0.18,-3.934693426819472e-05,0.18,-3.646891841984184e-05
0.19,-0.0001953586438745087,0.19,-0.0001760865038667517,0.19,-0.0001529194120032424,0.19,-0.0001371580854161264,0.19,-0.0001246706165076034,0.19,-0.0001142746152283926,0.19,-0.0001054364728018984,0.19,-9.782687934895529e-05,0.19,-8.541025508403603e-05,0.19,-7.573108678286666e-05,0.19,-6.798919405644943e-05,0.19,-6.166379734588219e-05,0.19,-5.640302974518674e-05,0.19,-5.196143840720033e-05,0.19,-4.816299146890407e-05
0.2,-0.0002564362178842498,0.2,-0.0002313977899805403,0.2,-0.0002012226709732848,0.2,-0.0001806188371206909,0.2,-0.0001642526910547544,0.2,-0.0001506049656580011,0.2,-0.0001389895532629393,0.2,-0.0001289810472631923,0.2,-0.0001126377402863973,0.2,-9.988900535573158e-05,0.2,-8.968753512656097e-05,0.2,-8.135012803479583e-05,0.2,-7.441452368628407e-05,0.2,-6.855796163821447e-05,0.2,-6.354881671155126e-05
0.21,-0.0003363781604818929,0.21,-0.00030386590526622,0.21,-0.0002645812498457079,0.21,-0.0002376592665050052,0.21,-0.0002162203695304271,0.21,-0.0001983137533686113,0.21,-0.0001830576092099239,0.21,-0.0001699025161964524,0.21,-0.0001484059138518301,0.21,-0.0001316269683224887,0.21,-0.0001181953617834778,0.21,-0.0001072151937966441,0.21,-9.807948363528768e-05,0.21,-9.036405753977755e-05,0.21,-8.376433064610249e-05
0.2200000000000001,-0.0004409061409453448,0.2200000000000001,-0.0003987134506267978,0.2200000000000001,-0.0003475941696772729,0.2200000000000001,-0.0003124333716343733,0.2200000000000001,-0.0002843644397384174,0.2200000000000001,-0.0002608840953799714,0.2200000000000001,-0.0002408594073407693,0.2200000000000001,-0.0002235808887537233,0.2200000000000001,-0.0001953281506078967,0.2200000000000001,-0.0001732636372892698,0.2200000000000001,-0.0001555949789597015,0.2200000000000001,-0.0001411478871935198,0.2200000000000001,-0.0001291257912368356,0.2200000000000001,-0.0001189715889061932,0.2200000000000001,-0.0001102850301165798
0.2300000000000001,-0.0005774282812911287,0.2300000000000001,-0.0005227062048250287,0.2300000000000001,-0.0004562211492965882,0.2300000000000001,-0.0004103235807431623,0.2300000000000001,-0.0003735955983975113,0.2300000000000001,-0.0003428270003185777,0.2300000000000001,-0.0003165625918192266,0.2300000000000001,-0.0002938862270395631,0.2300000000000001,-0.0002567861791335707,0.2300000000000001,-0.0002277984360649148,0.2300000000000001,-0.0002045793648448504,0.2300000000000001,-0.0001855905306728844,0.2300000000000001,-0.0001697871831035499,0.2300000000000001,-0.0001564381401267753,0.2300000000000001,-0.0001450178409589406
0.2400000000000001,-0.0007555130812003806,0.2400000000000001,-0.0006845870243384984,0.2400000000000001,-0.0005981642221401692,0.2400000000000001,-0.0005382839697710099,0.2400000000000001,-0.0004902561912210103,0.2400000000000001,-0.0004499665460413362,0.2400000000000001,-0.0004155461760180869,0.2400000000000001,-0.0003858120008026514,0.2400000000000001,-0.0003371412146903421,0.2400000000000001,-0.0002990980072383681,0.2400000000000001,-0.0002686189970583256,0.2400000000000001,-0.0002436897458480018,0.2400000000000001,-0.0002229409099850428,0.2400000000000001,-0.0002054135688591831,0.2400000000000001,-0.0001904182049357287
0.2500000000000001,-0.0009874856539127737,0.2500000000000001,-0.0008956213950201895,0.2500000000000001,-0.0007833465915914696,0.2500000000000001,-0.0007052700507304624,0.2500000000000001,-0.0006425098816829468,0.2500000000000001,-0.0005897958009573814,0.2500000000000001,-0.0005447277258804122,0.2500000000000001,-0.0005057775760706417,0.2500000000000001,-0.0004419963692155664,0.2500000000000001,-0.0003921276384884462,0.2500000000000001,-0.000352168693152897,0.2500000000000001,-0.0003194833489656045,0.2500000000000001,-0.0002922781472579941,0.2500000000000001,-0.0002692965739963318,0.2500000000000001,-0.0002496348657317962
0.2600000000000001,-0.00128917285676715,0.2600000000000001,-0.001170278650903247,0.2600000000000001,-0.001024509088860352,0.2600000000000001,-0.0009227728015499544,0.2600000000000001,-0.0008408248055721037,0.2600000000000001,-0.0007719173477807968,0.2600000000000001,-0.0007129677060723255,0.2600000000000001,-0.000662001565295858,0.2600000000000001,-0.0005785198726375853,0.2600000000000001,-0.0005132358766387203,0.2600000000000001,-0.0004609216778577653,0.2600000000000001,-0.0004181296937610114,0.2600000000000001,-0.0003825129402785715,0.2600000000000001,-0.0003524265392365649,0.2600000000000001,-0.0003266871750903912
0.2700000000000001,-0.001680827467083345,0.2700000000000001,-0.001527075971667969,0.2700000000000001,-0.001337946957407224,0.2700000000000001,-0.001205476439038508,0.2700000000000001,-0.001098567217072298,0.2700000000000001,-0.001008583436028465,0.2700000000000001,-0.0009315644167857226,0.2700000000000001,-0.0008649581552097405,0.2700000000000001,-0.000755839208978728,0.2700000000000001,-0.0006705009705753004,0.2700000000000001,-0.0006021184132899165,0.2700000000000001,-0.0005461861365268228,0.2700000000000001,-0.0004996356705230852,0.2700000000000001,-0.0004603160755458513,0.2700000000000001,-0.0004266798747200626
0.2800000000000001,-0.002188264615692018,0.2800000000000001,-0.001989614856507997,0.2800000000000001,-0.00174441149396202,0.2800000000000001,-0.001572060687348227,0.2800000000000001,-0.001432723495333473,0.2800000000000001,-0.001315351379656168,0.2800000000000001,-0.001214853343059045,0.2800000000000001,-0.001127928779225996,0.2800000000000001,-0.0009855163344392186,0.2800000000000001,-0.0008741477394565663,0.2800000000000001,-0.0007849176186466384,0.2800000000000001,-0.0007119431488394616,0.2800000000000001,-0.0006512168548684702,0.2800000000000001,-0.0005999294977936664,0.2800000000000001,-0.0005560601134752097
0.2900000000000001,-0.002844245712490828,0.2900000000000001,-0.002587841362280963,0.2900000000000001,-0.002270201892771482,0.2900000000000001,-0.002046168562711251,0.2900000000000001,-0.001864768283610534,0.2900000000000001,-0.001711869477479078,0.2900000000000001,-0.001580924238812619,0.2900000000000001,-0.001467660894195927,0.2900000000000001,-0.001282113419883553,0.2900000000000001,-0.001137042691732252,0.2900000000000001,-0.001020836124789529,0.2900000000000001,-0.0009258198306693681,0.2900000000000001,-0.0008467663356292929,0.2900000000000001,-0.0007800117388492294,0.2900000000000001,-0.0007229207521291833
0.3000000000000001,-0.003690145380338651,0.3000000000000001,-0.003359561352843387,0.3000000000000001,-0.002948471896764104,0.3000000000000001,-0.002657559448969022,0.3000000000000001,-0.002421694972129815,0.3000000000000001,-0.002222806986244726,0.3000000000000001,-0.002052467415062472,0.3000000000000001,-0.001905143716087671,0.3000000000000001,-0.001663856639853988,0.3000000000000001,-0.001475273345553026,0.3000000000000001,-0.001324262404624555,0.3000000000000001,-0.001200824851406282,0.3000000000000001,-0.001098151274300617,0.3000000000000001,-0.001011470637875228,0.3000000000000001,-0.0009373525155795581
0.3100000000000001,-0.004777934571492949,0.3100000000000001,-0.004352239523548848,0.3100000000000001,-0.003820772806295798,0.3100000000000001,-0.003443463753329719,0.3100000000000001,-0.00313722100514745,0.3100000000000001,-0.002878937830756252,0.3100000000000001,-0.002657756824887304,0.3100000000000001,-0.002466506912903735,0.3100000000000001,-0.002153401799363706,0.3100000000000001,-0.001908814144579083,0.3100000000000001,-0.001713045250209121,0.3100000000000001,-0.001553083659542579,0.3100000000000001,-0.001420073348398851,0.3100000000000001,-0.001307812686932239,0.3100000000000001,-0.001211844847950095
0.3200000000000001,-0.006172506975267081,0.3200000000000001,-0.005625104995674469,0.3200000000000001,-0.004938848005524059,0.3200000000000001,-0.004450148671592577,0.3200000000000001,-0.004053173552231407,0.3200000000000001,-0.00371838075865579,0.3200000000000001,-0.003431770618188936,0.3200000000000001,-0.003184041448919842,0.3200000000000001,-0.00277869910495213,0.3200000000000001,-0.002462275240107041,0.3200000000000001,-0.002209153304470074,0.3200000000000001,-0.002002427379349074,0.3200000000000001,-0.001830600443375852,0.3200000000000001,-0.001685627500820356,0.3200000000000001,-0.001561730769456791
0.3300000000000001,-0.007954364643728668,0.3300000000000001,-0.007251575419307084,0.3300000000000001,-0.006366682958821355,0.3300000000000001,-0.005734693015319875,0.3300000000000001,-0.005221049368398688,0.3300000000000001,-0.004787986982414778,0.3300000000000001,-0.004417438350293392,0.3300000000000001,-0.004097330538824382,0.3300000000000001,-0.003573943769524286,0.3300000000000001,-0.003165720451418062,0.3300000000000001,-0.002839391832039407,0.3300000000000001,-0.002573030079732453,0.3300000000000001,-0.002351739936957002,0.3300000000000001,-0.002165108568161665,0.3300000000000001,-0.002005663767618791
0.3400000000000001,-0.01022266061974996,0.3400000000000001,-0.009321993810310708,0.3400000000000001,-0.008182796429348011,0.3400000000000001,-0.0073669503946611,0.3400000000000001,-0.006703723917193479,0.3400000000000001,-0.006144847802387539,0.3400000000000001,-0.005666985871670938,0.3400000000000001,-0.005254461016626026,0.3400000000000001,-0.00458058263235076,0.3400000000000001,-0.004055525370358103,0.3400000000000001,-0.003636148858163222,0.3400000000000001,-0.003294067835960146,0.3400000000000001,-0.003010028297995681,0.3400000000000001,-0.002770586260905609,0.3400000000000001,-0.002566103884204577
0.3500000000000001,-0.01309856871765719,0.3500000000000001,-0.01194664497732009,0.3500000000000001,-0.01048273041775435,0.3500000000000001,-0.009431651268873735,0.3500000000000001,-0.008577256180848395,0.3500000000000001,-0.007857866653527348,0.3500000000000001,-0.007243321746114072,0.3500000000000001,-0.006713259252981971,0.3500000000000001,-0.005848322927584727,0.3500000000000001,-0.005175224552232405,0.3500000000000001,-0.004638122602641812,0.3500000000000001,-0.004200354408689487,0.3500000000000001,-0.003837094531810084,0.3500000000000001,-0.003531033120692805,0.3500000000000001,-0.003269775282226422
0.3600000000000002,-0.0167289100821162,0.3600000000000002,-0.01525897763915201,0.3600000000000002,-0.01338165427506874,0.3600000000000002,-0.01203055219248399,0.3600000000000002,-0.0109326943645019,0.3600000000000002,-0.01000930041224014,0.3600000000000002,-0.009221371346337293,0.3600000000000002,-0.008542460050289856,0.3600000000000002,-0.007436057467587446,0.3600000000000002,-0.00657626825346579,0.3600000000000002,-0.005890956541827654,0.3600000000000002,-0.005332885213461387,0.3600000000000002,-0.004870133922162061,0.3600000000000002,-0.004480482121925547,0.3600000000000002,-0.004148039771816138
0.3700000000000002,-0.02128990872330817,0.3700000000000002,-0.01941890009468001,0.3700000000000002,-0.0170169394260983,0.3700000000000002,-0.01528448321917013,0.3700000000000002,-0.01387773349997003,0.3700000000000002,-0.01269612436806545,0.3700000000000002,-0.01168921819379237,0.3700000000000002,-0.010822674033769,0.3700000000000002,-0.009412584044734022,0.3700000000000002,-0.008318577927172832,0.3700000000000002,-0.007447681349430095,0.3700000000000002,-0.006739197517269026,0.3700000000000002,-0.006152207496898461,0.3700000000000002,-0.005658279814731211,0.3700000000000002,-0.005237113825726503
0.3800000000000002,-0.02699087066809873,0.3800000000000002,-0.02461593911913728,0.3800000000000002,-0.02155048545430623,0.3800000000000002,-0.01933507499697217,0.3800000000000002,-0.01753801409824835,0.3800000000000002,-0.01603102089979713,0.3800000000000002,-0.01474886457138254,0.3800000000000002,-0.01364697751093777,0.3800000000000002,-0.01185696490579307,0.3800000000000002,-0.01047076476159498,0.3800000000000002,-0.009368843214104298,0.3800000000000002,-0.008473438914217006,0.3800000000000002,-0.007732269701257973,0.3800000000000002,-0.007109085582243917,0.3800000000000002,-0.006578047731998256
0.3900000000000002,-0.03407748460762426,0.3900000000000002,-0.0310719569070475,0.3900000000000002,-0.02717049451461679,0.3900000000000002,-0.02434587818247118,0.3900000000000002,-0.02205779651656829,0.3900000000000002,-0.02014274986936695,0.3900000000000002,-0.01851639166676102,0.3900000000000002,-0.01712092527352324,0.3900000000000002,-0.01485836057028942,0.3900000000000002,-0.01310987160221345,0.3900000000000002,-0.01172219903988414,0.3900000000000002,-0.01059604038913229,0.3900000000000002,-0.009664833166941696,0.3900000000000002,-0.008882536070713917,0.3900000000000002,-0.008216394285976557
0.4000000000000002,-0.04283433662603799,0.4000000000000002,-0.03904302430033577,0.4000000000000002,-0.03409232105838581,0.4000000000000002,-0.03050254481204016,0.4000000000000002,-0.0275997248784105,0.4000000000000002,-0.02517565474360346,0.4000000000000002,-0.02312130785343433,0.4000000000000002,-0.02136180409023299,0.4000000000000002,-0.01851520044252815,0.4000000000000002,-0.01632053209467711,0.4000000000000002,-0.01458189484093553,0.4000000000000002,-0.01317292674996699,0.4000000000000002,-0.01200921570040187,0.4000000000000002,-0.01103252935706602,0.4000000000000002,-0.01020152894132108
0.4100000000000002,-0.05358614430041659,0.4100000000000002,-0.04881998186757346,0.4100000000000002,-0.04255800427576622,0.4100000000000002,-0.03801176012300152,0.4100000000000002,-0.03434343974638076,0.4100000000000002,-0.03128812076437489,0.4100000000000002,-0.02870494627950868,0.4100000000000002,-0.02649702297821331,0.4100000000000002,-0.02293363477651465,0.4100000000000002,-0.02019352160376411,0.4100000000000002,-0.01802712090799572,0.4100000000000002,-0.01627427032806909,0.4100000000000002,-0.01482838349406561,0.4100000000000002,-0.0136161482327713,0.4100000000000002,-0.01258564436372371
0.4200000000000002,-0.06669719072178694,0.4200000000000002,-0.06072723075804613,0.4200000000000002,-0.05283416498438556,0.4200000000000002,-0.04709872837328034,0.4200000000000002,-0.0424829349084984,0.4200000000000002,-0.03864994624315978,0.4200000000000002,-0.03541791902263558,0.4200000000000002,-0.03266167976083457,0.4200000000000002,-0.02822534548516807,0.4200000000000002,-0.02482379522542366,0.4200000000000002,-0.02214034658934648,0.4200000000000002,-0.01997289291462672,0.4200000000000002,-0.01818749478375144,0.4200000000000002,-0.0166923245658012,0.4200000000000002,-0.01542251831729183
0.4300000000000002,-0.08256853096154144,0.4300000000000002,-0.07511943177726094,0.4300000000000002,-0.06520814744947986,0.4300000000000002,-0.05800323893253984,0.4300000000000002,-0.05222277730473687,0.4300000000000002,-0.04743880169264501,0.4300000000000002,-0.04341683435390947,0.4300000000000002,-0.039995527312097,0.4300000000000002,-0.03450494843951975,0.4300000000000002,-0.030308239628032,0.4300000000000002,-0.02700535003740215,0.4300000000000002,-0.02434251838585621,0.4300000000000002,-0.02215233362678153,0.4300000000000002,-0.02032042240294664,0.4300000000000002,-0.01876622151359007
0.4400000000000002,-0.1016327928853064,0.4400000000000002,-0.09237607822606174,0.4400000000000002,-0.07998260080861273,0.4400000000000002,-0.07097463688158162,0.4400000000000002,-0.06377357467733841,0.4400000000000002,-0.05783618218939133,0.4400000000000002,-0.05286068224464233,0.4400000000000002,-0.04863973365950623,0.4400000000000002,-0.04188734740846631,0.4400000000000002,-0.03674346258609217,0.4400000000000002,-0.03270533383227538,0.4400000000000002,-0.02945613839673158,0.4400000000000002,-0.026787871817247,0.4400000000000002,-0.02455895705000715,0.4400000000000002,-0.02266996486784969
0.4500000000000002,-0.1243467956112953,0.4500000000000002,-0.1128943153503567,0.4500000000000002,-0.09746905825838392,0.4500000000000002,-0.08626631479314885,0.4500000000000002,-0.0773473004628194,0.4500000000000002,-0.07002342785869774,0.4500000000000002,-0.06390741947820849,0.4500000000000002,-0.05873392313395573,0.4500000000000002,-0.05048544784686992,0.4500000000000002,-0.04422396528465623,0.4500000000000002,-0.03932142215840791,0.4500000000000002,-0.03538474797180429,0.4500000000000002,-0.03215718483031575,0.4500000000000002,-0.02946465102380678,0.4500000000000002,-0.0271852665650473
0.4600000000000002,-0.1511826864537046,0.4600000000000002,-0.1370808087328484,0.4600000000000002,-0.1179813714321464,0.4600000000000002,-0.1041305242292894,0.4600000000000002,-0.09315318102835435,0.4600000000000002,-0.0841784236868842,0.4600000000000002,-0.07671128224090119,0.4600000000000002,-0.07041395575096365,0.4600000000000002,-0.06040857962258556,0.4600000000000002,-0.05284097126744852,0.4600000000000002,-0.04693175993619788,0.4600000000000002,-0.04219663234789518,0.4600000000000002,-0.03832087388433874,0.4600000000000002,-0.03509195650719361,0.4600000000000002,-0.03236155097121043
0.4700000000000003,-0.1826187112663772,0.4700000000000003,-0.1653437730229025,0.4700000000000003,-0.1418299743137438,0.4700000000000003,-0.1248142942923542,0.4700000000000003,-0.1113947649771816,0.4700000000000003,-0.1004734645343415,0.4700000000000003,-0.09142120888794099,0.4700000000000003,-0.08381074852871351,0.4700000000000003,-0.07176182451793911,0.4700000000000003,-0.06268204163742869,0.4700000000000003,-0.05561130112534115,0.4700000000000003,-0.0499572641135628,0.4700000000000003,-0.04533703383938435,0.4700000000000003,-0.04149307041190625,0.4700000000000003,-0.03824619569261286
0.4800000000000003,-0.2191309284405996,0.4800000000000003,-0.1980863320983751,0.4800000000000003,-0.1693178203795928,0.4800000000000003,-0.1485570247408961,0.4800000000000003,-0.1322685435019835,0.4800000000000003,-0.1190745177104441,0.4800000000000003,-0.1081805117534212,0.4800000000000003,-0.099050213164697,0.4800000000000003,-0.08464624640546727,0.4800000000000003,-0.07383143593097223,0.4800000000000003,-0.06543222597213902,0.4800000000000003,-0.05872974059952824,0.4800000000000003,-0.05326169241963549,0.4800000000000003,-0.04871836606883908,0.4800000000000003,-0.0448849510419252
0.4900000000000003,-0.2611870542968101,0.4900000000000003,-0.2357021419583137,0.4900000000000003,-0.2007384842328023,0.4900000000000003,-0.1755899570664776,0.4900000000000003,-0.1559641536477696,0.4900000000000003,-0.1401418154146013,0.4900000000000003,-0.12712767323825,0.4900000000000003,-0.1162541532752561,0.4900000000000003,-0.0991598421056286,0.4900000000000003,-0.08637103481719016,0.4900000000000003,-0.07646481011623694,0.4900000000000003,-0.06857559410695134,0.4900000000000003,-0.06214956361421946,0.4900000000000003,-0.05681709432779086,0.4900000000000003,-0.05232259392741083
0.5000000000000002,-0.3092431992679495,0.5000000000000002,-0.2785737290180487,0.5000000000000002,-0.2363764541910552,0.5000000000000002,-0.2061373344153166,0.5000000000000002,-0.1826658788966823,0.5000000000000002,-0.1638314548236222,0.5000000000000002,-0.1483979364721629,0.5000000000000002,-0.1355417979112543,0.5000000000000002,-0.1153989176071609,0.5000000000000002,-0.1003815605953677,0.5000000000000002,-0.08877850987067054,0.5000000000000002,-0.07955576357840964,0.5000000000000002,-0.0720549243848756,0.5000000000000002,-0.06583818053348835,0.5000000000000002,-0.06060365735789571
0.5100000000000002,-0.3637436453658816,0.5100000000000002,-0.3270734267949768,0.5100000000000002,-0.2765092085544053,0.5100000000000002,-0.2404187554547309,0.5100000000000002,-0.2125549504105013,0.5100000000000002,-0.1902975385431166,0.5100000000000002,-0.1721252614281387,0.5100000000000002,-0.1570315804938567,0.5100000000000002,-0.1334595655023814,0.5100000000000002,-0.1159438231483396,0.5100000000000002,-0.1024430310486607,0.5100000000000002,-0.09173152587636497,0.5100000000000002,-0.08303243713070953,0.5100000000000002,-0.07583095932466558,0.5100000000000002,-0.06977309342394296
0.5200000000000002,-0.4251232100998193,0.5200000000000002,-0.3815663023132124,0.5200000000000002,-0.3214103815742752,0.5200000000000002,-0.2786520772990664,0.5200000000000002,-0.2458120846687649,0.5200000000000002,-0.2196943692978822,0.5200000000000002,-0.1984442274815092,0.5200000000000002,-0.1808427997031244,0.5200000000000002,-0.1534389631106411,0.5200000000000002,-0.1331397675228086,0.5200000000000002,-0.1175291975726839,0.5200000000000002,-0.1051652321969442,0.5200000000000002,-0.09513778551911832,0.5200000000000002,-0.08684573195684413,0.5200000000000002,-0.07987676798902162
0.5300000000000002,-0.4938113048313862,0.5300000000000002,-0.4424141714134253,0.5300000000000002,-0.3713532344858081,0.5300000000000002,-0.321056235146816,0.5300000000000002,-0.2826197543617451,0.5300000000000002,-0.2521782952092975,0.5300000000000002,-0.2274915538507852,0.5300000000000002,-0.2070968906844722,0.5300000000000002,-0.1754362974432948,0.5300000000000002,-0.1520531779219761,0.5300000000000002,-0.1341095068022985,0.5300000000000002,-0.1199207588370613,0.5300000000000002,-0.1084280489565171,0.5300000000000002,-0.09893408337218793,0.5300000000000002,-0.090961733452234
0.5400000000000003,-0.5702366125423144,0.5400000000000003,-0.5099797471547909,0.5400000000000003,-0.4266137319603702,0.5400000000000003,-0.367853479261912,0.5400000000000003,-0.3231638319540897,0.5400000000000003,-0.2879089397189455,0.5400000000000003,-0.2594070374531326,0.5400000000000003,-0.2359181524327502,0.5400000000000003,-0.1995532212842901,0.5400000000000003,-0.1727699756070545,0.5400000000000003,-0.1522583293076265,0.5400000000000003,-0.1360636430410111,0.5400000000000003,-0.1229617951420208,0.5400000000000003,-0.1121489445089354,0.5400000000000003,-0.103076269391721
0.5500000000000003,-0.6548313745294738,0.5500000000000003,-0.5846301080058107,0.5500000000000003,-0.4874727210436898,0.5500000000000003,-0.4192707208752495,0.5500000000000003,-0.3676344149987661,0.5500000000000003,-0.3270496974374876,0.5500000000000003,-0.294333835146006,0.5500000000000003,-0.2674338881137576,0.5500000000000003,-0.225893830711937,0.5500000000000003,-0.1953781172037604,0.5500000000000003,-0.1720517677347164,0.5500000000000003,-0.1536609227184461,0.5500000000000003,-0.1387989115215035,0.5500000000000003,-0.1265444215232987,0.5500000000000003,-0.1162697129540184
0.5600000000000003,-0.7480345143565261,0.5600000000000003,-0.6667389303089913,0.5600000000000003,-0.5542169444805471,0.5600000000000003,-0.4755398706507283,0.5600000000000003,-0.4162257964624705,0.5600000000000003,-0.3697675018837426,0.5600000000000003,-0.3324181196593765,0.5600000000000003,-0.3017740004247487,0.5600000000000003,-0.2545642164207828,0.5600000000000003,-0.2199671472709279,0.5600000000000003,-0.1935672269874465,0.5600000000000003,-0.1727807295592081,0.5600000000000003,-0.1560002222101004,0.5600000000000003,-0.1421754355992789,0.5600000000000003,-0.1305921199600049
0.5700000000000003,-0.8502931434365909,0.5700000000000003,-0.7566872165897475,0.5700000000000003,-0.6271388351555716,0.5700000000000003,-0.5368972095617077,0.5700000000000003,-0.4691356585888808,0.5700000000000003,-0.4162319582959091,0.5700000000000003,-0.3738082062188134,0.5700000000000003,-0.3390701378677129,0.5700000000000003,-0.2856716771568076,0.5700000000000003,-0.2466274845464086,0.5700000000000003,-0.2168827669849687,0.5700000000000003,-0.1934916997692058,0.5700000000000003,-0.1746269486335947,0.5700000000000003,-0.1590972265265902,0.5700000000000003,-0.1460938055819401
0.5800000000000003,-0.9620623014502953,0.5800000000000003,-0.8548625038935567,0.5800000000000003,-0.7065352006658739,0.5800000000000003,-0.6035819372051158,0.5800000000000003,-0.5265636391659088,0.5800000000000003,-0.4666139832818889,0.5800000000000003,-0.4186532813656544,0.5800000000000003,-0.379454512872837,0.5800000000000003,-0.3193236974496703,0.5800000000000003,-0.275449529233965,0.5800000000000003,-0.2420763138130715,0.5800000000000003,-0.2158622691552685,0.5800000000000003,-0.1947400733403948,0.5800000000000003,-0.1773647735751824,0.5800000000000003,-0.1628248132221171
0.5900000000000003,-1.083803033037053,0.5900000000000003,-0.9616567214446949,0.5900000000000003,-0.7927050077926986,0.5900000000000003,-0.675834097990364,0.5900000000000003,-0.5887094498179811,0.5900000000000003,-0.5210841098514581,0.5900000000000003,-0.4671018739837732,0.5900000000000003,-0.4230585161370634,0.5900000000000003,-0.3556267899836618,0.5900000000000003,-0.3065226746249004,0.5900000000000003,-0.2692248000809654,0.5900000000000003,-0.2399599139366945,0.5900000000000003,-0.2163996610291295,0.5900000000000003,-0.1970321818733668,0.5900000000000003,-0.1808343550561982
0.6000000000000003,-1.215979068884766,0.6000000000000003,-1.077462977909892,0.6000000000000003,-0.8859465224608384,0.6000000000000003,-0.7538921013736622,0.6000000000000003,-0.65577072746117,0.6000000000000003,-0.579810610963953,0.6000000000000003,-0.5193001997270826,0.6000000000000003,-0.4700112411035047,0.6000000000000003,-0.3946852916509533,0.6000000000000003,-0.3399342954022184,0.6000000000000003,-0.2984032950414405,0.6000000000000003,-0.2658503891569286,0.6000000000000003,-0.2396641820446688,0.6000000000000003,-0.2181520743510691,0.6000000000000003,-0.2001702601362321
0.6100000000000003,-1.359052467397762,0.6100000000000003,-1.202671605368843,0.6100000000000003,-0.9865540653784657,0.6100000000000003,-0.8379900410423201,0.6100000000000003,-0.7279407831459584,0.6100000000000003,-0.642957576214599,0.6100000000000003,-0.5753904915798679,0.6100000000000003,-0.5204380147552624,0.6100000000000003,-0.4366001865242233,0.6100000000000003,-0.3757687710484069,0.6100000000000003,-0.3296841727052942,0.6100000000000003,-0.2935970055669642,0.6100000000000003,-0.2645898736896259,0.6100000000000003,-0.2407750203172515,0.6100000000000003,-0.2208784577242095
0.6200000000000003,-1.513478598221069,0.6200000000000003,-1.337665786653377,0.6200000000000003,-1.09481462158729,0.6200000000000003,-0.9283549911371947,0.6200000000000003,-0.8054063860648131,0.6200000000000003,-0.710683051703964,0.6200000000000003,-0.6355094068551522,0.6200000000000003,-0.5744590105148618,0.6200000000000003,-0.4814680120323917,0.6200000000000003,-0.4141065884233774,0.6200000000000003,-0.3631363538043147,0.6200000000000003,-0.3232599750086512,0.6200000000000003,-0.291230165069735,0.6200000000000003,-0.2649490230931046,0.6200000000000003,-0.2430025156866807
0.6300000000000003,-1.679700830407927,0.6300000000000003,-1.482817062214113,0.6300000000000003,-1.211004505894733,0.6300000000000003,-1.025204423884417,0.6300000000000003,-0.8883456907977652,0.6300000000000003,-0.7831373272036622,0.6300000000000003,-0.6997865782059591,0.6300000000000003,-0.632187998952901,0.6300000000000003,-0.5293798885145587,0.6300000000000003,-0.4550235542503425,0.6300000000000003,-0.3988246461443724,0.6300000000000003,-0.3548958445292932,0.6300000000000003,-0.3196351825683786,0.6300000000000003,-0.2907190814320836,0.6300000000000003,-0.2665832468466275
0.6400000000000003,-1.858145243520503,0.6400000000000003,-1.638480966193333,0.6400000000000003,-1.33538624442555,0.6400000000000003,-1.128743858099253,0.6400000000000003,-0.9769263867943087,0.6400000000000003,-0.8604614302246379,0.6400000000000003,-0.7683433552497854,0.6400000000000003,-0.6937312737956262,0.6400000000000003,-0.5804206980682785,0.6400000000000003,-0.4985901366322008,0.6400000000000003,-0.436809198141765,0.6400000000000003,-0.3885570310863426,0.6400000000000003,-0.3498513457239108,0.6400000000000003,-0.3181268329615413,0.6400000000000003,-0.2916583903565289
0.6500000000000004,-2.049215622936891,0.6500000000000004,-1.804992988954609,0.6500000000000004,-1.468205790931237,0.6500000000000004,-1.23916481525163,0.6500000000000004,-1.071304122744132,0.6500000000000004,-0.9427858649013153,0.6500000000000004,-0.8412917651531762,0.6500000000000004,-0.7591867750703227,0.6500000000000004,-0.6346684265750899,0.6500000000000004,-0.5448709450399341,0.6500000000000004,-0.4771450722834807,0.6500000000000004,-0.4242914618330279,0.6500000000000004,-0.3819210573098796,0.6500000000000004,-0.3472102826040921,0.6500000000000004,-0.318262370436466
0.6600000000000004,-2.253288940274523,0.6600000000000004,-1.982665011302172,0.6600000000000004,-1.609690158178017,0.6600000000000004,-1.35664313080559,0.6600000000000004,-1.171621235792868,0.6600000000000004,-1.030229615257463,0.6600000000000004,-0.9187337052919261,0.6600000000000004,-0.8286434183070015,0.6600000000000004,-0.6921936730076914,0.6600000000000004,-0.5939243504347498,0.6600000000000004,-0.5198819388353509,0.6600000000000004,-0.4621423195383067,0.6600000000000004,-0.4158824867144897,0.6600000000000004,-0.3780036148002763,0.6600000000000004,-0.3464261311346513
0.6700000000000004,-2.470711461748172,0.6700000000000004,-2.171782307628807,0.6700000000000004,-1.760045511212736,0.6700000000000004,-1.481337643996708,0.6700000000000004,-1.278005796750336,0.6700000000000004,-1.122899417458214,0.6700000000000004,-1.000760368839889,0.6700000000000004,-0.9021806284185383,0.6700000000000004,-0.7530593224531811,0.6700000000000004,-0.6458022411547072,0.6700000000000004,-0.5650638851930461,0.6700000000000004,-0.5021478885495571,0.6700000000000004,-0.4517694421514429,0.6700000000000004,-0.4105370852354581,0.6700000000000004,-0.3761770430003685
0.6800000000000004,-2.701795574565598,0.6800000000000004,-2.372601173043601,0.6800000000000004,-1.919455741101054,0.6800000000000004,-1.613389269149409,0.6800000000000004,-1.39057096739131,0.6800000000000004,-1.220889293882251,0.6800000000000004,-1.087451894622593,0.6800000000000004,-0.9798680689822545,0.6800000000000004,-0.8173203735095733,0.6800000000000004,-0.7005499057188053,0.6800000000000004,-0.6127293326539311,0.6800000000000004,-0.5443414936924523,0.6800000000000004,-0.4896113246635198,0.6800000000000004,-0.4448369855399135,0.6800000000000004,-0.4075388755890993
0.6900000000000004,-2.946817375604664,0.6900000000000004,-2.58534719383523,0.6900000000000004,-2.088081514830284,0.6900000000000004,-1.75292043582705,0.6900000000000004,-1.509414654371174,0.6900000000000004,-1.324280332968286,0.6900000000000004,-1.178877225511752,0.6900000000000004,-1.061765551871007,0.6900000000000004,-0.885023906592901,0.6900000000000004,-0.7582060305717923,0.6900000000000004,-0.6629110499009978,0.6900000000000004,-0.5887515224607612,0.6900000000000004,-0.5294331551600346,0.6900000000000004,-0.480925672952514,0.6900000000000004,-0.440531828427267
0.7000000000000004,-3.206015028154435,0.7000000000000004,-2.810214151486532,0.7000000000000004,-2.266059779175993,0.7000000000000004,-1.900034873188417,0.7000000000000004,-1.634619435806849,0.7000000000000004,-1.433140692463198,0.7000000000000004,-1.275094154726479,0.7000000000000004,-1.147923108252592,0.7000000000000004,-0.956209176994665,0.7000000000000004,-0.8188027988113393,0.7000000000000004,-0.715636250962003,0.7000000000000004,-0.6354015196260943,0.7000000000000004,-0.5712556647233626,0.7000000000000004,-0.5188216560914117,0.7000000000000004,-0.4751726123385816
0.7100000000000004,-3.479587861423351,0.7100000000000004,-3.047363527604162,0.7100000000000004,-2.45350368302679,0.7100000000000004,-2.054817705470627,0.7100000000000004,-1.766252730828195,0.7100000000000004,-1.547525799585512,0.7100000000000004,-1.376149536340307,0.7100000000000004,-1.238381199616939,0.7100000000000004,-1.030907815030029,0.7100000000000004,-0.8823660749168362,0.7100000000000004,-0.7709267646740537,0.7100000000000004,-0.6843103428520944,0.7100000000000004,-0.6150954380013515,0.7100000000000004,-0.5585397276474823,0.7100000000000004,-0.511474572771816
0.7200000000000004,-3.76769616350974,0.7200000000000004,-3.296924560116588,0.7200000000000004,-2.650502873455389,0.7200000000000004,-2.217335820093579,0.7200000000000004,-1.904367178997005,0.7200000000000004,-1.667478719377921,0.7200000000000004,-1.482079634775135,0.7200000000000004,-1.333171046440566,0.7200000000000004,-1.109144115102892,0.7200000000000004,-0.9489156602583007,0.7200000000000004,-0.8287992625937769,0.7200000000000004,-0.735492367895846,0.7200000000000004,-0.6609650995543971,0.7200000000000004,-0.6000911349008944,0.7200000000000004,-0.5494478468755128
0.7300000000000004,-4.070461601084642,0.7300000000000004,-3.558994789363487,0.7300000000000004,-2.857124115197683,0.7300000000000004,-2.387638467035182,0.7300000000000004,-2.049001195043084,0.7300000000000004,-1.793030661834274,0.7300000000000004,-1.592910587809923,0.7300000000000004,-1.432315052105939,0.7300000000000004,-1.190935395785599,0.7300000000000004,-1.018465604539244,0.7300000000000004,-0.889265532706436,0.7300000000000004,-0.7889577324001945,0.7300000000000004,-0.7088735334408285,0.7300000000000004,-0.6434837793639773,0.7300000000000004,-0.5890995464522337
0.7400000000000004,-4.387968187520968,0.7400000000000004,-3.83364102562794,0.7400000000000004,-3.073412180619321,0.7400000000000004,-2.56575804742022,0.7400000000000004,-2.200179664509821,0.7400000000000004,-1.924201598933985,0.7400000000000004,-1.708658958376586,0.7400000000000004,-1.535827300528278,0.7400000000000004,-1.276292413884149,0.7400000000000004,-1.09102455916734,0.7400000000000004,-0.9523327870748809,0.7400000000000004,-0.8447126080129547,0.7400000000000004,-0.7588261270041131,0.7400000000000004,-0.6887224374855407,0.7400000000000004,-0.6304339595148883
0.7500000000000004,-4.720263714891648,0.7500000000000004,-4.120900666578575,0.7500000000000004,-3.299390957173052,0.7500000000000004,-2.751711050268955,0.7500000000000004,-2.357914747290139,0.7500000000000004,-2.06100096421563,0.7500000000000004,-1.829332351910506,0.7500000000000004,-1.643714107388031,0.7500000000000004,-1.365219816767335,0.7500000000000004,-1.166596159716512,0.7500000000000004,-1.018003992617866,0.7500000000000004,-0.902759491515415,0.7500000000000004,-0.8108250306859812,0.7500000000000004,-0.7358089951397589,0.7500000000000004,-0.6734527638929341
0.7600000000000005,-5.067361563370892,0.7600000000000005,-4.420783293299186,0.7600000000000005,-3.535064721259815,0.7600000000000005,-2.945499098661712,0.7600000000000005,-2.522206758338124,0.7600000000000005,-2.203428409701133,0.7600000000000005,-1.95493007804673,0.7600000000000005,-1.755974606735456,0.7600000000000005,-1.457716618833874,0.7600000000000005,-1.245179426023829,0.7600000000000005,-1.086278215417724,0.7600000000000005,-0.9630975067181409,0.7600000000000005,-0.8648694266555971,0.7600000000000005,-0.7847426894986872,0.7600000000000005,-0.7181552471374035
0.7700000000000005,-5.429242803291798,0.7700000000000005,-4.733272476410343,0.7700000000000005,-3.780419530804251,0.7700000000000005,-3.147110069817603,0.7700000000000005,-2.693045097780925,0.7700000000000005,-2.351474597610216,0.7700000000000005,-2.085443837808031,0.7700000000000005,-1.87260135685595,0.7700000000000005,-1.55377668974782,0.7700000000000005,-1.32676916995437,0.7700000000000005,-1.157150970247067,0.7700000000000005,-1.025722710016602,0.7700000000000005,-0.9209558000567988,0.7700000000000005,-0.8355203527998767,0.7700000000000005,-0.7645385278040732
0.7800000000000005,-5.805858509646695,0.7800000000000005,-5.058327728568388,0.7800000000000005,-4.035424693290195,0.7800000000000005,-3.356519257433821,0.7800000000000005,-2.870409205965842,0.7800000000000005,-2.505122007180626,0.7800000000000005,-2.220858419954621,0.7800000000000005,-1.993580951522904,0.7800000000000005,-1.653389243888143,0.7800000000000005,-1.411356402385608,0.7800000000000005,-1.230614568305076,0.7800000000000005,-1.090628393635813,0.7800000000000005,-0.9790782076833493,0.7800000000000005,-0.8881366534254761,0.7800000000000005,-0.8125977740141497
0.7900000000000005,-6.197132215395859,0.7900000000000005,-5.395886545766386,0.7900000000000005,-4.300034271074368,0.7900000000000005,-3.573690548797607,0.7900000000000005,-3.054269522455717,0.7900000000000005,-2.664345739863816,0.7900000000000005,-2.361152392719169,0.7900000000000005,-2.118894625007741,0.7900000000000005,-1.756539322246429,0.7900000000000005,-1.498928732444289,0.7900000000000005,-1.306658457415104,0.7900000000000005,-1.157805381688458,0.7900000000000005,-1.039228539859211,0.7900000000000005,-0.9425843305741555,0.7900000000000005,-0.8623264159746862
0.8000000000000005,-6.602962437886381,0.8000000000000005,-5.745866486819863,0.8000000000000005,-4.574188591168115,0.8000000000000005,-3.798577593438832,0.8000000000000005,-3.244588431455928,0.8000000000000005,-2.829114309071053,0.8000000000000005,-2.506298779635849,0.8000000000000005,-2.248518841376739,0.8000000000000005,-1.863208259712098,0.8000000000000005,-1.589470753428139,0.8000000000000005,-1.385269550118264,0.8000000000000005,-1.227242315194157,0.8000000000000005,-1.101396772201241,0.8000000000000005,-0.9988544196103025,0.8000000000000005,-0.913716349864469
0.8100000000000005,-7.023225221368427,0.8100000000000005,-6.108167247745959,0.8100000000000005,-4.857815732072006,0.8100000000000005,-4.031124944248515,0.8100000000000005,-3.441321179487884,0.8100000000000005,-2.999390403399123,0.8100000000000005,-2.656265710503303,0.8100000000000005,-2.382425860620383,0.8100000000000005,-1.973374132255865,0.8100000000000005,-1.682964411127035,0.8100000000000005,-1.466432536176546,0.8100000000000005,-1.298925923136704,0.8100000000000005,-1.165571204756159,0.8100000000000005,-1.05693646589985,0.8100000000000005,-0.9667581311443375
0.8200000000000005,-7.457776647526089,0.8200000000000005,-6.482672695073148,0.8200000000000005,-5.150832965452735,0.8200000000000005,-4.271269155916686,0.8200000000000005,-3.644416754226602,0.8200000000000005,-3.17513161480073,0.8200000000000005,-2.811017040655952,0.8200000000000005,-2.520584275991366,0.8200000000000005,-2.087012179939177,0.8200000000000005,-1.779389351405046,0.8200000000000005,-1.55013017695994,0.8200000000000005,-1.372841277460698,0.8200000000000005,-1.231738686725433,0.8200000000000005,-1.116818725582204,0.8200000000000005,-1.021441155925473
0.8300000000000005,-7.906455274705914,0.8300000000000005,-6.869252829158144,0.8300000000000005,-5.453148135312764,0.8300000000000005,-4.518939829139427,0.8300000000000005,-3.853818716225002,0.8300000000000005,-3.356291125443131,0.8300000000000005,-2.970512933615936,0.8300000000000005,-2.662959518549762,0.8300000000000005,-2.204095202921192,0.8300000000000005,-1.878723244907985,0.8300000000000005,-1.636343580027645,0.8300000000000005,-1.448972030623501,0.8300000000000005,-1.299884825614088,0.8300000000000005,-1.178488352279663,0.8300000000000005,-1.077753829524388
0.8400000000000005,-8.369084474830265,0.8400000000000005,-7.267765655139537,0.8400000000000005,-5.764660961715798,0.8400000000000005,-4.7740605922638,0.8400000000000005,-4.069465977730281,0.8400000000000005,-3.542818348987647,0.8400000000000005,-3.134710403850802,0.8400000000000005,-2.809514326317148,0.8400000000000005,-2.324593928702762,0.8400000000000005,-1.980942087615218,0.8400000000000005,-1.725052452923085,0.8400000000000005,-1.527300634924024,0.8400000000000005,-1.369994180167018,0.8400000000000005,-1.241931569211261,0.8400000000000005,-1.135683721749867
0.8500000000000005,-8.845474644608197,0.8500000000000005,-7.678058945086145,0.8500000000000005,-6.085264260035295,0.8500000000000005,-5.03655001484199,0.8500000000000005,-4.291293524934483,0.8500000000000005,-3.734659523732784,0.8500000000000005,-3.30356381776944,0.8500000000000005,-2.960209176630092,0.8500000000000005,-2.448477349744976,0.8500000000000005,-2.086020476670892,0.8500000000000005,-1.816235335794499,0.8500000000000005,-1.607808543331985,0.8500000000000005,-1.442050436891165,0.8500000000000005,-1.307133826561761,0.8500000000000005,-1.195217708810026
0.8600000000000005,-9.335425274469733,0.8600000000000005,-8.099971880120203,0.8600000000000005,-6.414845070069109,0.8600000000000005,-5.306322449954307,0.8600000000000005,-4.51923308180782,0.8600000000000005,-3.931758256487799,0.8600000000000005,-3.477025352254594,0.8600000000000005,-3.115002681264551,0.8600000000000005,-2.575713031334624,0.8600000000000005,-2.193931861510489,0.8600000000000005,-1.909869812930889,0.8600000000000005,-1.690476391946509,0.8600000000000005,-1.516036570313035,0.8600000000000005,-1.374079944265331,0.8600000000000005,-1.256342102002969
0.8700000000000006,-9.838726864590193,0.8700000000000006,-8.533336565794936,0.8700000000000006,-6.753285692207582,0.8700000000000006,-5.583288804149763,0.8700000000000006,-4.753213715146137,0.8700000000000006,-4.134056017209442,0.8700000000000006,-3.655045410979194,0.8700000000000006,-3.273851944695837,0.8700000000000006,-2.706267390157382,0.8700000000000006,-2.304648770762112,0.8700000000000006,-2.005932703682341,0.8700000000000006,-1.775284164532368,0.8700000000000006,-1.591934987395878,0.8700000000000006,-1.44275424060398,0.8700000000000006,-1.319042763568531
0.8800000000000006,-10.35516268241805,0.8800000000000006,-8.977979417780158,0.8800000000000006,-7.100464630189792,0.8800000000000006,-5.867357235463975,0.8800000000000006,-4.993162381655761,0.8800000000000006,-4.341492585359283,0.8800000000000006,-3.837572999499836,0.8800000000000006,-3.436712886477345,0.8800000000000006,-2.840105944494763,0.8800000000000006,-2.418143015756733,0.8800000000000006,-2.104400233522282,0.8800000000000006,-1.86221133982414,0.8800000000000006,-1.66972765674866,0.8800000000000006,-1.513140647203246,0.8800000000000006,-1.383305210240009
0.8900000000000006,-10.88451036030966,0.8900000000000006,-9.43372241800185,0.8900000000000006,-7.45625744185919,0.8900000000000006,-6.158433781246061,0.8900000000000006,-5.239004418825192,0.8900000000000006,-4.554006449651697,0.8900000000000006,-4.024556060689345,0.8900000000000006,-3.603540529191684,0.8900000000000006,-2.977193537301304,0.8900000000000006,-2.534385871744508,0.8900000000000006,-2.20524818622166,0.8900000000000006,-1.951237022465356,0.8900000000000006,-1.749396223410092,0.8900000000000006,-1.585222811138181,0.8900000000000006,-1.449114705150364
0.9000000000000006,-11.4265433352513,0.9000000000000006,-9.900384243841984,0.9000000000000006,-7.820537500793105,0.9000000000000006,-6.456422918494964,0.9000000000000006,-5.490663982027599,0.9000000000000006,-4.771535163388166,0.9000000000000006,-4.215941772487269,0.9000000000000006,-3.774289253765084,0.9000000000000006,-3.117494533659264,0.9000000000000006,-2.653348238097518,0.9000000000000006,-2.308452038250495,0.9000000000000006,-2.042340058569926,0.9000000000000006,-1.830922110091822,0.9000000000000006,-1.658984184950296,0.9000000000000006,-1.516456338824032
0.9100000000000006,-11.98103213529546,0.9100000000000006,-10.37778127490302,0.9100000000000006,-8.193176672771418,0.9100000000000006,-6.761228060113671,0.9100000000000006,-5.748064430792696,0.9100000000000006,-4.994015657941675,0.9100000000000006,-4.411676810230427,0.9100000000000006,-3.948913024165616,0.9100000000000006,-3.260972994266194,0.9100000000000006,-2.775000778896634,0.9100000000000006,-2.413987076614227,0.9100000000000006,-2.135499136966907,0.9100000000000006,-1.914286605827247,0.9100000000000006,-1.734408105428785,0.9100000000000006,-1.585315100031163
0.9200000000000006,-12.54774551933429,0.9200000000000006,-10.86572848324071,0.9200000000000006,-8.574045911828353,0.9200000000000006,-7.072751990970112,0.9200000000000006,-6.011128667514795,0.9200000000000006,-5.22138451718904,0.9200000000000006,-4.611707576003161,0.9200000000000006,-4.127365583641539,0.9200000000000006,-3.407592826700166,0.9200000000000006,-2.899314045362774,0.9200000000000006,-2.521828501378161,0.9200000000000006,-2.230692877225751,0.9200000000000006,-1.999470943000554,0.9200000000000006,-1.811477862032525,0.9200000000000006,-1.65567593729996
0.9300000000000006,-13.12645147826256,0.9300000000000006,-11.36404021394679,0.9300000000000006,-8.963015781138218,0.9300000000000006,-7.390897247954611,0.9300000000000006,-6.279779432049599,0.9300000000000006,-5.453578215814411,0.9300000000000006,-4.815980397532964,0.9300000000000006,-4.309600624719351,0.9300000000000006,-3.557317916240868,0.9300000000000006,-3.026258581612281,0.9300000000000006,-2.631951514144886,0.9300000000000006,-2.32789990556507,0.9300000000000006,-2.086456363733075,0.9300000000000006,-1.890176755829383,0.9300000000000006,-1.72752381188241
0.9400000000000006,-13.71691810653453,0.9400000000000006,-11.87253086358413,0.9400000000000006,-9.359956904277579,0.9400000000000006,-7.715566448365805,0.9400000000000006,-6.553939555729137,0.9400000000000006,-5.69053332444624,0.9400000000000006,-5.024441699175189,0.9400000000000006,-4.495571935184271,0.9400000000000006,-3.710112238015953,0.9400000000000006,-3.155805015200644,0.9400000000000006,-2.744331393731607,0.9400000000000006,-2.427098919729591,0.9400000000000006,-2.175224176586244,0.9400000000000006,-1.970488149812664,0.9400000000000006,-1.800843742951184
0.9500000000000006,-14.3189143536759,0.9500000000000006,-12.39101546430417,0.9500000000000006,-9.764740352513453,0.9500000000000006,-8.046662570983747,0.9500000000000006,-6.833532178310423,0.9500000000000006,-5.932186684557227,0.9500000000000006,-5.237038147488705,0.9500000000000006,-4.685233522222843,0.9500000000000006,-3.865939952197712,0.9500000000000006,-3.287924133878022,0.9500000000000006,-2.858943560256334,0.9500000000000006,-2.528268743884758,0.9500000000000006,-2.265755804507967,0.9500000000000006,-2.05239551142335,0.9500000000000006,-1.875620845777766
0.9600000000000006,-14.93221066554523,0.9600000000000006,-12.91931018156904,0.9600000000000006,-10.17723797373861,0.9600000000000006,-8.384089194116008,0.9600000000000006,-7.118480931290789,0.9600000000000006,-6.178475555973947,0.9600000000000006,-5.453716773827524,0.9600000000000006,-4.878539716832061,0.9600000000000006,-4.024765483907735,0.9600000000000006,-3.422586949919338,0.9600000000000006,-2.975763628787734,0.9600000000000006,-2.631388374529858,0.9600000000000006,-2.358032824904166,0.9600000000000006,-2.135882448066579,0.9600000000000006,-1.951840363603772
0.9700000000000006,-15.55657952511216,0.9700000000000006,-13.45723273330842,0.9700000000000006,-10.59732266853612,0.9700000000000006,-8.727750694763172,0.9700000000000006,-7.40871009088989,0.9700000000000006,-6.429337739721836,0.9700000000000006,-5.674425076256867,0.9700000000000006,-5.075445260495195,0.9700000000000006,-4.186553589400433,0.9700000000000006,-3.559764753317174,0.9700000000000006,-3.094767453648599,0.9700000000000006,-2.736437018372651,0.9700000000000006,-2.452037002666348,0.9700000000000006,-2.220932736364056,0.9700000000000006,-2.029487693875565
0.9800000000000006,-16.19179590230468,0.9800000000000006,-14.00460273811005,0.9800000000000006,-11.02486861863494,0.9800000000000006,-9.077552412853786,0.9800000000000006,-7.704144703828381,0.9800000000000006,-6.684711678779712,0.9800000000000006,-5.899111102974905,0.9800000000000006,-5.275905376007774,0.9800000000000006,-4.351269409999017,0.9800000000000006,-3.69942915504357,0.9800000000000006,-3.21593116439101,0.9800000000000006,-2.843394123045463,0.9800000000000006,-2.547750316929374,0.9800000000000006,-2.307530345832859,0.9800000000000006,-2.108548409464817
0.9900000000000007,-16.83763762210559,0.9900000000000007,-14.56124199970432,0.9900000000000007,-11.4597514727408,0.9900000000000007,-9.433400784270512,0.9900000000000007,-8.004710688839634,0.9900000000000007,-6.944536539152222,0.9900000000000007,-6.127723519269876,0.9900000000000007,-5.479875824206383,0.9900000000000007,-4.518878515151723,0.9900000000000007,-3.841552121498072,0.9900000000000007,-3.339231194385576,0.9900000000000007,-2.952239401476619,0.9900000000000007,-2.6451549822743,0.9900000000000007,-2.395659457628554,0.9900000000000007,-2.189008275450507
1.000000000000001,-17.49388565960424,1.000000000000001,-15.12697473459666,1.000000000000001,-11.90184849441556,1.000000000000001,-9.795203446136874,1.000000000000001,-8.310334916640956,1.000000000000001,-7.208752273491452,1.000000000000001,-6.360211659894167,1.000000000000001,-5.687312948218169,1.000000000000001,-4.689346935868325,1.000000000000001,-3.986106001169218,1.000000000000001,-3.464644302890169,1.000000000000001,-3.062952850663073,1.000000000000001,-2.744233465032204,1.000000000000001,-2.485304478936417,1.000000000000001,-2.270853261988494
1.010000000000001,-18.16032437017042,1.010000000000001,-15.70162774924806,1.010000000000001,-12.35103867633538,1.010000000000001,-10.1628693175675,1.010000000000001,-8.620945270875191,1.010000000000001,-7.477299669316045,1.010000000000001,-6.596525568575739,1.010000000000001,-5.898173706713252,1.010000000000001,-4.862641189688067,1.010000000000001,-4.133063544446789,1.010000000000001,-3.592147591386592,1.010000000000001,-3.175514765524161,1.010000000000001,-2.844968495285093,1.010000000000001,-2.576450053541885,1.010000000000001,-2.354069553747249
1.020000000000001,-18.83674166232545,1.020000000000001,-16.28503057272086,1.020000000000001,-12.8072028249154,1.020000000000001,-10.53630865881884,1.020000000000001,-8.936470692317558,1.020000000000001,-7.750120383696835,1.020000000000001,-6.836616026236983,1.020000000000001,-6.112415697505721,1.020000000000001,-5.038728298223374,1.020000000000001,-4.282397917434593,1.020000000000001,-3.721718514898555,1.020000000000001,-3.2899057484507,1.020000000000001,-2.947343075103009,1.020000000000001,-2.669081069060343,1.020000000000001,-2.438643556341866
1.030000000000001,-19.5229291202827,1.030000000000001,-16.8770155502196,1.030000000000001,-13.27022361893775,1.030000000000001,-10.91543311150968,1.030000000000001,-9.256841208427369,1.030000000000001,-8.027156966100268,1.030000000000001,-7.080434569337196,1.030000000000001,-6.329997172720423,1.030000000000001,-5.21757579821998,1.030000000000001,-4.434082710526434,1.030000000000001,-3.853334888933158,1.030000000000001,-3.406106715101776,1.030000000000001,-3.051340483501544,1.030000000000001,-2.763182661256169,1.030000000000001,-2.524561900153737
1.040000000000001,-20.21868208252307,1.040000000000001,-17.47741790246825,1.040000000000001,-13.73998564548023,1.040000000000001,-11.30015572232235,1.040000000000001,-9.581987950121112,1.040000000000001,-8.308352870909705,1.040000000000001,-7.327933499612457,1.040000000000001,-6.550877046614733,1.040000000000001,-5.399151746976705,1.040000000000001,-4.588091942430288,1.040000000000001,-3.986974892618287,1.040000000000001,-3.524098896941506,1.040000000000001,-3.15694427855098,1.040000000000001,-2.858740215835658,1.040000000000001,-2.611811441881652
1.050000000000001,-20.92379968216928,1.050000000000001,-18.08607575539025,1.050000000000001,-14.21637541611036,1.050000000000001,-11.69039095234851,1.050000000000001,-9.911843157441826,1.050000000000001,-8.59365246098443,1.050000000000001,-7.579065886346805,1.050000000000001,-6.77501489702686,1.050000000000001,-5.583424722873255,1.050000000000001,-4.744400060246166,1.050000000000001,-4.122617068544886,1.050000000000001,-3.643863840953265,1.050000000000001,-3.264138297020137,1.050000000000001,-2.955739368053083,1.050000000000001,-2.700379264129587
1.060000000000001,-21.63808485435264,1.060000000000001,-18.70283014410255,1.060000000000001,-14.69928136599944,1.060000000000001,-12.08605467400668,1.060000000000001,-10.24634017562002,1.060000000000001,-8.883001003460738,1.060000000000001,-7.833785562181943,1.060000000000001,-7.002370961311467,1.060000000000001,-5.770363821668287,1.060000000000001,-4.902981936133501,1.060000000000001,-4.260240319762296,1.060000000000001,-3.76538340691565,1.060000000000001,-3.372906651891297,1.060000000000001,-3.054166000429728,1.060000000000001,-2.790252673300837
1.070000000000001,-22.3613443152146,1.070000000000001,-19.32752499480239,1.070000000000001,-15.18859383831324,1.070000000000001,-12.48706415723961,1.070000000000001,-10.58541344284055,1.070000000000001,-9.176344658858774,1.070000000000001,-8.092047113349913,1.070000000000001,-7.232906127516799,1.070000000000001,-5.959938649148476,1.070000000000001,-5.063812861037299,1.070000000000001,-4.399823904318551,1.070000000000001,-3.888639762576808,1.070000000000001,-3.483233728040608,1.070000000000001,-3.154006238846335,1.070000000000001,-2.881419196032579
1.080000000000001,-23.09338851666732,1.080000000000001,-19.96000708772018,1.080000000000001,-15.68420505595861,1.080000000000001,-12.89333804649334,1.080000000000001,-10.92899847087326,1.080000000000001,-9.473630464424302,1.080000000000001,-8.35380586510251,1.080000000000001,-7.466581921463511,1.080000000000001,-6.152119310633357,1.080000000000001,-5.226868535879933,1.080000000000001,-4.541347427686092,1.080000000000001,-4.013615377018914,1.080000000000001,-3.595104176338606,1.080000000000001,-3.25524644723597,1.080000000000001,-2.973866574374417
1.090000000000001,-23.83403158056337,1.090000000000001,-20.60012600393516,1.090000000000001,-16.18600908251297,1.090000000000001,-13.30479632978868,1.090000000000001,-11.27703181957229,1.090000000000001,-9.774806312514279,1.090000000000001,-8.619017863006789,1.090000000000001,-7.703360490294737,1.090000000000001,-6.346876397772311,1.090000000000001,-5.392125060569591,1.090000000000001,-4.684790833365833,1.090000000000001,-4.140293012462838,1.090000000000001,-3.708502906389696,1.090000000000001,-3.357873221070149,1.090000000000001,-3.067582759884605
1.100000000000001,-24.58309121547232,1.100000000000001,-21.24773405850153,1.100000000000001,-16.69390177392209,1.100000000000001,-13.72136030102211,1.100000000000001,-11.62945106611294,1.100000000000001,-10.079820924719,1.100000000000001,-8.887639850682904,1.100000000000001,-7.943204582985369,1.100000000000001,-6.54418097300488,1.100000000000001,-5.559558921124086,1.100000000000001,-4.83013439191714,1.100000000000001,-4.268655714725812,1.100000000000001,-3.823415078095624,1.100000000000001,-3.461873379803226,1.100000000000001,-3.162555906791365
1.110000000000001,-25.34038861885832,1.110000000000001,-21.90268622201167,1.110000000000001,-17.20778072233947,1.110000000000001,-14.14295251647117,1.110000000000001,-11.98619476970638,1.110000000000001,-10.38862382231378,1.110000000000001,-9.159629244469793,1.110000000000001,-8.186077528223743,1.110000000000001,-6.744004551998296,1.110000000000001,-5.72914697516055,1.110000000000001,-4.977358688623142,1.110000000000001,-4.398686802509467,1.110000000000001,-3.939826092197903,1.110000000000001,-3.567233958411381,1.110000000000001,-3.258774364341949
1.120000000000001,-26.10574836707723,1.120000000000001,-22.56484003243648,1.120000000000001,-17.72754519328015,1.120000000000001,-14.56949674633295,1.120000000000001,-12.34720243242073,1.120000000000001,-10.70116529353465,1.120000000000001,-9.434944105428697,1.120000000000001,-8.431943210009464,1.120000000000001,-6.946319084321407,1.120000000000001,-5.900866435957828,1.120000000000001,-5.126444609961641,1.120000000000001,-4.530369855664299,1.120000000000001,-4.057721579925682,1.120000000000001,-3.673942198138184,1.120000000000001,-3.356226668439388
1.130000000000001,-26.87899829527475,1.130000000000001,-23.23405549880933,1.130000000000001,-18.25309605708121,1.130000000000001,-15.0009179219899,1.130000000000001,-12.71241445662539,1.130000000000001,-11.01739635808969,1.130000000000001,-9.713543109016779,1.130000000000001,-8.680766041247807,1.130000000000001,-7.151096932564946,1.130000000000001,-6.074694855257873,1.130000000000001,-5.27737332901924,1.130000000000001,-4.663688702546136,1.130000000000001,-4.177087391849458,1.130000000000001,-3.781985536535466,1.130000000000001,-3.454901532646105
1.140000000000001,-27.65996936895674,1.140000000000001,-23.91019499808625,1.140000000000001,-18.78433571549995,1.140000000000001,-15.43714207957487,1.140000000000001,-13.08177209948593,1.140000000000001,-11.33726872923429,1.140000000000001,-9.995385512699297,1.140000000000001,-8.932510935563478,1.140000000000001,-7.358310850072359,1.140000000000001,-6.250610104935379,1.140000000000001,-5.43012628995378,1.140000000000001,-4.798627406554313,1.140000000000001,-4.297909586017825,1.140000000000001,-3.891351596866566,1.140000000000001,-3.554787838614365
1.150000000000001,-28.44849554873135,1.150000000000001,-24.59312316629414,1.150000000000001,-19.32116802412804,1.150000000000001,-15.87809630029679,1.150000000000001,-13.45521742484179,1.150000000000001,-11.66073477366823,1.150000000000001,-10.28043112170575,1.150000000000001,-9.187143277502496,1.150000000000001,-7.567933957404371,1.150000000000001,-6.428590357629786,1.150000000000001,-5.58468519158165,1.150000000000001,-4.935170251914442,1.150000000000001,-4.420174415431005,1.150000000000001,-4.002028176919635,1.150000000000001,-3.655874625985374
1.160000000000001,-29.24441364946816,1.160000000000001,-25.28270678488384,1.160000000000001,-19.86349821116726,1.160000000000001,-16.32370864788412,1.160000000000001,-13.83269325272261,1.160000000000001,-11.98774746944566,1.160000000000001,-10.56864025307636,1.160000000000001,-9.444628891241582,1.160000000000001,-7.779939717619324,1.160000000000001,-6.608614066402306,1.160000000000001,-5.741031970138817,1.160000000000001,-5.07330172874608,1.160000000000001,-4.543868314885119,1.160000000000001,-4.114003237259261,1.160000000000001,-3.758151081782074
1.170000000000001,-30.04756319490219,1.170000000000001,-25.97881466302616,1.170000000000001,-20.41123279299131,1.170000000000001,-16.77390810341404,1.170000000000001,-14.21414310668198,1.170000000000001,-12.31826036202381,1.170000000000001,-10.85997369809674,1.170000000000001,-9.704934007877899,1.170000000000001,-7.994301910416938,1.170000000000001,-6.79065994344954,1.170000000000001,-5.899148781238734,1.170000000000001,-5.213006517432944,1.170000000000001,-4.668977887200733,1.170000000000001,-4.22726488892796,1.170000000000001,-3.8616065293047
1.180000000000001,-30.85778626850457,1.180000000000001,-26.68131751643486,1.180000000000001,-20.96427948680112,1.180000000000001,-17.22862449770556,1.180000000000001,-14.59951115905956,1.180000000000001,-12.65222751852226,1.180000000000001,-11.15439268316404,1.180000000000001,-9.968025231329849,1.180000000000001,-8.210994605157113,1.180000000000001,-6.974706937877358,1.180000000000001,-6.059017981026067,1.180000000000001,-5.354269472291477,1.180000000000001,-4.795489888830476,1.180000000000001,-4.341801380590933,1.180000000000001,-3.966230416522528
1.190000000000001,-31.67492736127247,1.190000000000001,-27.39008784315242,1.190000000000001,-21.52254712058542,1.190000000000001,-17.68778844137874,1.190000000000001,-14.98874217421688,1.190000000000001,-12.98960348020866,1.190000000000001,-11.45185882908408,1.190000000000001,-10.2338695028357,1.190000000000001,-8.429992132732099,1.190000000000001,-7.160734212510831,1.190000000000001,-6.220622106501269,1.190000000000001,-5.497075604513965,1.190000000000001,-4.923391214822487,1.190000000000001,-4.457601085102515,1.190000000000001,-4.072012303941044
1.200000000000001,-32.4988332169207,1.200000000000001,-28.10499979660683,1.200000000000001,-22.08594554050045,1.200000000000001,-18.15133125260796,1.200000000000001,-15.38178144973322,1.200000000000001,-13.33034321317418,1.200000000000001,-11.75233410875381,1.200000000000001,-10.5024340640011,1.200000000000001,-8.651269056240034,1.200000000000001,-7.348721119688595,1.200000000000001,-6.383943854967787,1.200000000000001,-5.641410064341135,1.200000000000001,-5.052668883097982,1.200000000000001,-4.574652485455139,1.200000000000001,-4.178941851908193
1.210000000000001,-33.32935267482456,1.210000000000001,-28.82592905613385,1.210000000000001,-22.65438551570016,1.210000000000001,-18.6191848825285,1.210000000000001,-15.77857475548933,1.210000000000001,-13.67440205711521,1.210000000000001,-12.05578080313949,1.210000000000001,-10.7736864183044,1.210000000000001,-8.87480014037487,1.210000000000001,-7.538647175964777,1.210000000000001,-6.548966062531996,1.210000000000001,-5.787258122399959,1.210000000000001,-5.183310017984097,1.210000000000001,-4.692944160056844,1.210000000000001,-4.28700880730973
1.220000000000001,-34.16633651093147,1.220000000000001,-29.55275269505136,1.220000000000001,-23.22777864056453,1.220000000000001,-19.09128183819042,1.220000000000001,-16.17906827051274,1.220000000000001,-14.02173567208841,1.220000000000001,-12.36216145541927,1.220000000000001,-11.04759429093453,1.220000000000001,-9.100560319417177,1.220000000000001,-7.730492035614518,1.220000000000001,-6.715671681561413,1.220000000000001,-5.934605150121905,1.220000000000001,-5.315301832924595,1.220000000000001,-4.812464767265936,1.220000000000001,-4.396202989587529
1.230000000000001,-35.00963727674667,1.230000000000001,-30.28534904627845,1.230000000000001,-23.80603723420501,1.230000000000001,-19.56755510289416,1.230000000000001,-16.58320851740541,1.230000000000001,-14.37229998306097,1.230000000000001,-12.67143882311896,1.230000000000001,-11.32412558679621,1.230000000000001,-9.328524663680067,1.230000000000001,-7.924235462812536,1.230000000000001,-6.884043756985212,1.230000000000001,-6.083436599136194,1.230000000000001,-5.448631612272501,1.230000000000001,-4.933203029095616,1.230000000000001,-4.506514276001249
1.240000000000001,-35.85910913640097,1.240000000000001,-31.0235975654027,1.240000000000001,-24.38907423705152,1.240000000000001,-20.04793805367964,1.240000000000001,-16.99094229412201,1.240000000000001,-14.72605112203004,1.240000000000001,-12.98357582802486,1.240000000000001,-11.60324834648108,1.240000000000001,-9.558668344231586,1.240000000000001,-8.119857302327345,1.240000000000001,-7.054065401295744,1.240000000000001,-6.233737979511603,1.240000000000001,-5.583286692050427,1.240000000000001,-5.055147713983676,1.240000000000001,-4.617932586035775
1.250000000000001,-36.71460770171092,1.250000000000001,-31.76737869102682,1.250000000000001,-24.97680310426164,1.250000000000001,-20.53236437568697,1.250000000000001,-17.40221660281719,1.250000000000001,-15.08294536744253,1.250000000000001,-13.29853550361996,1.250000000000001,-11.88493069996455,1.250000000000001,-9.790966595682979,1.250000000000001,-8.317337448544906,1.250000000000001,-7.225719768086243,1.250000000000001,-6.385494836698204,1.250000000000001,-5.719254439543358,1.250000000000001,-5.178287618503824,1.250000000000001,-4.730447864842166
1.260000000000001,-37.5759898650698,1.260000000000001,-32.51657370214586,1.260000000000001,-25.56913769563344,1.260000000000001,-21.0207679730492,1.260000000000001,-17.81697857542807,1.260000000000001,-15.44293908059517,1.260000000000001,-13.61628093974367,1.260000000000001,-12.1691408177493,1.260000000000001,-10.02539467679807,1.260000000000001,-8.516655812606716,1.260000000000001,-7.398990023932514,1.260000000000001,-6.53869272699678,1.260000000000001,-5.856522231568028,1.260000000000001,-5.302611547876608,1.260000000000001,-4.844050065580536
1.270000000000001,-38.44311362993214,1.270000000000001,-33.27106457224549,1.270000000000001,-26.16599216163787,1.270000000000001,-21.51308287592202,1.270000000000001,-18.23517539560881,1.270000000000001,-15.80598863865402,1.270000000000001,-13.93677522413445,1.270000000000001,-12.45584685913593,1.270000000000001,-10.26192782864588,1.270000000000001,-8.717792287415833,1.270000000000001,-7.573859318400061,1.270000000000001,-6.693317191359268,1.270000000000001,-5.995077431240825,1.270000000000001,-5.428108295117053,1.270000000000001,-4.958729130515706
1.280000000000001,-39.31583793859395,1.280000000000001,-34.03073381975376,1.280000000000001,-26.76728082513778,1.280000000000001,-22.009243143205,1.280000000000001,-18.6567542165836,1.280000000000001,-16.17205036387986,1.280000000000001,-14.25998138046832,1.280000000000001,-12.74501691725913,1.280000000000001,-10.50054122997775,1.280000000000001,-8.920726710232531,1.280000000000001,-7.75031075192813,1.280000000000001,-6.849353727297366,1.280000000000001,-6.134907363041901,1.280000000000001,-5.554766618634069,1.280000000000001,-5.074474970695246
1.290000000000001,-40.19402249691434,1.290000000000001,-34.79546435442199,1.290000000000001,-27.37291805830063,1.290000000000001,-22.50918276045225,1.290000000000001,-19.08166207443184,1.290000000000001,-16.54108044859954,1.290000000000001,-14.58586230246132,1.290000000000001,-13.03661896048548,1.290000000000001,-10.74120994947742,1.290000000000001,-9.125438822546142,1.290000000000001,-7.928327341312257,1.290000000000001,-7.006787758647999,1.290000000000001,-6.275999285947752,1.290000000000001,-5.682575218073938,1.290000000000001,-5.191277444018479
1.300000000000001,-41.07752759558406,1.300000000000001,-35.56513931916551,1.300000000000001,-27.98281815416825,1.300000000000001,-23.01283553242301,1.300000000000001,-19.50984579627126,1.300000000000001,-16.91303487541605,1.300000000000001,-14.91438068355803,1.300000000000001,-13.33062076972384,1.300000000000001,-10.98390889448725,1.300000000000001,-9.331908226874976,1.300000000000001,-8.107891982473642,1.300000000000001,-7.165604602915584,1.300000000000001,-6.418340364377705,1.300000000000001,-5.811522708174082,1.300000000000001,-5.309126331482226
1.310000000000001,-41.96621392750381,1.310000000000001,-36.33964192685755,1.310000000000001,-28.59689519229886,1.310000000000001,-23.52013496967358,1.310000000000001,-19.94125190275574,1.310000000000001,-17.28786933209899,1.310000000000001,-15.24549894167948,1.310000000000001,-13.62698987115402,1.310000000000001,-11.22861275577659,1.310000000000001,-9.54011434010725,1.310000000000001,-8.288987410169424,1.310000000000001,-7.325789435879501,1.310000000000001,-6.561917636670794,1.310000000000001,-5.941597590368565,1.310000000000001,-5.428011311363298
1.320000000000001,-42.85994240081236,1.320000000000001,-37.11885529153387,1.320000000000001,-29.21506289785498,1.320000000000001,-24.03101416854565,1.320000000000001,-20.37582650425353,1.320000000000001,-17.66553912055169,1.320000000000001,-15.57917913845881,1.320000000000001,-13.92569346383538,1.320000000000001,-11.47529594787408,1.320000000000001,-9.750036342958238,1.320000000000001,-8.471596154264295,1.320000000000001,-7.487327253121774,1.320000000000001,-6.70671798077962,1.320000000000001,-6.072788221856964,1.320000000000001,-5.547921931073248
1.330000000000001,-43.75857394708719,1.330000000000001,-37.9026622534502,1.330000000000001,-29.83723449348516,1.330000000000001,-24.5454056838684,1.330000000000001,-20.81351519003527,1.330000000000001,-18.04599905920528,1.330000000000001,-15.91538289234639,1.330000000000001,-14.22669834161005,1.330000000000001,-11.72393254444286,1.330000000000001,-9.961653125080174,1.330000000000001,-8.655700492144348,1.330000000000001,-7.650202828098397,1.330000000000001,-6.852728076836621,1.330000000000001,-6.205082781820844,1.330000000000001,-5.668847576393029
1.340000000000001,-44.66196932423869,1.340000000000001,-38.69094519742042,1.340000000000001,-30.4633225433175,1.340000000000001,-25.06324139366054,1.340000000000001,-21.2542629097559,1.340000000000001,-18.42920337814902,1.340000000000001,-16.25407128492575,1.340000000000001,-14.52997080867524,1.340000000000001,-11.97449620814078,1.340000000000001,-10.174943225321,1.340000000000001,-8.841282396821752,1.340000000000001,-7.814400666341674,1.340000000000001,-6.999934366216956,1.340000000000001,-6.338469234441891,1.340000000000001,-5.790777437767357
1.350000000000001,-45.56998891363323,1.350000000000001,-39.48358586387254,1.350000000000001,-31.09323878838208,1.350000000000001,-25.58445235509449,1.350000000000001,-21.69801384649171,1.350000000000001,-18.81510560627376,1.350000000000001,-16.59520475974231,1.350000000000001,-14.83547658816006,1.350000000000001,-12.22696011436253,1.350000000000001,-10.38988476659314,1.350000000000001,-9.028323480240358,1.350000000000001,-7.979904955349771,1.350000000000001,-7.148323006690067,1.350000000000001,-6.472935288346585,1.350000000000001,-5.913700473312334
1.360000000000001,-46.48249251100709,1.360000000000001,-40.28046515208811,1.360000000000001,-31.72689397278088,1.360000000000001,-26.1089686509842,1.360000000000001,-22.14471128057562,1.360000000000001,-19.20365844968209,1.360000000000001,-16.93874301292378,1.360000000000001,-15.14318072301298,1.360000000000001,-12.48129686823599,1.360000000000001,-10.60645538477955,1.360000000000001,-9.216804931262887,1.360000000000001,-8.146699509687771,1.360000000000001,-7.297879823224955,1.360000000000001,-6.608468352074655,1.360000000000001,-6.037605368161307
1.370000000000001,-47.39933911079677,1.370000000000001,-41.08146291513036,1.370000000000001,-32.36419765996352,1.370000000000001,-26.63671922607088,1.370000000000001,-22.59429744347599,1.370000000000001,-19.59481366060983,1.370000000000001,-17.28464487485262,1.370000000000001,-15.45304746848678,1.370000000000001,-12.73747841421461,1.370000000000001,-10.824632151078,1.370000000000001,-9.406707447792488,1.370000000000001,-8.314767710799375,1.370000000000001,-7.448590253985462,1.370000000000001,-6.745055485143543,1.370000000000001,-6.162480489752599
1.380000000000001,-48.32038668358411,1.380000000000001,-41.88645774606161,1.380000000000001,-33.00505803852442,1.380000000000001,-27.16763171242325,1.380000000000001,-23.0467133609911,1.380000000000001,-19.98852189612061,1.380000000000001,-17.63286818215951,1.380000000000001,-15.76504017550534,1.380000000000001,-12.9954759376008,1.380000000000001,-11.04439148717069,1.380000000000001,-9.598011162463273,1.380000000000001,-8.484092441007625,1.380000000000001,-7.600439291035459,1.380000000000001,-6.882683344261934,1.380000000000001,-6.288313838641589
1.390000000000001,-49.24549194648336,1.390000000000001,-42.69532675515057,1.390000000000001,-33.64938171703966,1.390000000000001,-27.70163224335131,1.390000000000001,-23.50189868509207,1.390000000000001,-20.38473256587594,1.390000000000001,-17.98336963933275,1.390000000000001,-16.07912116421773,1.390000000000001,-13.25525975733947,1.390000000000001,-11.26570907260249,1.390000000000001,-9.790695561330743,1.390000000000001,-8.65465601117652,1.390000000000001,-7.753411415261398,1.390000000000001,-7.02133812423412,1.390000000000001,-6.415092994408808
1.400000000000001,-50.17451012644152,1.400000000000001,-43.50794533794655,1.400000000000001,-34.29707350761114,1.400000000000001,-28.23864525535362,1.400000000000001,-23.95979151384545,1.400000000000001,-20.78339366836524,1.400000000000001,-18.33610466930946,1.400000000000001,-16.39525158709774,1.400000000000001,-13.51679920945785,1.400000000000001,-11.48855974377595,1.400000000000001,-9.984739395002658,1.400000000000001,-8.826440081511519,1.400000000000001,-7.90749052502477,1.400000000000001,-7.161005493097552,1.400000000000001,-6.542805056234349
1.410000000000001,-51.10729471664156,1.410000000000001,-44.3241869343074,1.410000000000001,-34.94803619799399,1.410000000000001,-28.77859327780435,1.410000000000001,-24.42032819900723,1.410000000000001,-21.18445161511244,1.410000000000001,-18.69102725251889,1.410000000000001,-16.71339128103754,1.410000000000001,-13.78006252059019,1.410000000000001,-11.71291738401701,1.410000000000001,-10.18012058169283,1.410000000000001,-8.999425575006175,1.410000000000001,-8.062659858078344,1.410000000000001,-7.30167052105434,1.410000000000001,-6.671436577723564
1.420000000000001,-52.04369722645694,1.420000000000001,-45.14392277875051,1.420000000000001,-35.60217031246312,1.420000000000001,-29.32139671034329,1.420000000000001,-24.88344314110057,1.420000000000001,-21.58785104256977,1.420000000000001,-19.0480897540209,1.420000000000001,-17.03349860803403,1.420000000000001,-14.04501667114256,1.420000000000001,-11.93875480425736,1.420000000000001,-10.37681610174668,1.420000000000001,-9.173592583100694,1.420000000000001,-8.218901906330046,1.420000000000001,-7.44331760279823,1.420000000000001,-6.80097349560361
1.430000000000001,-52.98356692573681,1.430000000000001,-45.96702164286931,1.430000000000001,-36.25937386194896,1.430000000000001,-29.86697358827035,1.430000000000001,-25.34906857209938,1.430000000000001,-21.99353461168189,1.430000000000001,-19.40724273862072,1.430000000000001,-17.35553028427611,1.430000000000001,-14.31162724781867,1.430000000000001,-12.16604361401238,1.430000000000001,-10.57480188330406,1.430000000000001,-9.348920263213227,1.430000000000001,-8.376198323119016,1.430000000000001,-7.585930372910053,1.430000000000001,-6.931401051974298
1.440000000000001,-53.92675058461808,1.440000000000001,-46.79334957099277,1.440000000000001,-36.91954208443838,1.440000000000001,-30.41523933670027,1.440000000000001,-25.81713432624843,1.440000000000001,-22.4014427954715,1.440000000000001,-19.76843477417344,1.440000000000001,-17.6794411977392,1.440000000000001,-14.57985828547073,1.440000000000001,-12.39475408253681,1.440000000000001,-10.77405267893251,1.440000000000001,-9.525386727950062,1.440000000000001,-8.534529822795587,1.440000000000001,-7.729491614106329,1.440000000000001,-7.06270370989441
1.450000000000001,-54.87309221054736,1.450000000000001,-47.62276961083587,1.450000000000001,-37.58256717723184,1.450000000000001,-30.96610651479874,1.450000000000001,-26.28756760008066,1.450000000000001,-22.81151365548104,1.450000000000001,-20.13161222372547,1.450000000000001,-18.00518421478773,1.450000000000001,-14.84967209856476,1.450000000000001,-12.62485499031373,1.450000000000001,-10.97454193329875,1.450000000000001,-9.702968926005246,1.450000000000001,-8.693876072575971,1.450000000000001,-7.873983158284338,1.450000000000001,-7.194865062230143
1.460000000000001,-55.82243278479987,1.460000000000001,-48.45514154155271,1.460000000000001,-38.24833802337184,1.460000000000001,-31.5194845521332,1.460000000000001,-26.76029270335494,1.460000000000001,-23.22368260851358,1.460000000000001,-20.49671902770285,1.460000000000001,-18.33270997679948,1.460000000000001,-15.1210291029827,1.460000000000001,-12.85631347140002,1.460000000000001,-11.17624164226564,1.460000000000001,-9.881642515038591,1.460000000000001,-8.854215576890279,1.460000000000001,-8.019385780530159,1.460000000000001,-7.327867733890291
1.470000000000001,-56.77461000147446,1.470000000000001,-49.29032160238869,1.470000000000001,-38.91673991542216,1.470000000000001,-32.07527948002878,1.470000000000001,-27.23523080345315,1.470000000000001,-23.63788218588073,1.470000000000001,-20.86369647805783,1.470000000000001,-18.66196668847164,1.470000000000001,-15.39388762943282,1.470000000000001,-13.0890948476257,1.470000000000001,-11.37912220421286,1.470000000000001,-10.06138172718469,1.470000000000001,-9.015525554766045,1.470000000000001,-8.165679086547396,1.470000000000001,-7.461693277840728
1.480000000000001,-57.7294580127471,1.480000000000001,-50.12816222605625,1.480000000000001,-39.587654280798,1.480000000000001,-32.63339366184132,1.480000000000001,-27.71229966675739,1.480000000000001,-24.05404178827934,1.480000000000001,-21.23248298713627,1.480000000000001,-18.99289990026023,1.480000000000001,-15.66820373042238,1.480000000000001,-13.32316245623765,1.480000000000001,-11.58315226490256,1.480000000000001,-10.24215922831016,1.480000000000001,-9.177781811206819,1.480000000000001,-8.312841394340102,1.480000000000001,-7.596322065631555
1.490000000000001,-58.68680718507411,1.490000000000001,-50.96851178198803,1.490000000000001,-40.26095841401012,1.490000000000001,-33.19372552723699,1.490000000000001,-28.19141340166178,1.490000000000001,-24.47208744049769,1.490000000000001,-21.60301385504519,1.490000000000001,-19.32545228835086,1.490000000000001,-15.94393098357094,1.490000000000001,-13.55847747329995,1.490000000000001,-11.78829855784965,1.490000000000001,-10.42394597270597,1.490000000000001,-9.340958604038079,1.490000000000001,-8.46084961145314,1.490000000000001,-7.731733173599692
1.5,-59.64648387203284,1.5,-51.81121433577289,1.5,-40.9365252224759,1.5,-33.75616931688714,1.5,-28.67248220916497,1.5,-24.89194155138689,1.5,-21.97522104045743,1.5,-19.65956343665031,1.5,-16.22102029500564,1.5,-13.79499873601593,1.5,-11.99452574291581,1.5,-10.60671105558573,1.5,-9.505028508314272,1.5,-8.609679109635842,1.5,-7.867904266428792
