pch18_Vdsat (ll=3.5e-07) X,pch18_Vdsat (ll=3.5e-07) Y,pch18_Vdsat (ll=4e-07) X,pch18_Vdsat (ll=4e-07) Y,pch18_Vdsat (ll=5e-07) X,pch18_Vdsat (ll=5e-07) Y,pch18_Vdsat (ll=6e-07) X,pch18_Vdsat (ll=6e-07) Y,pch18_Vdsat (ll=7e-07) X,pch18_Vdsat (ll=7e-07) Y,pch18_Vdsat (ll=8e-07) X,pch18_Vdsat (ll=8e-07) Y,pch18_Vdsat (ll=9e-07) X,pch18_Vdsat (ll=9e-07) Y,pch18_Vdsat (ll=1e-06) X,pch18_Vdsat (ll=1e-06) Y,pch18_Vdsat (ll=1.2e-06) X,pch18_Vdsat (ll=1.2e-06) Y,pch18_Vdsat (ll=1.4e-06) X,pch18_Vdsat (ll=1.4e-06) Y,pch18_Vdsat (ll=1.6e-06) X,pch18_Vdsat (ll=1.6e-06) Y,pch18_Vdsat (ll=1.8e-06) X,pch18_Vdsat (ll=1.8e-06) Y,pch18_Vdsat (ll=2e-06) X,pch18_Vdsat (ll=2e-06) Y,pch18_Vdsat (ll=2.2e-06) X,pch18_Vdsat (ll=2.2e-06) Y,pch18_Vdsat (ll=2.4e-06) X,pch18_Vdsat (ll=2.4e-06) Y
0,-0.04750689309497898,0,-0.04647589330131206,0,-0.04492643861700889,0,-0.04382131125402378,0,-0.0429948788050782,0,-0.04235405955477979,0,-0.04184285789231786,0,-0.04142566366692804,0,-0.04078584940592423,0,-0.04031831671927347,0,-0.03996179489168711,0,-0.03968096698226128,0,-0.03945405240909106,0,-0.0392668919446979,0,-0.03910988365002351
0.01,-0.04750693832290033,0.01,-0.0464759416169101,0.01,-0.04492649320160373,0.01,-0.04382137141144694,0.01,-0.04299494369683982,0.01,-0.0423541284430343,0.01,-0.04184293017219958,0.01,-0.0414257388503432,0.01,-0.04078592928475787,0.01,-0.04031840021956859,0.01,-0.03996188126324708,0.01,-0.03968105568197547,0.01,-0.03945414303183496,0.01,-0.03926698418066613,0.01,-0.03910997725725614
0.02,-0.04750699804389275,0.02,-0.04647600549762156,0.02,-0.0449265654896948,0.02,-0.04382145115960655,0.02,-0.04299502977920907,0.02,-0.04235421987148669,0.02,-0.04184302613737087,0.02,-0.04142583869931346,0.02,-0.04078603541445296,0.02,-0.04031851119358389,0.02,-0.03996199607819876,0.02,-0.03968117361144802,0.02,-0.03945426353397503,0.02,-0.0392671068410668,0.02,-0.03911010175226617
0.03,-0.04750707688091135,0.03,-0.04647608993470524,0.03,-0.04492666119624966,0.03,-0.04382155684820944,0.03,-0.042995143938992,0.03,-0.04235434117976454,0.03,-0.04184315351159761,0.03,-0.04142597126644713,0.03,-0.04078617637946674,0.03,-0.04031865863608024,0.03,-0.03996214865670415,0.03,-0.03968133035475011,0.03,-0.03945442371760773,0.03,-0.03926726991097158,0.03,-0.03911026727570732
0.04,-0.04750718092393356,0.04,-0.04647620151163136,0.04,-0.04492678787130275,0.04,-0.04382169687387021,0.04,-0.0429952952888668,0.04,-0.04235450208415597,0.04,-0.04184332252321415,0.04,-0.0414261472184102,0.04,-0.04078636355539082,0.04,-0.04031885446957422,0.04,-0.03996235135501968,0.04,-0.03968153861994842,0.04,-0.03945463658147882,0.04,-0.03926748663303373,0.04,-0.03911048727760057
0.05,-0.04750731819263106,0.05,-0.04647634890883421,0.05,-0.0449269554854202,0.05,-0.04382188233561725,0.05,-0.04299549588196196,0.05,-0.04235471544194745,0.05,-0.04184354671164531,0.05,-0.04142638067854826,0.05,-0.04078661200997665,0.05,-0.04031911449039593,0.05,-0.0399626205473038,0.05,-0.03968181524987383,0.05,-0.03945491935565677,0.05,-0.03926777456226273,0.05,-0.03911077958925503
0.06,-0.04750749924384923,0.06,-0.04647654356721147,0.06,-0.04492717720039598,0.06,-0.04382212789852437,0.06,-0.04299576165382509,0.06,-0.04235499825934944,0.06,-0.04184384399124821,0.06,-0.04142669033859621,0.06,-0.04078694169221404,0.06,-0.04031945961748932,0.06,-0.03996297792175604,0.06,-0.03968218255665153,0.06,-0.03945529486778204,0.06,-0.03926815695891161,0.06,-0.03911116783875877
0.07000000000000001,-0.04750773796868491,0.07000000000000001,-0.04647680055973668,0.07000000000000001,-0.044927470383114,0.07000000000000001,-0.04382245293071776,0.07000000000000001,-0.04299611366321354,0.07000000000000001,-0.04235537301962601,0.07000000000000001,-0.04184423805348812,0.07000000000000001,-0.04142710092422149,0.07000000000000001,-0.04078737900033903,0.07000000000000001,-0.04031991753941185,0.07000000000000001,-0.03996345219024031,0.07000000000000001,-0.03968267008216114,0.07000000000000001,-0.0394557933455339,0.07000000000000001,-0.03926866462613567,0.07000000000000001,-0.03911168331859601
0.08,-0.04750805263765556,0.08,-0.04647713973565756,0.08,-0.04492785793828092,0.08,-0.04382288299914265,0.08,-0.04299657972515091,0.08,-0.04235586943168443,0.08,-0.04184476021345176,0.08,-0.04142764512528732,0.08,-0.04078795884751187,0.08,-0.04032052488444184,0.08,-0.03996408134122754,0.08,-0.03968331691806708,0.08,-0.03945645479209351,0.08,-0.03926933833203013,0.08,-0.03911236744724234
0.09,-0.04750846727013122,0.09,-0.04647758722133764,0.09,-0.04492837005885753,0.09,-0.04382345183551602,0.09,-0.04299719655826001,0.09,-0.04235652672998626,0.09,-0.04184545183903416,0.09,-0.04142836613565685,0.09,-0.04078872738035705,0.09,-0.04032133007690516,0.09,-0.03996491560529527,0.09,-0.03968417475992652,0.09,-0.03945733211340085,0.09,-0.03927023199823379,0.09,-0.03911327500996398
0.09999999999999999,-0.04750901342709952,0.09999999999999999,-0.04647817738718329,0.09999999999999999,-0.04492904652289292,0.09999999999999999,-0.04382420391763349,0.09999999999999999,-0.04299801260536341,0.09999999999999999,-0.04235739669631527,0.09999999999999999,-0.04184636754311147,0.09999999999999999,-0.04142932099108348,0.09999999999999999,-0.04078974555229658,0.09999999999999999,-0.04032239709198131,0.09999999999999999,-0.03996602135376322,0.09999999999999999,-0.03968531192236452,0.09999999999999999,-0.03945849522963508,0.09999999999999999,-0.03927141689216285,0.09999999999999999,-0.03911447841968425
0.11,-0.04750973255587761,0.11,-0.04647895542276957,0.11,-0.04492993970404493,0.11,-0.04382519785477026,0.11,-0.04299909173389741,0.11,-0.04235854762493441,0.11,-0.04184757937287549,0.11,-0.04143058495020187,0.11,-0.04079109381407837,0.11,-0.04032381038466117,0.11,-0.03996748621656808,0.11,-0.0396868186100365,0.11,-0.03946003647255568,0.11,-0.03927298713041361,0.11,-0.03911607331052842
0.12,-0.04751067905333927,0.12,-0.0464799807043776,0.12,-0.04493111851264885,0.12,-0.04382651082171364,0.12,-0.04300051808387675,0.12,-0.04236006951817204,0.12,-0.04184918229959787,0.12,-0.04143225723569764,0.12,-0.04079287826082414,0.12,-0.04032568134931427,0.12,-0.03996942578926801,0.12,-0.03968881382516329,0.12,-0.0394620776585892,0.12,-0.03927506689062042,0.12,-0.03911818586762295
0.13,-0.04751192426279875,0.13,-0.04648133119297958,0.13,-0.04493267354754865,0.13,-0.04382824435739462,0.13,-0.04300240240899822,0.13,-0.0423620808827496,0.13,-0.04185130140002549,0.13,-0.04143446854460794,0.13,-0.0407952386729343,0.13,-0.04032815676892725,0.13,-0.03997199240552691,0.13,-0.03969145440173751,0.13,-0.03946477933899582,0.13,-0.03927781984274337,0.13,-0.03912098241224589
0.14,-0.04751356168160583,0.14,-0.04648310916925793,0.14,-0.04493472381953088,0.14,-0.04383053193461046,0.14,-0.04300489035526638,0.14,-0.04236473760275651,0.14,-0.04185410123167421,0.14,-0.04143739085243891,0.14,-0.04079835901157921,0.14,-0.04033142984211529,0.14,-0.0399753865845739,0.14,-0.03969494679335157,0.14,-0.03946835286853255,0.14,-0.03928146145301095,0.14,-0.03912468190563072
0.15,-0.04751571373488354,0.15,-0.04648544869897725,0.15,-0.04493742550885677,0.15,-0.0438335488213513,0.15,-0.04300817324552648,0.15,-0.04236824449730144,0.15,-0.04185779804333845,0.15,-0.04144125018053645,0.15,-0.04080248108304186,0.15,-0.04033575453648587,0.15,-0.03997987192917096,0.15,-0.03969956241171135,0.15,-0.03947307610714203,0.15,-0.03928627498991012,0.15,-0.03912957221337143
0.16,-0.04751854056928995,0.16,-0.04648852533088898,0.16,-0.04494098334665912,0.16,-0.04383752489640712,0.16,-0.04301250209243182,0.16,-0.04237287033482239,0.16,-0.04186267563398478,0.16,-0.04144634317476373,0.16,-0.04080792227541432,0.16,-0.04034146421369035,0.16,-0.03998579445216818,0.16,-0.03970565752025172,0.16,-0.03947931378085745,0.16,-0.03929263227631358,0.16,-0.03913603118953107
0.17,-0.04752225144343273,0.17,-0.04649256866469202,0.17,-0.04494566536731311,0.17,-0.04384276125689362,0.17,-0.04301820575138699,0.17,-0.04237896727619442,0.17,-0.04186910588257032,0.17,-0.04145305856027512,0.17,-0.04081509849946351,0.17,-0.04034899570861329,0.17,-0.03999360755348134,0.17,-0.03971369893608496,0.17,-0.03948754378064717,0.17,-0.03930102048778641,0.17,-0.0391445538986266
0.18,-0.04752711944256716,0.18,-0.04649787859267072,0.18,-0.04495182197086218,0.18,-0.04384965166745804,0.18,-0.04302571435270094,0.18,-0.04238699595883005,0.18,-0.04187757522111456,0.18,-0.04146190479514614,0.18,-0.04082455373558377,0.18,-0.04035892032368215,0.18,-0.04000390415418192,0.18,-0.0397242970834432,0.18,-0.03949839097195106,0.18,-0.03931207659426553,0.18,-0.03915578759315504
0.19,-0.04753350042859469,0.19,-0.0465048462194128,0.19,-0.04495991046426548,0.19,-0.04385871015241952,0.19,-0.04303558942010115,0.19,-0.04239755771432104,0.19,-0.04188871861347908,0.19,-0.04147354554320657,0.19,-0.04083699789739902,0.19,-0.04037198351567346,0.19,-0.04001745781628955,0.19,-0.03973824826736379,0.19,-0.03951267041636868,0.19,-0.03932663137336417,0.19,-0.03917057639732766
0.2,-0.04754185735463828,0.2,-0.04651398070157376,0.2,-0.04497052651852288,0.2,-0.0438706063221008,0.2,-0.04304856238810906,0.2,-0.04241143572846884,0.2,-0.04190336292642906,0.2,-0.0414888449164602,0.2,-0.04085335506020771,0.2,-0.04038915539411261,0.2,-0.04003527502089643,0.2,-0.03975658838222065,0.2,-0.03953144225314466,0.2,-0.03934576527021661,0.2,-0.03919001799444033
0.21,-0.04755279132694443,0.21,-0.04652594352287689,0.21,-0.04498444428112112,0.21,-0.04388621034533426,0.21,-0.043065583562444,0.21,-0.04242964729052936,0.21,-0.04192258192094332,0.21,-0.04150892478027445,0.21,-0.04087482444486549,0.21,-0.04041169449049246,0.21,-0.04005866111419321,0.21,-0.03978066060270662,0.21,-0.03955608081822472,0.21,-0.03937087870533118,0.21,-0.03921553493883698
0.2200000000000001,-0.04756708108071828,0.2200000000000001,-0.04654159202139935,0.2200000000000001,-0.04500266720726282,0.2200000000000001,-0.04390664981306194,0.2200000000000001,-0.04308788390185894,0.2200000000000001,-0.04245350960961876,0.2200000000000001,-0.0419477654172993,0.2200000000000001,-0.04153523673327118,0.2200000000000001,-0.04090295685174038,0.2200000000000001,-0.04044122754678459,0.2200000000000001,-0.04008930270670986,0.2200000000000001,-0.03981219986877177,0.2200000000000001,-0.03958836083119363,0.2200000000000001,-0.03940377967512056,0.2200000000000001,-0.0392489634479822
0.2300000000000001,-0.04758573283819032,0.2300000000000001,-0.04656203429947638,0.2300000000000001,-0.04502649199212148,0.2300000000000001,-0.04393338104748313,0.2300000000000001,-0.04311705229238558,0.2300000000000001,-0.04248472194855927,0.2300000000000001,-0.04198070543861374,0.2300000000000001,-0.04156965160415982,0.2300000000000001,-0.04093974943031714,0.2300000000000001,-0.04047984822836749,0.2300000000000001,-0.04012936943792522,0.2300000000000001,-0.03985343707689659,0.2300000000000001,-0.03963056355924995,0.2300000000000001,-0.03944679154891697,0.2300000000000001,-0.03929266257204769
0.2400000000000001,-0.04761004281094774,0.2400000000000001,-0.04658869793877456,0.2400000000000001,-0.04505758825300077,0.2400000000000001,-0.04396827763595734,0.2400000000000001,-0.04315513116217622,0.2400000000000001,-0.04252546695457395,0.2400000000000001,-0.04202370222041035,0.2400000000000001,-0.04161456934719168,0.2400000000000001,-0.04098776163273412,0.2400000000000001,-0.04053023756405519,0.2400000000000001,-0.04018163786086793,0.2400000000000001,-0.03990722568606801,0.2400000000000001,-0.03968560562332082,0.2400000000000001,-0.03950288368794921,0.2400000000000001,-0.03934964633067119
0.2500000000000001,-0.04764167484943545,0.2500000000000001,-0.0466234151582423,0.2500000000000001,-0.04509809674676966,0.2500000000000001,-0.04401373901136465,0.2500000000000001,-0.04320473323209435,0.2500000000000001,-0.04257853392233612,0.2500000000000001,-0.04207969274596972,0.2500000000000001,-0.04167305191356886,0.2500000000000001,-0.04105025476232704,0.2500000000000001,-0.04059580836973226,0.2500000000000001,-0.04024963956521178,0.2500000000000001,-0.03997719273498847,0.2500000000000001,-0.03975719233563171,0.2500000000000001,-0.03957582668120961,0.2500000000000001,-0.03942374052813361
0.2600000000000001,-0.04768275585770102,0.2600000000000001,-0.04666852710262667,0.2600000000000001,-0.04515074879589077,0.2600000000000001,-0.04407282161557675,0.2600000000000001,-0.04326918174625242,0.2600000000000001,-0.04264746612157169,0.2600000000000001,-0.04215240372646704,0.2600000000000001,-0.04174898081241429,0.2600000000000001,-0.04113135645635421,0.2600000000000001,-0.04068087467219116,0.2600000000000001,-0.04033783427975919,0.2600000000000001,-0.04006791477572527,0.2600000000000001,-0.03984999587135221,0.2600000000000001,-0.03967037232529081,0.2600000000000001,-0.03951976422115624
0.2700000000000001,-0.04773599147061739,0.2700000000000001,-0.04672700970227261,0.2700000000000001,-0.04521900906474442,0.2700000000000001,-0.0441493943662542,0.2700000000000001,-0.04335267544753311,0.2700000000000001,-0.04273673300757056,0.2700000000000001,-0.04224652942390037,0.2700000000000001,-0.04184723937117517,0.2700000000000001,-0.04123624943410904,0.2700000000000001,-0.0407908449011373,0.2700000000000001,-0.04045180625308194,0.2700000000000001,-0.04018511662821354,0.2700000000000001,-0.0399698558437624,0.2700000000000001,-0.03979245563083468,0.2700000000000001,-0.03964373287383679
0.2800000000000001,-0.04780480397671881,0.2800000000000001,-0.04680262281734065,0.2800000000000001,-0.04530724264623142,0.2800000000000001,-0.04424831853331353,0.2800000000000001,-0.04346047756402738,0.2800000000000001,-0.04285192579819445,0.2800000000000001,-0.04236793208920918,0.2800000000000001,-0.04197391682783531,0.2800000000000001,-0.0413713805529039,0.2800000000000001,-0.04093243400999729,0.2800000000000001,-0.04059847835112126,0.2800000000000001,-0.04033588679571607,0.2800000000000001,-0.04012399562052575,0.2800000000000001,-0.03994941176585647,0.2800000000000001,-0.0398030757431231
0.2900000000000001,-0.04789349335197823,0.2900000000000001,-0.04690008293092671,0.2900000000000001,-0.0454209053002174,0.2900000000000001,-0.04437564940420122,0.2900000000000001,-0.04359912482055825,0.2900000000000001,-0.04299997120485588,0.2900000000000001,-0.0425238587162764,0.2900000000000001,-0.04213652699630091,0.2900000000000001,-0.0415446813149036,0.2900000000000001,-0.04111388440357405,0.2900000000000001,-0.04078633273139711,0.2900000000000001,-0.04052889756704907,0.2900000000000001,-0.04032124171337919,0.2900000000000001,-0.04015019468405384,0.2900000000000001,-0.04000685374463669
0.3000000000000001,-0.04800742028853515,0.3000000000000001,-0.04702525719922124,0.3000000000000001,-0.04556675231212623,0.3000000000000001,-0.04453885295191507,0.3000000000000001,-0.04377664767054502,0.3000000000000001,-0.04318935275197578,0.3000000000000001,-0.04272316202198203,0.3000000000000001,-0.0423442280948361,0.3000000000000001,-0.04176578426256557,0.3000000000000001,-0.0413451784466451,0.3000000000000001,-0.04102561955221494,0.3000000000000001,-0.04077461020215408,0.3000000000000001,-0.04057222576546082,0.3000000000000001,-0.04040557623433666,0.3000000000000001,-0.04026595597946855
0.3100000000000001,-0.04815320697193531,0.3100000000000001,-0.04718537290513149,0.3100000000000001,-0.0457530565263561,0.3100000000000001,-0.04474702487531643,0.3100000000000001,-0.04400278637595476,0.3100000000000001,-0.04343032199448062,0.3100000000000001,-0.04297650600570777,0.3100000000000001,-0.04260802243288035,0.3100000000000001,-0.0420462113256405,0.3100000000000001,-0.04163821664028316,0.3100000000000001,-0.04132852627781665,0.3100000000000001,-0.04108543655415488,0.3100000000000001,-0.04088953951335854,0.3100000000000001,-0.0407282953256002,0.3100000000000001,-0.0405932438250737
0.3200000000000001,-0.048338946825789,0.3200000000000001,-0.0473892310632632,0.3200000000000001,-0.04598981952028248,0.3200000000000001,-0.04501109185492896,0.3200000000000001,-0.04428917938737954,0.3200000000000001,-0.04373507332613901,0.3200000000000001,-0.04329652752949059,0.3200000000000001,-0.04294090554482102,0.3200000000000001,-0.04239950087662493,0.3200000000000001,-0.04200692619101899,0.3200000000000001,-0.04170927079441554,0.3200000000000001,-0.04147581918701676,0.3200000000000001,-0.04128780387568077,0.3200000000000001,-0.04113311757122273,0.3200000000000001,-0.0410036024210724
0.3300000000000001,-0.04857440838565978,0.3300000000000001,-0.04764740605822752,0.3300000000000001,-0.04628895182510924,0.3300000000000001,-0.0453439661258082,0.3300000000000001,-0.0446494914121434,0.3300000000000001,-0.04411784691399674,0.3300000000000001,-0.04369791624905893,0.3300000000000001,-0.04335792537843348,0.3300000000000001,-0.04284123165210226,0.3300000000000001,-0.0424672565315734,0.3300000000000001,-0.04218407381217629,0.3300000000000001,-0.04196218470496105,0.3300000000000001,-0.04178360633898279,0.3300000000000001,-0.04163675918329398,0.3300000000000001,-0.0415138530198997
0.3400000000000001,-0.04887121106749315,0.3400000000000001,-0.04797240513345281,0.3400000000000001,-0.04666438936153028,0.3400000000000001,-0.04576061572066749,0.3400000000000001,-0.0450994401849597,0.3400000000000001,-0.04459491649141327,0.3400000000000001,-0.04419736807840302,0.3400000000000001,-0.04387610567597169,0.3400000000000001,-0.04338889653570759,0.3400000000000001,-0.0430370143631125,0.3400000000000001,-0.04277096306099146,0.3400000000000001,-0.04256272292666587,0.3400000000000001,-0.04239525949315064,0.3400000000000001,-0.04225762823226762,0.3400000000000001,-0.04214247959840033
0.3500000000000001,-0.04924294256159922,0.3500000000000001,-0.04837875329375676,0.3500000000000001,-0.047132105477081,0.3500000000000001,-0.04627800616358414,0.3500000000000001,-0.04565667589405301,0.3500000000000001,-0.04518441525616672,0.3500000000000001,-0.04481336540992985,0.3500000000000001,-0.0445141871519637,0.3500000000000001,-0.04406158117305151,0.3500000000000001,-0.04373549483939634,0.3500000000000001,-0.04348936755452544,0.3500000000000001,-0.04329695173206064,0.3500000000000001,-0.04314234196423387,0.3500000000000001,-0.04301534580296911,0.3500000000000001,-0.04290913341552394
0.3600000000000002,-0.04970518035476022,0.3600000000000002,-0.0488829626082763,0.3600000000000002,-0.04770997376799978,0.3600000000000002,-0.04691486817096932,0.3600000000000002,-0.04634046900638317,0.3600000000000002,-0.04590595771708479,0.3600000000000002,-0.04556574443158765,0.3600000000000002,-0.04529214942560415,0.3600000000000002,-0.04487941544847585,0.3600000000000002,-0.04458288146490708,0.3600000000000002,-0.04435947843834265,0.3600000000000002,-0.04418504749428674,0.3600000000000002,-0.04404500458522382,0.3600000000000002,-0.04393003242267743,0.3600000000000002,-0.043833903099655
0.3700000000000002,-0.05027537577191128,0.3700000000000002,-0.04950334277376221,0.3700000000000002,-0.04841743967273683,0.3700000000000002,-0.04769125377774597,0.3700000000000002,-0.04717117466440667,0.3700000000000002,-0.04678003169181864,0.3700000000000002,-0.04647502956612135,0.3700000000000002,-0.04623049915143727,0.3700000000000002,-0.04586279271801366,0.3700000000000002,-0.04559941734295996,0.3700000000000002,-0.04540138540270248,0.3700000000000002,-0.0452469553221055,0.3700000000000002,-0.04512306041249845,0.3700000000000002,-0.04502138207156062,0.3700000000000002,-0.04493637573697003
0.3800000000000002,-0.05097256097531307,0.3800000000000002,-0.05025961548522205,0.3800000000000002,-0.0492749721628953,0.3800000000000002,-0.04862786346272134,0.3800000000000002,-0.04816946753496314,0.3800000000000002,-0.04782716475167111,0.3800000000000002,-0.04756154859045145,0.3800000000000002,-0.04734934603111406,0.3800000000000002,-0.04703139179021724,0.3800000000000002,-0.04680439301224689,0.3800000000000002,-0.04663404192478057,0.3800000000000002,-0.04650133878362347,0.3800000000000002,-0.04639492346370582,0.3800000000000002,-0.04630759294805409,0.3800000000000002,-0.04623456173101312
0.3900000000000002,-0.05181685073307809,0.3900000000000002,-0.05117231174226169,0.3900000000000002,-0.05030329297454088,0.3900000000000002,-0.0497451602487606,0.3900000000000002,-0.04935537953327768,0.3900000000000002,-0.04906691146292909,0.3900000000000002,-0.04884438640243639,0.3900000000000002,-0.04866733435138379,0.3900000000000002,-0.04840308421849383,0.3900000000000002,-0.04821504417861378,0.3900000000000002,-0.04807416062262022,0.3900000000000002,-0.04796447648230991,0.3900000000000002,-0.0478765083104204,0.3900000000000002,-0.04780427092651979,0.3900000000000002,-0.04774380246503197
0.4000000000000002,-0.0528287336037522,0.4000000000000002,-0.0522619600313173,0.4000000000000002,-0.05152241884279188,0.4000000000000002,-0.05106233017123989,0.4000000000000002,-0.05074721888756013,0.4000000000000002,-0.05051675469467914,0.4000000000000002,-0.0503402821622418,0.4000000000000002,-0.05020054369796582,0.4000000000000002,-0.04999285314577816,0.4000000000000002,-0.04984549369337413,0.4000000000000002,-0.04973517850351205,0.4000000000000002,-0.04964924902762418,0.4000000000000002,-0.04958023674400334,0.4000000000000002,-0.04952345387567495,0.4000000000000002,-0.04947581038449882
0.4100000000000002,-0.05402818099292838,0.4100000000000002,-0.05354811223496529,0.4100000000000002,-0.05295059653586418,0.4100000000000002,-0.05259619343200923,0.4100000000000002,-0.05236049186732739,0.4100000000000002,-0.05219105383508019,0.4100000000000002,-0.05206261038656192,0.4100000000000002,-0.05196150458575351,0.4100000000000002,-0.05181187504533769,0.4100000000000002,-0.05170589125193263,0.4100000000000002,-0.05162644600401137,0.4100000000000002,-0.05156436987088481,0.4100000000000002,-0.05151430414181559,0.4100000000000002,-0.05147290843109796,0.4100000000000002,-0.05143799199020503
0.4200000000000002,-0.05543364278173489,0.4200000000000002,-0.0550482963459193,0.4200000000000002,-0.05460325060899727,0.4200000000000002,-0.05436020415232616,0.4200000000000002,-0.05420697419743562,0.4200000000000002,-0.05410019063742817,0.4200000000000002,-0.05402059726675856,0.4200000000000002,-0.05395847903719815,0.4200000000000002,-0.05386690943032866,0.4200000000000002,-0.05380188989461165,0.4200000000000002,-0.05375277301063215,0.4200000000000002,-0.05371398777054401,0.4200000000000002,-0.0536823284295243,0.4200000000000002,-0.05365581778951074,0.4200000000000002,-0.05363316847096227
0.4300000000000002,-0.0570610359683428,0.4300000000000002,-0.0567770195988627,0.4300000000000002,-0.05649208644783969,0.4300000000000002,-0.05636368545361808,0.4300000000000002,-0.05629407524718055,0.4300000000000002,-0.05625004863484395,0.4300000000000002,-0.05621889971813283,0.4300000000000002,-0.05619512499344306,0.4300000000000002,-0.05616009933645697,0.4300000000000002,-0.05613454837630603,0.4300000000000002,-0.05611440946433092,0.4300000000000002,-0.05609772893743983,0.4300000000000002,-0.05608344168047227,0.4300000000000002,-0.05607091379165813,0.4300000000000002,-0.05605974145992795
0.4400000000000002,-0.05892285632448826,0.4400000000000002,-0.05874496004101443,0.4400000000000002,-0.05862448497720139,0.4400000000000002,-0.05861142219229377,0.4400000000000002,-0.05862459949597989,0.4400000000000002,-0.05864191285905879,0.4400000000000002,-0.05865761758834285,0.4400000000000002,-0.05867060050039568,0.4400000000000002,-0.05868921470931292,0.4400000000000002,-0.0587006732954261,0.4400000000000002,-0.05870746027416386,0.4400000000000002,-0.05871116738110903,0.4400000000000002,-0.0587128038472161,0.4400000000000002,-0.05871302539426949,0.4400000000000002,-0.05871226986575955
0.4500000000000002,-0.06102754184571036,0.4500000000000002,-0.06095846973372832,0.4500000000000002,-0.06100328639549844,0.4500000000000002,-0.06110367767097571,0.4500000000000002,-0.06119694297433396,0.4500000000000002,-0.0612728032465161,0.4500000000000002,-0.06133273228875199,0.4500000000000002,-0.06138008437027534,0.4500000000000002,-0.06144829032291015,0.4500000000000002,-0.0614935349580152,0.4500000000000002,-0.06152465565856551,0.4500000000000002,-0.06154663491171178,0.4500000000000002,-0.06156244261609212,0.4500000000000002,-0.06157394162232938,0.4500000000000002,-0.06158235111266751
0.4600000000000002,-0.06337918602175079,0.4600000000000002,-0.06341946774296789,0.4600000000000002,-0.06362699531694832,0.4600000000000002,-0.06383662602423849,0.4600000000000002,-0.06400568446959524,0.4600000000000002,-0.06413617732554334,0.4600000000000002,-0.06423688913946116,0.4600000000000002,-0.06431561663912549,0.4600000000000002,-0.06442854228507333,0.4600000000000002,-0.06450382890602696,0.4600000000000002,-0.06455634083609219,0.4600000000000002,-0.06459422921582808,0.4600000000000002,-0.06462227389203963,0.4600000000000002,-0.06464344065076448,0.4600000000000002,-0.06465965630031498
0.4700000000000003,-0.06597764318053685,0.4700000000000003,-0.06612573514028142,0.4700000000000003,-0.066490365343743,0.4700000000000003,-0.06680311907614504,0.4700000000000003,-0.0670424639736576,0.4700000000000003,-0.06722287727204139,0.4700000000000003,-0.06736038699170141,0.4700000000000003,-0.06746711469557333,0.4700000000000003,-0.06761941040039202,0.4700000000000003,-0.06772072660159661,0.4700000000000003,-0.06779152710137443,0.4700000000000003,-0.06784286174900216,0.4700000000000003,-0.06788114495648208,0.4700000000000003,-0.0679103276569238,0.4700000000000003,-0.06793296266465856
0.4800000000000003,-0.06881900084819391,0.4800000000000003,-0.06907155459024324,0.4800000000000003,-0.06958525776349056,0.4800000000000003,-0.06999365517187332,0.4800000000000003,-0.07029700187742123,0.4800000000000003,-0.07052216834390793,0.4800000000000003,-0.07069221979454374,0.4800000000000003,-0.07082340968527381,0.4800000000000003,-0.07100957400005541,0.4800000000000003,-0.07113286729017941,0.4800000000000003,-0.07121886082193955,0.4800000000000003,-0.0712812061724811,0.4800000000000003,-0.07132776478725322,0.4800000000000003,-0.0713633492660623,0.4800000000000003,-0.07139105410620791
0.4900000000000003,-0.07189633317815707,0.4900000000000003,-0.07224858252634592,0.4900000000000003,-0.0729016330863337,0.4900000000000003,-0.07339739955350917,0.4900000000000003,-0.0737581090043677,0.4900000000000003,-0.07402272339079749,0.4900000000000003,-0.07422103087446329,0.4900000000000003,-0.07437317032296149,0.4900000000000003,-0.07458782023840722,0.4900000000000003,-0.074729180043644,0.4900000000000003,-0.07482740757271601,0.4900000000000003,-0.07489845130186605,0.4900000000000003,-0.07495143110201934,0.4900000000000003,-0.07499189883574613,0.4900000000000003,-0.0750234079968137
0.5000000000000002,-0.07520061068719745,0.5000000000000002,-0.07564681561235653,0.5000000000000002,-0.07642853182641693,0.5000000000000002,-0.07700312131957839,0.5000000000000002,-0.07741456503856899,0.5000000000000002,-0.07771344354876179,0.5000000000000002,-0.077935881409624,0.5000000000000002,-0.07810562553328278,0.5000000000000002,-0.07834369226304751,0.5000000000000002,-0.07849947534744274,0.5000000000000002,-0.07860719989452182,0.5000000000000002,-0.07868481417486205,0.5000000000000002,-0.07874251541217768,0.5000000000000002,-0.07878647848338156,0.5000000000000002,-0.07882063798631626
0.5100000000000002,-0.07872163247388775,0.5100000000000002,-0.07925551835685317,0.5100000000000002,-0.08015492757781725,0.5100000000000002,-0.08079995100934052,0.5100000000000002,-0.08125578842510825,0.5100000000000002,-0.08158405398340673,0.5100000000000002,-0.08182678475506337,0.5100000000000002,-0.08201104793813435,0.5100000000000002,-0.08226789470748365,0.5100000000000002,-0.082434794396962,0.5100000000000002,-0.08254954459782773,0.5100000000000002,-0.08263181497723696,0.5100000000000002,-0.08269271232185325,0.5100000000000002,-0.08273892765326141,0.5100000000000002,-0.08277470548633424
0.5200000000000002,-0.0824488656500189,0.5200000000000002,-0.08306400886344149,0.5200000000000002,-0.0840703788986143,0.5200000000000002,-0.08477791103157492,0.5200000000000002,-0.08527226961715674,0.5200000000000002,-0.0856254612232064,0.5200000000000002,-0.08588500418079061,0.5200000000000002,-0.08608100416762519,0.5200000000000002,-0.08635247420763968,0.5200000000000002,-0.08652754137643651,0.5200000000000002,-0.08664712006105407,0.5200000000000002,-0.08673234797924567,0.5200000000000002,-0.08679508997348544,0.5200000000000002,-0.0868424572281474,0.5200000000000002,-0.08687894048698418
0.5300000000000002,-0.08637211330976026,0.5300000000000002,-0.08706224256465024,0.5300000000000002,-0.08816545294810262,0.5300000000000002,-0.08892821546293544,0.5300000000000002,-0.08945578009718722,0.5300000000000002,-0.08982989530558121,0.5300000000000002,-0.09010314474300977,0.5300000000000002,-0.09030840805829148,0.5300000000000002,-0.09059081782131029,0.5300000000000002,-0.09077144553274004,0.5300000000000002,-0.09089391275723625,0.5300000000000002,-0.09098059928386697,0.5300000000000002,-0.09104399349632211,0.5300000000000002,-0.09109154177385405,0.5300000000000002,-0.09112792481581602
0.5400000000000003,-0.09048197471038576,0.5400000000000003,-0.09124117682463007,0.5400000000000003,-0.09243193246211687,0.5400000000000003,-0.09324336802757222,0.5400000000000003,-0.09379939609114395,0.5400000000000003,-0.09419088167805642,0.5400000000000003,-0.09447508789620482,0.5400000000000003,-0.0946874276119528,0.5400000000000003,-0.09497752250312165,0.5400000000000003,-0.09516140701507389,0.5400000000000003,-0.09528504716652174,0.5400000000000003,-0.09537186544543498,0.5400000000000003,-0.09543485528990776,0.5400000000000003,-0.09548172347044576,0.5400000000000003,-0.09551729109863592
0.5500000000000003,-0.09477009895886371,0.5500000000000003,-0.09559293348008585,0.5500000000000003,-0.09686284304135287,0.5500000000000003,-0.0977171048041881,0.5500000000000003,-0.09829738785199708,0.5500000000000003,-0.09870309549858228,0.5500000000000003,-0.09899582199181384,0.5500000000000003,-0.0992132987310706,0.5500000000000003,-0.09950818762269484,0.5500000000000003,-0.09969327716943811,0.5500000000000003,-0.09981655850971773,0.5500000000000003,-0.09990232126873878,0.5500000000000003,-0.09996395946585088,0.5500000000000003,-0.1000093741929219,0.5500000000000003,-0.1000434831348275
0.5600000000000003,-0.09922926023219511,0.5600000000000003,-0.1001107977062462,0.5600000000000003,-0.101452349382804,0.5600000000000003,-0.102344233089625,0.5600000000000003,-0.1029450257733411,0.5600000000000003,-0.1033621483419585,0.5600000000000003,-0.1036612170880541,0.5600000000000003,-0.1038820925458149,0.5600000000000003,-0.1041791744283038,0.5600000000000003,-0.1043636147990145,0.5600000000000003,-0.1044851478822106,0.5600000000000003,-0.1045687747975224,0.5600000000000003,-0.1046281971654471,0.5600000000000003,-0.1046714513834462,0.5600000000000003,-0.1047035124221496
0.5700000000000003,-0.1038532968175157,0.5700000000000003,-0.1047891003563806,0.5700000000000003,-0.1061955697323659,0.5700000000000003,-0.1071204136982205,0.5700000000000003,-0.1077383476476418,0.5700000000000003,-0.1081643487033482,0.5700000000000003,-0.1084677828520452,0.5700000000000003,-0.1086904728564328,0.5700000000000003,-0.1089873653798026,0.5700000000000003,-0.1091694486352991,0.5700000000000003,-0.1092879479906226,0.5700000000000003,-0.1093684360977215,0.5700000000000003,-0.1094248380809879,0.5700000000000003,-0.1094652720011074,0.5700000000000003,-0.1094947342528429
0.5800000000000003,-0.1086369597518925,0.5800000000000003,-0.1096230300254166,0.5800000000000003,-0.1110883514337169,0.5800000000000003,-0.1120419249112618,0.5800000000000003,-0.1126739210696516,0.5800000000000003,-0.1131064668121648,0.5800000000000003,-0.1134124372348549,0.5800000000000003,-0.113635469064273,0.5800000000000003,-0.1139299452488217,0.5800000000000003,-0.1141080654606248,0.5800000000000003,-0.1142223171207018,0.5800000000000003,-0.1142987160805781,0.5800000000000003,-0.1143513333394607,0.5800000000000003,-0.1143883188339677,0.5800000000000003,-0.1144146569491336
0.5900000000000003,-0.1135757128569387,0.5900000000000003,-0.114608414252453,0.5900000000000003,-0.116127040723766,0.5900000000000003,-0.117105435649603,0.5900000000000003,-0.1177486242154397,0.5900000000000003,-0.1181855236699607,0.5900000000000003,-0.1184923032741163,0.5900000000000003,-0.1187142799367769,0.5900000000000003,-0.1190042164158882,0.5900000000000003,-0.1191768343233841,0.5900000000000003,-0.1192856703487925,0.5900000000000003,-0.1193570633075362,0.5900000000000003,-0.1194051568617358,0.5900000000000003,-0.1194380856279332,0.5900000000000003,-0.1194607901578049
0.6000000000000003,-0.1186655179345106,0.6000000000000003,-0.119741499842564,0.6000000000000003,-0.1213082696503757,0.6000000000000003,-0.1223078054137109,0.6000000000000003,-0.1229594587279634,0.6000000000000003,-0.1233986152818844,0.6000000000000003,-0.1237045429419378,0.6000000000000003,-0.1239241155582561,0.6000000000000003,-0.1242074535133008,0.6000000000000003,-0.1243730705397635,0.6000000000000003,-0.1244753506690195,0.6000000000000003,-0.1245408406972789,0.6000000000000003,-0.1245836865444436,0.6000000000000003,-0.1246119619295947,0.6000000000000003,-0.1246305327390111
0.6100000000000003,-0.1239026295764297,0.6100000000000003,-0.1250187526566449,0.6100000000000003,-0.1266287738344298,0.6100000000000003,-0.1276459202448579,0.6100000000000003,-0.1283034009634198,0.6100000000000003,-0.1287427762577735,0.6100000000000003,-0.1290462307213403,0.6100000000000003,-0.1292620790407166,0.6100000000000003,-0.1295367974754033,0.6100000000000003,-0.1296939385781412,0.6100000000000003,-0.129788538472233,0.6100000000000003,-0.1298472400963209,0.6100000000000003,-0.1298841228701155,0.6100000000000003,-0.129907154973526,0.6100000000000003,-0.129921097361864
0.6200000000000003,-0.1292834152556124,0.6200000000000003,-0.1304366887900718,0.6200000000000003,-0.1320852475200067,0.6200000000000003,-0.1331165677594872,0.6200000000000003,-0.1337772925018309,0.6200000000000003,-0.1342148822628079,0.6200000000000003,-0.1345142654051684,0.6200000000000003,-0.1347250857791409,0.6200000000000003,-0.1349891858500348,0.6200000000000003,-0.1351363901129625,0.6200000000000003,-0.1352221952913468,0.6200000000000003,-0.1352732303686613,0.6200000000000003,-0.1353034404133329,0.6200000000000003,-0.1353206439405464,0.6200000000000003,-0.1353294670239215
0.6300000000000003,-0.1348042090517743,0.6300000000000003,-0.1359917424340979,0.6300000000000003,-0.1376742370867466,0.6300000000000003,-0.1387163500809709,0.6300000000000003,-0.1393777673503092,0.6300000000000003,-0.1398115878715456,0.6300000000000003,-0.1401053160960012,0.6300000000000003,-0.1403098158352795,0.6300000000000003,-0.1405613144707638,0.6300000000000003,-0.1406971320781268,0.6300000000000003,-0.140773036480888,0.6300000000000003,-0.1408155335694998,0.6300000000000003,-0.1408383667393043,0.6300000000000003,-0.1408491610363768,0.6300000000000003,-0.1408523779109204
0.6400000000000003,-0.1404612018302057,0.6400000000000003,-0.1416801709546904,0.6400000000000003,-0.1433920707252656,0.6400000000000003,-0.1444416309030229,0.6400000000000003,-0.1451012112784043,0.6400000000000003,-0.1455292948113331,0.6400000000000003,-0.1458157971234174,0.6400000000000003,-0.1460126940011808,0.6400000000000003,-0.1462496248738866,0.6400000000000003,-0.1463726190401213,0.6400000000000003,-0.1464375271318576,0.6400000000000003,-0.1464706235049194,0.6400000000000003,-0.1464853830072502,0.6400000000000003,-0.1464891937176963,0.6400000000000003,-0.1464863229399202
0.6500000000000004,-0.1462503668570983,0.6500000000000004,-0.1474979946109755,0.6500000000000004,-0.1492348199447492,0.6500000000000004,-0.1502885115726225,0.6500000000000004,-0.1509437478218411,0.6500000000000004,-0.1513641449778458,0.6500000000000004,-0.1516418662035943,0.6500000000000004,-0.1518298918576843,0.6500000000000004,-0.1520503118172341,0.6500000000000004,-0.1521590643159071,0.6500000000000004,-0.1522118957168773,0.6500000000000004,-0.1522347412375956,0.6500000000000004,-0.152240740896666,0.6500000000000004,-0.15223700273485,0.6500000000000004,-0.1522275707003155
0.6600000000000004,-0.1521674174313153,0.6600000000000004,-0.1534409665350657,0.6600000000000004,-0.1551982876171361,0.6600000000000004,-0.1562528306103086,0.6600000000000004,-0.1569012453261935,0.6600000000000004,-0.1573120326394059,0.6600000000000004,-0.1575794403360289,0.6600000000000004,-0.1577573464099888,0.6600000000000004,-0.1579593456508942,0.6600000000000004,-0.1580524647300186,0.6600000000000004,-0.158092160479945,0.6600000000000004,-0.1581039226520752,0.6600000000000004,-0.1581004910530437,0.6600000000000004,-0.1580886512579059,0.6600000000000004,-0.1580721951191044
0.6700000000000004,-0.1582077918147968,0.6700000000000004,-0.159504567763477,0.6700000000000004,-0.1612780170345216,0.6700000000000004,-0.1623301811913843,0.6700000000000004,-0.1629693397022039,0.6700000000000004,-0.1633686306675896,0.6700000000000004,-0.1636242244319845,0.6700000000000004,-0.1637907904360655,0.6700000000000004,-0.163972504909802,0.6700000000000004,-0.1640486345618782,0.6700000000000004,-0.1640741642639982,0.6700000000000004,-0.1640740338866297,0.6700000000000004,-0.1640605189526069,0.6700000000000004,-0.1640400410622184,0.6700000000000004,-0.1640161118908776
0.6800000000000004,-0.1643666602436136,0.6800000000000004,-0.1656840219476519,0.6800000000000004,-0.1674693167014408,0.6800000000000004,-0.1685159415637259,0.6800000000000004,-0.1691434681283334,0.6800000000000004,-0.1695294262594211,0.6800000000000004,-0.1697717483353706,0.6800000000000004,-0.1699257903736266,0.6800000000000004,-0.1700854152130346,0.6800000000000004,-0.1701432449599037,0.6800000000000004,-0.1701536141990161,0.6800000000000004,-0.1701408111690554,0.6800000000000004,-0.1701165848156722,0.6800000000000004,-0.1700869524787326,0.6800000000000004,-0.1700551184409238
0.6900000000000004,-0.1706389488398736,0.6900000000000004,-0.1719743246384274,0.6900000000000004,-0.1737672961051774,0.6900000000000004,-0.1748053140132272,0.6900000000000004,-0.1754189096241944,0.6900000000000004,-0.1757897623289733,0.6900000000000004,-0.1760174086201002,0.6900000000000004,-0.1761577882986301,0.6900000000000004,-0.176293591280094,0.6900000000000004,-0.1763318658178079,0.6900000000000004,-0.17632612338507,0.6900000000000004,-0.176299902298678,0.6900000000000004,-0.1762643648966455,0.6900000000000004,-0.1762250855067723,0.6900000000000004,-0.1761849348768272
0.7000000000000004,-0.1770193756203872,0.7000000000000004,-0.1783702825582615,0.7000000000000004,-0.1801669083658639,0.7000000000000004,-0.1811933686944607,0.7000000000000004,-0.1817908291377224,0.7000000000000004,-0.1821448814643221,0.7000000000000004,-0.1823565122593221,0.7000000000000004,-0.1824821452506487,0.7000000000000004,-0.1825924795587518,0.7000000000000004,-0.1826100077768113,0.7000000000000004,-0.1825872523592301,0.7000000000000004,-0.1825469076594987,0.7000000000000004,-0.1824994921116233,0.7000000000000004,-0.1824501001118942,0.7000000000000004,-0.1824012440020334
0.7100000000000004,-0.1835024943628116,0.7100000000000004,-0.184866558918924,0.7100000000000004,-0.1866629963703526,0.7100000000000004,-0.1876750893500295,0.7100000000000004,-0.1882543224817659,0.7100000000000004,-0.188589970021158,0.7100000000000004,-0.188784319919968,0.7100000000000004,-0.1888941838026869,0.7100000000000004,-0.1889774995740438,0.7100000000000004,-0.1889731626110093,0.7100000000000004,-0.1889325487118517,0.7100000000000004,-0.1888774192126938,0.7100000000000004,-0.188817594516729,0.7100000000000004,-0.1887576542741784,0.7100000000000004,-0.1886997289997442
0.7200000000000004,-0.1900827427402129,0.7200000000000004,-0.1914577215251734,0.7200000000000004,-0.1932503396793418,0.7200000000000004,-0.1942454186030176,0.7200000000000004,-0.19480446008827,0.7200000000000004,-0.1951202005306545,0.7200000000000004,-0.1952960872194744,0.7200000000000004,-0.1953892283368041,0.7200000000000004,-0.1954440826407928,0.7200000000000004,-0.1954168407627354,0.7200000000000004,-0.1953575837095065,0.7200000000000004,-0.1952870563941961,0.7200000000000004,-0.195214330616556,0.7200000000000004,-0.1951434388093103,0.7200000000000004,-0.1950761078446264
0.7300000000000004,-0.1967544918002254,0.7300000000000004,-0.1981382910706629,0.7300000000000004,-0.1999237001300684,0.7300000000000004,-0.2008993010986737,0.7300000000000004,-0.2014363281033515,0.7300000000000004,-0.2017307711239401,0.7300000000000004,-0.2018871027813464,0.7300000000000004,-0.2019626419660092,0.7300000000000004,-0.2019877070293765,0.7300000000000004,-0.2019366052190913,0.7300000000000004,-0.2018579851888658,0.7300000000000004,-0.2017714982366196,0.7300000000000004,-0.2016854208645674,0.7300000000000004,-0.2016032083585454,0.7300000000000004,-0.2015261638663806
0.7400000000000004,-0.2035120945001748,0.7400000000000004,-0.2049027876471215,0.7400000000000004,-0.2066778646173616,0.7400000000000004,-0.2076317232826284,0.7400000000000004,-0.2081450658181367,0.7400000000000004,-0.2084169411157718,0.7400000000000004,-0.2085527223415659,0.7400000000000004,-0.208609859438287,0.7400000000000004,-0.2086039290395569,0.7400000000000004,-0.2085281012643115,0.7400000000000004,-0.2084294663131908,0.7400000000000004,-0.2083265113497574,0.7400000000000004,-0.2082266750228561,0.7400000000000004,-0.2081328082410102,0.7400000000000004,-0.2080457721798615
0.7500000000000004,-0.210349931587676,0.7500000000000004,-0.2117457740329357,0.7500000000000004,-0.213507684015906,0.7500000000000004,-0.2144377490312567,0.7500000000000004,-0.214925898819309,0.7500000000000004,-0.2151740622491614,0.7500000000000004,-0.2152883984936101,0.7500000000000004,-0.2153264156756013,0.7500000000000004,-0.2152884097266056,0.7500000000000004,-0.2151870819127907,0.7500000000000004,-0.2150678500389856,0.7500000000000004,-0.2149479736390574,0.7500000000000004,-0.2148340152848002,0.7500000000000004,-0.214728197091252,0.7500000000000004,-0.2146309219203031
0.7600000000000005,-0.217262453623095,0.7600000000000005,-0.2186618947943947,0.7600000000000005,-0.2204081076053757,0.7600000000000005,-0.2213125506981098,0.7600000000000005,-0.2217741675547684,0.7600000000000005,-0.2219976053866677,0.7600000000000005,-0.2220897059228701,0.7600000000000005,-0.2221079698472897,0.7600000000000005,-0.2220369372464043,0.7600000000000005,-0.2219094290331798,0.7600000000000005,-0.2217690893338763,0.7600000000000005,-0.2216318938252308,0.7600000000000005,-0.2215034952410002,0.7600000000000005,-0.2213854653757306,0.7600000000000005,-0.221277734387942
0.7700000000000005,-0.2242442183701376,0.7700000000000005,-0.2256459106212131,0.7700000000000005,-0.2273742126816936,0.7700000000000005,-0.2282514354152341,0.7700000000000005,-0.2286853512517468,0.7700000000000005,-0.2288831826518682,0.7700000000000005,-0.2289523621806446,0.7700000000000005,-0.2289503250624735,0.7700000000000005,-0.2288454449506848,0.7700000000000005,-0.2286911703244493,0.7700000000000005,-0.2285292833267603,0.7700000000000005,-0.2283744269609687,0.7700000000000005,-0.2282313148953007,0.7700000000000005,-0.2281008500035596,0.7700000000000005,-0.2279824773243074
0.7800000000000005,-0.2312899231345371,0.7800000000000005,-0.2326927276307656,0.7800000000000005,-0.2344012292886766,0.7800000000000005,-0.2352498666978302,0.7800000000000005,-0.2356550873056011,0.7800000000000005,-0.2358265651847943,0.7800000000000005,-0.2358722441929267,0.7800000000000005,-0.2358494438991358,0.7800000000000005,-0.2357100254797079,0.7800000000000005,-0.2355284924092603,0.7800000000000005,-0.2353446896676533,0.7800000000000005,-0.2351718862304165,0.7800000000000005,-0.2350138320227446,0.7800000000000005,-0.2348707453280092,0.7800000000000005,-0.2347415756201566
0.7900000000000005,-0.2383944319124415,0.7900000000000005,-0.2397974216194753,0.7900000000000005,-0.241484560193398,0.7900000000000005,-0.2423034815539659,0.7900000000000005,-0.2426791863867503,0.7900000000000005,-0.2428236967872636,0.7900000000000005,-0.2428454007985512,0.7900000000000005,-0.2428014600773919,0.7900000000000005,-0.2426269411757732,0.7900000000000005,-0.2424177503771116,0.7900000000000005,-0.2422117334351279,0.7900000000000005,-0.2420207513727979,0.7900000000000005,-0.2418475702132689,0.7900000000000005,-0.2416917108842194,0.7900000000000005,-0.24155161880166
0.8000000000000005,-0.2455527974265588,0.8000000000000005,-0.2469552574226257,0.8000000000000005,-0.2486197963642253,0.8000000000000005,-0.2494081034071822,0.8000000000000005,-0.2497536435996558,0.8000000000000005,-0.2498707038067601,0.8000000000000005,-0.2498680616741732,0.8000000000000005,-0.2498026866397041,0.8000000000000005,-0.249592631185653,0.8000000000000005,-0.2493554741471184,0.8000000000000005,-0.249127012961658,0.8000000000000005,-0.2489176741004015,0.8000000000000005,-0.248729223970737,0.8000000000000005,-0.2485604762320569,0.8000000000000005,-0.2484093656632647
0.8100000000000005,-0.2527602782873633,0.8100000000000005,-0.2541617036744403,0.8100000000000005,-0.2558027283018442,0.8100000000000005,-0.2565597512070973,0.8100000000000005,-0.2568746460795369,0.8100000000000005,-0.2569639016487127,0.8100000000000005,-0.2569366430369329,0.8100000000000005,-0.2568496210284139,0.8100000000000005,-0.2566037156396063,0.8100000000000005,-0.2563383720349166,0.8100000000000005,-0.2560873029581252,0.8100000000000005,-0.2558594808892213,0.8100000000000005,-0.2556556612430916,0.8100000000000005,-0.2554739432776816,0.8100000000000005,-0.2553117464186407
0.8200000000000005,-0.260012351627206,0.8200000000000005,-0.2614124433469535,0.8200000000000005,-0.2630293536287546,0.8200000000000005,-0.2637546451397551,0.8200000000000005,-0.2640385774372658,0.8200000000000005,-0.2640997983236751,0.8200000000000005,-0.2640477505266812,0.8200000000000005,-0.263938947457924,0.8200000000000005,-0.2636569972958843,0.8200000000000005,-0.2633633319054635,0.8200000000000005,-0.2630895553135474,0.8200000000000005,-0.2628431735135719,0.8200000000000005,-0.2626239237510517,0.8200000000000005,-0.2624291864379034,0.8200000000000005,-0.2622558627309348
0.8300000000000005,-0.2673047216253205,0.8300000000000005,-0.2687033804973679,0.8300000000000005,-0.2702958813693977,0.8300000000000005,-0.2709892093620465,0.8300000000000005,-0.2712420194668597,0.8300000000000005,-0.2712750954343268,0.8300000000000005,-0.271198179664143,0.8300000000000005,-0.271067536970233,0.8300000000000005,-0.2707494610271761,0.8300000000000005,-0.2704274202788725,0.8300000000000005,-0.2701308979297606,0.8300000000000005,-0.2698659276784963,0.8300000000000005,-0.2696312254642022,0.8300000000000005,-0.2694234509921221,0.8300000000000005,-0.2692389859640402
0.8400000000000005,-0.2746333243794018,0.8400000000000005,-0.2760306436765935,0.8400000000000005,-0.2775987333579281,0.8400000000000005,-0.2782600721793846,0.8400000000000005,-0.2784817515188971,0.8400000000000005,-0.2784866869921521,0.8400000000000005,-0.2783849142636166,0.8400000000000005,-0.2782324455432194,0.8400000000000005,-0.2778782715036778,0.8400000000000005,-0.2775278797329538,0.8400000000000005,-0.2772086319264146,0.8400000000000005,-0.2769250900787616,0.8400000000000005,-0.2766749495481428,0.8400000000000005,-0.2764541499412446,0.8400000000000005,-0.2762585539701305
0.8500000000000005,-0.2819943295917419,0.8500000000000005,-0.2833905864532328,0.8500000000000005,-0.2849345431993023,0.8500000000000005,-0.2855640640678346,0.8500000000000005,-0.2857547479213491,0.8500000000000005,-0.2857316564296358,0.8500000000000005,-0.2856051231535124,0.8500000000000005,-0.2854309105944788,0.8500000000000005,-0.2850407693997918,0.8500000000000005,-0.2846621249181771,0.8500000000000005,-0.2843202275232553,0.8500000000000005,-0.2840181741846732,0.8500000000000005,-0.2837526440772407,0.8500000000000005,-0.2835188596635544,0.8500000000000005,-0.2833121667002154
0.8600000000000005,-0.2893841395310892,0.8600000000000005,-0.2907797854929862,0.8600000000000005,-0.2923001531867348,0.8600000000000005,-0.2928982139152265,0.8600000000000005,-0.293058173800656,0.8600000000000005,-0.2930072721440218,0.8600000000000005,-0.2928561555273521,0.8600000000000005,-0.2926603461927195,0.8600000000000005,-0.2922344664202766,0.8600000000000005,-0.2918277374691302,0.8600000000000005,-0.2914633188752053,0.8600000000000005,-0.2911428550233328,0.8600000000000005,-0.2908620167766344,0.8600000000000005,-0.2906153146268772,0.8600000000000005,-0.2903975808930688
0.8700000000000006,-0.2967993857108029,0.8700000000000006,-0.2981950366081483,0.8700000000000006,-0.2996926095484196,0.8700000000000006,-0.3002597438237551,0.8700000000000006,-0.3003893796231492,0.8700000000000006,-0.3003109818756818,0.8700000000000006,-0.300135535215149,0.8700000000000006,-0.299918337255994,0.8700000000000006,-0.2994570394093533,0.8700000000000006,-0.2990224600648652,0.8700000000000006,-0.2986356981042018,0.8700000000000006,-0.2982969631931717,0.8700000000000006,-0.2980009290257148,0.8700000000000006,-0.2977414013851711,0.8700000000000006,-0.297512704067475
0.8800000000000006,-0.3042369236939086,0.8800000000000006,-0.3056333491593937,0.8800000000000006,-0.3071091563619752,0.8800000000000006,-0.3076460627818642,0.8800000000000006,-0.3077458947424296,0.8800000000000006,-0.3076404061901679,0.8800000000000006,-0.3074409541314213,0.8800000000000006,-0.3072026329829243,0.8800000000000006,-0.3067063237738591,0.8800000000000006,-0.306244189858675,0.8800000000000006,-0.3058353087405976,0.8800000000000006,-0.3054784783182353,0.8800000000000006,-0.3051673893252865,0.8800000000000006,-0.3048951520577207,0.8800000000000006,-0.3046555880125362
0.8900000000000006,-0.3116938263998999,0.8900000000000006,-0.3130919391554846,0.8900000000000006,-0.3145472284385678,0.8900000000000006,-0.3150547594775416,0.8900000000000006,-0.3151254202036904,0.8900000000000006,-0.3149933312993458,0.8900000000000006,-0.3147702651231735,0.8900000000000006,-0.3145111397308069,0.8900000000000006,-0.3139803064205263,0.8900000000000006,-0.3134909714676634,0.8900000000000006,-0.3130602387572909,0.8900000000000006,-0.3126855221200862,0.8900000000000006,-0.31235954640164,0.8900000000000006,-0.31207473746085,0.8900000000000006,-0.3118244219433404
0.9000000000000006,-0.319167376249437,0.9000000000000006,-0.3205682213582566,0.9000000000000006,-0.3220044434420874,0.9000000000000006,-0.3224835944902756,0.9000000000000006,-0.3225258210225242,0.9000000000000006,-0.322367701424556,0.9000000000000006,-0.3221214744099872,0.9000000000000006,-0.3218419135240533,0.9000000000000006,-0.321277118378148,0.9000000000000006,-0.3207609896840675,0.9000000000000006,-0.3203087133521022,0.9000000000000006,-0.3199163512579394,0.9000000000000006,-0.3195756820943238,0.9000000000000006,-0.3192784600356702,0.9000000000000006,-0.3190175254626493
0.9100000000000006,-0.3266550564434426,0.9100000000000006,-0.3280598006620508,0.9100000000000006,-0.3294785934731339,0.9100000000000006,-0.3299304920655767,0.9100000000000006,-0.3299451181240802,0.9100000000000006,-0.3297616108747547,0.9100000000000006,-0.329492733779032,0.9100000000000006,-0.329193152348166,0.9100000000000006,-0.3285950272485371,0.9100000000000006,-0.3280525620444131,0.9100000000000006,-0.3275790876088287,0.9100000000000006,-0.3271693500629463,0.9100000000000006,-0.3268142041502031,0.9100000000000006,-0.3265047466917584,0.9100000000000006,-0.3262333414464427
0.9200000000000006,-0.3341545416343727,0.9200000000000006,-0.3355644629798715,0.9200000000000006,-0.3369676363141432,0.9200000000000006,-0.3373935316448597,0.9200000000000006,-0.3373814800993378,0.9200000000000006,-0.3371732959846007,0.9200000000000006,-0.3368823326713891,0.9200000000000006,-0.3365631883586497,0.9200000000000006,-0.3359324296058307,0.9200000000000006,-0.3353641313693163,0.9200000000000006,-0.3348698391446471,0.9200000000000006,-0.3344430232706691,0.9200000000000006,-0.3340736390247438,0.9200000000000006,-0.3337521416652317,0.9200000000000006,-0.3334704289496419
0.9300000000000006,-0.3416636882103742,0.9300000000000006,-0.3430801658339179,0.9300000000000006,-0.3444696865008436,0.9300000000000006,-0.3448709392951951,0.9300000000000006,-0.3448332149087155,0.9300000000000006,-0.3446011270325658,0.9300000000000006,-0.3442886902719501,0.9300000000000006,-0.3439504801113225,0.9300000000000006,-0.3432878434418992,0.9300000000000006,-0.3426942583656314,0.9300000000000006,-0.3421795608314557,0.9300000000000006,-0.3417359888359235,0.9300000000000006,-0.3413526247722175,0.9300000000000006,-0.3410192994709272,0.9300000000000006,-0.3407274562101343
0.9400000000000006,-0.3491805243786419,0.9400000000000006,-0.3506050288162156,0.9400000000000006,-0.3519830063572322,0.9400000000000006,-0.3523610791577948,0.9400000000000006,-0.3522987616396013,0.9400000000000006,-0.3520436002367998,0.9400000000000006,-0.351710347694131,0.9400000000000006,-0.3513536049000307,0.9400000000000006,-0.3506599007365742,0.9400000000000006,-0.3500416143646989,0.9400000000000006,-0.3495069536610531,0.9400000000000006,-0.3490469708972607,0.9400000000000006,-0.3486499040898474,0.9400000000000006,-0.3483049780119093,0.9400000000000006,-0.3480031938128781
0.9500000000000006,-0.3567032402028998,0.9500000000000006,-0.358137324056175,0.9500000000000006,-0.3595059971060154,0.9500000000000006,-0.3598624450115691,0.9500000000000006,-0.3597766824034954,0.9500000000000006,-0.3594993299069141,0.9500000000000006,-0.3591459603318404,0.9500000000000006,-0.3587712512699607,0.9500000000000006,-0.3580473402145982,0.9500000000000006,-0.3574049742543462,0.9500000000000006,-0.3568508198088934,0.9500000000000006,-0.3563747929433385,0.9500000000000006,-0.355964317566371,0.9500000000000006,-0.3556080318953225,0.9500000000000006,-0.3552965080617925
0.9600000000000006,-0.3642301777216982,0.9600000000000006,-0.3656754668061939,0.9600000000000006,-0.3670371901442591,0.9600000000000006,-0.3673736520281071,0.9600000000000006,-0.3672656544402658,0.9600000000000006,-0.3669670408127826,0.9600000000000006,-0.3665942904351844,0.9600000000000006,-0.366202211759366,0.9600000000000006,-0.3654490003369528,0.9600000000000006,-0.3647832096487345,0.9600000000000006,-0.3642100559378104,0.9600000000000006,-0.3637183712207427,0.9600000000000006,-0.3632947971731464,0.9600000000000006,-0.3629274059915342,0.9600000000000006,-0.3626063545955451
0.9700000000000006,-0.3717598212492205,0.9700000000000006,-0.373218006233726,0.9700000000000006,-0.3745752385547498,0.9700000000000006,-0.3748934287773877,0.9700000000000006,-0.3747644624812242,0.9700000000000006,-0.3744455608168964,0.9700000000000006,-0.3740541999525062,0.9700000000000006,-0.3736453759093289,0.9700000000000006,-0.372863812561895,0.9700000000000006,-0.3721752823285027,0.9700000000000006,-0.3715836467721805,0.9700000000000006,-0.3710767084121947,0.9700000000000006,-0.3706403600252886,0.9700000000000006,-0.3702621292630461,0.9700000000000006,-0.3699317722728675
0.9800000000000006,-0.3792907879384991,0.9800000000000006,-0.3807636164886054,0.9800000000000006,-0.3821189089067599,0.9800000000000006,-0.3824206095286584,0.9800000000000006,-0.3822719914095007,0.9800000000000006,-0.3819338138043625,0.9800000000000006,-0.3815246436696547,0.9800000000000006,-0.3810997235699949,0.9800000000000006,-0.3802907949007237,0.9800000000000006,-0.379580237973858,0.9800000000000006,-0.3789706589635078,0.9800000000000006,-0.3784488876047079,0.9800000000000006,-0.3780001024317364,0.9800000000000006,-0.3776113088812876,0.9800000000000006,-0.3772718773447638
0.9900000000000007,-0.38682181866807,0.9900000000000007,-0.3883110880974773,0.9900000000000007,-0.3896670733858174,0.9900000000000007,-0.3899541268785803,0.9900000000000007,-0.3897872192447188,0.9900000000000007,-0.3894308129340903,0.9900000000000007,-0.3890046626675418,0.9900000000000007,-0.3885643185224912,0.9900000000000007,-0.3877290457846697,0.9900000000000007,-0.3869972002052601,0.9900000000000007,-0.3863702352606003,0.9900000000000007,-0.3858340665600775,0.9900000000000007,-0.3853731942455593,0.9900000000000007,-0.3849741246420384,0.9900000000000007,-0.3846258579240014
1.000000000000001,-0.3943517692969593,1.000000000000001,-0.39585931972282,1.000000000000001,-0.3972187022800582,1.000000000000001,-0.3974930047281675,1.000000000000001,-0.3973092104696301,1.000000000000001,-0.396935654226158,1.000000000000001,-0.3964933781109309,1.000000000000001,-0.3960383024278084,1.000000000000001,-0.3951777382521195,1.000000000000001,-0.3944253649393562,1.000000000000001,-0.3937815889911861,1.000000000000001,-0.3932314722936299,1.000000000000001,-0.392758873520047,1.000000000000001,-0.3923498236844926,1.000000000000001,-0.3919929687564584
1.010000000000001,-0.4018796023193783,1.010000000000001,-0.4034073103120059,1.010000000000001,-0.4047728568407502,1.010000000000001,-0.4050363516214103,1.010000000000001,-0.4048371097085571,1.010000000000001,-0.4044475104930239,1.010000000000001,-0.4039899853746099,1.010000000000001,-0.4035208891077987,1.010000000000001,-0.4026361144596619,1.010000000000001,-0.4018639950626385,1.010000000000001,-0.4012039988565752,1.010000000000001,-0.4006403959623269,1.010000000000001,-0.4001564414711418,1.010000000000001,-0.3997377155142077,1.010000000000001,-0.3993725262942886
1.020000000000001,-0.4094043789390971,1.020000000000001,-0.4109541516517931,1.020000000000001,-0.412328682526361,1.020000000000001,-0.4125833544513881,1.020000000000001,-0.4123701357611249,1.020000000000001,-0.411965625616503,1.020000000000001,-0.4114937485077446,1.020000000000001,-0.4110113591581475,1.020000000000001,-0.4101034805156569,1.020000000000001,-0.4093124154208264,1.020000000000001,-0.4086368040367348,1.020000000000001,-0.4080601880592406,1.020000000000001,-0.4075652577429685,1.020000000000001,-0.4071371673264604,1.020000000000001,-0.4067639040672004
1.030000000000001,-0.4169252515741448,1.030000000000001,-0.4184990213354196,1.030000000000001,-0.4198854026328402,1.030000000000001,-0.4201332725338671,1.030000000000001,-0.4199075759895912,1.030000000000001,-0.4194893091677723,1.030000000000001,-0.4190039950328927,1.030000000000001,-0.4185090548891916,1.030000000000001,-0.4175792016313923,1.030000000000001,-0.4167700081183175,1.030000000000001,-0.4160793995999803,1.030000000000001,-0.41549025390823,1.030000000000001,-0.4149847359700703,1.030000000000001,-0.414547599623403,1.030000000000001,-0.4141665283451996
1.040000000000001,-0.4244414567948629,1.040000000000001,-0.4260411761428599,1.040000000000001,-0.427442312307432,1.040000000000001,-0.4276854320438913,1.040000000000001,-0.4274487810542162,1.040000000000001,-0.4270179313639517,1.040000000000001,-0.4265201110726467,1.040000000000001,-0.4260133755872679,1.040000000000001,-0.425062697581969,1.040000000000001,-0.4242362081197535,1.040000000000001,-0.4235312322088955,1.040000000000001,-0.4229300494503589,1.040000000000001,-0.4224143396277739,1.040000000000001,-0.4219684821164663,1.040000000000001,-0.421579874084082
1.050000000000001,-0.4319523086922468,1.050000000000001,-0.4335799458294111,1.050000000000001,-0.4349987729390524,1.050000000000001,-0.4352392208071871,1.050000000000001,-0.4349931599877041,1.050000000000001,-0.4345509183520125,1.050000000000001,-0.4340415367944078,1.050000000000001,-0.4335237730867723,1.050000000000001,-0.4325534384668743,1.050000000000001,-0.4317104991433321,1.050000000000001,-0.43099179611213,1.050000000000001,-0.4303790773116745,1.050000000000001,-0.4298535781602294,1.050000000000001,-0.4293993299033934,1.050000000000001,-0.4290034611430643
1.060000000000001,-0.4394571926686743,1.060000000000001,-0.4411147273137241,1.060000000000001,-0.4425542069150636,1.060000000000001,-0.4427940834355807,1.060000000000001,-0.442540175597643,1.060000000000001,-0.4420877478086016,1.060000000000001,-0.4415677621617518,1.060000000000001,-0.4410397476414037,1.060000000000001,-0.4400509407586295,1.060000000000001,-0.4391924098343294,1.060000000000001,-0.4384606294105423,1.060000000000001,-0.4378368831406407,1.060000000000001,-0.4373020033745409,1.060000000000001,-0.4368396999084344,1.060000000000001,-0.436436850763174
1.070000000000001,-0.4469555596394618,1.070000000000001,-0.4486449792531472,1.070000000000001,-0.4501080927317758,1.070000000000001,-0.4503495167935481,1.070000000000001,-0.4500893401839386,1.070000000000001,-0.4496279448428689,1.070000000000001,-0.4490983229795206,1.070000000000001,-0.4485608440817129,1.070000000000001,-0.4475547636267252,1.070000000000001,-0.4466815102061111,1.070000000000001,-0.4459373105849759,1.070000000000001,-0.4453030522028143,1.070000000000001,-0.444759206088493,1.070000000000001,-0.4442891875731791,1.070000000000001,-0.4438796422937791
1.080000000000001,-0.4544469206308265,1.080000000000001,-0.456170216991947,1.080000000000001,-0.4576599604442151,1.080000000000001,-0.4579050657815848,1.080000000000001,-0.4576402115571352,1.080000000000001,-0.4571710781883275,1.080000000000001,-0.4566327972187715,1.080000000000001,-0.4560866482452904,1.080000000000001,-0.4550645055233827,1.080000000000001,-0.4541774083353463,1.080000000000001,-0.453421455272539,1.080000000000001,-0.4527772062196122,1.080000000000001,-0.4522248130188918,1.080000000000001,-0.4517474237852065,1.080000000000001,-0.4513314701546213
1.090000000000001,-0.461930841757912,1.090000000000001,-0.4636900078662755,1.090000000000001,-0.4652093874395641,1.090000000000001,-0.4654603194211594,1.090000000000001,-0.4651923893427399,1.090000000000001,-0.4647167566691345,1.090000000000001,-0.4641708016072508,1.090000000000001,-0.4636167836653847,1.090000000000001,-0.4625798010173269,1.090000000000001,-0.4616797472977314,1.090000000000001,-0.4609127132780196,1.090000000000001,-0.4602590004379054,1.090000000000001,-0.4596984838973738,1.090000000000001,-0.4592140720314205,1.090000000000001,-0.4587920010202454
1.100000000000001,-0.4694069395651043,1.100000000000001,-0.471203966848657,1.100000000000001,-0.4727559945178111,1.100000000000001,-0.4730149072254761,1.100000000000001,-0.4727455115562067,1.100000000000001,-0.4722646259258309,1.100000000000001,-0.4717119884707491,1.100000000000001,-0.4711509085035732,1.100000000000001,-0.4701003178614082,1.100000000000001,-0.4691882023306377,1.100000000000001,-0.4684107658067482,1.100000000000001,-0.4677481209170906,1.100000000000001,-0.4671799088004107,1.100000000000001,-0.4666888257629614,1.100000000000001,-0.4662609312137826
1.110000000000001,-0.4768748767100452,1.110000000000001,-0.4787117525141382,1.110000000000001,-0.4802994422628539,1.110000000000001,-0.4805684958400103,1.110000000000001,-0.4802992514331232,1.110000000000001,-0.4798143653855744,1.110000000000001,-0.4792560428106409,1.110000000000001,-0.4786887127121306,1.110000000000001,-0.4776257542803822,1.110000000000001,-0.4767024782089183,1.110000000000001,-0.475915322905725,1.110000000000001,-0.4752442820204069,1.110000000000001,-0.4746688056805462,1.110000000000001,-0.474171405958808,1.110000000000001,-0.4737379842974192
1.120000000000001,-0.4843343579723283,1.120000000000001,-0.4862130633099495,1.120000000000001,-0.4878394276871886,1.120000000000001,-0.488120785936824,1.120000000000001,-0.4878533144993546,1.120000000000001,-0.4873656854619762,1.120000000000001,-0.4868026796032016,1.120000000000001,-0.4862299154119231,1.120000000000001,-0.4851558364648881,1.120000000000001,-0.484222306820547,1.120000000000001,-0.4834261210997144,1.120000000000001,-0.4827472240976494,1.120000000000001,-0.4821649180859954,1.120000000000001,-0.4816615588754152,1.120000000000001,-0.4812229088468541
1.130000000000001,-0.4917851265677951,1.130000000000001,-0.4937076341105795,1.130000000000001,-0.4953756811334439,1.130000000000001,-0.4956715093469479,1.130000000000001,-0.4954074358659157,1.130000000000001,-0.4949183249700232,1.130000000000001,-0.4943516413065356,1.130000000000001,-0.4937742624720128,1.130000000000001,-0.4926903162585131,1.130000000000001,-0.4917474449291837,1.130000000000001,-0.4909429212097247,1.130000000000001,-0.4902567113466824,1.130000000000001,-0.4896680130563349,1.130000000000001,-0.489159053970124,1.130000000000001,-0.4887154763976808
1.140000000000001,-0.4992269607495057,1.140000000000001,-0.5011952330403809,1.140000000000001,-0.5029079634164328,1.140000000000001,-0.5032204264153859,1.140000000000001,-0.5029613777340661,1.140000000000001,-0.5024720487419522,1.140000000000001,-0.5019026955613666,1.140000000000001,-0.5013215242775916,1.140000000000001,-0.5002289690249286,1.140000000000001,-0.4992776721110251,1.140000000000001,-0.4984655063415247,1.140000000000001,-0.4977725298417107,1.140000000000001,-0.497177879182326,1.140000000000001,-0.4966636819866435,1.140000000000001,-0.4962154795521151
1.150000000000001,-0.5066596706769109,1.150000000000001,-0.5086756585463021,1.150000000000001,-0.5104360631897789,1.150000000000001,-0.5107673235639307,1.150000000000001,-0.5105149270963865,1.150000000000001,-0.5100266454304393,1.150000000000001,-0.5094556330725873,1.150000000000001,-0.5088714936733737,1.150000000000001,-0.5077715916827421,1.150000000000001,-0.5068127888539893,1.150000000000001,-0.5059936800324408,1.150000000000001,-0.5052944857167636,1.150000000000001,-0.5046943248185128,1.150000000000001,-0.5041752531912189,1.150000000000001,-0.5037227302346937
1.160000000000001,-0.5140830955352427,1.160000000000001,-0.5161487367038784,1.160000000000001,-0.5179597945218117,1.160000000000001,-0.5183120110474495,1.160000000000001,-0.518067893620294,1.160000000000001,-0.5175819254861272,1.160000000000001,-0.5170102656588307,1.160000000000001,-0.516423984070204,1.160000000000001,-0.5153180008963452,1.160000000000001,-0.5143526148077603,1.160000000000001,-0.5135272645452829,1.160000000000001,-0.5128224034934303,1.160000000000001,-0.5122171764376994,1.160000000000001,-0.5116935957489648,1.160000000000001,-0.5112370580866656
1.170000000000001,-0.5214971008878705,1.170000000000001,-0.5236143187402771,1.170000000000001,-0.5254789946661045,1.170000000000001,-0.5258543208900338,1.170000000000001,-0.5256201077010684,1.170000000000001,-0.5251377192970318,1.170000000000001,-0.5245664244582001,1.170000000000001,-0.5239788277031109,1.170000000000001,-0.5228680314114665,1.170000000000001,-0.5218969871738253,1.170000000000001,-0.5210660992987499,1.170000000000001,-0.5203561245422965,1.170000000000001,-0.5197462771171099,1.170000000000001,-0.51921855422997,1.170000000000001,-0.5187583089887019
1.180000000000001,-0.5289015762450821,1.180000000000001,-0.5310722787589791,1.180000000000001,-0.5329935220126436,1.180000000000001,-0.5333941049879992,1.180000000000001,-0.5331714186720997,1.180000000000001,-0.532693875478097,1.180000000000001,-0.5321239582786561,1.180000000000001,-0.5315358740298878,1.180000000000001,-0.5304215345248806,1.180000000000001,-0.5294457592252294,1.180000000000001,-0.5286100394242533,1.180000000000001,-0.5278955056683879,1.180000000000001,-0.5272814851464639,1.180000000000001,-0.5267499882358812,1.180000000000001,-0.526286343702672
1.190000000000001,-0.5362964328335812,1.190000000000001,-0.53852251165137,1.190000000000001,-0.5405032542064379,1.190000000000001,-0.5409312333674999,1.190000000000001,-0.5407216931607681,1.190000000000001,-0.5402502592997789,1.190000000000001,-0.5396827320824403,1.190000000000001,-0.539094988259596,1.190000000000001,-0.5379783766782672,1.190000000000001,-0.5369987989464005,1.190000000000001,-0.5361589544398121,1.190000000000001,-0.5354404178112532,1.190000000000001,-0.5348226727488937,1.190000000000001,-0.5342877711376246,1.190000000000001,-0.5338210366234249
1.200000000000001,-0.5436816015518044,1.200000000000001,-0.5459649311813765,1.200000000000001,-0.5480080864210609,1.200000000000001,-0.5484655925851539,1.200000000000001,-0.5482708135790096,1.200000000000001,-0.5478067512452085,1.200000000000001,-0.5472426255943554,1.200000000000001,-0.5466560500013622,1.200000000000001,-0.5455384381668477,1.200000000000001,-0.5445559877839113,1.200000000000001,-0.5437127270320469,1.200000000000001,-0.542990744851052,1.200000000000001,-0.542369724906096,1.200000000000001,-0.5418317889161558,1.200000000000001,-0.541362274632372
1.210000000000001,-0.5510570310970321,1.210000000000001,-0.55339946823006,1.210000000000001,-0.5555079297753928,1.210000000000001,-0.5559970842608563,1.210000000000001,-0.5558186767383548,1.210000000000001,-0.5553632456861185,1.210000000000001,-0.5548035320245318,1.210000000000001,-0.5542189520241527,1.210000000000001,-0.5531016119540291,1.210000000000001,-0.5521172194997227,1.210000000000001,-0.5512712519380545,1.210000000000001,-0.5505463825124465,1.210000000000001,-0.5499225382797642,1.210000000000001,-0.5493819390980975,1.210000000000001,-0.5489099560448989
1.220000000000001,-0.5584226862511061,1.220000000000001,-0.5608260691879112,1.220000000000001,-0.5630027098825603,1.220000000000001,-0.5635256237325553,1.220000000000001,-0.563365192579782,1.220000000000001,-0.5629196496683911,1.220000000000001,-0.5623653568967557,1.220000000000001,-0.5617835991190019,1.220000000000001,-0.5606678025838027,1.220000000000001,-0.5596823991189348,1.220000000000001,-0.558834434919355,1.220000000000001,-0.5581072373588004,1.220000000000001,-0.5574810202218058,1.220000000000001,-0.5569381297789602,1.220000000000001,-0.5564639896443754
1.230000000000001,-0.5657785463123952,1.230000000000001,-0.5682446944833121,1.230000000000001,-0.5704923655207575,1.230000000000001,-0.5710511388235235,1.230000000000001,-0.570910283009486,1.230000000000001,-0.5704758817986564,1.230000000000001,-0.5699280169741793,1.230000000000001,-0.5693499070556828,1.230000000000001,-0.5682369251833029,1.230000000000001,-0.5672514419646755,1.230000000000001,-0.5664021918207619,1.230000000000001,-0.5656732258694972,1.230000000000001,-0.5650450878663295,1.230000000000001,-0.5645002787271137,1.230000000000001,-0.5640242937960283
1.240000000000001,-0.5731246036624741,1.240000000000001,-0.5756553172364545,1.240000000000001,-0.5779768474163625,1.240000000000001,-0.5785735687132249,1.240000000000001,-0.5784538808321803,1.240000000000001,-0.5780318712239334,1.240000000000001,-0.577491439274638,1.240000000000001,-0.5769178016263311,1.240000000000001,-0.5758089045483592,1.240000000000001,-0.5748242727731911,1.240000000000001,-0.5739744477074264,1.240000000000001,-0.5732442735939076,1.240000000000001,-0.5726146672970703,1.240000000000001,-0.5720683125620323,1.240000000000001,-0.5715907956342491
1.250000000000001,-0.5804608624567679,1.250000000000001,-0.5830579220287275,1.250000000000001,-0.5854561171304069,1.250000000000001,-0.5860928629035511,1.250000000000001,-0.5859959287741517,1.250000000000001,-0.5855875566969674,1.250000000000001,-0.585055560168566,1.250000000000001,-0.5844872177691224,1.250000000000001,-0.5833836743054592,1.250000000000001,-0.5824008248828076,1.250000000000001,-0.5815511360738158,1.250000000000001,-0.580820314375801,1.250000000000001,-0.5801896927840373,1.250000000000001,-0.5796421660010437,1.250000000000001,-0.5791634303175341
1.260000000000001,-0.5877873374291414,1.260000000000001,-0.5904525037782624,1.260000000000001,-0.5929301460400954,1.260000000000001,-0.5936089802727752,1.260000000000001,-0.5935363785889148,1.260000000000001,-0.5931428857203392,1.260000000000001,-0.5926203245527271,1.260000000000001,-0.5920580987655707,1.260000000000001,-0.5909611761439324,1.260000000000001,-0.5899810394907676,1.260000000000001,-0.5891321981188372,1.260000000000001,-0.5884012896426362,1.260000000000001,-0.5877701060840372,1.260000000000001,-0.5872217811688774,1.260000000000001,-0.5867421403456811
1.270000000000001,-0.5951040528011858,1.270000000000001,-0.597839066713009,1.270000000000001,-0.6003989144076696,1.270000000000001,-0.6011218882100948,1.270000000000001,-0.6010751902387227,1.270000000000001,-0.6006978137629827,1.270000000000001,-0.6001856850937657,1.270000000000001,-0.599630395505504,1.270000000000001,-0.5985413591127864,1.270000000000001,-0.5975648649724977,1.270000000000001,-0.5967175820818471,1.270000000000001,-0.5959871477543756,1.270000000000001,-0.5953558557997219,1.270000000000001,-0.594807106965052,1.270000000000001,-0.5943268749340465
1.280000000000001,-0.6024110412875774,1.280000000000001,-0.6052176234333865,1.280000000000001,-0.6078624105294909,1.280000000000001,-0.6086315618242355,1.280000000000001,-0.6086123311457999,1.280000000000001,-0.6082523035432521,1.280000000000001,-0.6077516015358321,1.280000000000001,-0.6072040658141773,1.280000000000001,-0.6061241789768089,1.280000000000001,-0.6051522562582407,1.280000000000001,-0.6043072426344478,1.280000000000001,-0.6035778434071226,1.280000000000001,-0.6029468967925573,1.280000000000001,-0.6023980984844829,1.280000000000001,-0.6019175894404004
1.290000000000001,-0.6097083431895609,1.290000000000001,-0.6125881940570895,1.290000000000001,-0.6153206299587539,1.290000000000001,-0.6161379832200033,1.290000000000001,-0.6161477755075853,1.290000000000001,-0.6158063243730109,1.290000000000001,-0.6153180400669979,1.290000000000001,-0.6147790738364891,1.290000000000001,-0.6137095976271552,1.290000000000001,-0.61274317426228,1.290000000000001,-0.611901140323643,1.290000000000001,-0.6111733370869151,1.290000000000001,-0.6105431896451688,1.290000000000001,-0.6099947164867446,1.290000000000001,-0.6095142448399878
1.300000000000001,-0.6169960055692246,1.300000000000001,-0.6199508054392233,1.300000000000001,-0.6227735747957158,1.300000000000001,-0.6236411408372006,1.300000000000001,-0.6236815036706489,1.300000000000001,-0.6233598515578224,1.300000000000001,-0.622884972739746,1.300000000000001,-0.622355389473551,1.300000000000001,-0.6212975825419594,1.300000000000001,-0.6203375853605596,1.300000000000001,-0.6194992410620777,1.300000000000001,-0.6187735945697856,1.300000000000001,-0.6181447001691237,1.300000000000001,-0.6175969269101155,1.300000000000001,-0.6171168072448594
1.310000000000001,-0.6242740814977616,1.310000000000001,-0.627305490461513,1.310000000000001,-0.6302212530398704,1.310000000000001,-0.631141028846702,1.310000000000001,-0.6312135015585193,1.310000000000001,-0.6309128658484842,1.310000000000001,-0.6304523769409063,1.310000000000001,-0.629932987867321,1.310000000000001,-0.6288881062927987,1.310000000000001,-0.6279354609125904,1.310000000000001,-0.6271015156614435,1.310000000000001,-0.6263785864640309,1.310000000000001,-0.6257513989543156,1.310000000000001,-0.6252047004268154,1.310000000000001,-0.6247252474637642
1.320000000000001,-0.6315426293715005,1.320000000000001,-0.6346522873847221,1.320000000000001,-0.6376636779988273,1.320000000000001,-0.6386376465989811,1.320000000000001,-0.6387437601488261,1.320000000000001,-0.6384653529397498,1.320000000000001,-0.6380202349070661,1.320000000000001,-0.6375118489292927,1.320000000000001,-0.6364811460932063,1.320000000000001,-0.6355367768240165,1.320000000000001,-0.6347079394055331,1.320000000000001,-0.6339882877913848,1.320000000000001,-0.6333632609565412,1.320000000000001,-0.632818012035771,1.320000000000001,-0.6323395405993721
1.330000000000001,-0.6388017122899174,1.330000000000001,-0.641991239258998,1.330000000000001,-0.6451008677491956,1.330000000000001,-0.646130998120617,1.330000000000001,-0.64627227499573,1.330000000000001,-0.6460173030121924,1.330000000000001,-0.6455885332815745,1.330000000000001,-0.6450919569095758,1.330000000000001,-0.6440766833857364,1.330000000000001,-0.6431415131464788,1.330000000000001,-0.6423184916596247,1.330000000000001,-0.6416026776037547,1.330000000000001,-0.6409802651201263,1.330000000000001,-0.6404368406900307,1.330000000000001,-0.6399596656795987
1.340000000000001,-0.646051397490373,1.340000000000001,-0.6493223933871866,1.340000000000001,-0.6525328446450335,1.340000000000001,-0.6536210916548214,1.340000000000001,-0.6537990457937819,1.340000000000001,-0.6535687103136919,1.340000000000001,-0.6531572627097025,1.340000000000001,-0.6526733000029761,1.340000000000001,-0.6516747034644158,1.340000000000001,-0.6507496537116343,1.340000000000001,-0.6499331555131503,1.340000000000001,-0.6492217386325683,1.340000000000001,-0.6486023940326137,1.340000000000001,-0.6480611689557788,1.340000000000001,-0.6475856053202443
1.350000000000001,-0.6532917558346937,1.350000000000001,-0.6566458008365996,1.350000000000001,-0.6599596348698631,1.350000000000001,-0.661107939242215,1.350000000000001,-0.6613240759797422,1.350000000000001,-0.6611195727771353,1.350000000000001,-0.6607264174687411,1.350000000000001,-0.6602558699890022,1.350000000000001,-0.6592751951295207,1.350000000000001,-0.658361185796483,1.350000000000001,-0.6575519174528595,1.350000000000001,-0.6568454569680664,1.350000000000001,-0.656229633608859,1.350000000000001,-0.6556909827004042,1.350000000000001,-0.6552173454163698
1.360000000000001,-0.6605228613431328,1.360000000000001,-0.6639615159951454,1.360000000000001,-0.6673812680285365,1.360000000000001,-0.6685915563384763,1.360000000000001,-0.6688473723691509,1.360000000000001,-0.6686698916713345,1.360000000000001,-0.6682959951301015,1.360000000000001,-0.6678396619029044,1.360000000000001,-0.6668781503720336,1.360000000000001,-0.6659760998173586,1.360000000000001,-0.6651747670639804,1.360000000000001,-0.6644738217659393,1.360000000000001,-0.6638619728021242,1.360000000000001,-0.6633262708071817,1.360000000000001,-0.6628548748598815
1.370000000000001,-0.6677447907716216,1.370000000000001,-0.6712695961679005,1.370000000000001,-0.674797776775558,1.370000000000001,-0.6760719614657202,1.370000000000001,-0.6763689448247143,1.370000000000001,-0.6762196712823247,1.370000000000001,-0.6758659962506851,1.370000000000001,-0.6754246737351526,1.370000000000001,-0.6744835640852551,1.370000000000001,-0.6735943890501763,1.370000000000001,-0.672801696756906,1.370000000000001,-0.6721068249790693,1.370000000000001,-0.671499403339778,1.370000000000001,-0.6709670249142391,1.370000000000001,-0.6704981852812806
1.380000000000001,-0.6749576232285316,1.380000000000001,-0.6785701012107572,1.380000000000001,-0.6822091964767302,1.380000000000001,-0.6835491758947362,1.380000000000001,-0.6838888059537911,1.380000000000001,-0.6837689186224566,1.380000000000001,-0.6834364240911246,1.380000000000001,-0.6830109061569571,1.380000000000001,-0.6820914338012988,1.380000000000001,-0.6812160493747832,1.380000000000001,-0.6804327015174022,1.380000000000001,-0.6797444611122574,1.380000000000001,-0.6791419194816779,1.380000000000001,-0.6786132391758615,1.380000000000001,-0.6781472708134084
1.390000000000001,-0.6821614398275397,1.390000000000001,-0.6858630931978357,1.390000000000001,-0.6896155649012914,1.390000000000001,-0.6910232233554415,1.390000000000001,-0.6914069708325076,1.390000000000001,-0.6913176431649657,1.390000000000001,-0.6910072843585006,1.390000000000001,-0.6905983622695965,1.390000000000001,-0.6897017594503139,1.390000000000001,-0.688841079041244,1.390000000000001,-0.688067778678236,1.390000000000001,-0.6873867269979789,1.390000000000001,-0.6867895177991993,1.390000000000001,-0.6862649100442546,1.390000000000001,-0.6858021278754084
1.400000000000001,-0.689356323373403,1.400000000000001,-0.6931486361198026,1.400000000000001,-0.6970169219418849,1.400000000000001,-0.6984941297731632,1.400000000000001,-0.6989234567542285,1.400000000000001,-0.6988658566018078,1.400000000000001,-0.6985785849715707,1.400000000000001,-0.6981870473755613,1.400000000000001,-0.6973145431405796,1.400000000000001,-0.6964694784563469,1.400000000000001,-0.6957069277104233,1.400000000000001,-0.6950336215913993,1.400000000000001,-0.6944421969732306,1.400000000000001,-0.6939220360699521,1.400000000000001,-0.6934627549752167
1.410000000000001,-0.6965423580777726,1.410000000000001,-0.7004267956103514,1.410000000000001,-0.7044133093599874,1.410000000000001,-0.7059619230284643,1.410000000000001,-0.7064382830003054,1.410000000000001,-0.7064135726227846,1.410000000000001,-0.7061503358465048,1.410000000000001,-0.7057769687696289,1.410000000000001,-0.704929788957642,1.410000000000001,-0.7041012499885054,1.410000000000001,-0.703350150032561,1.410000000000001,-0.7026851457829935,1.410000000000001,-0.7020999576095196,1.410000000000001,-0.701584617719363,1.410000000000001,-0.7011291525289078
1.420000000000001,-0.7037196293023998,1.420000000000001,-0.7076976386984132,1.420000000000001,-0.7118047705545779,1.420000000000001,-0.7134266327385932,1.420000000000001,-0.7139514706311892,1.420000000000001,-0.7139608067141524,1.420000000000001,-0.7137225487014273,1.420000000000001,-0.7133681355482172,1.420000000000001,-0.7125475027808992,1.420000000000001,-0.7117363977895902,1.420000000000001,-0.7109974488364759,1.420000000000001,-0.710341302227365,1.420000000000001,-0.7097628020698852,1.420000000000001,-0.709252657208005,1.420000000000001,-0.7088013226955687
1.430000000000001,-0.7108882233272976,1.430000000000001,-0.7149612335838483,1.430000000000001,-0.7191913503520436,1.430000000000001,-0.7208882900585881,1.430000000000001,-0.721463042296157,1.430000000000001,-0.7215075759750474,1.430000000000001,-0.7212952368781406,1.430000000000001,-0.720960558435384,1.430000000000001,-0.7201676921161547,1.430000000000001,-0.7193749276321503,1.430000000000001,-0.7186488289280728,1.430000000000001,-0.718002095186755,1.430000000000001,-0.7174307343179839,1.430000000000001,-0.7169261583480189,1.430000000000001,-0.7164792692263892
1.440000000000001,-0.7180482271416772,1.440000000000001,-0.7222176494345158,1.440000000000001,-0.7265730948154531,1.440000000000001,-0.7283469275004086,1.440000000000001,-0.7289730220600484,1.440000000000001,-0.729053898950162,1.440000000000001,-0.7288684151795717,1.440000000000001,-0.7285542496241407,1.440000000000001,-0.7277903659427716,1.440000000000001,-0.7270168467607973,1.440000000000001,-0.7263042965818571,1.440000000000001,-0.7256675303880954,1.440000000000001,-0.725103759778336,1.440000000000001,-0.7246051264089082,1.440000000000001,-0.7241629973266929
1.450000000000001,-0.7251997282555878,1.450000000000001,-0.7294669562028738,1.450000000000001,-0.7339500510715427,1.450000000000001,-0.7358025787684881,1.450000000000001,-0.7364814352455495,1.450000000000001,-0.7365997954773488,1.450000000000001,-0.7364420997215704,1.450000000000001,-0.7361492226317007,1.450000000000001,-0.7354155345741517,1.450000000000001,-0.7346621637565159,1.450000000000001,-0.73396385940813,1.450000000000001,-0.7333376148924607,1.450000000000001,-0.7327818852075528,1.450000000000001,-0.732289567990184,1.450000000000001,-0.7318525135298304
1.460000000000001,-0.7323428145304464,1.460000000000001,-0.7367092244603763,1.460000000000001,-0.7413222671538314,1.460000000000001,-0.7432552786103316,1.460000000000001,-0.7439883082897096,1.460000000000001,-0.7441452865487691,1.460000000000001,-0.7440163077978484,1.460000000000001,-0.7437454921674727,1.460000000000001,-0.7430432095304785,1.460000000000001,-0.7423108884127675,1.460000000000001,-0.74162752623169,1.460000000000001,-0.7410123569757393,1.460000000000001,-0.7404651185766715,1.460000000000001,-0.7399794909050214,1.460000000000001,-0.7395478255819495
1.470000000000001,-0.7394775740267356,1.470000000000001,-0.7439445252480683,1.470000000000001,-0.7486897918604786,1.470000000000001,-0.7507050626807793,1.470000000000001,-0.7514936686133743,1.470000000000001,-0.7516903941845036,1.470000000000001,-0.7515910577569258,1.470000000000001,-0.7513430740127568,1.470000000000001,-0.7506734034225645,1.470000000000001,-0.7499630316224376,1.470000000000001,-0.7492953069810556,1.470000000000001,-0.7486917660197301,1.470000000000001,-0.7481534689636847,1.470000000000001,-0.7476749040740507,1.470000000000001,-0.747248942336766
1.480000000000001,-0.7466040948673524,1.480000000000001,-0.751172929941928,1.480000000000001,-0.7560526746255539,1.480000000000001,-0.7581519674188162,1.480000000000001,-0.7589975445025096,1.480000000000001,-0.7592351413175132,1.480000000000001,-0.7591663688900179,1.480000000000001,-0.7589419849110718,1.480000000000001,-0.7583061298459334,1.480000000000001,-0.7576186052746414,1.480000000000001,-0.7569672125874016,1.480000000000001,-0.7563758524126653,1.480000000000001,-0.7558469464553901,1.480000000000001,-0.7553758174281756,1.480000000000001,-0.7549558736593405
1.490000000000001,-0.7537224651151411,1.490000000000001,-0.7583945101316839,1.490000000000001,-0.7634109654025726,1.490000000000001,-0.7655960299357636,1.490000000000001,-0.7664999650003262,1.490000000000001,-0.7667795516889236,1.490000000000001,-0.7667422613289724,1.490000000000001,-0.7665422424682319,1.490000000000001,-0.7659414032842472,1.490000000000001,-0.7652776221605824,1.490000000000001,-0.7646432548922585,1.490000000000001,-0.7640646274583732,1.490000000000001,-0.7635455620576971,1.490000000000001,-0.7630822418199738,1.490000000000001,-0.7626686303382298
1.5,-0.7608327726633805,1.5,-0.7656093375118236,1.5,-0.7707647145591591,1.5,-0.773037287913876,1.5,-0.7740009598092347,1.5,-0.7743236497528085,1.5,-0.7743187559533141,1.5,-0.7741438650612965,1.5,-0.7735792390212197,1.5,-0.7729400958876417,1.5,-0.7723234465632619,1.5,-0.7717581032933917,1.5,-0.7712493276138409,1.5,-0.7707941889426948,1.5,-0.7703872240052041
