pch18_Vgs_Vth (ll=3.5e-07) X,pch18_Vgs_Vth (ll=3.5e-07) Y,pch18_Vgs_Vth (ll=4e-07) X,pch18_Vgs_Vth (ll=4e-07) Y,pch18_Vgs_Vth (ll=5e-07) X,pch18_Vgs_Vth (ll=5e-07) Y,pch18_Vgs_Vth (ll=6e-07) X,pch18_Vgs_Vth (ll=6e-07) Y,pch18_Vgs_Vth (ll=7e-07) X,pch18_Vgs_Vth (ll=7e-07) Y,pch18_Vgs_Vth (ll=8e-07) X,pch18_Vgs_Vth (ll=8e-07) Y,pch18_Vgs_Vth (ll=9e-07) X,pch18_Vgs_Vth (ll=9e-07) Y,pch18_Vgs_Vth (ll=1e-06) X,pch18_Vgs_Vth (ll=1e-06) Y,pch18_Vgs_Vth (ll=1.2e-06) X,pch18_Vgs_Vth (ll=1.2e-06) Y,pch18_Vgs_Vth (ll=1.4e-06) X,pch18_Vgs_Vth (ll=1.4e-06) Y,pch18_Vgs_Vth (ll=1.6e-06) X,pch18_Vgs_Vth (ll=1.6e-06) Y,pch18_Vgs_Vth (ll=1.8e-06) X,pch18_Vgs_Vth (ll=1.8e-06) Y,pch18_Vgs_Vth (ll=2e-06) X,pch18_Vgs_Vth (ll=2e-06) Y,pch18_Vgs_Vth (ll=2.2e-06) X,pch18_Vgs_Vth (ll=2.2e-06) Y,pch18_Vgs_Vth (ll=2.4e-06) X,pch18_Vgs_Vth (ll=2.4e-06) Y
0,0.561799195231463,0,0.5552861637756976,0,0.5454442111224765,0,0.5384981545978476,0,0.533384084143076,0,0.5294766034709114,0,0.5263981616969774,0,0.5239114248608688,0,0.520141583240555,0,0.5174197197486854,0,0.5153628333168543,0,0.5137544646949289,0,0.5124629594992879,0,0.5114035910780336,0,0.5105193411857591
0.01,0.5517991952316545,0.01,0.5452861637758676,0.01,0.5354442111226202,0.01,0.5284981545979767,0.01,0.5233840841431905,0.01,0.5194766034710171,0.01,0.5163981616970723,0.01,0.5139114248609588,0.01,0.510141583240633,0.01,0.507419719748756,0.01,0.5053628333169176,0.01,0.5037544646949849,0.01,0.5024629594993389,0.01,0.5014035910780797,0.01,0.5005193411858018
0.02,0.5417991952319088,0.02,0.5352861637760911,0.02,0.5254442111228123,0.02,0.5184981545981445,0.02,0.5133840841433439,0.02,0.5094766034711558,0.02,0.5063981616972014,0.02,0.5039114248610781,0.02,0.5001415832407351,0.02,0.4974197197488459,0.02,0.4953628333169978,0.02,0.4937544646950578,0.02,0.4924629594994058,0.02,0.4914035910781429,0.02,0.4905193411858588
0.03,0.5317991952322411,0.03,0.5252861637763898,0.03,0.5154442111230655,0.03,0.5084981545983698,0.03,0.5033840841435459,0.03,0.4994766034713397,0.03,0.4963981616973717,0.03,0.4939114248612338,0.03,0.4901415832408713,0.03,0.4874197197489651,0.03,0.4853628333171049,0.03,0.483754464695155,0.03,0.4824629594994945,0.03,0.4814035910782256,0.03,0.4805193411859342
0.04,0.5217991952326819,0.04,0.5152861637767809,0.04,0.5054442111234013,0.04,0.498498154598668,0.04,0.4933840841438136,0.04,0.4894766034715842,0.04,0.4863981616975956,0.04,0.483911424861443,0.04,0.4801415832410514,0.04,0.4774197197491256,0.04,0.4753628333172484,0.04,0.4737544646952853,0.04,0.4724629594996139,0.04,0.4714035910783326,0.04,0.4705193411860363
0.05,0.5117991952332637,0.05,0.5052861637772982,0.05,0.4954442111238441,0.05,0.4884981545990611,0.05,0.4833840841441717,0.05,0.4794766034719105,0.05,0.476398161697895,0.05,0.4739114248617181,0.05,0.4701415832412911,0.05,0.4674197197493372,0.05,0.4653628333174404,0.05,0.463754464695459,0.05,0.4624629594997718,0.05,0.4614035910784784,0.05,0.4605193411861701
0.06,0.5017991952340318,0.06,0.4952861637779832,0.06,0.4854442111244305,0.06,0.4784981545995832,0.06,0.4733840841446413,0.06,0.4694766034723412,0.06,0.4663981616982892,0.06,0.4639114248620854,0.06,0.4601415832416109,0.06,0.4574197197496194,0.06,0.4553628333176911,0.06,0.4537544646956877,0.06,0.4524629594999797,0.06,0.4514035910786707,0.06,0.4505193411863476
0.07000000000000001,0.4917991952350412,0.07000000000000001,0.4852861637788867,0.07000000000000001,0.4754442111252066,0.07000000000000001,0.4684981546002748,0.07000000000000001,0.4633840841452669,0.07000000000000001,0.4594766034729107,0.07000000000000001,0.456398161698815,0.07000000000000001,0.4539114248625722,0.07000000000000001,0.450141583242033,0.07000000000000001,0.4474197197499942,0.07000000000000001,0.4453628333180267,0.07000000000000001,0.4437544646959918,0.07000000000000001,0.4424629595002583,0.07000000000000001,0.4414035910789261,0.07000000000000001,0.440519341186586
0.08,0.481799195236374,0.08,0.4752861637800795,0.08,0.4654442111262311,0.08,0.4584981546011876,0.08,0.4533840841460934,0.08,0.4494766034736666,0.08,0.4463981616995112,0.08,0.4439114248632146,0.08,0.4401415832425939,0.08,0.4374197197504903,0.08,0.4353628333184719,0.08,0.4337544646963931,0.08,0.4324629595006254,0.08,0.4314035910792652,0.08,0.4305193411868996
0.09,0.4717991952381299,0.09,0.4652861637816531,0.09,0.4554442111275867,0.09,0.4484981546023975,0.09,0.4433840841471877,0.09,0.4394766034746671,0.09,0.436398161700431,0.09,0.4339114248640688,0.09,0.4301415832433373,0.09,0.4274197197511497,0.09,0.4253628333190617,0.09,0.4237544646969282,0.09,0.4224629595011143,0.09,0.4214035910797164,0.09,0.4205193411873155
0.09999999999999999,0.461799195240443,0.09999999999999999,0.4552861637837287,0.09999999999999999,0.4454442111293775,0.09999999999999999,0.4384981546039957,0.09999999999999999,0.4333840841486362,0.09999999999999999,0.4294766034759911,0.09999999999999999,0.4263981617016502,0.09999999999999999,0.4239114248651979,0.09999999999999999,0.4201415832443214,0.09999999999999999,0.4174197197520193,0.09999999999999999,0.4153628333198438,0.09999999999999999,0.413754464697636,0.09999999999999999,0.4124629595017626,0.09999999999999999,0.4114035910803122,0.09999999999999999,0.41051934118787
0.11,0.4517991952434891,0.11,0.4452861637864649,0.11,0.4354442111317416,0.11,0.4284981546061076,0.11,0.423384084150552,0.11,0.4194766034777425,0.11,0.4163981617032652,0.11,0.4139114248666933,0.11,0.4101415832456254,0.11,0.4074197197531748,0.11,0.4053628333208801,0.11,0.4037544646985749,0.11,0.4024629595026223,0.11,0.4014035910811015,0.11,0.400519341188602
0.12,0.4417991952474989,0.12,0.4352861637900695,0.12,0.4254442111348613,0.12,0.4184981546088988,0.12,0.4133840841530828,0.12,0.4094766034800601,0.12,0.4063981617054009,0.12,0.4039114248686733,0.12,0.4001415832473519,0.12,0.3974197197547041,0.12,0.395362833322251,0.12,0.3937544646998192,0.12,0.3924629595037584,0.12,0.3914035910821499,0.12,0.3905193411895725
0.13,0.4317991952527723,0.13,0.4252861637948193,0.13,0.4154442111389773,0.13,0.4084981546125832,0.13,0.4033840841564277,0.13,0.3994766034831221,0.13,0.3963981617082228,0.13,0.3939114248712904,0.13,0.3901415832496341,0.13,0.3874197197567268,0.13,0.3853628333240667,0.13,0.3837544647014647,0.13,0.3824629595052627,0.13,0.3814035910835362,0.13,0.3805193411908566
0.14,0.421799195259708,0.14,0.4152861638010726,0.14,0.4054442111444051,0.14,0.3984981546174472,0.14,0.393384084160845,0.14,0.3894766034871675,0.14,0.386398161711954,0.14,0.3839114248747508,0.14,0.3801415832526536,0.14,0.3774197197594017,0.14,0.3753628333264676,0.14,0.3737544647036428,0.14,0.3724629595072546,0.14,0.37140359108537,0.14,0.3705193411925566
0.15,0.411799195268825,0.15,0.4052861638093017,0.15,0.3954442111515556,0.15,0.3884981546238618,0.15,0.3833840841666728,0.15,0.3794766034925081,0.15,0.37639816171688,0.15,0.3739114248793198,0.15,0.3701415832566414,0.15,0.3674197197629376,0.15,0.3653628333296421,0.15,0.3637544647065203,0.15,0.3624629595098863,0.15,0.3614035910877947,0.15,0.3605193411948039
0.16,0.4017991952808015,0.16,0.3952861638201237,0.16,0.385444211160975,0.16,0.3784981546323166,0.16,0.3733840841743583,0.16,0.3694766034995524,0.16,0.3663981617233795,0.16,0.36391142488535,0.16,0.3601415832619076,0.16,0.3574197197676061,0.16,0.3553628333338332,0.16,0.353754464710322,0.16,0.3524629595133641,0.16,0.3514035910909977,0.16,0.3505193411977732
0.17,0.3917991952965247,0.17,0.3852861638343488,0.17,0.3754442111733743,0.17,0.3684981546434516,0.17,0.3633840841844878,0.17,0.3594766035088435,0.17,0.3563981617319537,0.17,0.3539114248933051,0.17,0.350141583268854,0.17,0.3474197197737671,0.17,0.3453628333393648,0.17,0.3437544647153387,0.17,0.3424629595179537,0.17,0.3414035910952259,0.17,0.3405193412016921
0.18,0.3817991953171541,0.18,0.3752861638530332,0.18,0.3654442111896815,0.18,0.3584981546581093,0.18,0.3533840841978284,0.18,0.3494766035210771,0.18,0.3463981617432464,0.18,0.3439114249037887,0.18,0.3401415832780097,0.18,0.3374197197818876,0.18,0.3353628333466575,0.18,0.3337544647219546,0.18,0.3324629595240038,0.18,0.3314035911008001,0.18,0.3305193412068601
0.19,0.3717991953442019,0.19,0.3652861638775567,0.19,0.3554442112111111,0.19,0.3484981546773873,0.19,0.3433840842153779,0.19,0.3394766035371789,0.19,0.336398161758112,0.19,0.3339114249175891,0.19,0.3301415832900668,0.19,0.327419719792583,0.19,0.3253628333562609,0.19,0.323754464730667,0.19,0.3224629595319765,0.19,0.321403591108145,0.19,0.3205193412136685
0.2,0.3617991953796349,0.2,0.355286163909718,0.2,0.3454442112392482,0.2,0.3384981547027148,0.2,0.3333840842384439,0.2,0.3294766035583484,0.2,0.3263981617776616,0.2,0.323911424935737,0.2,0.3201415833059241,0.2,0.3174197198066504,0.2,0.3153628333688966,0.2,0.3137544647421294,0.2,0.3124629595424616,0.2,0.3114035911178075,0.2,0.3105193412226254
0.21,0.3517991954260131,0.21,0.3452861639518547,0.21,0.3354442112761551,0.21,0.3284981547359568,0.21,0.3233840842687291,0.21,0.3194766035861485,0.21,0.3163981618033368,0.21,0.3139114249595767,0.21,0.3101415833267585,0.21,0.3074197198251344,0.21,0.3053628333854973,0.21,0.3037544647571893,0.21,0.3024629595562399,0.21,0.3014035911305042,0.21,0.3005193412343948
0.2200000000000001,0.3417991954866521,0.2200000000000001,0.3352861640070033,0.2200000000000001,0.3254442113245123,0.2200000000000001,0.3184981547795328,0.2200000000000001,0.3133840843084414,0.2200000000000001,0.3094766036226079,0.2200000000000001,0.3063981618370132,0.2200000000000001,0.3039114249908461,0.2200000000000001,0.3001415833540867,0.2200000000000001,0.2974197198493814,0.2200000000000001,0.2953628334072755,0.2200000000000001,0.293754464776947,0.2200000000000001,0.2924629595743158,0.2200000000000001,0.2914035911471601,0.2200000000000001,0.2905193412498341
0.2300000000000001,0.3317991955658542,0.2300000000000001,0.3252861640790985,0.2300000000000001,0.3154442113877886,0.2300000000000001,0.3084981548365795,0.2300000000000001,0.3033840843604414,0.2300000000000001,0.2994766036703554,0.2300000000000001,0.2963981618811184,0.2300000000000001,0.2939114250318033,0.2300000000000001,0.2901415833898831,0.2300000000000001,0.2874197198811409,0.2300000000000001,0.2853628334357992,0.2300000000000001,0.2837544648028245,0.2300000000000001,0.2824629595979907,0.2300000000000001,0.2814035911689722,0.2300000000000001,0.2805193412700548
0.2400000000000001,0.3217991956691673,0.2400000000000001,0.3152861641732239,0.2400000000000001,0.3054442114704735,0.2400000000000001,0.2984981549111507,0.2400000000000001,0.2933840844284271,0.2400000000000001,0.2894766037327844,0.2400000000000001,0.2863981619387873,0.2400000000000001,0.2839114250853539,0.2400000000000001,0.2801415834366854,0.2400000000000001,0.277419719922663,0.2400000000000001,0.2753628334730895,0.2400000000000001,0.2737544648366532,0.2400000000000001,0.272462959628939,0.2400000000000001,0.2714035911974856,0.2400000000000001,0.2705193412964866
0.2500000000000001,0.3117991958037425,0.2500000000000001,0.3052861642959301,0.2500000000000001,0.295444211578345,0.2500000000000001,0.2884981550084639,0.2500000000000001,0.2833840845171549,0.2500000000000001,0.2794766038142628,0.2500000000000001,0.2763981620140524,0.2500000000000001,0.2739114251552394,0.2500000000000001,0.2701415834977564,0.2500000000000001,0.2674197199768413,0.2500000000000001,0.2653628335217419,0.2500000000000001,0.2637544648807866,0.2500000000000001,0.2624629596693097,0.2500000000000001,0.2614035912346792,0.2500000000000001,0.2605193413309609
0.2600000000000001,0.301799195978762,0.2600000000000001,0.2952861644556291,0.2600000000000001,0.2854442117188263,0.2600000000000001,0.2784981551352177,0.2600000000000001,0.2733840846327258,0.2600000000000001,0.269476603920384,0.2600000000000001,0.2663981621120722,0.2600000000000001,0.2639114252462477,0.2600000000000001,0.2601415835772737,0.2600000000000001,0.2574197200473702,0.2600000000000001,0.2553628335850698,0.2600000000000001,0.2537544649382246,0.2600000000000001,0.252462959721846,0.2600000000000001,0.2514035912830772,0.2600000000000001,0.2505193413758199
0.2700000000000001,0.2917991962059752,0.2700000000000001,0.2852861646630901,0.2700000000000001,0.2754442119014096,0.2700000000000001,0.2684981552999667,0.2700000000000001,0.2633840847829284,0.2700000000000001,0.259476604058289,0.2700000000000001,0.256398162239429,0.2700000000000001,0.253911425364481,0.2700000000000001,0.2501415836805523,0.2700000000000001,0.2474197201389556,0.2700000000000001,0.2453628336672885,0.2700000000000001,0.2437544650127876,0.2700000000000001,0.2424629597900381,0.2700000000000001,0.2414035913458913,0.2700000000000001,0.2405193414340339
0.2800000000000001,0.2817991965003557,0.2800000000000001,0.2752861649320318,0.2800000000000001,0.2654442121381817,0.2800000000000001,0.2584981555136011,0.2800000000000001,0.2533840849776624,0.2800000000000001,0.2494766042370405,0.2800000000000001,0.2463981624044794,0.2800000000000001,0.2439114255176728,0.2800000000000001,0.2401415838143268,0.2800000000000001,0.2374197202575542,0.2800000000000001,0.235362833773735,0.2800000000000001,0.2337544651093023,0.2800000000000001,0.2324629598782947,0.2800000000000001,0.2314035914271734,0.2800000000000001,0.2305193415093567
0.2900000000000001,0.2717991968809144,0.2900000000000001,0.2652861652798709,0.2900000000000001,0.2554442124444632,0.2900000000000001,0.2484981557898924,0.2900000000000001,0.243384085229443,0.2900000000000001,0.2394766044680893,0.2900000000000001,0.2363981626177589,0.2900000000000001,0.2339114257155839,0.2900000000000001,0.2301415839870765,0.2900000000000001,0.2274197204106539,0.2900000000000001,0.2253628339111133,0.2900000000000001,0.2237544652338349,0.2900000000000001,0.22246295999215,0.2900000000000001,0.2214035915320184,0.2900000000000001,0.2205193416064993
0.3000000000000001,0.2617991973716495,0.3000000000000001,0.2552861657285874,0.3000000000000001,0.2454442128395666,0.3000000000000001,0.2384981561461909,0.3000000000000001,0.2333840855539976,0.3000000000000001,0.2294766047658096,0.3000000000000001,0.2263981628924869,0.3000000000000001,0.2239114259704391,0.3000000000000001,0.2201415842094208,0.3000000000000001,0.2174197206076284,0.3000000000000001,0.2153628340878008,0.3000000000000001,0.2137544653939621,0.3000000000000001,0.2124629601385137,0.3000000000000001,0.2114035916667742,0.3000000000000001,0.2105193417313371
0.3100000000000001,0.251799198002715,0.3100000000000001,0.2452861663057806,0.3100000000000001,0.2354442133476977,0.3100000000000001,0.2284981566041894,0.3100000000000001,0.2233840859709805,0.3100000000000001,0.2194766051481324,0.3100000000000001,0.2163981632451404,0.3100000000000001,0.2139114262974612,0.3100000000000001,0.2101415844945512,0.3100000000000001,0.2074197208601081,0.3100000000000001,0.205362834314193,0.3100000000000001,0.2037544655990704,0.3100000000000001,0.2024629603259475,0.3100000000000001,0.2014035918393062,0.3100000000000001,0.2005193418911404
0.3200000000000001,0.2417991988117546,0.3200000000000001,0.235286167045886,0.3200000000000001,0.2254442139989954,0.3200000000000001,0.2184981571908514,0.3200000000000001,0.2133840865047635,0.3200000000000001,0.2094766056372717,0.3200000000000001,0.2063981636960948,0.3200000000000001,0.2039114267154601,0.3200000000000001,0.2001415848587512,0.3200000000000001,0.1974197211824246,0.3200000000000001,0.1953628346030811,0.3200000000000001,0.1937544658607059,0.3200000000000001,0.1924629605649688,0.3200000000000001,0.1914035920592718,0.3200000000000001,0.1905193420948385
0.3300000000000001,0.2317991998454733,0.3300000000000001,0.2252861679915966,0.3300000000000001,0.2154442148307337,0.3300000000000001,0.2084981579394386,0.3300000000000001,0.2033840871853592,0.3300000000000001,0.1994766062605258,0.3300000000000001,0.1963981642703618,0.3300000000000001,0.1939114272474957,0.3300000000000001,0.1901415853219343,0.3300000000000001,0.1874197215920863,0.3300000000000001,0.1853628349700747,0.3300000000000001,0.1837544661929494,0.3300000000000001,0.182462960868392,0.3300000000000001,0.1814035923384266,0.3300000000000001,0.1805193423532863
0.3400000000000001,0.2217992011613902,0.3400000000000001,0.2152861691954429,0.3400000000000001,0.2054442158886494,0.3400000000000001,0.1984981588906637,0.3400000000000001,0.1933840880494065,0.3400000000000001,0.1894766070511604,0.3400000000000001,0.1863981649983709,0.3400000000000001,0.18391142792158,0.3400000000000001,0.1801415859082437,0.3400000000000001,0.1774197221102775,0.3400000000000001,0.1753628354340327,0.3400000000000001,0.1737544666127858,0.3400000000000001,0.1724629612516686,0.3400000000000001,0.1714035926909374,0.3400000000000001,0.1705193426795637
0.3500000000000001,0.2117992028298048,0.3500000000000001,0.2052861707215454,0.3500000000000001,0.1954442172284009,0.3500000000000001,0.1884981600939007,0.3500000000000001,0.1833840891412339,0.3500000000000001,0.1794766080493269,0.3500000000000001,0.1763981659167722,0.3500000000000001,0.1739114287714024,0.3500000000000001,0.1701415866466292,0.3500000000000001,0.1674197227623523,0.3500000000000001,0.1653628360174914,0.3500000000000001,0.1637544671404848,0.3500000000000001,0.1624629617332125,0.3500000000000001,0.1614035931336728,0.3500000000000001,0.1605193430892277
0.3600000000000002,0.2017992049358935,0.3600000000000002,0.1952861726474999,0.3600000000000002,0.1854442189170716,0.3600000000000002,0.1784981616084507,0.3600000000000002,0.1733840905138964,0.3600000000000002,0.1694766093029558,0.3600000000000002,0.1663981670692181,0.3600000000000002,0.1639114298370018,0.3600000000000002,0.1601415875713919,0.3600000000000002,0.1574197235782722,0.3600000000000002,0.1553628367470281,0.3600000000000002,0.1537544677999185,0.3600000000000002,0.1524629623346813,0.3600000000000002,0.151403593686446,0.3600000000000002,0.1505193436005355
0.3700000000000002,0.1917992075818886,0.3700000000000002,0.1852861750662863,0.3700000000000002,0.175444221034689,0.3700000000000002,0.1684981635047301,0.3700000000000002,0.1633840922301566,0.3700000000000002,0.1594766108685522,0.3700000000000002,0.1563981685070301,0.3700000000000002,0.1539114311653371,0.3700000000000002,0.1501415887226045,0.3700000000000002,0.147419724592935,0.3700000000000002,0.1453628376535248,0.3700000000000002,0.143754468618767,0.3700000000000002,0.1424629630811433,0.3700000000000002,0.141403594372163,0.3700000000000002,0.1405193442345739
0.3800000000000002,0.1817992108892152,0.3800000000000002,0.1752861780881034,0.3800000000000002,0.1654442236755549,0.3800000000000002,0.1584981658652764,0.3800000000000002,0.1533840943632326,0.3800000000000002,0.1494766128117773,0.3800000000000002,0.1463981702896342,0.3800000000000002,0.1439114328106322,0.3800000000000002,0.140141590146314,0.3800000000000002,0.1374197258462938,0.3800000000000002,0.1353628387722347,0.3800000000000002,0.1337544696285553,0.3800000000000002,0.1324629640011061,0.3800000000000002,0.1314035952168275,0.3800000000000002,0.1305193450152381
0.3900000000000002,0.1717992150004086,0.3900000000000002,0.1652861818419522,0.3900000000000002,0.1554442269493074,0.3900000000000002,0.1484981687854021,0.3900000000000002,0.1433840969971958,0.3900000000000002,0.1394766152076589,0.3900000000000002,0.136398172484662,0.3900000000000002,0.1339114348343778,0.3900000000000002,0.1301415918944526,0.3900000000000002,0.1274197273832191,0.3900000000000002,0.1253628401426152,0.3900000000000002,0.1237544708644732,0.3900000000000002,0.1224629651263051,0.3900000000000002,0.1214035962493351,0.3900000000000002,0.120519345969051
0.4000000000000002,0.1617992200805646,0.4000000000000002,0.1552861864767261,0.4000000000000002,0.1454442309813895,0.4000000000000002,0.1384981723732948,0.4000000000000002,0.1333841002268268,0.4000000000000002,0.1294766181403044,0.4000000000000002,0.1263981751675672,0.4000000000000002,0.123911437304899,0.4000000000000002,0.1201415940243508,0.4000000000000002,0.1174197292529983,0.4000000000000002,0.1153628418078424,0.4000000000000002,0.1137544723649067,0.4000000000000002,0.1124629664912771,0.4000000000000002,0.1114035975010701,0.4000000000000002,0.1105193471247587
0.4100000000000002,0.1517992263180626,0.4100000000000002,0.1452861921615365,0.4100000000000002,0.1354442359127919,0.4100000000000002,0.1284981767494092,0.4100000000000002,0.1233841041568149,0.4100000000000002,0.1194766217020032,0.4100000000000002,0.1163981784206937,0.4100000000000002,0.1139114402964155,0.4100000000000002,0.1101415965978325,0.4100000000000002,0.1074197315084936,0.4100000000000002,0.1053628438140281,0.4100000000000002,0.1037544741707135,0.4100000000000002,0.1024629681326857,0.4100000000000002,0.1014035990052622,0.4100000000000002,0.1005193485127437
0.4200000000000002,0.1417992339242393,0.4200000000000002,0.1352861990850028,0.4200000000000002,0.1254442418988297,0.4200000000000002,0.1184981820449822,0.4200000000000002,0.1133841089002134,0.4200000000000002,0.1094766259916973,0.4200000000000002,0.1063981823317907,0.4200000000000002,0.103911443887629,0.4200000000000002,0.1001415996799468,0.4200000000000002,0.09741973420500749,0.4200000000000002,0.09536284620919799,0.4200000000000002,0.09375447632429434,0.4200000000000002,0.09246297008846616,0.4200000000000002,0.09140360079622234,0.4200000000000002,0.09051935016431512
0.4300000000000002,0.1317992431317585,0.4300000000000002,0.1252862074533426,0.4300000000000002,0.1154442491068851,0.4300000000000002,0.1084981883997589,0.4300000000000002,0.1033841145762344,0.4300000000000002,0.09947663111291549,0.4300000000000002,0.0963981869921009,0.4300000000000002,0.09391144815995478,0.4300000000000002,0.09014160333745092,0.4300000000000002,0.0874197373989577,0.4300000000000002,0.0853628490421342,0.4300000000000002,0.08375447886857823,0.4300000000000002,0.08246297239692002,0.4300000000000002,0.08140360290851312,0.4300000000000002,0.0805193521109534
0.4400000000000002,0.1217992541916033,0.4400000000000002,0.1152862174872157,0.4400000000000002,0.1054442577132546,0.4400000000000002,0.09849819595904441,0.4400000000000002,0.09338412130761264,0.4400000000000002,0.08947663717140952,0.4400000000000002,0.08639819249425373,0.4400000000000002,0.08391145319562943,0.4400000000000002,0.08014160763726985,0.4400000000000002,0.0774197411466121,0.4400000000000002,0.07536285236128704,0.4400000000000002,0.07375448184606415,0.4400000000000002,0.07246297509587529,0.4400000000000002,0.07140360537620283,0.4400000000000002,0.0705193543836361
0.4500000000000002,0.1117992673687886,0.4500000000000002,0.1052862294175374,0.4500000000000002,0.09544426789941196,0.4500000000000002,0.08849820487051052,0.4500000000000002,0.08338412921788063,0.4500000000000002,0.07947664427284873,0.4500000000000002,0.07639819893027788,0.4500000000000002,0.07391145907598939,0.4500000000000002,0.07014161264516316,0.4500000000000002,0.06741974550299956,0.4500000000000002,0.06536285621389704,0.4500000000000002,0.06375448529809069,0.4500000000000002,0.06246297822205793,0.4500000000000002,0.06140360823231372,0.4500000000000002,0.06051935701235511
0.4600000000000002,0.1017992829372264,0.4600000000000002,0.09528624348076675,0.4600000000000002,0.08544427984818259,0.4600000000000002,0.07849821528116119,0.4600000000000002,0.07338413842896452,0.4600000000000002,0.06947665252088409,0.4600000000000002,0.06639820639003535,0.4600000000000002,0.06391146588018093,0.4600000000000002,0.06014161842481225,0.4600000000000002,0.0574197505212487,0.4600000000000002,0.05536286064546814,0.4600000000000002,0.05375448926441784,0.4600000000000002,0.05246298181075126,0.4600000000000002,0.05140361150855166,0.4600000000000002,0.05051936002588575
0.4700000000000003,0.09179930117436108,0.4700000000000003,0.0852862599142582,0.4700000000000003,0.07544429374039663,0.4700000000000003,0.06849822733495337,0.4700000000000003,0.06338414905948764,0.4700000000000003,0.05947666201591162,0.4700000000000003,0.05639821496029818,0.4700000000000003,0.05391147368446991,0.4700000000000003,0.0501416250374187,0.4700000000000003,0.04741975625234973,0.4700000000000003,0.04536286569964376,0.4700000000000003,0.04375449378316842,0.4700000000000003,0.04246298589578013,0.4700000000000003,0.04140361523530045,0.4700000000000003,0.04051936345180995
0.4800000000000003,0.08179932235637166,0.4800000000000003,0.07528627895240547,0.4800000000000003,0.0654443097525319,0.4800000000000003,0.05849824117140323,0.4800000000000003,0.05338416122395695,0.4800000000000003,0.04947667285464019,0.4800000000000003,0.04639822472456401,0.4800000000000003,0.04391148256220379,0.4800000000000003,0.04014163254184666,0.4800000000000003,0.03741976274537462,0.4800000000000003,0.03536287141845829,0.4800000000000003,0.03375449889108062,0.4800000000000003,0.03246299050976442,0.4800000000000003,0.03140361944189318,0.4800000000000003,0.03051936731676141
0.4900000000000003,0.07179934675459509,0.4900000000000003,0.06528630082410347,0.4900000000000003,0.05544432805559951,0.4900000000000003,0.04849825692526855,0.4900000000000003,0.04338417503288439,0.4900000000000003,0.03947668513043368,0.4900000000000003,0.03639823576351631,0.4900000000000003,0.03391149258434212,0.4900000000000003,0.03014164099517447,0.4900000000000003,0.02741977004800644,0.4900000000000003,0.02536287784283453,0.4900000000000003,0.02375450462398454,0.4900000000000003,0.02246299568456112,0.4900000000000003,0.02140362415700015,0.4900000000000003,0.02051937164681239
0.5000000000000002,0.06179937463363916,0.5000000000000002,0.0552863257517715,0.5000000000000002,0.04544434881531711,0.5000000000000002,0.03849827472723233,0.5000000000000002,0.03338419059366249,0.5000000000000002,0.02947669893425253,0.5000000000000002,0.0263982481559456,0.5000000000000002,0.02391150382034091,0.5000000000000002,0.02014165045349248,0.5000000000000002,0.01741977820725671,0.5000000000000002,0.01536288501321426,0.5000000000000002,0.01375451101736092,0.5000000000000002,0.01246300145177381,0.5000000000000002,0.01140362940910689,0.5000000000000002,0.01051937646788237
0.5100000000000002,0.05179940625124368,0.5100000000000002,0.04528635395189951,0.5100000000000002,0.03544437219332397,0.5100000000000002,0.02849829470526777,0.5100000000000002,0.02338420801190999,0.5100000000000002,0.01947671435588749,0.5100000000000002,0.01639826197990379,0.5100000000000002,0.0139115163391903,0.5100000000000002,0.01014166097277092,0.5100000000000002,0.007419787270182998,0.5100000000000002,0.005362892970191213,0.5100000000000002,0.003754518106890536,0.5100000000000002,0.002463007843225506,0.5100000000000002,0.001403635226937427,0.5100000000000002,0.0005193818061479671
0.5200000000000002,0.04179944185966489,0.5200000000000002,0.03528638563675845,0.5200000000000002,0.0254443983490128,0.5200000000000002,0.01849831698633442,0.5200000000000002,0.01338422739293899,0.5200000000000002,0.009476731485253409,0.5200000000000002,0.006398277313797829,0.5200000000000002,0.003911530210390923,0.5200000000000002,0.0001416726096100662,0.5200000000000002,-0.002580202715489199,0.5200000000000002,-0.004637098244996585,0.5200000000000002,-0.006245474071121748,0.5200000000000002,-0.007536985108660854,0.5200000000000002,-0.008596358360224987,0.5200000000000002,-0.009480612311693837
0.5300000000000002,0.03179948170801283,0.5300000000000002,0.02528642101672351,0.5300000000000002,0.0154444274415636,0.5300000000000002,0.008498341698020551,0.5300000000000002,0.003384248843088966,0.5300000000000002,-0.0005232495865494791,0.5300000000000002,-0.003601705762718233,0.5300000000000002,-0.006088454495315365,0.5300000000000002,-0.009858314578221838,0.5300000000000002,-0.01258019170096858,0.5300000000000002,-0.01463708859013058,0.5300000000000002,-0.01624546547948313,0.5300000000000002,-0.01753697737065285,0.5300000000000002,-0.01859635132234583,0.5300000000000002,-0.01948060585824563
0.5400000000000003,0.02179952604498581,0.5400000000000003,0.01528646030269176,0.5400000000000003,0.005444459631730902,0.5400000000000003,-0.001501631030154771,0.5400000000000003,-0.006615727529321602,0.5400000000000003,-0.01052322876651002,0.5400000000000003,-0.01360168716819588,0.5400000000000003,-0.01608843770551927,0.5400000000000003,-0.01985830053151416,0.5400000000000003,-0.02258017963621872,0.5400000000000003,-0.02463707802190462,0.5400000000000003,-0.02624545608003548,0.5400000000000003,-0.02753696890865165,0.5400000000000003,-0.0285963436286093,0.5400000000000003,-0.02948059880540155
0.5500000000000003,0.01179957512134033,0.5500000000000003,0.005286503708103796,0.5500000000000003,-0.00455550491688772,0.5500000000000003,-0.01150160106595666,0.5500000000000003,-0.01661570161351189,0.5500000000000003,-0.0205232059594157,0.5500000000000003,-0.02360166681922937,0.5500000000000003,-0.02608841934606354,0.5500000000000003,-0.02985828518963984,0.5500000000000003,-0.03258016647001349,0.5500000000000003,-0.03463706649600362,0.5500000000000003,-0.03624544583374234,0.5500000000000003,-0.03753695968778548,0.5500000000000003,-0.03859633524751327,0.5500000000000003,-0.03948059112444091
0.5600000000000003,0.001799629191708174,0.5600000000000003,-0.004713448549771515,0.5600000000000003,-0.01455546603726354,0.5600000000000003,-0.02150156827423322,0.5600000000000003,-0.02661567329625436,0.5600000000000003,-0.03052318106799934,0.5600000000000003,-0.03360164463065651,0.5600000000000003,-0.03608839934126762,0.5600000000000003,-0.0398582684908052,0.5600000000000003,-0.04258015215020816,0.5600000000000003,-0.04463705396735551,0.5600000000000003,-0.0462454347009339,0.5600000000000003,-0.04753694967264344,0.5600000000000003,-0.04859632614708309,0.5600000000000003,-0.04948058278621814
0.5700000000000003,-0.008200311484527045,0.5700000000000003,-0.01471339624939616,0.5700000000000003,-0.02455542355904416,0.5700000000000003,-0.03150153251729104,0.5700000000000003,-0.03661564246234739,0.5700000000000003,-0.04052315399343154,0.5700000000000003,-0.04360162051606464,0.5700000000000003,-0.04608837761444551,0.5700000000000003,-0.04985825037251868,0.5700000000000003,-0.05258013662414496,0.5700000000000003,-0.0546370403905031,0.5700000000000003,-0.05624542264164567,0.5700000000000003,-0.0575369388275816,0.5700000000000003,-0.0585963162951596,0.5700000000000003,-0.05948057376144233
0.5800000000000003,-0.01820024664338216,0.5800000000000003,-0.02471333916544316,0.5800000000000003,-0.03455537730934022,0.5800000000000003,-0.04150149365573197,0.5800000000000003,-0.04661560899544892,0.5800000000000003,-0.05052312463612019,0.5800000000000003,-0.05360159438853951,0.5800000000000003,-0.05608835408857316,0.5800000000000003,-0.05985823077217389,0.5800000000000003,-0.06258011983917855,0.5800000000000003,-0.06463702572007157,0.5800000000000003,-0.06624540961603043,0.5800000000000003,-0.06753692711708925,0.5800000000000003,-0.06859630565973229,0.5800000000000003,-0.06948056402098235
0.5900000000000003,-0.02820017601738956,0.5900000000000003,-0.03471327707002436,0.5900000000000003,-0.04455532711399834,0.5900000000000003,-0.05150145154966845,0.5900000000000003,-0.05661557277917784,0.5900000000000003,-0.060523092896696,0.5900000000000003,-0.06360156616154167,0.5900000000000003,-0.06608832868711223,0.5900000000000003,-0.06985820962773404,0.5900000000000003,-0.07258010174324903,0.5900000000000003,-0.07463700991126032,0.5900000000000003,-0.07624539558479992,0.5900000000000003,-0.07753691450619993,0.5900000000000003,-0.07859629420930214,0.5900000000000003,-0.079480553536181
0.6000000000000003,-0.03820009933752821,0.6000000000000003,-0.04471320973456772,0.6000000000000003,-0.05455527279927219,0.6000000000000003,-0.06150140606016397,0.6000000000000003,-0.0666155336983556,0.6000000000000003,-0.07052305867711173,0.6000000000000003,-0.07360153574988482,0.6000000000000003,-0.076088301334858,0.6000000000000003,-0.07985818687843116,0.6000000000000003,-0.08258008228547131,0.6000000000000003,-0.08463699292035853,0.6000000000000003,-0.08624538050966457,0.6000000000000003,-0.0875369009608693,0.6000000000000003,-0.08859628191322999,0.6000000000000003,-0.08948054227920099
0.6100000000000003,-0.04820001633574067,0.6100000000000003,-0.0547131369321201,0.6100000000000003,-0.06455521419371912,0.6100000000000003,-0.0715013570507973,0.6100000000000003,-0.0766154916403311,0.6100000000000003,-0.08052302188174942,0.6100000000000003,-0.08360150307070369,0.6100000000000003,-0.08608827195880275,0.6100000000000003,-0.08985816246544376,0.6100000000000003,-0.09258006141670871,0.6100000000000003,-0.09463697470521937,0.6100000000000003,-0.0962453643537613,0.6100000000000003,-0.09753688644835179,0.6100000000000003,-0.09859626874207594,0.6100000000000003,-0.09948053022329917
0.6200000000000003,-0.05819992674785512,0.6200000000000003,-0.0647130584398784,0.6200000000000003,-0.07455515113016276,0.6200000000000003,-0.08150130438923719,0.6200000000000003,-0.08661544649626007,0.6200000000000003,-0.09052298241852108,0.6200000000000003,-0.09360146804437564,0.6200000000000003,-0.0960882404889396,0.6200000000000003,-0.09985813633254881,0.6200000000000003,-0.1025800390900872,0.6200000000000003,-0.1046369552257106,0.6200000000000003,-0.1062453470820319,0.6200000000000003,-0.1075368709375412,0.6200000000000003,-0.1085962546678916,0.6200000000000003,-0.1094805173431115
0.6300000000000003,-0.06819983031666144,0.6300000000000003,-0.0747129740418131,0.6300000000000003,-0.08455508344765061,0.6300000000000003,-0.09150124794874881,0.6300000000000003,-0.09661539816232478,0.6300000000000003,-0.100522940199849,0.6300000000000003,-0.1036014305953781,0.6300000000000003,-0.1060882068589901,0.6300000000000003,-0.1098581084266719,0.6300000000000003,-0.1125800152614578,0.6300000000000003,-0.1146369344440953,0.6300000000000003,-0.116245328661554,0.6300000000000003,-0.1175368543992535,0.6300000000000003,-0.1185962396644781,0.6300000000000003,-0.1194805036148773
0.6400000000000003,-0.07819972679498055,0.6400000000000003,-0.08471288353120321,0.6400000000000003,-0.09455501099325714,0.6400000000000003,-0.1015011876095652,0.6400000000000003,-0.1066153465408005,0.6400000000000003,-0.1105228951435617,0.6400000000000003,-0.1136013906530107,0.6400000000000003,-0.1160881710070351,0.6400000000000003,-0.1198580786983757,0.6400000000000003,-0.1225799898897851,0.6400000000000003,-0.1246369123253493,0.6400000000000003,-0.1262453090618016,0.6400000000000003,-0.1275368368064592,0.6400000000000003,-0.1285962237075949,0.6400000000000003,-0.1294804890166266
0.6500000000000004,-0.08819961594856296,0.6500000000000004,-0.09471278671298167,0.6500000000000004,-0.1045549336237123,0.6500000000000004,-0.1115011232600767,0.6500000000000004,-0.1166152915409807,0.6500000000000004,-0.1205228471736155,0.6500000000000004,-0.1236013481520047,0.6500000000000004,-0.1260881328760199,0.6500000000000004,-0.1298580471022378,0.6500000000000004,-0.132579962937442,0.6500000000000004,-0.1346368888374049,0.6500000000000004,-0.1362452882548715,0.6500000000000004,-0.1375368181344727,0.6500000000000004,-0.1385962067751162,0.6500000000000004,-0.1394804735283176
0.6600000000000004,-0.0981994975587217,0.6600000000000004,-0.1047126834058061,0.6600000000000004,-0.1145548512067774,0.6600000000000004,-0.1215010547978131,0.6600000000000004,-0.1266152330799182,0.6600000000000004,-0.1305227962206779,0.6600000000000004,-0.1336013030329931,0.6600000000000004,-0.1360880924141472,0.6600000000000004,-0.1398580135971375,0.6600000000000004,-0.1425799343704337,0.6600000000000004,-0.1446368639513447,0.6600000000000004,-0.1462452662156195,0.6600000000000004,-0.1475367983610689,0.6600000000000004,-0.1485961888471371,0.6600000000000004,-0.1494804571319366
0.6700000000000004,-0.1081993714245781,0.6700000000000004,-0.1147125734438083,0.6700000000000004,-0.1245547636223625,0.6700000000000004,-0.1315009821302073,0.6700000000000004,-0.136615171082982,0.6700000000000004,-0.1405227422225568,0.6700000000000004,-0.1436012552428455,0.6700000000000004,-0.1460880495751474,0.6700000000000004,-0.1498579781464497,0.6700000000000004,-0.1525799041585457,0.6700000000000004,-0.1546368376414938,0.6700000000000004,-0.1562452429217548,0.6700000000000004,-0.1575367774665642,0.6700000000000004,-0.158596169906047,0.6700000000000004,-0.159480439811547
0.6800000000000004,-0.1181992373649118,0.6800000000000004,-0.1247124566779692,0.6800000000000004,-0.1345546707633479,0.6800000000000004,-0.141500905175144,0.6800000000000004,-0.1466151054842231,0.6800000000000004,-0.1505226851244658,0.6800000000000004,-0.1536012047348737,0.6800000000000004,-0.1560880043184422,0.6800000000000004,-0.1598579407181415,0.6800000000000004,-0.1625798722754025,0.6800000000000004,-0.164636809885478,0.6800000000000004,-0.1662452183538722,0.6800000000000004,-0.1675367554338423,0.6800000000000004,-0.1685961499365338,0.6800000000000004,-0.1694804215533112
0.6900000000000004,-0.1281990952195534,0.6900000000000004,-0.1347123329771251,0.6900000000000004,-0.1445545725361449,0.6900000000000004,-0.1515008238612747,0.6900000000000004,-0.1566150362265875,0.6900000000000004,-0.1605226248791572,0.6900000000000004,-0.1636011514689087,0.6900000000000004,-0.1660879566091845,0.6900000000000004,-0.1698579012847903,0.6900000000000004,-0.1725798386984733,0.6900000000000004,-0.1746367806642173,0.6900000000000004,-0.1762451924954433,0.6900000000000004,-0.1775367322483332,0.6900000000000004,-0.1785961289255847,0.6900000000000004,-0.1794804023454716
0.7000000000000004,-0.1381989448503416,0.7000000000000004,-0.1447122022286081,0.7000000000000004,-0.1545544688609826,0.7000000000000004,-0.1615007381281525,0.7000000000000004,-0.166614963261953,0.7000000000000004,-0.1705225614469145,0.7000000000000004,-0.1736010954112805,0.7000000000000004,-0.1760879064182312,0.7000000000000004,-0.1798578598235325,0.7000000000000004,-0.1825798034090179,0.7000000000000004,-0.1846367499618639,0.7000000000000004,-0.1862451653327594,0.7000000000000004,-0.1875367078979664,0.7000000000000004,-0.1885961068624209,0.7000000000000004,-0.1894803821782984
0.7100000000000004,-0.1481987861416469,0.7100000000000004,-0.1547120643385266,0.7100000000000004,-0.1645543596719534,0.7100000000000004,-0.1715006479261716,0.7100000000000004,-0.1766148865510324,0.7100000000000004,-0.1805224947954452,0.7100000000000004,-0.1836010365346931,0.7100000000000004,-0.1860878537220119,0.7100000000000004,-0.189857816315946,0.7100000000000004,-0.1925797663919742,0.7100000000000004,-0.194636717765708,0.7100000000000004,-0.1962451368548414,0.7100000000000004,-0.1975366823730883,0.7100000000000004,-0.1985960837384354,0.7100000000000004,-0.1994803610440223
0.7200000000000004,-0.1581986190004849,0.7200000000000004,-0.1647119192317408,0.7200000000000004,-0.17455424491684,0.7200000000000004,-0.1815005532163542,0.7200000000000004,-0.1866148060631483,0.7200000000000004,-0.1905224248996523,0.7200000000000004,-0.1936009748180189,0.7200000000000004,-0.1960877985023415,0.7200000000000004,-0.1998577707478826,0.7200000000000004,-0.2025797276358078,0.7200000000000004,-0.2046366840660419,0.7200000000000004,-0.2062451070533173,0.7200000000000004,-0.2075366556663456,0.7200000000000004,-0.2085960595470743,0.7200000000000004,-0.2094803389367403
0.7300000000000004,-0.1681984433562789,0.7300000000000004,-0.1747117668515429,0.7300000000000004,-0.1845541245567517,0.7300000000000004,-0.1915004539699994,0.7300000000000004,-0.1966147217759192,0.7300000000000004,-0.2005223517413537,0.7300000000000004,-0.2036009102460282,0.7300000000000004,-0.206087740746166,0.7300000000000004,-0.209857723109254,0.7300000000000004,-0.2125796871323399,0.7300000000000004,-0.2146366488560012,0.7300000000000004,-0.216245075922284,0.7300000000000004,-0.217536627772569,0.7300000000000004,-0.2185960342837419,0.7300000000000004,-0.2194803158523141
0.7400000000000004,-0.1781982591602987,0.7400000000000004,-0.1847116071590887,0.7400000000000004,-0.1945539985656116,0.7400000000000004,-0.2015003501682303,0.7400000000000004,-0.2066146336748389,0.7400000000000004,-0.2105222753089132,0.7400000000000004,-0.2136008428090744,0.7400000000000004,-0.2160876804452831,0.7400000000000004,-0.2198576733937968,0.7400000000000004,-0.2225796448765329,0.7400000000000004,-0.2246366121313853,0.7400000000000004,-0.2262450434581491,0.7400000000000004,-0.2275365986886195,0.7400000000000004,-0.2285960079456548,0.7400000000000004,-0.2294802917882464
0.7500000000000004,-0.1881980663848239,0.7500000000000004,-0.1947114401326404,0.7500000000000004,-0.2045538669295093,0.7500000000000004,-0.2115002418014369,0.7500000000000004,-0.2166145417528283,0.7500000000000004,-0.2205221955968323,0.7500000000000004,-0.2236007725027264,0.7500000000000004,-0.2260876175960164,0.7500000000000004,-0.2298576215988023,0.7500000000000004,-0.2325796008662681,0.7500000000000004,-0.2346365738904698,0.7500000000000004,-0.2362450096594597,0.7500000000000004,-0.2375365684132462,0.7500000000000004,-0.2385959805317154,0.7500000000000004,-0.2394802667435617
0.7600000000000005,-0.1981978650221013,0.7600000000000005,-0.2047112657666315,0.7600000000000005,-0.2145537296459552,0.7600000000000005,-0.2215001288686783,0.7600000000000005,-0.2266144460097016,0.7600000000000005,-0.2305221126053174,0.7600000000000005,-0.2336006993273889,0.7600000000000005,-0.2360875521988675,0.7600000000000005,-0.239857567724849,0.7600000000000005,-0.2425795551021174,0.7600000000000005,-0.244636534133796,0.7600000000000005,-0.2462449745267253,0.7600000000000005,-0.2475365369469259,0.7600000000000005,-0.2485959520423698,0.7600000000000005,-0.2494802407186718
0.7700000000000005,-0.2081976550831206,0.7700000000000005,-0.214711084070622,0.7700000000000005,-0.2245535867230755,0.7700000000000005,-0.2315000113770188,0.7700000000000005,-0.2366143464516379,0.7700000000000005,-0.240522026339809,0.7700000000000005,-0.2436006232878942,0.7700000000000005,-0.2460874842581751,0.7700000000000005,-0.2498575117755016,0.7700000000000005,-0.2525795075871003,0.7700000000000005,-0.254636492863977,0.7700000000000005,-0.2562449380622415,0.7700000000000005,-0.2575365042917032,0.7700000000000005,-0.2585959224794594,0.7700000000000005,-0.259480213715258
0.7800000000000005,-0.2181974365962718,0.7800000000000005,-0.2247108950681589,0.7800000000000005,-0.2345534381787538,0.7800000000000005,-0.2414998893408592,0.7800000000000005,-0.2466142430906221,0.7800000000000005,-0.2505219368105208,0.7800000000000005,-0.2536005443931099,0.7800000000000005,-0.2560874137817493,0.7800000000000005,-0.2598574537570502,0.7800000000000005,-0.2625794583264573,0.7800000000000005,-0.2646364500854912,0.7800000000000005,-0.2662449002699167,0.7800000000000005,-0.2675364704510425,0.7800000000000005,-0.2685958918460924,0.7800000000000005,-0.2694801857361305
0.7900000000000005,-0.2281972096059253,0.7900000000000005,-0.2347106987955899,0.7900000000000005,-0.244553284039753,0.7900000000000005,-0.2514997627812486,0.7900000000000005,-0.2566141359438816,0.7900000000000005,-0.2605218440319601,0.7900000000000005,-0.263600462655519,0.7900000000000005,-0.2660873407805222,0.7900000000000005,-0.2698573936782031,0.7900000000000005,-0.272579407327402,0.7900000000000005,-0.274636405804481,0.7900000000000005,-0.2762448611550926,0.7900000000000005,-0.2775364354296614,0.7900000000000005,-0.2785958601464936,0.7900000000000005,-0.2794801567851166
0.8000000000000005,-0.2381969741709643,0.8000000000000005,-0.2447104953008583,0.8000000000000005,-0.2545531243408348,0.8000000000000005,-0.2614996317252034,0.8000000000000005,-0.2666140250333415,0.8000000000000005,-0.2705217480224729,0.8000000000000005,-0.2736003780908446,0.8000000000000005,-0.2760872652682037,0.8000000000000005,-0.2798573315498332,0.8000000000000005,-0.2825793545989043,0.8000000000000005,-0.28463636002857,0.8000000000000005,-0.2862448207243833,0.8000000000000005,-0.2875363992334,0.8000000000000005,-0.2885958273858823,0.8000000000000005,-0.2894801268669329
0.8100000000000005,-0.2481967303633066,0.8100000000000005,-0.2547102846422917,0.8100000000000005,-0.2645529591239,0.8100000000000005,-0.2714994962050329,0.8100000000000005,-0.2766139103850798,0.8100000000000005,-0.2805216488038095,0.8100000000000005,-0.2836002907176531,0.8100000000000005,-0.2860871872609578,0.8100000000000005,-0.2898572673847122,0.8100000000000005,-0.2925793001514836,0.8100000000000005,-0.2946363127666748,0.8100000000000005,-0.296244778985516,0.8100000000000005,-0.2975363618690671,0.8100000000000005,-0.2985957935703458,0.8100000000000005,-0.2994800959870794
0.8200000000000005,-0.2581964782664539,0.8200000000000005,-0.2647100668874225,0.8200000000000005,-0.2745527884371443,0.8200000000000005,-0.2814993562577174,0.8200000000000005,-0.2866137920288306,0.8200000000000005,-0.2905215464006726,0.8200000000000005,-0.2936002005570024,0.8200000000000005,-0.2960871067770808,0.8200000000000005,-0.2998572011972588,0.8200000000000005,-0.3025792439969889,0.8200000000000005,-0.3046362640288289,0.8200000000000005,-0.306244735947182,0.8200000000000005,-0.3075363233443231,0.8200000000000005,-0.3085957587067213,0.8200000000000005,-0.3094800641517286
0.8300000000000005,-0.2681962179740747,0.8300000000000005,-0.2747098421118479,0.8300000000000005,-0.284552612334253,0.8300000000000005,-0.2914992119242856,0.8300000000000005,-0.2966136699974824,0.8300000000000005,-0.30052144084035,0.8300000000000005,-0.3036001076321077,0.8300000000000005,-0.3060870238367106,0.8300000000000005,-0.309857133003319,0.8300000000000005,-0.3125791861484299,0.8300000000000005,-0.3146362138260397,0.8300000000000005,-0.3162446916189029,0.8300000000000005,-0.3175362836675457,0.8300000000000005,-0.3185957228024884,0.8300000000000005,-0.3194800313676296
0.8400000000000005,-0.278195949588644,0.8400000000000005,-0.2847096103981333,0.8400000000000005,-0.2945524308736472,0.8400000000000005,-0.3014990632492448,0.8400000000000005,-0.3066135443266415,0.8400000000000005,-0.310521332152318,0.8400000000000005,-0.3136000119680095,0.8400000000000005,-0.3160869384615524,0.8400000000000005,-0.3198570628199406,0.8400000000000005,-0.3225791266197819,0.8400000000000005,-0.3246361621701205,0.8400000000000005,-0.3262446460108945,0.8400000000000005,-0.3275362428477273,0.8400000000000005,-0.3285956858656697,0.8400000000000005,-0.3294799976420221
0.8500000000000005,-0.2881956732201678,0.8500000000000005,-0.2947093718348002,0.8500000000000005,-0.3045522441177638,0.8500000000000005,-0.3114989102800555,0.8500000000000005,-0.316613415054195,0.8500000000000005,-0.320521220367905,0.8500000000000005,-0.3235999135912977,0.8500000000000005,-0.3260868506746359,0.8500000000000005,-0.329856990665186,0.8500000000000005,-0.3325790654258414,0.8500000000000005,-0.3346361090735692,0.8500000000000005,-0.3362445991339569,0.8500000000000005,-0.3375362008943653,0.8500000000000005,-0.3385956479047323,0.8500000000000005,-0.3394799629825439
0.8600000000000005,-0.2981953889849761,0.8600000000000005,-0.3047091265153637,0.8600000000000005,-0.3145520521324119,0.8600000000000005,-0.3214987530666317,0.8600000000000005,-0.3266132822199344,0.8600000000000005,-0.3305211055199717,0.8600000000000005,-0.3335998125298368,0.8600000000000005,-0.3360867605000704,0.8600000000000005,-0.3398569165579461,0.8600000000000005,-0.34257900258207,0.8600000000000005,-0.3446360545494375,0.8600000000000005,-0.346244550999365,0.8600000000000005,-0.3475361578173711,0.8600000000000005,-0.3485956089285186,0.8600000000000005,-0.3494799273971649
0.8700000000000006,-0.3081950970046187,0.8700000000000006,-0.3147088745374541,0.8700000000000006,-0.3245518549861557,0.8700000000000006,-0.3314985916608956,0.8700000000000006,-0.3366131458651985,0.8700000000000006,-0.3405209876426254,0.8700000000000006,-0.3435997088125222,0.8700000000000006,-0.3460866679628465,0.8700000000000006,-0.3498568405177824,0.8700000000000006,-0.3525789381044666,0.8700000000000006,-0.3546359986112262,0.8700000000000006,-0.3562445016187739,0.8700000000000006,-0.3575361136269922,0.8700000000000006,-0.3585955689461581,0.8700000000000006,-0.3594798908941175
0.8800000000000006,-0.318194797404837,0.8800000000000006,-0.3247086160020067,0.8800000000000006,-0.3345516527497744,0.8800000000000006,-0.3414984261163725,0.8800000000000006,-0.3466130060325563,0.8800000000000006,-0.3505208667709577,0.8800000000000006,-0.353599602469068,0.8800000000000006,-0.3560865730886424,0.8800000000000006,-0.3598567625647787,0.8800000000000006,-0.3625788720094475,0.8800000000000006,-0.3646359412727788,0.8800000000000006,-0.3662444510041335,0.8800000000000006,-0.3675360683337219,0.8800000000000006,-0.3685955279670027,0.8800000000000006,-0.369479853481832
0.8900000000000006,-0.3281944903146442,0.8900000000000006,-0.3347083510125393,0.8900000000000006,-0.3445514454957597,0.8900000000000006,-0.3514982564878264,0.8900000000000006,-0.356612862765519,0.8900000000000006,-0.3605207429408126,0.8900000000000006,-0.3635994935298014,0.8900000000000006,-0.3660864759036617,0.8900000000000006,-0.3698566827194129,0.8900000000000006,-0.3725788043137424,0.8900000000000006,-0.3746358825481971,0.8900000000000006,-0.3762443991676085,0.8900000000000006,-0.3775360219482513,0.8900000000000006,-0.3785954860005765,0.8900000000000006,-0.3794798151688898
0.9000000000000006,-0.3381941758654886,0.9000000000000006,-0.344708079674487,0.9000000000000006,-0.3545512332978801,0.9000000000000006,-0.361498082830923,0.9000000000000006,-0.366612716108292,0.9000000000000006,-0.3705206161885775,0.9000000000000006,-0.3735993820255001,0.9000000000000006,-0.3760863764344807,0.9000000000000006,-0.3798566010024416,0.9000000000000006,-0.3825787350342985,0.9000000000000006,-0.3846358224517602,0.9000000000000006,-0.3862443461215185,0.9000000000000006,-0.3875359744813975,0.9000000000000006,-0.3885954430565131,0.9000000000000006,-0.3894797759639685
0.9100000000000006,-0.3481938541905032,0.9100000000000006,-0.3547078020946225,0.9100000000000006,-0.3645510162307789,0.9100000000000006,-0.3714979052019571,0.9100000000000006,-0.3766125661055368,0.9100000000000006,-0.3805204865510038,0.9100000000000006,-0.3835992679872332,0.9100000000000006,-0.3860862747079188,0.9100000000000006,-0.3898565174347959,0.9100000000000006,-0.3925786641882004,0.9100000000000006,-0.3946357609978618,0.9100000000000006,-0.3962442918782739,0.9100000000000006,-0.3975359259440511,0.9100000000000006,-0.3985953991445114,0.9100000000000006,-0.3994797358758099
0.9200000000000006,-0.3581935254238456,0.9200000000000006,-0.3647075183805388,0.9200000000000006,-0.3745507943696343,0.9200000000000006,-0.3814977236575821,0.9200000000000006,-0.3866124128021859,0.9200000000000006,-0.3905203540650495,0.9200000000000006,-0.3935991514462307,0.9200000000000006,-0.3960861707509228,0.9200000000000006,-0.3998564320375005,0.9200000000000006,-0.4025785917925977,0.9200000000000006,-0.4046356982009411,0.9200000000000006,-0.406244236450321,0.9200000000000006,-0.4075358763471401,0.9200000000000006,-0.408595354274304,0.9200000000000006,-0.4094796949131739
0.9300000000000006,-0.3681931897001234,0.9300000000000006,-0.3747072286401913,0.9300000000000006,-0.3845505677898466,0.9300000000000006,-0.3914975382546013,0.9300000000000006,-0.396612256243267,0.9300000000000006,-0.4005202187677273,0.9300000000000006,-0.4035990324337599,0.9300000000000006,-0.4060860645904694,0.9300000000000006,-0.4098563448315888,0.9300000000000006,-0.4125785178646468,0.9300000000000006,-0.4146356340754395,0.9300000000000006,-0.416244179850105,0.9300000000000006,-0.41753582570159,0.9300000000000006,-0.4185953084556129,0.9300000000000006,-0.4194796530848207
0.9400000000000006,-0.3781928471538833,0.9400000000000006,-0.384706932981505,0.9400000000000006,-0.3945503365667841,0.9400000000000006,-0.4014973490497665,0.9400000000000006,-0.4066120964737526,0.9400000000000006,-0.410520080695998,0.9400000000000006,-0.4135989109810424,0.9400000000000006,-0.416085956253484,0.9400000000000006,-0.4198562558380454,0.9400000000000006,-0.422578442421453,0.9400000000000006,-0.4246355686357539,0.9400000000000006,-0.4262441220900323,0.9400000000000006,-0.42753577401828,0.9400000000000006,-0.428595261698123,0.9400000000000006,-0.429479610399468
0.9500000000000006,-0.3881924979191728,0.9500000000000006,-0.3947066315120366,0.9500000000000006,-0.4045501007755568,0.9500000000000006,-0.4114971560996235,0.9500000000000006,-0.4166119335384356,0.9500000000000006,-0.4205199398866697,0.9500000000000006,-0.4235987871191444,0.9500000000000006,-0.4260858457667566,0.9500000000000006,-0.4298561650777442,0.9500000000000006,-0.4325783654800276,0.9500000000000006,-0.4346355018961966,0.9500000000000006,-0.4362440631824315,0.9500000000000006,-0.4375357213080278,0.9500000000000006,-0.4385952140114603,0.9500000000000006,-0.4394795668657846
0.9600000000000006,-0.3981921421291763,0.9600000000000006,-0.4047063243386848,0.9600000000000006,-0.414549860490818,0.9600000000000006,-0.4214969594603649,0.9600000000000006,-0.4266117674818225,0.9600000000000006,-0.4305197963762993,0.9600000000000006,-0.4335986608789351,0.9600000000000006,-0.436085733156895,0.9600000000000006,-0.4398560725714081,0.9600000000000006,-0.4425782870572541,0.9600000000000006,-0.4446354338709673,0.9600000000000006,-0.4462440031395325,0.9600000000000006,-0.4475356675815604,0.9600000000000006,-0.4485951654051674,0.9600000000000006,-0.4494795224923576
0.9700000000000006,-0.4081917799158922,0.9700000000000006,-0.414706011567443,0.9700000000000006,-0.4245496157866092,0.9700000000000006,-0.43149675918772,0.9700000000000006,-0.4366115983480463,0.9700000000000006,-0.4405196502011328,0.9700000000000006,-0.4435985322909988,0.9700000000000006,-0.4460856184502647,0.9700000000000006,-0.4498559783395631,0.9700000000000006,-0.4525782071698522,0.9700000000000006,-0.4546353645741265,0.9700000000000006,-0.4562439419734449,0.9700000000000006,-0.4575356128494934,0.9700000000000006,-0.4585951158886932,0.9700000000000006,-0.4594794772876922
0.9800000000000006,-0.4181914114098745,0.9800000000000006,-0.4247056933032004,0.9800000000000006,-0.434549366736229,0.9800000000000006,-0.4414965553368579,0.9800000000000006,-0.4466114261807872,0.9800000000000006,-0.4505195013970404,0.9800000000000006,-0.4535984013856105,0.9800000000000006,-0.4560855016729518,0.9800000000000006,-0.4598558824025137,0.9800000000000006,-0.462578125834354,0.9800000000000006,-0.4646352940195765,0.9800000000000006,-0.4662438796961327,0.9800000000000006,-0.4675355571223211,0.9800000000000006,-0.468595065471368,0.9800000000000006,-0.4694794312601863
0.9900000000000007,-0.4281910367400263,0.9900000000000007,-0.4347053696495782,0.9900000000000007,-0.4445491134121136,0.9900000000000007,-0.4514963479623048,0.9900000000000007,-0.4566112510232186,0.9900000000000007,-0.4605193499994694,0.9900000000000007,-0.463598268192673,0.9900000000000007,-0.4660853828507292,0.9900000000000007,-0.4698557847803153,0.9900000000000007,-0.4725780430670874,0.9900000000000007,-0.474635222221039,0.9900000000000007,-0.4762438163194106,0.9900000000000007,-0.4775355004103966,0.9900000000000007,-0.4785950141624016,0.9900000000000007,-0.4794793844181263
1.000000000000001,-0.4381906560334193,1.000000000000001,-0.4447050407087899,1.000000000000001,-0.4545488558857661,1.000000000000001,-0.4614961371178912,1.000000000000001,-0.4666110729179622,1.000000000000001,-0.4705191960434117,1.000000000000001,-0.473598132741711,1.000000000000001,-0.4760852620090278,1.000000000000001,-0.4798556854927528,1.000000000000001,-0.4825779588841576,1.000000000000001,-0.4846351491920465,1.000000000000001,-0.4862437518549253,1.000000000000001,-0.4875354427239301,1.000000000000001,-0.4885949619708752,1.000000000000001,-0.4894793367696819
1.010000000000001,-0.4481902694151637,1.010000000000001,-0.4547047065815459,1.010000000000001,-0.4645485942276798,1.010000000000001,-0.4714959228566985,1.010000000000001,-0.4766108919070449,1.010000000000001,-0.4805190395633726,1.010000000000001,-0.4835979950618289,1.010000000000001,-0.4860851391729261,1.010000000000001,-0.489855584559328,1.010000000000001,-0.4925778733014289,1.010000000000001,-0.4946350749459372,1.010000000000001,-0.4962436863141528,1.010000000000001,-0.4975353840729786,1.010000000000001,-0.4985949089057256,1.010000000000001,-0.4994792883228956
1.020000000000001,-0.4581898770083126,1.020000000000001,-0.4647043673669735,1.020000000000001,-0.4745483285072913,1.020000000000001,-0.4814957052310259,1.020000000000001,-0.4866107080318817,1.020000000000001,-0.4905188805933486,1.020000000000001,-0.4935978551817064,1.020000000000001,-0.4960850143671228,1.020000000000001,-0.4998554819992518,1.020000000000001,-0.502577786334536,1.020000000000001,-0.5046349994958358,1.020000000000001,-0.5062436197083841,1.020000000000001,-0.5075353244674362,1.020000000000001,-0.5085948549757559,1.020000000000001,-0.5094792390856837
1.030000000000001,-0.4681894789337813,1.030000000000001,-0.4747040231625609,1.030000000000001,-0.4845480587929437,1.030000000000001,-0.4914954842923698,1.030000000000001,-0.496610521333247,1.030000000000001,-0.50051871916682,1.030000000000001,-0.5035977131295769,1.030000000000001,-0.5060848876159394,1.030000000000001,-0.5098553778314294,1.030000000000001,-0.5125776979988541,1.030000000000001,-0.5146349228546627,1.030000000000001,-0.5162435520487353,1.030000000000001,-0.5175352639170419,1.030000000000001,-0.518594800189616,1.030000000000001,-0.5194791890658259
1.040000000000001,-0.4781890753103116,1.040000000000001,-0.4847036740641257,1.040000000000001,-0.4945477851518727,1.040000000000001,-0.5014952600914044,1.040000000000001,-0.5066103318512841,1.040000000000001,-0.5105185553167338,1.040000000000001,-0.5135975689332344,1.040000000000001,-0.5160847589433163,1.040000000000001,-0.5198552720744677,1.040000000000001,-0.5225776083095158,1.040000000000001,-0.5246348450351248,1.040000000000001,-0.5262434833461312,1.040000000000001,-0.5275352024313664,1.040000000000001,-0.5285947445558181,1.040000000000001,-0.5294791382709785
1.050000000000001,-0.4881886662544406,1.050000000000001,-0.4947033201657972,1.050000000000001,-0.5045475076501924,1.050000000000001,-0.5114950326779834,1.050000000000001,-0.5166101396254773,1.050000000000001,-0.5205183890755122,1.050000000000001,-0.5235974226200212,1.050000000000001,-0.5260846283727962,1.050000000000001,-0.5298551647466696,1.050000000000001,-0.5325775172814045,1.050000000000001,-0.5346347660497157,1.050000000000001,-0.5362434136113198,1.050000000000001,-0.5375351400198215,1.050000000000001,-0.5385946880827218,1.050000000000001,-0.539479086708659
1.060000000000001,-0.4981882518804978,1.060000000000001,-0.5047029615600118,1.060000000000001,-0.5145472263528926,1.060000000000001,-0.521494802101137,1.060000000000001,-0.5266099446946755,1.060000000000001,-0.530518220475048,1.060000000000001,-0.5335972742168359,1.060000000000001,-0.5360844959275475,1.060000000000001,-0.5398550558660345,1.060000000000001,-0.5425774249291515,1.060000000000001,-0.5446346859107225,1.060000000000001,-0.5462433428548646,1.060000000000001,-0.5475350766916568,1.060000000000001,-0.5485946307785521,1.060000000000001,-0.549479034386258
1.070000000000001,-0.5081878323006266,1.070000000000001,-0.5147025983375249,1.070000000000001,-0.5245469413238583,1.070000000000001,-0.5314945684090785,1.070000000000001,-0.5366097470970876,1.070000000000001,-0.5405180495467189,1.070000000000001,-0.5435971237501397,1.070000000000001,-0.5460843616303536,1.070000000000001,-0.5498549454502675,1.070000000000001,-0.5525773312671484,1.070000000000001,-0.5546346046302252,1.070000000000001,-0.5562432710871462,1.070000000000001,-0.5575350124559639,1.070000000000001,-0.5585945726513802,1.070000000000001,-0.5594789813110376
1.080000000000001,-0.5181874076247951,1.080000000000001,-0.5247022305874299,1.080000000000001,-0.5345466526258721,1.080000000000001,-0.5414943316492228,1.080000000000001,-0.5466095468702969,1.080000000000001,-0.5505178763213833,1.080000000000001,-0.5535969712459634,1.080000000000001,-0.5560842255036289,1.080000000000001,-0.5598548335167786,1.080000000000001,-0.5625772363095477,1.080000000000001,-0.564634522220095,1.080000000000001,-0.566243198318373,1.080000000000001,-0.5675349473216806,1.080000000000001,-0.5685945137091508,1.080000000000001,-0.5694789274901358
1.090000000000001,-0.5281869779608462,1.090000000000001,-0.534701858397194,1.090000000000001,-0.5445463603206495,1.090000000000001,-0.5514940918682004,1.090000000000001,-0.5566093440512739,1.090000000000001,-0.5605177008294074,1.090000000000001,-0.563596816729914,1.090000000000001,-0.5660840875694271,1.090000000000001,-0.5698547200826999,1.090000000000001,-0.5725771400702668,1.090000000000001,-0.5746344386920166,1.090000000000001,-0.5762431245585824,1.090000000000001,-0.577534881297594,1.090000000000001,-0.5785944539596648,1.090000000000001,-0.5794788729305668
1.100000000000001,-0.538186543414541,1.100000000000001,-0.5447014818526982,1.100000000000001,-0.5545460644688597,1.100000000000001,-0.5614938491118822,1.100000000000001,-0.5666091386764022,1.100000000000001,-0.5705175231006705,1.100000000000001,-0.5735966602271974,1.100000000000001,-0.5760839478494489,1.100000000000001,-0.5798546051648859,1.100000000000001,-0.582577042563,1.100000000000001,-0.5846343540574768,1.100000000000001,-0.5862430498176475,1.100000000000001,-0.5875348143923439,1.100000000000001,-0.5885943934105965,1.100000000000001,-0.5894788176392249
1.110000000000001,-0.5481861040896177,1.110000000000001,-0.5547011010382722,1.110000000000001,-0.5645457651301596,1.110000000000001,-0.5714936034254012,1.110000000000001,-0.5766089307814846,1.110000000000001,-0.5805173431645925,1.110000000000001,-0.5835965017626222,1.110000000000001,-0.5860838063650577,1.110000000000001,-0.5898544887799257,1.110000000000001,-0.5925769438012252,1.110000000000001,-0.5946342683277823,1.110000000000001,-0.5962429741052798,1.110000000000001,-0.5975347466144294,1.110000000000001,-0.5985943320694956,1.110000000000001,-0.5994787616228936
1.120000000000001,-0.5581856600878509,1.120000000000001,-0.5647007160367585,1.120000000000001,-0.574545462363235,1.120000000000001,-0.5814933548531847,1.120000000000001,-0.5866087204017847,1.120000000000001,-0.5905171610501361,1.120000000000001,-0.5935963413606263,1.120000000000001,-0.5960836631372947,1.120000000000001,-0.5998543709441585,1.120000000000001,-0.6025768437982145,1.120000000000001,-0.6046341815140621,1.120000000000001,-0.6062428974310448,1.120000000000001,-0.6075346779722191,1.120000000000001,-0.6085942699437897,1.120000000000001,-0.6094787048882484
1.130000000000001,-0.5681852115091288,1.130000000000001,-0.5747003269295597,1.130000000000001,-0.5845451562258315,1.130000000000001,-0.591493103438984,1.130000000000001,-0.5966085075720309,1.130000000000001,-0.6005169767858467,1.130000000000001,-0.6035961790452874,1.130000000000001,-0.6060835181868904,1.130000000000001,-0.6098542516736851,1.130000000000001,-0.612576742567041,1.130000000000001,-0.6146340936272799,1.130000000000001,-0.6162428198043541,1.130000000000001,-0.6175346084739484,1.130000000000001,-0.6185942070407945,1.130000000000001,-0.6194786474418608
1.140000000000001,-0.5781847584515198,1.140000000000001,-0.584699933796702,1.140000000000001,-0.5945448467748072,1.140000000000001,-0.6014928492259031,1.140000000000001,-0.6066082923264606,1.140000000000001,-0.6105167903998625,1.140000000000001,-0.6135960148403393,1.140000000000001,-0.6160833715342865,1.140000000000001,-0.6198541309843715,1.140000000000001,-0.6225766401205902,1.140000000000001,-0.6246340046782415,1.140000000000001,-0.6262427412344891,1.140000000000001,-0.6275345381277373,1.140000000000001,-0.6285941433677131,1.140000000000001,-0.6294785892902024
1.150000000000001,-0.5881843010113562,1.150000000000001,-0.5946995367168966,1.150000000000001,-0.6045445340661738,1.150000000000001,-0.6114925922564424,1.150000000000001,-0.6166080746988383,1.150000000000001,-0.6205166019199371,1.150000000000001,-0.6235958487692079,1.150000000000001,-0.6260832231996502,1.150000000000001,-0.6298540088918784,1.150000000000001,-0.6325765364715746,1.150000000000001,-0.6346339146776038,1.150000000000001,-0.6362426617306017,1.150000000000001,-0.6375344669415903,1.150000000000001,-0.6385940789316533,1.150000000000001,-0.6394785304396549
1.160000000000001,-0.5981838392833135,1.160000000000001,-0.6046991357676129,1.160000000000001,-0.6145442181551372,1.160000000000001,-0.6214923325725237,1.160000000000001,-0.6266078547224893,1.160000000000001,-0.6305164113734749,1.160000000000001,-0.6335956808550102,1.160000000000001,-0.6360830732028923,1.160000000000001,-0.6398538854116602,1.160000000000001,-0.6425764316325445,1.160000000000001,-0.6446338236358878,1.160000000000001,-0.6462425813017207,1.160000000000001,-0.6475343949234051,1.160000000000001,-0.6485940137396204,1.160000000000001,-0.6494784708965121
1.170000000000001,-0.6081833733604998,1.170000000000001,-0.6146987310251351,1.170000000000001,-0.6245438990961586,1.170000000000001,-0.6314920702155373,1.170000000000001,-0.6366076324303261,1.170000000000001,-0.6405162187875471,1.170000000000001,-0.6435955111205922,1.170000000000001,-0.6460829215636813,1.170000000000001,-0.6498537605589874,1.170000000000001,-0.6525763256158983,1.170000000000001,-0.6546337315634834,1.170000000000001,-0.6562424999567694,1.170000000000001,-0.6575343220809822,1.170000000000001,-0.658593947798542,1.170000000000001,-0.6594784106669932
1.180000000000001,-0.6181829033345297,1.180000000000001,-0.6246983225646386,1.180000000000001,-0.6345435769429977,1.180000000000001,-0.6414918052263801,1.180000000000001,-0.6466074078548867,1.180000000000001,-0.6505160241889159,1.180000000000001,-0.6535953395885471,1.180000000000001,-0.6560827683014766,1.180000000000001,-0.6598536343489678,1.180000000000001,-0.6625762184338919,1.180000000000001,-0.6646336384706643,1.180000000000001,-0.6662424177045644,1.180000000000001,-0.6675342484220314,1.180000000000001,-0.6685938811152552,1.180000000000001,-0.6694783497572387
1.190000000000001,-0.628182429295629,1.190000000000001,-0.634697910460268,1.190000000000001,-0.6445432517487686,1.190000000000001,-0.6514915376454903,1.190000000000001,-0.6566071810283604,1.190000000000001,-0.6605158276040733,1.190000000000001,-0.6635951662812341,1.190000000000001,-0.6660826134355353,1.190000000000001,-0.6698535067965505,1.190000000000001,-0.6725761100986638,1.190000000000001,-0.6746335443676025,1.190000000000001,-0.6762423345538353,1.190000000000001,-0.677534173954185,1.190000000000001,-0.6785938136965315,1.190000000000001,-0.679478288173329
1.200000000000001,-0.6381819513327115,1.200000000000001,-0.6446974947852016,1.200000000000001,-0.6545429235659881,1.200000000000001,-0.6614912675128971,1.200000000000001,-0.6666069519826292,1.200000000000001,-0.6705156290592631,1.200000000000001,-0.67359499122081,1.200000000000001,-0.6760824569849445,1.200000000000001,-0.6798533779165512,1.200000000000001,-0.6825760006222382,1.200000000000001,-0.6846334492643704,1.200000000000001,-0.6862422505132283,1.200000000000001,-0.6875340986850006,1.200000000000001,-0.6885937455490749,1.200000000000001,-0.6894782259212796
1.210000000000001,-0.6481814695334777,1.210000000000001,-0.6546970756117289,1.210000000000001,-0.6645425924466417,1.210000000000001,-0.6714909948682596,1.210000000000001,-0.6766067207492981,1.210000000000001,-0.6805154285805097,1.210000000000001,-0.6835948144292536,1.210000000000001,-0.6860822989686343,1.210000000000001,-0.6898532477236712,1.210000000000001,-0.6925758900165447,1.210000000000001,-0.6946333531709644,1.210000000000001,-0.6962421655913198,1.210000000000001,-0.6975340226219743,1.210000000000001,-0.6985936766795375,1.210000000000001,-0.6994781630070648
1.220000000000001,-0.6581809839845053,1.220000000000001,-0.6646966530113293,1.220000000000001,-0.6745422584422278,1.220000000000001,-0.6814907197509106,1.220000000000001,-0.6866064873597338,1.220000000000001,-0.6905152261936494,1.220000000000001,-0.6935946359283847,1.220000000000001,-0.6960821394054081,1.220000000000001,-0.6998531162325095,1.220000000000001,-0.7025757782934323,1.220000000000001,-0.7046332560973122,1.220000000000001,-0.7062420797966283,1.220000000000001,-0.7075339457725544,1.220000000000001,-0.7085936070945225,1.220000000000001,-0.7094780994366064
1.230000000000001,-0.6681804947713361,1.230000000000001,-0.674696227054756,1.230000000000001,-0.684541921603825,1.230000000000001,-0.6914904421999093,1.230000000000001,-0.6966062518451022,1.230000000000001,-0.7005150219243679,1.230000000000001,-0.7035944557399071,1.230000000000001,-0.7060819783139624,1.230000000000001,-0.7098529834575845,1.230000000000001,-0.7125756654646849,1.230000000000001,-0.714633158053289,1.230000000000001,-0.7162419931376259,1.230000000000001,-0.7175338681441416,1.230000000000001,-0.7185935368005929,1.230000000000001,-0.7194780352158026
1.240000000000001,-0.6781800019785823,1.240000000000001,-0.6846957978120985,1.240000000000001,-0.6945415819821541,1.240000000000001,-0.7014901622540842,1.240000000000001,-0.7066060142364097,1.240000000000001,-0.710514815798225,1.240000000000001,-0.7135942738854225,1.240000000000001,-0.7160818157129177,1.240000000000001,-0.7198528494133595,1.240000000000001,-0.7225755515420429,1.240000000000001,-0.724633059048726,1.240000000000001,-0.7262419056227483,1.240000000000001,-0.7275337897441089,1.240000000000001,-0.7285934658042912,1.240000000000001,-0.72947797035052
1.250000000000001,-0.6881795056900148,1.250000000000001,-0.694695365352882,1.250000000000001,-0.7045412396276282,1.250000000000001,-0.7114898799520829,1.250000000000001,-0.7166057745645433,1.250000000000001,-0.720514607840704,1.250000000000001,-0.7235940903864702,1.250000000000001,-0.7260816516208404,1.250000000000001,-0.729852714114263,1.250000000000001,-0.7325754365372134,1.250000000000001,-0.7346329590934351,1.250000000000001,-0.7362418172604125,1.250000000000001,-0.7375337105798143,1.250000000000001,-0.7385933941121404,1.250000000000001,-0.7394779048466144
1.260000000000001,-0.6981790059886592,1.260000000000001,-0.704694929746143,1.260000000000001,-0.7145408945904302,1.260000000000001,-0.7214895953324275,1.260000000000001,-0.726605532860316,1.260000000000001,-0.73051439807723,1.260000000000001,-0.7335939052645548,1.260000000000001,-0.7360814860562723,1.260000000000001,-0.7398525775747002,1.260000000000001,-0.742575320461898,1.260000000000001,-0.7446328581972184,1.260000000000001,-0.7462417280590289,1.260000000000001,-0.7475336306586065,1.260000000000001,-0.7485933217306564,1.260000000000001,-0.7494778387099318
1.270000000000001,-0.7081785029568978,1.270000000000001,-0.7146944910605114,1.270000000000001,-0.7245405469205705,1.270000000000001,-0.7314893084335622,1.270000000000001,-0.7366052891545051,1.270000000000001,-0.7405141865332232,1.270000000000001,-0.7435937185411831,1.270000000000001,-0.746081319037764,1.270000000000001,-0.749852439809098,1.270000000000001,-0.7525752033278054,1.270000000000001,-0.754632756369889,1.270000000000001,-0.7562416380270159,1.270000000000001,-0.7575335499878433,1.270000000000001,-0.7585932486663667,1.270000000000001,-0.759477771946329
1.280000000000001,-0.7181779966765697,1.280000000000001,-0.7246940493642996,1.280000000000001,-0.7345401966679628,1.280000000000001,-0.7414890192939199,1.280000000000001,-0.7466050434779123,1.280000000000001,-0.7505139732341372,1.280000000000001,-0.7535935302379007,1.280000000000001,-0.7560811505839031,1.280000000000001,-0.7598523008319091,1.280000000000001,-0.7625750851466797,1.280000000000001,-0.7646326536212869,1.280000000000001,-0.76624154717282,1.280000000000001,-0.7675334685749041,1.280000000000001,-0.7685931749258127,1.280000000000001,-0.769477704561683
1.290000000000001,-0.7281774872290674,1.290000000000001,-0.7346936047255952,1.290000000000001,-0.7445398438824893,1.290000000000001,-0.7514887279519741,1.290000000000001,-0.7566047958614054,1.290000000000001,-0.7605137582054995,1.290000000000001,-0.7635933403763261,1.290000000000001,-0.7660809807133507,1.290000000000001,-0.7698521606576584,1.290000000000001,-0.7725749659303165,1.290000000000001,-0.7746325499613006,1.290000000000001,-0.7762414555049293,1.290000000000001,-0.7775333864272086,1.290000000000001,-0.7785931005155772,1.290000000000001,-0.7794776365618936
1.300000000000001,-0.7381769746954449,1.300000000000001,-0.7446931572123475,1.300000000000001,-0.7545394886140758,1.300000000000001,-0.7614884344463011,1.300000000000001,-0.7666045463359695,1.300000000000001,-0.77051354147296,1.300000000000001,-0.7735931489781962,1.300000000000001,-0.7760808094448802,1.300000000000001,-0.7798520193009606,1.300000000000001,-0.7825748456905969,1.300000000000001,-0.7846324453998961,1.300000000000001,-0.7862413630318899,1.300000000000001,-0.7875333035522296,1.300000000000001,-0.7885930254422862,1.300000000000001,-0.7894775679529122
1.310000000000001,-0.7481764591565235,1.310000000000001,-0.7546927068924678,1.310000000000001,-0.7645391309127793,1.310000000000001,-0.7714881388156529,1.310000000000001,-0.7766042949327776,1.310000000000001,-0.7805133230623412,1.310000000000001,-0.7835929560654081,1.310000000000001,-0.7860806367974063,1.310000000000001,-0.7898518767765557,1.310000000000001,-0.7925747244395095,1.310000000000001,-0.7946323399471203,1.310000000000001,-0.796241269762338,1.310000000000001,-0.7975332199575148,1.310000000000001,-0.7985929497126354,1.310000000000001,-0.7994774987407497
1.320000000000001,-0.7581759406930018,1.320000000000001,-0.7646922538339209,1.320000000000001,-0.7745387708288565,1.320000000000001,-0.7814878410990201,1.320000000000001,-0.7866040416832308,1.320000000000001,-0.7905131029996879,1.320000000000001,-0.7935927616600673,1.320000000000001,-0.7960804627900382,1.320000000000001,-0.7998517330993519,1.320000000000001,-0.8025746021891774,1.320000000000001,-0.8046322336131526,1.320000000000001,-0.8062411757050061,1.320000000000001,-0.8075331356507049,1.320000000000001,-0.8085928733334046,1.320000000000001,-0.8094774289314883
1.330000000000001,-0.7681754193855614,1.330000000000001,-0.7746917981048339,1.330000000000001,-0.7845384084128607,1.330000000000001,-0.791487541335707,1.330000000000001,-0.7966037866190417,1.330000000000001,-0.8005128813113301,1.330000000000001,-0.8035925657845331,1.330000000000001,-0.8060802874421206,1.330000000000001,-0.8098515882844417,1.330000000000001,-0.8125744789518959,1.330000000000001,-0.8146321264083093,1.330000000000001,-0.8162410808687626,1.330000000000001,-0.8175330506395527,1.330000000000001,-0.8185927963114753,1.330000000000001,-0.8194773585313117
1.340000000000001,-0.7781748953149825,1.340000000000001,-0.7846913397735987,1.340000000000001,-0.7945380437157241,1.340000000000001,-0.8014872395654182,1.340000000000001,-0.8066035297722939,1.340000000000001,-0.8105126580239385,1.340000000000001,-0.813592368461485,1.340000000000001,-0.8160801107732852,1.340000000000001,-0.8198514423471728,1.340000000000001,-0.8225743547401627,1.340000000000001,-0.8246320183430893,1.340000000000001,-0.8262409852626292,1.340000000000001,-0.8275329649319572,1.340000000000001,-0.8285927186538546,1.340000000000001,-0.8294772875465078
1.350000000000001,-0.788174368562269,1.350000000000001,-0.7946908789089761,1.350000000000001,-0.8045376767888646,1.350000000000001,-0.811486935828332,1.350000000000001,-0.8166032711755149,1.350000000000001,-0.820512433164591,1.350000000000001,-0.823592169713969,1.350000000000001,-0.8260799328035014,1.350000000000001,-0.8298512953031669,1.350000000000001,-0.8325742295667183,1.350000000000001,-0.8346319094282011,1.350000000000001,-0.8362408888958153,1.350000000000001,-0.8375328785359724,1.350000000000001,-0.8385926403676991,1.350000000000001,-0.8394772159835104
1.360000000000001,-0.7981738392087588,1.360000000000001,-0.8046904155802246,1.360000000000001,-0.8145373076842779,1.360000000000001,-0.8214866301651951,1.360000000000001,-0.8266030108617615,1.360000000000001,-0.8305122067608496,1.360000000000001,-0.8335919695654684,1.360000000000001,-0.8360797535531319,1.360000000000001,-0.8398511471683817,1.360000000000001,-0.8425741034445906,1.360000000000001,-0.8446317996745973,1.360000000000001,-0.8462407917777413,1.360000000000001,-0.8475327914598558,1.360000000000001,-0.8485925614603403,1.360000000000001,-0.8494771438489047
1.370000000000001,-0.8081733073362614,1.370000000000001,-0.8146899498572026,1.370000000000001,-0.8245369364546454,1.370000000000001,-0.8314863226174186,1.370000000000001,-0.8366027488647008,1.370000000000001,-0.8405119788408277,1.370000000000001,-0.8435917680399673,1.370000000000001,-0.8460795730430024,1.370000000000001,-0.8498509979591562,1.370000000000001,-0.8525739763871272,1.370000000000001,-0.8546316890935214,1.370000000000001,-0.8562406939180869,1.370000000000001,-0.8575327037120841,1.370000000000001,-0.8585924819393117,1.370000000000001,-0.859477071149462
1.380000000000001,-0.8181727730271708,1.380000000000001,-0.8246894818105089,1.380000000000001,-0.834536563153452,1.380000000000001,-0.8414860132271751,1.380000000000001,-0.8466024852187002,1.380000000000001,-0.850511749433277,1.380000000000001,-0.8535915651620368,1.380000000000001,-0.8560793912944641,1.380000000000001,-0.8598508476922774,1.380000000000001,-0.8625738484080651,1.380000000000001,-0.8646315776965375,1.380000000000001,-0.8662405953268187,1.380000000000001,-0.8675326153013975,1.380000000000001,-0.8685924018123816,1.380000000000001,-0.8694769978921687
1.390000000000001,-0.8281722363646155,1.390000000000001,-0.8346890115115975,1.390000000000001,-0.8445361878351003,1.390000000000001,-0.8514857020375155,1.390000000000001,-0.8566022199589323,1.390000000000001,-0.8605115185676784,1.390000000000001,-0.8635913609568976,1.390000000000001,-0.8660792083294642,1.390000000000001,-0.8698506963850291,1.390000000000001,-0.8725737195215643,1.390000000000001,-0.8746314654955974,1.390000000000001,-0.8762404960142369,1.390000000000001,-0.877532526236829,1.390000000000001,-0.8785923210875879,1.390000000000001,-0.8794769240842587
1.400000000000001,-0.8381716974325846,1.400000000000001,-0.8446885390329187,1.400000000000001,-0.8545358105550401,1.400000000000001,-0.8614853890924785,1.400000000000001,-0.8666019531214707,1.400000000000001,-0.8705112862743348,1.400000000000001,-0.8735911554505245,1.400000000000001,-0.8760790241706388,1.400000000000001,-0.8798505440552744,1.400000000000001,-0.8825735897422836,1.400000000000001,-0.8846313525030703,1.400000000000001,-0.8862403959910208,1.400000000000001,-0.8875324365277575,1.400000000000001,-0.8885922397732755,1.400000000000001,-0.8894768497332396
1.410000000000001,-0.8481711563160733,1.410000000000001,-0.8546880644480696,1.410000000000001,-0.8645354313699039,1.410000000000001,-0.8714850744372091,1.410000000000001,-0.8766016847434078,1.410000000000001,-0.8805110525844709,1.410000000000001,-0.8835909486697285,1.410000000000001,-0.8860788388413828,1.410000000000001,-0.8898503907215196,1.410000000000001,-0.8925734590854284,1.410000000000001,-0.8946312387318158,1.410000000000001,-0.8962402952682766,1.410000000000001,-0.8975323461839387,1.410000000000001,-0.8985921578781367,1.410000000000001,-0.8994767748469414
1.420000000000001,-0.8581706131012294,1.420000000000001,-0.8646875878319152,1.420000000000001,-0.8745350503376365,1.420000000000001,-0.8814847581180989,1.420000000000001,-0.8866014148629742,1.420000000000001,-0.8905108175303486,1.420000000000001,-0.8935907406422656,1.420000000000001,-0.8960786523659532,1.420000000000001,-0.899850236402997,1.420000000000001,-0.9025733275668358,1.420000000000001,-0.9046311241952414,1.420000000000001,-0.9062401938575979,1.420000000000001,-0.9075322552155697,1.420000000000001,-0.9085920754112576,1.420000000000001,-0.90947669943355
1.430000000000001,-0.868170067875495,1.430000000000001,-0.8746871092607643,1.430000000000001,-0.8845346675176499,1.430000000000001,-0.8914844401829145,1.430000000000001,-0.8966011435196664,1.430000000000001,-0.900510581145381,1.430000000000001,-0.9035905313969356,1.430000000000001,-0.9060784647695665,1.430000000000001,-0.9098500811197496,1.430000000000001,-0.9125731952030405,1.430000000000001,-0.9146310089073618,1.430000000000001,-0.9162400917711215,1.430000000000001,-0.9175321636333303,1.430000000000001,-0.9185919923821625,1.430000000000001,-0.9194766235016592
1.440000000000001,-0.8781695207277671,1.440000000000001,-0.884686628812507,1.440000000000001,-0.8945342829709735,1.440000000000001,-0.9014841206809457,1.440000000000001,-0.9066008707543713,1.440000000000001,-0.9105103434642517,1.440000000000001,-0.9135903209637062,1.440000000000001,-0.9160782760785025,1.440000000000001,-0.9198499248927277,1.440000000000001,-0.922573062011354,1.440000000000001,-0.9246308928828808,1.440000000000001,-0.9262399890215918,1.440000000000001,-0.9275320714484513,1.440000000000001,-0.9285919088008815,1.440000000000001,-0.9294765470603122
1.450000000000001,-0.8881689717485437,1.450000000000001,-0.8946861465667703,1.450000000000001,-0.9045338967604023,1.450000000000001,-0.91148379966315,1.450000000000001,-0.9166005966095165,1.450000000000001,-0.9205101045230571,1.450000000000001,-0.9235901093738282,1.450000000000001,-0.9260780863202189,1.450000000000001,-0.9298497677438804,1.450000000000001,-0.9325729280099593,1.450000000000001,-0.9346307761372596,1.450000000000001,-0.9362398856224287,1.450000000000001,-0.9375319786727693,1.450000000000001,-0.9385918246779891,1.450000000000001,-0.9394764701190643
1.460000000000001,-0.8981684210300749,1.460000000000001,-0.9046856626050893,1.460000000000001,-0.9145335089506652,1.460000000000001,-0.9214834771823089,1.460000000000001,-0.9266003211292163,1.460000000000001,-0.9305098643594266,1.460000000000001,-0.9335898966599612,1.460000000000001,-0.9360778955234712,1.460000000000001,-0.9398496096962622,1.460000000000001,-0.9425727932179984,1.460000000000001,-0.9446306586868084,1.460000000000001,-0.9462397815878085,1.460000000000001,-0.9475318853188025,1.460000000000001,-0.9485917400246766,1.460000000000001,-0.9494763926880281
1.470000000000001,-0.9081678686665204,1.470000000000001,-0.9146851770110541,1.470000000000001,-0.9245331196085828,1.470000000000001,-0.9314831532931851,1.470000000000001,-0.9366000443594089,1.470000000000001,-0.9405096230126729,1.470000000000001,-0.9435896828563137,1.470000000000001,-0.9460777037184331,1.470000000000001,-0.9498494507741447,1.470000000000001,-0.9525726576556635,1.470000000000001,-0.9546305405487642,1.470000000000001,-0.956239676932734,1.470000000000001,-0.9575317913998116,1.470000000000001,-0.9585916548528214,1.470000000000001,-0.9594763147779426
1.480000000000001,-0.918167314754094,1.480000000000001,-0.9246846898704675,1.480000000000001,-0.9345327288032244,1.480000000000001,-0.9414828280526787,1.480000000000001,-0.9465997663480178,1.480000000000001,-0.9505093805239389,1.480000000000001,-0.9535894679987641,1.480000000000001,-0.9560775109368229,1.480000000000001,-0.9598492910031254,1.480000000000001,-0.9625725213443079,1.480000000000001,-0.9646304217413829,1.480000000000001,-0.9662395716731221,1.480000000000001,-0.9675316969298875,1.480000000000001,-0.9685915691750444,1.480000000000001,-0.9694762364002385
1.490000000000001,-0.9281667593912049,1.490000000000001,-0.93468420127149,1.490000000000001,-0.9445323366060693,1.490000000000001,-0.9514825015199826,1.490000000000001,-0.9565994871451,1.490000000000001,-0.9605091369363273,1.490000000000001,-0.9635892521250107,1.490000000000001,-0.9660773172120368,1.490000000000001,-0.9698491304102415,1.490000000000001,-0.9725723843065435,1.490000000000001,-0.9746303022840399,1.490000000000001,-0.9762394658258854,1.490000000000001,-0.9775316019240149,1.490000000000001,-0.9785914830047918,1.490000000000001,-0.9794761575670953
1.5,-0.9381662026785873,1.5,-0.9446837113047958,1.5,-0.9545319430911505,1.5,-0.9614821737567256,1.5,-0.9665992068029842,1.5,-0.9705088922950496,1.5,-0.9735890352746932,1.5,-0.9760771225792673,1.5,-0.9798489690240891,1.5,-0.9825722465663361,1.5,-0.9846301821973081,1.5,-0.9862393594090143,1.5,-0.9875315063981612,1.5,-0.9885913963563993,1.5,-0.9894760782915142
