pch18_Cdd_Cgg (ll=4e-07) X,pch18_Cdd_Cgg (ll=4e-07) Y,pch18_Cdd_Cgg (ll=5e-07) X,pch18_Cdd_Cgg (ll=5e-07) Y,pch18_Cdd_Cgg (ll=6e-07) X,pch18_Cdd_Cgg (ll=6e-07) Y,pch18_Cdd_Cgg (ll=7e-07) X,pch18_Cdd_Cgg (ll=7e-07) Y,pch18_Cdd_Cgg (ll=8e-07) X,pch18_Cdd_Cgg (ll=8e-07) Y,pch18_Cdd_Cgg (ll=9e-07) X,pch18_Cdd_Cgg (ll=9e-07) Y,pch18_Cdd_Cgg (ll=1e-06) X,pch18_Cdd_Cgg (ll=1e-06) Y,pch18_Cdd_Cgg (ll=1.2e-06) X,pch18_Cdd_Cgg (ll=1.2e-06) Y,pch18_Cdd_Cgg (ll=1.4e-06) X,pch18_Cdd_Cgg (ll=1.4e-06) Y,pch18_Cdd_Cgg (ll=1.6e-06) X,pch18_Cdd_Cgg (ll=1.6e-06) Y,pch18_Cdd_Cgg (ll=1.8e-06) X,pch18_Cdd_Cgg (ll=1.8e-06) Y,pch18_Cdd_Cgg (ll=2e-06) X,pch18_Cdd_Cgg (ll=2e-06) Y,pch18_Cdd_Cgg (ll=2.2e-06) X,pch18_Cdd_Cgg (ll=2.2e-06) Y,pch18_Cdd_Cgg (ll=2.4e-06) X,pch18_Cdd_Cgg (ll=2.4e-06) Y,pch18_Cdd_Cgg (ll=3.5e-07) X,pch18_Cdd_Cgg (ll=3.5e-07) Y
0,0.1983256952307882,0,0.1677002687362934,0,0.1453056820968277,0,0.1282038288287561,0,0.1147116292317657,0,0.103793154709069,0,0.09477503105050401,0,0.08074773048356909,0,0.07033978676875427,0,0.06230975882114916,0,0.05592594758246282,0,0.05072902741614792,0,0.04641606083754373,0,0.042779145460051,0,0.2183101771101535
0.01,0.1988604920398015,0.01,0.1682336464285825,0.01,0.1458185865342263,0.01,0.1286902812259891,0.01,0.1151706944629315,0.01,0.1042258881217378,0.01,0.09518322254815074,0.01,0.08111275754477522,0.01,0.07066888315702979,0.01,0.06260887300496898,0.01,0.05619982643776124,0.01,0.05098144975318664,0.01,0.04665005528457208,0.01,0.04299716349470588,0.01,0.2188289093891955
0.02,0.1993938302653755,0.02,0.1687644779866851,0.02,0.1463285145307513,0.02,0.1291736194418466,0.02,0.1156266460845624,0.02,0.1046555751873977,0.02,0.09558846626805133,0.02,0.08147506370131651,0.02,0.07099548186273938,0.02,0.06290569196253119,0.02,0.05647158896342763,0.02,0.05123191267949283,0.02,0.04688222797591074,0.02,0.04321348092585369,0.02,0.2193472325221896
0.03,0.1999258303924155,0.03,0.1692927744473876,0.03,0.1468354129623904,0.03,0.1296537520605339,0.03,0.1160793697151187,0.03,0.1050820879503659,0.03,0.09599062659487141,0.03,0.08183450810563521,0.03,0.07131944362609602,0.03,0.06320008095329627,0.03,0.05674110610519299,0.03,0.05148029315992651,0.03,0.04711246182881661,0.03,0.04342798636943219,0.03,0.219865348870946
0.04,0.2004565413112572,0.04,0.1698184965262197,0.04,0.1473391910577629,0.04,0.1301305582551798,0.04,0.1165287272427866,0.04,0.1055052788219557,0.04,0.09638955134123728,0.04,0.08219093754316602,0.04,0.07164061952195652,0.04,0.06349189742296089,0.04,0.05700824232735262,0.04,0.0517264626736584,0.04,0.04734063504195206,0.04,0.04364056432853007,0.04,0.2203833723580215
0.05,0.2009859337132073,0.05,0.1703415490332779,0.05,0.1478397153535849,0.05,0.1306038831097296,0.05,0.1169745524356122,0.05,0.105924976435049,0.05,0.09678506781750827,0.05,0.0825441828707464,0.05,0.07195884770607817,0.05,0.06378098801159422,0.05,0.05727285284634526,0.05,0.05197028464364412,0.05,0.04756661869644507,0.05,0.04385109294581208,0.05,0.2209013208823374
0.06,0.2015138910336421,0.06,0.1708617725219261,0.06,0.148336801750586,0.06,0.1310735300123856,0.06,0.1174166436529052,0.06,0.1063409786621394,0.06,0.0971769761443837,0.06,0.0828940528757058,0.06,0.07227394775997106,0.06,0.0640671833261683,0.06,0.05753477877910983,0.06,0.05221160991587236,0.06,0.04779027252755299,0.06,0.04405944003476873,0.06,0.2214191065516634
0.07000000000000001,0.2020401969768698,0.07000000000000001,0.1713789312466598,0.07000000000000001,0.1488302037969337,0.07000000000000001,0.1315392492992828,0.07000000000000001,0.1178547528857135,0.07000000000000001,0.1067530420700807,0.07000000000000001,0.09756503912310532,0.07000000000000001,0.08324032494250591,0.07000000000000001,0.07258571208085851,0.07000000000000001,0.06435028997373325,0.07000000000000001,0.05779383974438031,0.07000000000000001,0.05245026986225314,0.07000000000000001,0.04801143847152954,0.07000000000000001,0.04426545702108442,0.07000000000000001,0.2219365227510273
0.08,0.202564518608139,0.08,0.171892696483494,0.08,0.1493195963146005,0.08,0.1320007223212628,0.08,0.1182885703515991,0.08,0.1071608670840975,0.08,0.09794896797846103,0.08,0.08358273191524872,0.08,0.07289389376497681,0.08,0.06463007935317021,0.08,0.05804982345663165,0.08,0.0526860666823964,0.08,0.04822993159350623,0.08,0.04446897042647877,0.08,0.2224532269894128
0.09,0.203086383907515,0.09,0.1724026242055903,0.09,0.1498045534356963,0.09,0.13245754006422,0.09,0.1187177038299438,0.09,0.107564078096808,0.09,0.09832840325456255,0.09,0.08392094451147333,0.09,0.0731981904013881,0.09,0.06490627267402371,0.09,0.05830247182442423,0.09,0.05291876045292369,0.09,0.04844552797684808,0.09,0.04466977050318892,0.09,0.2229687183436669
0.09999999999999999,0.2036051525080273,0.09999999999999999,0.1729081259660318,0.09999999999999999,0.1502845199885583,0.09999999999999999,0.1329091753338471,0.09999999999999999,0.1191416518097443,0.09999999999999999,0.1079621976481356,0.09999999999999999,0.09870289003742606,0.09999999999999999,0.08425454854378817,0.09999999999999999,0.07349822310095479,0.09999999999999999,0.06517852158414367,0.09999999999999999,0.05855146298334493,0.09999999999999999,0.05314805239613059,0.09999999999999999,0.04865794908190172,0.09999999999999999,0.0448675965585932,0.09999999999999999,0.2234823081130167
0.11,0.2041199780560732,0.11,0.1734084315842677,0.11,0.1507587749327697,0.11,0.1333549472854026,0.11,0.1195597693005966,0.11,0.1083546135890844,0.11,0.09907184647345305,0.11,0.08458301601584077,0.11,0.07379350990858301,0.11,0.06544638362343003,0.11,0.05879638854011829,0.11,0.05337356369584063,0.11,0.0488668419466938,0.11,0.04506211838184791,0.11,0.2239930819849202
0.12,0.2046297602210371,0.12,0.1739025418440248,0.12,0.1512263851689437,0.12,0.1337939767197543,0.12,0.1199712248119554,0.12,0.1087405378103082,0.12,0.09943452423408511,0.12,0.08490566886519996,0.12,0.07408343247527704,0.12,0.06570929146925235,0.12,0.05903672507025189,0.12,0.053594808969559,0.12,0.04907175439712724,0.12,0.04525291299160727,0.12,0.2244998515839636
0.13,0.2051330838484307,0.13,0.1743891688898584,0.13,0.1516861475438378,0.13,0.1342251300794753,0.13,0.1203749465373452,0.13,0.1091189546673669,0.13,0.09978995914688849,0.13,0.08522163373134672,0.13,0.07436719450391122,0.13,0.06596651460431427,0.13,0.05927179860113795,0.13,0.05381116321694648,0.13,0.04927210416392287,0.13,0.04543943567021653,0.13,0.2250010927392372
0.14,0.20562814212247,0.14,0.1748666613805162,0.14,0.1521365162570797,0.14,0.1346469494859907,0.14,0.1207695552117516,0.14,0.1094885566910996,0.14,0.1001369096943881,0.14,0.08552978565370141,0.14,0.07464377004953415,0.14,0.06621711163953081,0.14,0.05950074044456913,0.14,0.05402182072295935,0.14,0.04946714048488272,0.14,0.0456209839513292,0.14,0.2254948671908408
0.15,0.20611263992886,0.15,0.1753329107674494,0.15,0.1525755121995847,0.15,0.135057565507367,0.15,0.12115328048791,0.15,0.1098476645787974,0.15,0.10047378051825,0.15,0.0858286780943118,0.15,0.07491183929101324,0.15,0.06645987110012662,0.15,0.05972243235223961,0.15,0.05422574403289684,0.15,0.0496558964353252,0.15,0.04579665291435134,0.15,0.2259787238139855
0.16,0.2065836729644425,0.16,0.1757852343927281,0.16,0.1530006100919154,0.16,0.1354545887118274,0.16,0.1215238570750238,0.16,0.1101941278926427,0.16,0.1007985275289539,0.16,0.08611645619966289,0.16,0.07516970895912146,0.16,0.06669323809211371,0.16,0.059935438610993,0.16,0.05442160078881947,0.16,0.04983712992662733,0.16,0.04596527985766453,0.16,0.2264495748499646
0.17,0.2070375776462255,0.17,0.1762202305594473,0.17,0.1534085987600455,0.17,0.1358349755601662,0.17,0.1218783964154622,0.17,0.1105252024577454,0.17,0.1011085408187324,0.17,0.08639074986895055,0.17,0.07541521430368971,0.17,0.06691522399975197,0.17,0.06013792245715188,0.17,0.0546076860032843,0.17,0.05000925111913682,0.17,0.0461253762455768,0.17,0.2269035422201168
0.18,0.2074697467081296,0.18,0.1766336004967169,0.18,0.1537954096628951,0.18,0.1361948639960114,0.18,0.1222132295136815,0.18,0.1108374003220143,0.18,0.1014005014731789,0.18,0.08664854313805401,0.18,0.07564559945603247,0.18,0.0671232963606674,0.18,0.06032754420129448,0.18,0.05478182736970548,0.18,0.05017023402712947,0.18,0.04627504486106476,0.18,0.2273357689479412
0.19,0.2078744058075198,0.19,0.1770199324853621,0.19,0.1541559091347191,0.19,0.1365293744682164,0.19,0.1225237169347812,0.19,0.1111263085664446,0.19,0.1016702088206881,0.19,0.08688601685186716,0.19,0.07585737351129379,0.19,0.06731424652965128,0.19,0.06050133890975709,0.19,0.0549412716511567,0.19,0.05031751052208331,0.19,0.04641188051043841,0.19,0.2277401913012166
0.2,0.2082443478809748,0.2,0.1773724447138974,0.2,0.1544836511097835,0.2,0.1368323734448171,0.2,0.1228040233316427,0.2,0.1113863746027743,0.2,0.1019123760048734,0.2,0.08709836291812736,0.2,0.07604614093351807,0.2,0.06748403397017196,0.2,0.06065557266436951,0.2,0.05508255131212954,0.2,0.05044784601248409,0.2,0.04653285364978128,0.2,0.2281092688823236
0.21,0.2085706249172097,0.21,0.1776826862286368,0.21,0.1547705898883633,0.21,0.1370961992790481,0.21,0.1230468566556838,0.21,0.11161065836925,0.21,0.1021203945023151,0.21,0.08727957107202491,0.21,0.07620640740292853,0.21,0.06762760840521759,0.21,0.06078557869294592,0.21,0.05520133271312876,0.21,0.05055719812542159,0.21,0.0466341782494423,0.21,0.2284336730681904
0.2200000000000001,0.2088422019246811,0.2200000000000001,0.1779402003122027,0.2200000000000001,0.1550067574682458,0.2200000000000001,0.1373113552421391,0.2200000000000001,0.1232431771186544,0.2200000000000001,0.11179055667712,0.2200000000000001,0.1022860729581863,0.2200000000000001,0.08742219361139132,0.2200000000000001,0.0763313665175991,0.2200000000000001,0.06773871511611142,0.2200000000000001,0.06088557849584454,0.2200000000000001,0.05529225081172933,0.2200000000000001,0.05064056314608725,0.2200000000000001,0.04671116846656238,0.2200000000000001,0.2287019395865346
0.2300000000000001,0.2090455859254763,0.2300000000000001,0.1781321625671626,0.2300000000000001,0.1551799179016921,0.2300000000000001,0.137466182426878,0.2300000000000001,0.1233818887597739,0.2300000000000001,0.1119155126007764,0.2300000000000001,0.1023993631765334,0.2300000000000001,0.08751710063041344,0.2300000000000001,0.0764126794206569,0.2300000000000001,0.06780969494252435,0.2300000000000001,0.06094849899032236,0.2300000000000001,0.0553487408715788,0.2300000000000001,0.05069182021994795,0.2300000000000001,0.04675809366264876,0.2300000000000001,0.2289000993343202
0.2400000000000001,0.2091644545215048,0.2400000000000001,0.1782430176670868,0.2400000000000001,0.1552752228125168,0.2400000000000001,0.1375465367923565,0.2400000000000001,0.1234495378401171,0.2400000000000001,0.1119727339105062,0.2400000000000001,0.1024480969086853,0.2400000000000001,0.08755324844205709,0.2400000000000001,0.07644026894402288,0.2400000000000001,0.06783129945180791,0.2400000000000001,0.06096580505363625,0.2400000000000001,0.05536288553528695,0.2400000000000001,0.05070359072027446,0.2400000000000001,0.0467680482884461,0.2400000000000001,0.2290113134327436
0.2500000000000001,0.2091793243418729,0.2500000000000001,0.1782541546292498,0.2500000000000001,0.1552749080691164,0.2500000000000001,0.1375355102664066,0.2500000000000001,0.1234300575843092,0.2500000000000001,0.1119469594165574,0.2500000000000001,0.1024177714827689,0.2500000000000001,0.08751749730632115,0.2500000000000001,0.07640216235067365,0.2500000000000001,0.06779255337605512,0.2500000000000001,0.06092737769937499,0.2500000000000001,0.05532530577464326,0.2500000000000001,0.0506671397184403,0.2500000000000001,0.04673286213522374,0.2500000000000001,0.2290155542293221
0.2600000000000001,0.2090673190914791,0.2600000000000001,0.1781436802379084,0.2600000000000001,0.1551580912870957,0.2600000000000001,0.1374132551035723,0.2600000000000001,0.1233046175003519,0.2600000000000001,0.1118203301453997,0.2600000000000001,0.1022914396769721,0.2600000000000001,0.08739453057025275,0.2600000000000001,0.07628443147958903,0.2600000000000001,0.06768071000610718,0.2600000000000001,0.06082148071372714,0.2600000000000001,0.05522513594472776,0.2600000000000001,0.05057235743237535,0.2600000000000001,0.04664308670357214,0.2600000000000001,0.2288893929282096
0.2700000000000001,0.2088021181574348,0.2700000000000001,0.1778863721136987,0.2700000000000001,0.1549007514362207,0.2700000000000001,0.1371569916055096,0.2700000000000001,0.1230516555313813,0.2700000000000001,0.1115724413375092,0.2700000000000001,0.1020497773519317,0.2700000000000001,0.08716694364435057,0.2700000000000001,0.07607129384411145,0.2700000000000001,0.06748135862946472,0.2700000000000001,0.06063487082356915,0.2700000000000001,0.05505013442595629,0.2700000000000001,0.05040786893475672,0.2700000000000001,0.04648810310835863,0.2700000000000001,0.2286059747493029
0.2800000000000001,0.2083541858506048,0.2800000000000001,0.1774539128507851,0.2800000000000001,0.1544759911329744,0.2800000000000001,0.1367412974769865,0.2800000000000001,0.1226471881622161,0.2800000000000001,0.1111806668316236,0.2800000000000001,0.1016714167131483,0.2800000000000001,0.08681558346062762,0.2800000000000001,0.07574544872398768,0.2800000000000001,0.06717875219703953,0.2800000000000001,0.06035311444286627,0.2800000000000001,0.05478698839774057,0.2800000000000001,0.05016132670909761,0.2800000000000001,0.04625640261861714,0.2800000000000001,0.2281352799329319
0.2900000000000001,0.2076913918366873,0.2900000000000001,0.1768155177893525,0.2900000000000001,0.1538546920995137,0.2900000000000001,0.1361387852434525,0.2900000000000001,0.1220654999975732,0.2900000000000001,0.1106208521939967,0.2900000000000001,0.1011336364732105,0.2900000000000001,0.08632022026198792,0.2900000000000001,0.07528872194791321,0.2900000000000001,0.06675642198033621,0.2900000000000001,0.05996117187035829,0.2900000000000001,0.05442186859541017,0.2900000000000001,0.04981993759502103,0.2900000000000001,0.04593608764598206,0.2900000000000001,0.2274447770849693
0.3000000000000001,0.2067801262832834,0.3000000000000001,0.1759390618991416,0.3000000000000001,0.1530066650041478,0.3000000000000001,0.1353212624675941,0.3000000000000001,0.1212803005108283,0.3000000000000001,0.109868457419095,0.3000000000000001,0.1004134833362442,0.3000000000000001,0.08566061505916697,0.3000000000000001,0.07468307378915903,0.3000000000000001,0.06619812650862834,0.3000000000000001,0.05944429048324638,0.3000000000000001,0.05394127092034585,0.3000000000000001,0.04937125714510153,0.3000000000000001,0.04551562300134186,0.3000000000000001,0.2265005658836556
0.3100000000000001,0.2055869790968275,0.3100000000000001,0.1747927754895756,0.3100000000000001,0.1519023558849465,0.3100000000000001,0.1342614275858071,0.3100000000000001,0.1202663916241435,0.3100000000000001,0.1089001846268315,0.3100000000000001,0.09948935308467703,0.3100000000000001,0.08481799978137666,0.3100000000000001,0.07391197898283056,0.3100000000000001,0.06548913809551904,0.3100000000000001,0.05878920616675191,0.3100000000000001,0.05333314122157559,0.3100000000000001,0.04880424560592584,0.3100000000000001,0.0449848301134183,0.3100000000000001,0.225269070315958
0.3200000000000001,0.2040809842724177,0.3200000000000001,0.1733475062533823,0.3200000000000001,0.1505150951257218,0.3200000000000001,0.1329350752675323,0.3200000000000001,0.119001809566913,0.3200000000000001,0.1076960457710587,0.3200000000000001,0.09834297973207481,0.3200000000000001,0.08377690995396887,0.3200000000000001,0.07296211422874722,0.3200000000000001,0.06461780043710555,0.3200000000000001,0.05798558616533385,0.3200000000000001,0.0525882171001224,0.3200000000000001,0.04811052061414292,0.3200000000000001,0.04433606087032713,0.3200000000000001,0.2237192755275768
0.3300000000000001,0.2022363280387372,0.3300000000000001,0.1715794367013871,0.3300000000000001,0.14882376284642,0.3300000000000001,0.1313236719998199,0.3300000000000001,0.1174702920812684,0.3300000000000001,0.1062417150743936,0.3300000000000001,0.09696167374282347,0.3300000000000001,0.08252720897302791,0.3300000000000001,0.07182519473041088,0.3300000000000001,0.06357720354253676,0.3300000000000001,0.05702756534878722,0.3300000000000001,0.05170144482424725,0.3300000000000001,0.04728567079644467,0.3300000000000001,0.04356542119156258,0.3300000000000001,0.2218254023932483
0.3400000000000001,0.2000352953247904,0.3400000000000001,0.1694730149341935,0.3400000000000001,0.1468156122969901,0.3400000000000001,0.129417032759517,0.3400000000000001,0.1156637966443766,0.3400000000000001,0.1045308909231894,0.3400000000000001,0.09534053611235695,0.3400000000000001,0.08106604019721586,0.3400000000000001,0.07049970871995682,0.3400000000000001,0.06236673854992999,0.3400000000000001,0.05591515180032432,0.3400000000000001,0.05067325988153558,0.3400000000000001,0.04633043050424259,0.3400000000000001,0.04267385532056994,0.3400000000000001,0.2195697965320426
0.3500000000000001,0.1974711092225998,0.3500000000000001,0.1670237321459467,0.3500000000000001,0.1444888723482668,0.3500000000000001,0.1272157169316679,0.3500000000000001,0.1135846917290324,0.3500000000000001,0.102567297414157,0.3500000000000001,0.09348428915794556,0.3500000000000001,0.07939937208624367,0.3500000000000001,0.06899223987224831,0.3500000000000001,0.06099324535748792,0.3500000000000001,0.05465523546600408,0.3500000000000001,0.04951048347436214,0.3500000000000001,0.04525148449019233,0.3500000000000001,0.04166787431336032,0.3500000000000001,0.2169456976013593
0.3600000000000002,0.1945502390098396,0.3600000000000002,0.1642403028108287,0.3600000000000002,0.1418546840723369,0.3600000000000002,0.1247327091811747,0.3600000000000002,0.1112472037929313,0.3600000000000002,0.1003659280261917,0.3600000000000002,0.09140834705042879,0.3600000000000002,0.07754279892885388,0.3600000000000002,0.06731807510673922,0.3600000000000002,0.05947148050465333,0.3600000000000002,0.05326195272129557,0.3600000000000002,0.04822660942579607,0.3600000000000002,0.04406169546133461,0.3600000000000002,0.0405597375465593,0.3600000000000002,0.2139594837876549
0.3700000000000002,0.1912937502614552,0.3700000000000002,0.1611458126433108,0.3700000000000002,0.1389379538062602,0.3700000000000002,0.1219939957416729,0.3700000000000002,0.1086777617022275,0.3700000000000002,0.09795320388186357,0.3700000000000002,0.0891388272305719,0.3700000000000002,0.07552134764409031,0.3700000000000002,0.06550088739873237,0.3700000000000002,0.05782372575896925,0.3700000000000002,0.05175625175500392,0.3700000000000002,0.04684134598650912,0.3700000000000002,0.04277963489136295,0.3700000000000002,0.03936698067621809,0.3700000000000002,0.2106319879210732
0.3800000000000002,0.1877373669548794,0.3800000000000002,0.1577775161405096,0.3800000000000002,0.1357768428242763,0.3800000000000002,0.119037800155838,0.3800000000000002,0.1059140441687271,0.3800000000000002,0.09536588875819116,0.3800000000000002,0.08671137606779597,0.3800000000000002,0.07336821213369017,0.3800000000000002,0.06357144855422783,0.3800000000000002,0.05607851571730857,0.3800000000000002,0.05016465351700904,0.3800000000000002,0.04537941896590714,0.3800000000000002,0.04142843187135274,0.3800000000000002,0.03811131083300717,0.3800000000000002,0.2069985738771579
0.3900000000000002,0.183930103449051,0.3900000000000002,0.1541851776776765,0.3900000000000002,0.1324208421560378,0.3900000000000002,0.1159124783481972,0.3900000000000002,0.1030027724978843,0.3900000000000002,0.09264883634126145,0.3900000000000002,0.08416890952914616,0.3900000000000002,0.07112254876840644,0.3900000000000002,0.06156552270029934,0.3900000000000002,0.05426864309315818,0.3900000000000002,0.04851736936838919,0.3900000000000002,0.04386879657981555,0.3900000000000002,0.04003409776782722,0.3900000000000002,0.0368170231301802,0.3900000000000002,0.2031078378522333
0.4000000000000002,0.1799315650185496,0.4000000000000002,0.1504281098233336,0.4000000000000002,0.1289276442593072,0.4000000000000002,0.1126733297094087,0.4000000000000002,0.09999653617345108,0.4000000000000002,0.08985187664999643,0.4000000000000002,0.0815585867177738,0.4000000000000002,0.06882665649228001,0.4000000000000002,0.05952125768310286,0.4000000000000002,0.05242874723298244,0.4000000000000002,0.04684606724227836,0.4000000000000002,0.04233861362484384,0.4000000000000002,0.03862359042742498,0.4000000000000002,0.0355091890466125,0.4000000000000002,0.1990190233755453
0.4100000000000002,0.175808248423268,0.4100000000000002,0.1465712999589343,0.4100000000000002,0.1253592470739724,0.4100000000000002,0.1093787839322653,0.4100000000000002,0.096950119623742,0.4100000000000002,0.08702630820749094,0.4100000000000002,0.07892847467972836,0.4100000000000002,0.06652297409948787,0.4100000000000002,0.05747647702334742,0.4100000000000002,0.05059285919335833,0.4100000000000002,0.04518163256630052,0.4100000000000002,0.04081711681672483,0.4100000000000002,0.03722291796557774,0.4100000000000002,0.03421189730710705,0.4100000000000002,0.1947984567402617
0.4200000000000002,0.1716293369599793,0.4200000000000002,0.1426811655747934,0.4200000000000002,0.1217778470325144,0.4200000000000002,0.1060865147620218,0.4200000000000002,0.09391686356589322,0.4200000000000002,0.08422150557943887,0.4200000000000002,0.07632438806829468,0.4200000000000002,0.06425132677970645,0.4200000000000002,0.05546625846415106,0.4200000000000002,0.04879224997652525,0.4200000000000002,0.04355223717887235,0.4200000000000002,0.03932991629086269,0.4200000000000002,0.03585554312236115,0.4200000000000002,0.03294678767163702,0.4200000000000002,0.1905154649330496
0.4300000000000002,0.1674625375848324,0.4300000000000002,0.138821503322642,0.4300000000000002,0.1182420682102122,0.4300000000000002,0.1028499934988445,0.4300000000000002,0.09094553410187661,0.4300000000000002,0.08148207598263939,0.4300000000000002,0.07378730049385325,0.4300000000000002,0.06204675545974167,0.4300000000000002,0.05352108264043475,0.4300000000000002,0.0470538261699708,0.4300000000000002,0.0419819293586849,0.4300000000000002,0.03789873140385552,0.4300000000000002,0.03454125599910265,0.4300000000000002,0.03173202868804749,0.4300000000000002,0.1862382939914983
0.4400000000000002,0.1633704464610326,0.4400000000000002,0.1350501021530599,0.4400000000000002,0.1148039512879627,0.4400000000000002,0.09971585258577396,0.4400000000000002,0.0880780195270813,0.4400000000000002,0.07884584060962538,0.4400000000000002,0.07135156535732372,0.4400000000000002,0.05993810792474475,0.4400000000000002,0.05166568911471028,0.4400000000000002,0.04539918019312296,0.4400000000000002,0.04048983011700332,0.4400000000000002,0.03654069946817408,0.4400000000000002,0.03329557120243168,0.4400000000000002,0.03058178564981357,0.4400000000000002,0.1820304960432102
0.4500000000000002,0.1594077828358088,0.4500000000000002,0.1314163169753457,0.4500000000000002,0.1115069372187519,0.4500000000000002,0.0967222366484054,0.4500000000000002,0.08534798435788718,0.4500000000000002,0.07634273203096731,0.4500000000000002,0.06904400760938303,0.4500000000000002,0.05794741156012127,0.4500000000000002,0.04991863412738241,0.4500000000000002,0.04384427370695463,0.4500000000000002,0.03908990446471902,0.4500000000000002,0.03526821002186876,0.4500000000000002,0.03212960828363499,0.4500000000000002,0.02950613549942663,0.4500000000000002,0.1779481225072806
0.4600000000000002,0.1556196476701859,0.4600000000000002,0.1279597021167069,0.4600000000000002,0.1083848848495621,0.4600000000000002,0.09389813235549641,0.4600000000000002,0.08278043698655885,0.4600000000000002,0.07399453950993649,0.4600000000000002,0.06688380138353124,0.4600000000000002,0.05608992388417598,0.4600000000000002,0.0482924390003307,0.4600000000000002,0.042399641766301,0.4600000000000002,0.03779119686229156,0.4600000000000002,0.03408915695601605,0.4600000000000002,0.03105035159755247,0.4600000000000002,0.02851132885780553,0.4600000000000002,0.1740378916750233
0.4700000000000003,0.1520407909984878,0.4700000000000003,0.1247096331440403,0.4700000000000003,0.1054620055660973,0.4700000000000003,0.09126353041367419,0.4700000000000003,0.08039204698199055,0.4700000000000003,0.07181532944909369,0.4700000000000003,0.06488295742044188,0.4700000000000003,0.05437468726991198,0.4700000000000003,0.046794163549415,0.4700000000000003,0.04107096171032778,0.4700000000000003,0.03659838460351444,0.4700000000000003,0.03300747149732754,0.4700000000000003,0.03006116109809829,0.4700000000000003,0.0276002784485976,0.4700000000000003,0.170336335197428
0.4800000000000003,0.1486957439027846,0.4800000000000003,0.1216857309648403,0.4800000000000003,0.1027535042029586,0.4800000000000003,0.08883019913808526,0.4800000000000003,0.07819199098367184,0.4800000000000003,0.06981232461724608,0.4800000000000003,0.06304721129921283,0.4800000000000003,0.05280539637483152,0.4800000000000003,0.0454262304018274,0.4800000000000003,0.03985982835492738,0.4800000000000003,0.03551250438471993,0.4800000000000003,0.03202380314638952,0.4800000000000003,0.0291624114266987,0.4800000000000003,0.0267731601841976,0.4800000000000003,0.166869801963261
0.4900000000000003,0.1455996003380062,0.4900000000000003,0.1188988503252927,0.4900000000000003,0.100266684040707,0.4900000000000003,0.08660283412178454,0.4900000000000003,0.0761831034491422,0.4900000000000003,0.06798703188807971,0.4900000000000003,0.06137711577172282,0.4900000000000003,0.05138140642937564,0.4900000000000003,0.04418734917156109,0.4900000000000003,0.03876460148999566,0.4900000000000003,0.03453173204905927,0.4900000000000003,0.03113624013073974,0.4900000000000003,0.02835216052478187,0.4900000000000003,0.02602803631867158,0.4900000000000003,0.1636551237379847
0.5000000000000002,0.1427592165503844,0.5000000000000002,0.1163523956072687,0.5000000000000002,0.09800228990915912,0.5000000000000002,0.08458037515270134,0.5000000000000002,0.07436314157298633,0.5000000000000002,0.06633644496620549,0.5000000000000002,0.05986917913328806,0.5000000000000002,0.05009874992471203,0.5000000000000002,0.04307342765942377,0.5000000000000002,0.03778122801150918,0.5000000000000002,0.03365212974620692,0.5000000000000002,0.03034099313693961,0.5000000000000002,0.02762677928044394,0.5000000000000002,0.02536143857593523,0.5000000000000002,0.1607007229278346
0.5100000000000002,0.1401746170596122,0.5100000000000002,0.1140437618931773,0.5100000000000002,0.09595590725856912,0.5100000000000002,0.08275732959047893,0.5100000000000002,0.07272602307628094,0.5100000000000002,0.06485419761105612,0.5100000000000002,0.05851693935512493,0.5100000000000002,0.04895107346044793,0.5100000000000002,0.04207839763820601,0.5100000000000002,0.03690397786499575,0.5100000000000002,0.03286830845386853,0.5100000000000002,0.02963299705366804,0.5100000000000002,0.02698150230745926,0.5100000000000002,0.02476887567678419,0.5100000000000002,0.1580079569913774
0.5200000000000002,0.1378404389596126,0.5200000000000002,0.11196575007864,0.5200000000000002,0.09411928857355444,0.5200000000000002,0.08112499435483164,0.5200000000000002,0.07126294634254253,0.5200000000000002,0.06353159084966883,0.5200000000000002,0.05731190873725295,0.5200000000000002,0.04793044598819193,0.5200000000000002,0.04119491752900513,0.5200000000000002,0.036126063818596,0.5200000000000002,0.03217398143610196,0.5200000000000002,0.02900641042441122,0.5200000000000002,0.0264108826940343,0.5200000000000002,0.02424525054442103,0.5200000000000002,0.1555725309236689
0.5300000000000002,0.135747295870832,0.5300000000000002,0.110107857116993,0.5300000000000002,0.09248152917554096,0.5300000000000002,0.0796725159071304,0.5300000000000002,0.06996334570577976,0.5300000000000002,0.06235845721762998,0.5300000000000002,0.05624435993764068,0.5300000000000002,0.04702802001365554,0.5300000000000002,0.04041494015195154,0.5300000000000002,0.03544013751309207,0.5300000000000002,0.0315624039293845,0.5300000000000002,0.02845500985187004,0.5300000000000002,0.02590914933355638,0.5300000000000002,0.02378518678067827,0.5300000000000002,0.1533858549131016
0.5400000000000003,0.1338829891625392,0.5400000000000003,0.1084573876696695,0.5400000000000003,0.09103005564037686,0.5400000000000003,0.07838776420777788,0.5400000000000003,0.06881566702204729,0.5400000000000003,0.06132385366464287,0.5400000000000003,0.0553039496578642,0.5400000000000003,0.04623454779798257,0.5400000000000003,0.03973015064606086,0.5400000000000003,0.03483866851384729,0.5400000000000003,0.03102670662820745,0.5400000000000003,0.02797248732596745,0.5400000000000003,0.02547047494801695,0.5400000000000003,0.02338327250734766,0.5400000000000003,0.1514362686518229
0.5500000000000003,0.1322335317336045,0.5500000000000003,0.107000367850478,0.5500000000000003,0.08975141969489271,0.5500000000000003,0.07725802175706284,0.5500000000000003,0.06780796997032217,0.5500000000000003,0.06041659296737793,0.5500000000000003,0.05448019195645228,0.5500000000000003,0.04554076658077756,0.5500000000000003,0.03913228911481152,0.5500000000000003,0.03431422077602335,0.5500000000000003,0.03056013693426841,0.5500000000000003,0.02755266386794624,0.5500000000000003,0.0250891675869461,0.5500000000000003,0.02303423374985277,0.5500000000000003,0.1497100911216616
0.5600000000000003,0.1307839770603524,0.5600000000000003,0.1057222651313131,0.5600000000000003,0.08863190934532217,0.5600000000000003,0.07627050393192103,0.5600000000000003,0.06692837566426729,0.5600000000000003,0.05962563333790581,0.5600000000000003,0.05376280123693788,0.5600000000000003,0.0449376724551579,0.5600000000000003,0.03861337659334508,0.5600000000000003,0.03385964393175964,0.5600000000000003,0.03015622421135084,0.5600000000000003,0.02718963464808649,0.5600000000000003,0.02475979977371633,0.5600000000000003,0.02273305064742728,0.5600000000000003,0.1481924827793984
0.5700000000000003,0.129519064063918,0.5700000000000003,0.1046085324181679,0.5700000000000003,0.08765799926306189,0.5700000000000003,0.0754127342816181,0.5700000000000003,0.06616538353952975,0.5700000000000003,0.05894034979440754,0.5700000000000003,0.05314192773306332,0.5700000000000003,0.04441670386879385,0.5700000000000003,0.03816586345263832,0.5700000000000003,0.03346819683373815,0.5700000000000003,0.02980888500930301,0.5700000000000003,0.02687786026484764,0.5700000000000003,0.02447728888073719,0.5700000000000003,0.02247502910809437,0.5700000000000003,0.1468681260867133
0.5800000000000003,0.1284236984061167,0.5800000000000003,0.103645001090799,0.5800000000000003,0.08681666654762704,0.5800000000000003,0.07467280064940905,0.5800000000000003,0.06550808240523386,0.5800000000000003,0.05835071092211149,0.5800000000000003,0.05260830779098925,0.5800000000000003,0.04396985453563905,0.5800000000000003,0.0377827178626218,0.5800000000000003,0.03313361916955809,0.5800000000000003,0.02951248256436845,0.5800000000000003,0.02661221722807404,0.5800000000000003,0.02423694070545191,0.5800000000000003,0.02225583896502981,0.5800000000000003,0.1457217416822514
0.5900000000000003,0.1274832951723469,0.5900000000000003,0.1028181496784668,0.5900000000000003,0.08609559808599805,0.5900000000000003,0.07403951696727655,0.5900000000000003,0.06494627885465158,0.5900000000000003,0.05784738256465626,0.5900000000000003,0.0521533489399387,0.5900000000000003,0.04358973307714968,0.5900000000000003,0.03745746949280386,0.5900000000000003,0.03285016461065567,0.5900000000000003,0.02926185264961433,0.5900000000000003,0.02638801857727946,0.5900000000000003,0.02403446622548178,0.5900000000000003,0.02207152780810576,0.5900000000000003,0.144738463025839
0.6000000000000003,0.1266840084461275,0.6000000000000003,0.1021152736942613,0.6000000000000003,0.08548331353678344,0.6000000000000003,0.07350251283326108,0.6000000000000003,0.0644705632412131,0.6000000000000003,0.05742177691333059,0.6000000000000003,0.05176916667900502,0.6000000000000003,0.04326958379405259,0.6000000000000003,0.03718422091385271,0.6000000000000003,0.03261260644933496,0.6000000000000003,0.02905230552888186,0.6000000000000003,0.02620101341609437,0.6000000000000003,0.02386597951254813,0.6000000000000003,0.02191851779954609,0.6000000000000003,0.1439040938524173
0.6100000000000003,0.1260128715489366,0.6100000000000003,0.1015245793724739,0.6100000000000003,0.08496922469153931,0.6100000000000003,0.07305226954546661,0.6100000000000003,0.06407233000667992,0.6100000000000003,0.0570660621428024,0.6100000000000003,0.05144858672651132,0.6100000000000003,0.04300328008950748,0.6100000000000003,0.03695763656583259,0.6100000000000003,0.03241622432625761,0.6100000000000003,0.02887961162743429,0.6100000000000003,0.02604737218382334,0.6100000000000003,0.02372798297906492,0.6100000000000003,0.02179359111011627,0.6100000000000003,0.1432052717552146
0.6200000000000003,0.1254578688236132,0.6200000000000003,0.1010352206035365,0.6200000000000003,0.08454364838313012,0.6200000000000003,0.07268011776298361,0.6200000000000003,0.06374376581076392,0.6200000000000003,0.05677314459909063,0.6200000000000003,0.0511851235316893,0.6200000000000003,0.04278529947636818,0.6200000000000003,0.03677291687015431,0.6200000000000003,0.03225677860793039,0.6200000000000003,0.02873997669209103,0.6200000000000003,0.02592366281292914,0.6200000000000003,0.02361734460059446,0.6200000000000003,0.02169386820176529,0.6200000000000003,0.142629558807102
0.6300000000000003,0.1250079565265601,0.6300000000000003,0.1006372948376541,0.6300000000000003,0.08419778667891599,0.6300000000000003,0.072378208738811,0.6300000000000003,0.06347781592198765,0.6300000000000003,0.05653663278541549,0.6300000000000003,0.0509729432990516,0.6300000000000003,0.04261068690893467,0.6300000000000003,0.03662576315116251,0.6300000000000003,0.03213047728533657,0.6300000000000003,0.02863001070428575,0.6300000000000003,0.02582682155817803,0.6300000000000003,0.0235312705156033,0.6300000000000003,0.02161678204293959,0.6300000000000003,0.1421654771145652
0.6400000000000003,0.1246530471232419,0.6400000000000003,0.1003218104682573,0.6400000000000003,0.08392368504826049,0.6400000000000003,0.07213946828269106,0.6400000000000003,0.06326813679582885,0.6400000000000003,0.05635079008596843,0.6400000000000003,0.05080681767009989,0.6400000000000003,0.04247501139808003,0.6400000000000003,0.03651233749766571,0.6400000000000003,0.0320339389193389,0.6400000000000003,0.02854669361420132,0.6400000000000003,0.02575412120906164,0.6400000000000003,0.0234672754293575,0.6400000000000003,0.02156005045122621,0.6400000000000003,0.1418025040867213
0.6500000000000004,0.1243839683062661,0.6500000000000004,0.1000806353698871,0.6500000000000004,0.08371417661947389,0.6500000000000004,0.07195754030634532,0.6500000000000004,0.06310904070207446,0.6500000000000004,0.05621048131104472,0.6500000000000004,0.05068207252679575,0.6500000000000004,0.04237431946620081,0.6500000000000004,0.03642922049726094,0.6500000000000004,0.03196415411663959,0.6500000000000004,0.02848734004362968,0.6500000000000004,0.02570313857348584,0.6500000000000004,0.02342315250409772,0.6500000000000004,0.02152164807871689,0.6500000000000004,0.1415310392880864
0.6600000000000004,0.1241924054904664,0.6600000000000004,0.09990643390138292,0.6600000000000004,0.08356281854619327,0.6600000000000004,0.07182672495902392,0.6600000000000004,0.06299543663268387,0.6600000000000004,0.056111116694753,0.6600000000000004,0.05059453507730313,0.6600000000000004,0.04230508792292548,0.6600000000000004,0.03637336886576468,0.6600000000000004,0.03191844723290957,0.6600000000000004,0.02844956441317005,0.6600000000000004,0.02567172250397884,0.6600000000000004,0.02339694386181944,0.6600000000000004,0.02149977904988219,0.6600000000000004,0.1413423521777679
0.6700000000000004,0.124070834413271,0.6700000000000004,0.09979259777961683,0.6700000000000004,0.08346382484766915,0.6700000000000004,0.07174191492510351,0.6700000000000004,0.06292277046615237,0.6700000000000004,0.05604859586846575,0.6700000000000004,0.05054048139680709,0.6700000000000004,0.04226417763677991,0.6700000000000004,0.03634207431739779,0.6700000000000004,0.03189443941830835,0.6700000000000004,0.02843124744072321,0.6700000000000004,0.025657963286138,0.6700000000000004,0.02338691242036925,0.6700000000000004,0.02149285089377772,0.6700000000000004,0.141228517873932
0.6800000000000004,0.124012448760206,0.6800000000000004,0.09973317473436681,0.6800000000000004,0.08341199881202559,0.6800000000000004,0.07169853236397769,0.6800000000000004,0.06288696642040421,0.6800000000000004,0.05601925350704481,0.6800000000000004,0.05051658586497085,0.6800000000000004,0.04224878938799533,0.6800000000000004,0.03633292452990139,0.6800000000000004,0.03189001370100372,0.6800000000000004,0.02843050459298484,0.6800000000000004,0.02566016388613765,0.6800000000000004,0.02339151549450716,0.6800000000000004,0.0214994501509317,0.6800000000000004,0.1411823463181353
0.6900000000000004,0.1240110863987054,0.6900000000000004,0.09972279771110233,0.6900000000000004,0.08340266709195727,0.6900000000000004,0.0716924681620439,0.6900000000000004,0.06288437113274196,0.6900000000000004,0.05601980774321039,0.6900000000000004,0.05051987341292574,0.6900000000000004,0.04225642246601641,0.6900000000000004,0.03634376671066589,0.6900000000000004,0.031903282509195,0.6900000000000004,0.02844565681622127,0.6900000000000004,0.0256768133293849,0.6900000000000004,0.02340938039319565,0.6900000000000004,0.02151831985461758,0.6900000000000004,0.1411973088156953
0.7000000000000004,0.1240611567829626,0.7000000000000004,0.0997566165337062,0.7000000000000004,0.08343161691734861,0.7000000000000004,0.07172002457934225,0.7000000000000004,0.06291170120854055,0.7000000000000004,0.0560473120184868,0.7000000000000004,0.05054767512061752,0.7000000000000004,0.04228483638249572,0.7000000000000004,0.03637267403078556,0.7000000000000004,0.03193255783109946,0.7000000000000004,0.0284752036998329,0.7000000000000004,0.02570656233129066,0.7000000000000004,0.02343928211031115,0.7000000000000004,0.02154833896587983,0.7000000000000004,0.1412674648476285
0.7100000000000004,0.1241575713321147,0.7100000000000004,0.09983023331595936,0.7100000000000004,0.08349503734464961,0.7100000000000004,0.07177786195943928,0.7100000000000004,0.06296599473473118,0.7100000000000004,0.05609911074553252,0.7100000000000004,0.05059758745200803,0.7100000000000004,0.04233201587458126,0.7100000000000004,0.03641791503604902,0.7100000000000004,0.03197632408115411,0.7100000000000004,0.02851779911453904,0.7100000000000004,0.02574820120425912,0.7100000000000004,0.02348012312065462,0.7100000000000004,0.02158850376558388,0.7100000000000004,0.1413873912346862
0.7200000000000004,0.1242956780311815,0.7200000000000004,0.09993964246828514,0.7200000000000004,0.08358946511216853,0.7200000000000004,0.07186294988884544,0.7200000000000004,0.06304456702230683,0.7200000000000004,0.05617279896266003,0.7200000000000004,0.05066743525052217,0.7200000000000004,0.04239613924858787,0.7200000000000004,0.03647792604541338,0.7200000000000004,0.03203321366028726,0.7200000000000004,0.02857222929962894,0.7200000000000004,0.02580064000732438,0.7200000000000004,0.0235309152429398,0.7200000000000004,0.02163791116245614,0.7200000000000004,0.1415521151340316
0.7300000000000004,0.1244712011122831,0.7300000000000004,0.1000811758414291,0.7300000000000004,0.0837117354351377,0.7300000000000004,0.07197252300745299,0.7300000000000004,0.0631449706938029,0.7300000000000004,0.05626618603994388,0.7300000000000004,0.050755238515905,0.7300000000000004,0.04247555004053027,0.7300000000000004,0.03655128649135823,0.7300000000000004,0.03210198515367954,0.7300000000000004,0.02863739333753113,0.7300000000000004,0.02586289087469273,0.7300000000000004,0.02359076350580419,0.7300000000000004,0.02169574385395848,0.7300000000000004,0.141757051917772
0.7400000000000004,0.1246801864022444,0.7400000000000004,0.1002514533450145,0.7400000000000004,0.08385893792263049,0.7400000000000004,0.07210404155642677,0.7400000000000004,0.06326496014259023,0.7400000000000004,0.05637726342585899,0.7400000000000004,0.05085918292694377,0.7400000000000004,0.04256873193157391,0.7400000000000004,0.03663669712923079,0.7400000000000004,0.03218150408935221,0.7400000000000004,0.02871228593875643,0.7400000000000004,0.02593405244769289,0.7400000000000004,0.02365885194363353,0.7400000000000004,0.0217612572694483,0.7400000000000004,0.1419979486787527
0.7500000000000004,0.1249189527371472,0.7500000000000004,0.1004473392458353,0.7500000000000004,0.08402837770399858,0.7500000000000004,0.07225515668208163,0.7500000000000004,0.06340246034115149,0.7500000000000004,0.05650417638652593,0.7500000000000004,0.05097759404683274,0.7500000000000004,0.04267428684057501,0.7500000000000004,0.03673296103362125,0.7500000000000004,0.03227072617601294,0.7500000000000004,0.02879598245801799,0.7500000000000004,0.02601329633413296,0.7500000000000004,0.02373443124966344,0.7500000000000004,0.0218337682265563,0.7500000000000004,0.1422708338968106
0.7600000000000005,0.1251840497152162,0.7600000000000005,0.1006659042629803,0.7600000000000005,0.08421754179392874,0.7600000000000005,0.07242368047511755,0.7600000000000005,0.06355553994932468,0.7600000000000005,0.05664519967231268,0.7600000000000005,0.05110891513682461,0.7600000000000005,0.04279091611236872,0.7600000000000005,0.03683896730041417,0.7600000000000005,0.03236868294151889,0.7600000000000005,0.02888762606659857,0.7600000000000005,0.02609985552409906,0.7600000000000005,0.02381680821928643,0.7600000000000005,0.02191264523739504,0.7600000000000005,0.142571973647101
0.7700000000000005,0.1254722219618018,0.7700000000000005,0.1009043935133984,0.7700000000000005,0.08442407068480025,0.7700000000000005,0.07260756069908111,0.7700000000000005,0.06372238865776576,0.7700000000000005,0.05679871703735478,0.7700000000000005,0.05125168849910371,0.7700000000000005,0.04291740472110539,0.7700000000000005,0.03695367737655015,0.7700000000000005,0.03247446969815208,0.7700000000000005,0.02898641701162623,0.7700000000000005,0.02619301469718757,0.7700000000000005,0.02390533692259229,0.7700000000000005,0.02199730040732155,0.7700000000000005,0.1428978346146411
0.7800000000000005,0.1257803799936007,0.7800000000000005,0.1011602003051608,0.7800000000000005,0.08464573511841418,0.7800000000000005,0.0728048601379396,0.7800000000000005,0.06390129868613592,0.7800000000000005,0.05696320452733326,0.7800000000000005,0.05140454026340394,0.7800000000000005,0.04305260840613291,0.7800000000000005,0.03707611394017467,0.7800000000000005,0.03258723576289693,0.7800000000000005,0.02909160389567379,0.7800000000000005,0.02629210235934422,0.7800000000000005,0.02399941154857834,0.7800000000000005,0.02208718287249279,0.7800000000000005,0.1432450540737992
0.7900000000000005,0.1261055776774427,0.7900000000000005,0.1014308457130194,0.7900000000000005,0.08488041794522229,0.7900000000000005,0.07301374046076906,0.7900000000000005,0.06409065033166518,0.7900000000000005,0.05713721743254098,0.7900000000000005,0.05156616851752938,0.7900000000000005,0.04319544364862035,0.7900000000000005,0.037205352247504,0.7900000000000005,0.03270617685641541,0.7900000000000005,0.02920247690682832,0.7900000000000005,0.02639648474505312,0.7900000000000005,0.02409846086163272,0.7900000000000005,0.02218177372105342,0.7900000000000005,0.1436104168805108
0.8000000000000005,0.1264449961704022,0.8000000000000005,0.1017139637924208,0.8000000000000005,0.08512610092008473,0.8000000000000005,0.07323245045521506,0.8000000000000005,0.06428890142617749,0.8000000000000005,0.05731938077197982,0.8000000000000005,0.05173533465531122,0.8000000000000005,0.04334488037684083,0.8000000000000005,0.03734051384651545,0.8000000000000005,0.0328305295909623,0.8000000000000005,0.0293183629179181,0.8000000000000005,0.02650556141066007,0.8000000000000005,0.02420194420209687,0.8000000000000005,0.02228058233492465,0.8000000000000005,0.1439908393960052
0.8100000000000005,0.1267959340963221,0.8100000000000005,0.1020072921887629,0.8100000000000005,0.08538085620516984,0.8100000000000005,0.07345931841715866,0.8100000000000005,0.06449458050550491,0.8100000000000005,0.05750838312752511,0.8100000000000005,0.05191085777452109,0.8100000000000005,0.04349993725511784,0.8100000000000005,0.03748076253010108,0.8100000000000005,0.03295956793392139,0.8100000000000005,0.02943862235295549,0.8100000000000005,0.0266187624262639,0.8100000000000005,0.02430934894618581,0.8100000000000005,0.02238314407412416,0.8100000000000005,0.1443833601068701
0.8200000000000005,0.1271558035584142,0.8200000000000005,0.1023086677779441,0.8200000000000005,0.08564284225270512,0.8200000000000005,0.07369274840192989,0.8200000000000005,0.06470628342461868,0.8200000000000005,0.05770297358527668,0.8200000000000005,0.05209161190213479,0.8200000000000005,0.04365967936620704,0.8200000000000005,0.03762530236295901,0.8200000000000005,0.0330926015003153,0.8200000000000005,0.02956264768938253,0.8200000000000005,0.02673554704718737,0.8200000000000005,0.02442018931659324,0.8200000000000005,0.02248901920364085,0.8200000000000005,0.144785136526807
0.8300000000000005,0.127522131413816,0.8300000000000005,0.1026160268367427,0.8300000000000005,0.08591030362696588,0.8300000000000005,0.07393121994612348,0.8300000000000005,0.06492267306810187,0.8300000000000005,0.05790196146717745,0.8300000000000005,0.05227652575794033,0.8300000000000005,0.04382321804181205,0.8300000000000005,0.0377733775694106,0.8300000000000005,0.03322897548650173,0.8300000000000005,0.02968986342816394,0.8300000000000005,0.02685540371315947,0.8300000000000005,0.02453400640521809,0.8300000000000005,0.0225977929354829,0.8300000000000005,0.1451934477664995
0.8400000000000005,0.1278925650549839,0.8400000000000005,0.1029274090966223,0.8400000000000005,0.08618157420424223,0.8400000000000005,0.07417329076575668,0.8400000000000005,0.06514248171522234,0.8400000000000005,0.05810421845564323,0.8400000000000005,0.05246458469515237,0.8400000000000005,0.04398971253557174,0.8400000000000005,0.03792427401750677,0.8400000000000005,0.03336807201183963,0.8400000000000005,0.02981972732331918,0.8400000000000005,0.0269778511868742,0.8400000000000005,0.0246503692362463,0.8400000000000005,0.02270907642803811,0.8400000000000005,0.1456057019520696
0.8500000000000005,0.1282648817705046,0.8500000000000005,0.1032409648955132,0.8500000000000005,0.0864550830730602,0.8500000000000005,0.07441760183627756,0.8500000000000005,0.06536451553084879,0.8500000000000005,0.05830868263546284,0.8500000000000005,0.05265483438585215,0.8500000000000005,0.04415837317351559,0.8500000000000005,0.03807732198369967,0.8500000000000005,0.03350931259024114,0.8500000000000005,0.02995173262247506,0.8500000000000005,0.02710244060747883,0.8500000000000005,0.02476887666491027,0.8500000000000005,0.02282250855465058,0.8500000000000005,0.1460194474773699
0.8600000000000005,0.1286370006131805,0.8600000000000005,0.103554964524749,0.8600000000000005,0.08672936235822394,0.8600000000000005,0.07466288417470712,0.8600000000000005,0.0655876605784253,0.8600000000000005,0.05851436391018195,0.8600000000000005,0.05284638575845006,0.8600000000000005,0.04432846556607121,0.8600000000000005,0.03823189983844185,0.8600000000000005,0.03365216141489905,0.8600000000000005,0.03008541103553442,0.8600000000000005,0.02722875820339202,0.8600000000000005,0.02488915987883717,0.8600000000000005,0.02293775822719981,0.8600000000000005,0.1464323869117725
0.8700000000000006,0.1290069956052441,0.8700000000000006,0.1038678087887272,0.8700000000000006,0.08700305612514324,0.8700000000000006,0.07490796658614009,0.8700000000000006,0.06581088970000708,0.8700000000000006,0.05872035020434341,0.8700000000000006,0.05303842065285835,0.8700000000000006,0.04449931543076333,0.8700000000000006,0.03838743826287691,0.8700000000000006,0.0337961291128813,0.8700000000000006,0.03022033612478275,0.8700000000000006,0.0273564283873548,0.8700000000000006,0.02501088524927435,0.8700000000000006,0.02305452704241808,0.8700000000000006,0.1468423922744033
0.8800000000000006,0.1293731090757365,0.8800000000000006,0.1041780397668446,0.8800000000000006,0.08727492949736815,0.8800000000000006,0.07515178361645128,0.8800000000000006,0.0660332695903533,0.8800000000000006,0.05892581384679686,0.8800000000000006,0.05323019764438836,0.8800000000000006,0.04467031356232139,0.8800000000000006,0.03854342459599844,0.8800000000000006,0.03394077661674023,0.8800000000000006,0.03035612680119339,0.8800000000000006,0.02748511694885281,0.8800000000000006,0.02513375727237589,0.8800000000000006,0.02317255201213287,0.8800000000000006,0.147247520346088
0.8900000000000006,0.1297337639641669,0.8900000000000006,0.1044843507999879,0.8900000000000006,0.08754387714822703,0.8900000000000006,0.07539338297739019,0.8900000000000006,0.06625396741355714,0.8900000000000006,0.05913001754949938,0.8900000000000006,0.05342105750473978,0.8900000000000006,0.0448409205014375,0.8900000000000006,0.03869940692413024,0.8900000000000006,0.03408571881121343,0.8900000000000006,0.03049245062141174,0.8900000000000006,0.02761453406779829,0.8900000000000006,0.02525752134868897,0.8900000000000006,0.02329160814591343,0.8900000000000006,0.1476460267333656
0.9000000000000006,0.1300875740402784,0.9000000000000006,0.1047855948198234,0.9000000000000006,0.08780893040922293,0.9000000000000006,0.07563193178136808,0.9000000000000006,0.06647225637358638,0.9000000000000006,0.05933231945257256,0.9000000000000006,0.05361042781946782,0.9000000000000006,0.04501067049630861,0.9000000000000006,0.03885499756157133,0.9000000000000006,0.03423062764560874,0.9000000000000006,0.03062902660890612,0.9000000000000006,0.02774443689954368,0.9000000000000006,0.02538196617284114,0.9000000000000006,0.02341151067652003,0.9000000000000006,0.1480363775275943
0.9100000000000006,0.1304333511756342,0.9100000000000006,0.1050807902932324,0.9100000000000006,0.08806926236918969,0.9100000000000006,0.07586672103758328,0.9100000000000006,0.06668751975128977,0.9100000000000006,0.05953217679710261,0.9100000000000006,0.05379782636352477,0.9100000000000006,0.04517917442030836,0.9100000000000006,0.03900987563101044,0.9100000000000006,0.03437523445504759,0.9100000000000006,0.03076562736971836,0.9100000000000006,0.02787463152370153,0.9100000000000006,0.02550692554409394,0.9100000000000006,0.02353211675408954,0.9100000000000006,0.1484172576090605
0.9200000000000006,0.1307701090436982,0.9200000000000006,0.1053691242541334,0.9200000000000006,0.08832419050871329,0.9200000000000006,0.07609716800966186,0.9200000000000006,0.06689925305195825,0.9200000000000006,0.05972914790517346,0.9200000000000006,0.0539828629434595,0.9200000000000006,0.04534612139928349,0.9200000000000006,0.03916378853020657,0.9200000000000006,0.03451933130231588,0.9200000000000006,0.03090208033450027,0.9200000000000006,0.02800497410459366,0.9200000000000006,0.02563227945891335,0.9200000000000006,0.02365332648140047,0.9200000000000006,0.1487875749140745
0.9300000000000006,0.131097062899222,0.9300000000000006,0.1056499521226074,0.9300000000000006,0.08857317660869499,0.9300000000000006,0.07632281620444523,0.9300000000000006,0.06710706405767794,0.9300000000000006,0.05992289228139452,0.9300000000000006,0.05416523953710379,0.9300000000000006,0.04551127900504825,0.9300000000000006,0.03931655216054273,0.9300000000000006,0.03466277123055359,0.9300000000000006,0.03103826802864676,0.9300000000000006,0.02813537117453466,0.9300000000000006,0.02575795440453397,0.9300000000000006,0.02377508321573075,0.9300000000000006,0.149146460287819
0.9400000000000006,0.1314136253695656,0.9400000000000006,0.1059227942456182,0.9400000000000006,0.08881582387222561,0.9400000000000006,0.07654333293629992,0.9400000000000006,0.0673106707336411,0.9400000000000006,0.06011316878931719,0.9400000000000006,0.05434474868782546,0.9400000000000006,0.04567449197817219,0.9400000000000006,0.03946804988519236,0.9400000000000006,0.03480546739818831,0.9400000000000006,0.03117412734488938,0.9400000000000006,0.02826577901674537,0.9400000000000006,0.0258839228323475,0.9400000000000006,0.02389737311786431,0.9400000000000006,0.1494932628587454
0.9500000000000006,0.1317193984546414,0.9500000000000006,0.1061873293135941,0.9500000000000006,0.08905187138714558,0.9500000000000006,0.07675850457566534,0.9500000000000006,0.06750989708338334,0.9500000000000006,0.06029983198713644,0.9500000000000006,0.05452127022935046,0.9500000000000006,0.04583567954356127,0.9500000000000006,0.03961823027151796,0.9500000000000006,0.03494739114409255,0.9500000000000006,0.03130964786117398,0.9500000000000006,0.02839620218660071,0.9500000000000006,0.02601020184644944,0.9500000000000006,0.02402022398077386,0.9500000000000006,0.1498275411632504
0.9600000000000006,0.1320141621565792,0.9600000000000006,0.1064433849945149,0.9600000000000006,0.08928118621721223,0.9600000000000006,0.07696822973089165,0.9600000000000006,0.06770466717251759,0.9600000000000006,0.06048282681909646,0.9600000000000006,0.05469476651890227,0.9600000000000006,0.04599483146830038,0.9600000000000006,0.03976710374675164,0.9600000000000006,0.0350885690965733,0.9600000000000006,0.03144486930534142,0.9600000000000006,0.02852669126300446,0.9600000000000006,0.0261368511911452,0.9600000000000006,0.02414370341509409,0.9600000000000006,0.1501490504979329
0.9700000000000006,0.1322978603293387,0.9700000000000006,0.1066909262688354,0.9700000000000006,0.08950375353147029,0.9700000000000006,0.0771725107189388,0.9700000000000006,0.0678949976352194,0.9700000000000006,0.06066218194422239,0.9700000000000006,0.0548652764338448,0.9700000000000006,0.04615200307671947,0.9700000000000006,0.0399147383527545,0.9700000000000006,0.03522907948986742,0.9700000000000006,0.03157987831292437,0.9700000000000006,0.02865733996221893,0.9700000000000006,0.02626397065823075,0.9700000000000006,0.02426791650256179,0.9700000000000006,0.1504577271635537
0.9800000000000006,0.1325705844442951,0.9800000000000006,0.1069300420378308,0.9800000000000006,0.08971966525838251,0.9800000000000006,0.07737144374807703,0.9800000000000006,0.06808098903790451,0.9800000000000006,0.06083800203824092,0.9800000000000006,0.05503290843637534,0.9800000000000006,0.0463073094794763,0.9800000000000006,0.04006125482194326,0.9800000000000006,0.03536904788386688,0.9800000000000006,0.03171480465307527,0.9800000000000006,0.02878828177246267,0.9800000000000006,0.02639169705861021,0.9800000000000006,0.02439300305046082,0.9800000000000006,0.1507536703811095
0.9900000000000007,0.1328325560100101,0.9900000000000007,0.1071609306143716,0.9900000000000007,0.08992910778313901,0.9900000000000007,0.07756520826396879,0.9900000000000007,0.06826281649986705,0.9900000000000007,0.06101045942749855,0.9900000000000007,0.05519783303178061,0.9900000000000007,0.04646091929131824,0.9900000000000007,0.0402068212120413,0.9900000000000007,0.03550864249659302,0.9900000000000007,0.0318498171100232,0.9900000000000007,0.02891968627882847,0.9900000000000007,0.0265202009130966,0.9900000000000007,0.02451913458959488,0.9900000000000007,0.1510371227059203
1.000000000000001,0.1330841083692048,1.000000000000001,0.1073838846938547,1.000000000000001,0.09013234919763168,1.000000000000001,0.07775405590314315,1.000000000000001,0.06844071996438543,1.000000000000001,0.06117978540824996,1.000000000000001,0.05536027494096923,1.000000000000001,0.04661304810830554,1.000000000000001,0.04035164733406178,1.000000000000001,0.03564806935614424,1.000000000000001,0.03198511920501299,1.000000000000001,0.02905175534589957,1.000000000000001,0.02664968301529156,1.000000000000001,0.0246465112565402,1.000000000000001,0.1513084497473859
1.010000000000001,0.1333256685343651,1.010000000000001,0.1075992763530394,1.010000000000001,0.09032972657052254,1.010000000000001,0.07793829946155643,1.010000000000001,0.06861499448184304,1.010000000000001,0.06134626157615047,1.010000000000001,0.05552050528221222,1.010000000000001,0.04676395199367096,1.010000000000001,0.04049597918932952,1.010000000000001,0.03578756746251779,1.010000000000001,0.03212094492913087,1.010000000000001,0.02918471931232527,1.010000000000001,0.02678037100749489,1.010000000000001,0.02477535868996847,1.010000000000001,0.1515681199323503
1.020000000000001,0.1335577396288791,1.020000000000001,0.1078075425470128,1.020000000000001,0.09052163363912777,1.020000000000001,0.07811830222892165,1.020000000000001,0.06878598081606045,1.020000000000001,0.06151021144569884,1.020000000000001,0.0556788340162048,1.020000000000001,0.04691392118716175,1.020000000000001,0.04064009360173076,1.020000000000001,0.03592740412365488,1.020000000000001,0.03225755463417632,1.020000000000001,0.02931883333062771,1.020000000000001,0.02691251609146614,1.020000000000001,0.02490592505325805,1.020000000000001,0.1518166849438636
1.030000000000001,0.1337808843870296,1.030000000000001,0.1080091714809497,1.030000000000001,0.09070850924532391,1.030000000000001,0.07829446797035278,1.030000000000001,0.06895405662388293,1.030000000000001,0.06167199258455792,1.030000000000001,0.05583560285888122,1.030000000000001,0.04706327421087697,1.030000000000001,0.04078429319524598,1.030000000000001,0.0360678705982628,1.030000000000001,0.0323952312003444,1.030000000000001,0.02945437395986493,1.030000000000001,0.02704638997247341,1.030000000000001,0.02503847827412026,1.030000000000001,0.1520547613399908
1.040000000000001,0.1339957100461955,1.040000000000001,0.1082046901342453,1.040000000000001,0.09089082675332238,1.040000000000001,0.07846723176343995,1.040000000000001,0.06911962839306392,1.040000000000001,0.06183198942936525,1.040000000000001,0.05599117881354548,1.040000000000001,0.0472123525000546,1.040000000000001,0.04092890182831811,1.040000000000001,0.03620927814406413,1.040000000000001,0.03253427656920218,1.040000000000001,0.02959163609141378,1.040000000000001,0.02718228211011206,1.040000000000001,0.02517330356903295,1.040000000000001,0.1522830137232887
1.050000000000001,0.1342028548485771,1.050000000000001,0.1083946531185926,1.050000000000001,0.0910690846053261,1.050000000000001,0.0786370518275805,1.050000000000001,0.06928312426033166,1.050000000000001,0.06199060689296763,1.050000000000001,0.05614594842246905,1.050000000000001,0.0473615156439133,1.050000000000001,0.04107426055913059,1.050000000000001,0.03635195453711976,1.050000000000001,0.03267500870095595,1.050000000000001,0.02973093026149025,1.050000000000001,0.02732049732507106,1.050000000000001,0.02531070129793288,1.050000000000001,0.1525021397020974
1.060000000000001,0.1344029762651491,1.060000000000001,0.1085796329648885,1.060000000000001,0.09124379809712113,1.060000000000001,0.07880440241791248,1.060000000000001,0.0694449877743845,1.060000000000001,0.06214826482170958,1.060000000000001,0.05630031279156044,1.060000000000001,0.04751113728238669,1.060000000000001,0.04122072418191496,1.060000000000001,0.03649624109796035,1.060000000000001,0.03281775898827846,1.060000000000001,0.02987258037987101,1.060000000000001,0.02746135378899201,1.060000000000001,0.02545098517436545,1.060000000000001,0.1527128567681912
1.070000000000001,0.1345967409659767,1.070000000000001,0.10876021186038,1.070000000000001,0.09141549239291424,1.070000000000001,0.07896976780146568,1.070000000000001,0.06960567262002927,1.070000000000001,0.06230539331781608,1.070000000000001,0.05645468340215145,1.070000000000001,0.04766160167120382,1.070000000000001,0.04136865834553015,1.070000000000001,0.03664249023482263,1.070000000000001,0.03296287013623416,1.070000000000001,0.03001692188373261,1.070000000000001,0.02760518140582309,1.070000000000001,0.0255944808390606,1.070000000000001,0.1529158911167058
1.080000000000001,0.1347848164906103,1.080000000000001,0.1089369747989494,1.080000000000001,0.09158469674872032,1.080000000000001,0.07913363728949828,1.080000000000001,0.06976563828095958,1.080000000000001,0.0624624289071248,1.080000000000001,0.0566094786923675,1.080000000000001,0.04781330090111,1.080000000000001,0.04151843724249368,1.080000000000001,0.03679106349396483,1.080000000000001,0.03311069449967822,1.080000000000001,0.03016430030911304,1.080000000000001,0.02775232057809983,1.080000000000001,0.02574152479114462,1.080000000000001,0.1531119683559029
1.090000000000001,0.1349678645200608,1.090000000000001,0.1091105040640063,1.090000000000001,0.09175193987644084,1.090000000000001,0.07929650126752184,1.090000000000001,0.06992534658985711,1.090000000000001,0.06261981150652322,1.090000000000001,0.05676512136703195,1.090000000000001,0.04796663273716254,1.090000000000001,0.04167044183945822,1.090000000000001,0.03694233009189229,1.090000000000001,0.03326159285597441,1.090000000000001,0.03031507026027034,1.090000000000001,0.02790312134043128,1.090000000000001,0.025892463660948,1.090000000000001,0.1533018059963012
1.100000000000001,0.1351465356164884,1.100000000000001,0.1092813749339649,1.100000000000001,0.09191774635551468,1.100000000000001,0.0794588481424339,1.100000000000001,0.07008525909488252,1.100000000000001,0.06277798212780705,1.100000000000001,0.05692203637902989,1.100000000000001,0.04812199903049561,1.100000000000001,0.04182505860841011,1.100000000000001,0.0370966658940016,1.100000000000001,0.03341593358165229,1.100000000000001,0.03046959474887989,1.100000000000001,0.02805794283487216,1.100000000000001,0.02604765380138807,1.100000000000001,0.153486107569439
1.110000000000001,0.135321465275984,1.110000000000001,0.1094501524829248,1.110000000000001,0.09208263398410874,1.110000000000001,0.07962116211311175,1.110000000000001,0.0702458351600064,1.110000000000001,0.06293738124421912,1.110000000000001,0.0570806495155529,1.110000000000001,0.0482798046469142,1.110000000000001,0.0419826787109122,1.110000000000001,0.03725445279802322,1.110000000000001,0.03357409219615208,1.110000000000001,0.03062824487007113,1.110000000000001,0.02821715309836107,1.110000000000001,0.02620746117077757,1.110000000000001,0.1536655582035425
1.120000000000001,0.1354932711310034,1.120000000000001,0.1096173893417278,1.120000000000001,0.09224711195537869,1.120000000000001,0.07978392166515942,1.120000000000001,0.07040753071157582,1.120000000000001,0.06309844774136875,1.120000000000001,0.05724138651849611,1.120000000000001,0.04844045685316258,1.120000000000001,0.04214369758467109,1.120000000000001,0.03741607847796743,1.120000000000001,0.03373645123342044,1.120000000000001,0.03079139978015599,1.120000000000001,0.02838112913045259,1.120000000000001,0.02637226147812172,1.120000000000001,0.1538408214736744
1.130000000000001,0.1356625511394392,1.130000000000001,0.1097836242847946,1.130000000000001,0.09241167974446042,1.130000000000001,0.07994759869056517,1.130000000000001,0.07057079754354603,1.130000000000001,0.063261618374245,1.130000000000001,0.05740467266828019,1.130000000000001,0.04860436510170779,1.130000000000001,0.04230851488170629,1.130000000000001,0.03758193644428026,1.130000000000001,0.03390340040213025,1.130000000000001,0.03095944694091926,1.130000000000001,0.02855025720959826,1.130000000000001,0.02654244056200297,1.130000000000001,0.1540125373444964
1.140000000000001,0.1358298826044275,1.140000000000001,0.1099493815139598,1.140000000000001,0.09257682659675326,1.140000000000001,0.08011265813727124,1.140000000000001,0.07073608309754699,1.140000000000001,0.06342732765538456,1.140000000000001,0.05757093276340236,1.140000000000001,0.04877194115743162,1.140000000000001,0.04247753470961138,1.140000000000001,0.03775242637787544,1.140000000000001,0.03407533699705791,1.140000000000001,0.03113278259694427,1.140000000000001,0.02872493342770388,1.140000000000001,0.02671839497551655,1.140000000000001,0.1541813210317881
1.150000000000001,0.1359958218805948,1.150000000000001,0.1101151705200733,1.150000000000001,0.09274303151617076,1.150000000000001,0.08027955810070417,1.150000000000001,0.07090383064018567,1.150000000000001,0.06359600810484191,1.150000000000001,0.0577405914330879,1.150000000000001,0.04894359951390594,1.150000000000001,0.04265116613110812,1.150000000000001,0.03792795469898579,1.150000000000001,0.03425266652709391,1.150000000000001,0.03131181245511726,1.150000000000001,0.02890556441514084,1.150000000000001,0.02690053275198667,1.150000000000001,0.1543477626218363
1.160000000000001,0.1361609046367085,1.160000000000001,0.1102814864149179,1.160000000000001,0.09291076366205975,1.160000000000001,0.08044875027804137,1.160000000000001,0.07107447976771518,1.160000000000001,0.06376809079954827,1.160000000000001,0.05791407372670968,1.160000000000001,0.04911975805224215,1.160000000000001,0.0428298238817036,1.160000000000001,0.03810893533585319,1.160000000000001,0.0344358035290165,1.160000000000001,0.03149695253877298,1.160000000000001,0.02909256823142804,1.160000000000001,0.02708927432899832,1.160000000000001,0.1545124273037382
1.170000000000001,0.1363256465601972,1.170000000000001,0.1104488106388171,1.170000000000001,0.09308048307441329,1.170000000000001,0.08062068071550767,1.170000000000001,0.07124846717663391,1.170000000000001,0.06394400616721993,1.170000000000001,0.05809180593051905,1.170000000000001,0.04930083890132003,1.170000000000001,0.04301392927030182,1.170000000000001,0.03829579066273096,1.170000000000001,0.03462517254015503,1.170000000000001,0.03168863019256771,1.170000000000001,0.02928637540012495,1.170000000000001,0.0272850536113501,1.170000000000001,0.1546758560869389
1.180000000000001,0.1364905444046633,1.180000000000001,0.1106176119622771,1.180000000000001,0.09325264165807286,1.180000000000001,0.0807957907886436,1.180000000000001,0.07142622764733214,1.180000000000001,0.06412418497765936,1.180000000000001,0.05827421656921025,1.180000000000001,0.04948726946410228,1.180000000000001,0.04320391123274087,1.180000000000001,0.03848895258119876,1.180000000000001,0.03482120920712943,1.180000000000001,0.03188728521785385,1.180000000000001,0.02948743006984988,1.180000000000001,0.02748831915664968,1.180000000000001,0.1548385668937778
1.190000000000001,0.1366560772966012,1.190000000000001,0.1107883477125201,1.190000000000001,0.09342768436728707,1.190000000000001,0.08097451836479937,1.190000000000001,0.07160819519616407,1.190000000000001,0.06430905949171985,1.190000000000001,0.05846173755658587,1.190000000000001,0.04967948358044812,1.190000000000001,0.04340020751317984,1.190000000000001,0.03868886372316963,1.190000000000001,0.03502436151178247,1.190000000000001,0.03209337112189575,1.190000000000001,0.02969619128661099,1.190000000000001,0.027699535470294,1.190000000000001,0.1550010559336158
1.200000000000001,0.1368227082315487,1.200000000000001,0.1109614651673964,1.200000000000001,0.09360605054193462,1.200000000000001,0.08115729910578061,1.200000000000001,0.07179480435901776,1.200000000000001,0.06449906473512029,1.200000000000001,0.05865480546587663,1.200000000000001,0.0498779228021626,1.200000000000001,0.04360326595287989,1.200000000000001,0.0388959787580577,1.200000000000001,0.03523509109909067,1.200000000000001,0.03230735646759893,1.200000000000001,0.02991313436568594,1.200000000000001,0.02791918439939629,1.200000000000001,0.1551637992807184
1.210000000000001,0.1369908857025799,1.210000000000001,0.1111374030696938,1.210000000000001,0.09378817535571501,1.210000000000001,0.08134456787642852,1.210000000000001,0.07198649157643008,1.210000000000001,0.06469463987057203,1.210000000000001,0.05885386289597336,1.210000000000001,0.05008303776084864,1.210000000000001,0.04381354587012141,1.210000000000001,0.03911076579028723,1.210000000000001,0.03545387469517408,1.210000000000001,0.03252972631345233,1.210000000000001,0.03013875235406722,1.210000000000001,0.02814776661778695,1.210000000000001,0.1553272545921754
1.220000000000001,0.1371610454152533,1.220000000000001,0.1113165932241766,1.220000000000001,0.09397449134457483,1.220000000000001,0.08153676023187477,1.220000000000001,0.07218369665647359,1.220000000000001,0.06489622964723848,1.220000000000001,0.05905935991488266,1.220000000000001,0.05029528961341336,1.220000000000001,0.04403151951872133,1.220000000000001,0.03933370783662207,1.220000000000001,0.03568120560648611,1.220000000000001,0.03276098373607535,1.220000000000001,0.03037355757695384,1.220000000000001,0.02838580319649593,1.220000000000001,0.1554918629145945
1.230000000000001,0.1373336120528495,1.230000000000001,0.1114994621477722,1.230000000000001,0.09416542999056025,1.230000000000001,0.08173431396226076,1.230000000000001,0.07238686429701675,1.230000000000001,0.0651042859113873,1.230000000000001,0.05927175556612212,1.230000000000001,0.05051515155381429,1.230000000000001,0.04425767361586155,1.230000000000001,0.03956530437566842,1.230000000000001,0.03591759529384753,1.230000000000001,0.03300165143010554,1.230000000000001,0.03061808326392385,1.230000000000001,0.02863383725611196,1.230000000000001,0.1556580505391147
1.240000000000001,0.1375090010640337,1.240000000000001,0.1116864327502338,1.240000000000001,0.0943614233421969,1.240000000000001,0.08193767067888191,1.240000000000001,0.07259644565355608,1.240000000000001,0.06531926916623461,1.240000000000001,0.05949151942753444,1.240000000000001,0.05074311038282819,1.240000000000001,0.04449251093272038,1.240000000000001,0.03980607296436704,1.240000000000001,0.03616357501720272,1.240000000000001,0.0332522733821771,1.240000000000001,0.03087288525226587,1.240000000000001,0.02889243569911804,1.240000000000001,0.1558262308735018
1.250000000000001,0.137687620452049,1.250000000000001,0.1118779260284174,1.250000000000001,0.09456290565748206,1.250000000000001,0.0821472774300778,1.250000000000001,0.07281289994269691,1.250000000000001,0.06554165017247394,1.250000000000001,0.05971913321518375,1.250000000000001,0.05097966813032204,1.250000000000001,0.04473655194374601,1.250000000000001,0.04005655091837323,1.250000000000001,0.03641969754884439,1.250000000000001,0.03351341661743586,1.250000000000001,0.03113854376650427,1.250000000000001,0.02916219102173974,1.250000000000001,0.1559968063078276
1.260000000000001,0.1378698725503386,1.260000000000001,0.1120743627621393,1.260000000000001,0.0947703150597122,1.260000000000001,0.08236358833881166,1.260000000000001,0.07303669607458205,1.260000000000001,0.06577191158388788,1.260000000000001,0.05995509242763961,1.260000000000001,0.05122534372675672,1.260000000000001,0.04499033653236741,1.260000000000001,0.04031729705495177,1.260000000000001,0.03668653895440787,1.260000000000001,0.03378567301844677,1.260000000000001,0.03141566527444152,1.260000000000001,0.02944372320603051,1.260000000000001,0.1561701700566626
1.270000000000001,0.1380561557742267,1.270000000000001,0.1122761652035379,1.270000000000001,0.09498409519976277,1.270000000000001,0.08258706625685866,1.270000000000001,0.07326831431021771,1.270000000000001,0.06601054961482815,1.270000000000001,0.06019990802813026,1.270000000000001,0.05148067472249591,1.270000000000001,0.04525442575254073,1.270000000000001,0.04058889349843418,1.270000000000001,0.03696470044220625,1.270000000000001,0.03406966121750168,1.270000000000001,0.03170488442109345,1.270000000000001,0.02973768169388469,1.270000000000001,0.1563467079659542
1.280000000000001,0.1382468663421213,1.280000000000001,0.1124837587550615,1.280000000000001,0.09520469692118969,1.280000000000001,0.0828181844329314,1.280000000000001,0.07350824794179149,1.280000000000001,0.06625807573828409,1.280000000000001,0.0604541081638069,1.280000000000001,0.05174621905498761,1.280000000000001,0.04552940364682511,1.280000000000001,0.04087194754942657,1.280000000000001,0.03725481028249839,1.280000000000001,0.03436602856425345,1.280000000000001,0.03200686604272562,1.280000000000001,0.03004474744543011,1.280000000000001,0.1565268002770117
1.290000000000001,0.1384423999627541,1.290000000000001,0.1126975736337648,1.290000000000001,0.09543257992671715,1.290000000000001,0.08305742819399879,1.290000000000001,0.07375700499579049,1.290000000000001,0.06651501841480452,1.290000000000001,0.06071823992276577,1.290000000000001,0.05202255686507343,1.290000000000001,0.04581587912270862,1.290000000000001,0.04116709361985852,1.290000000000001,0.03755752579907912,1.290000000000001,0.03467545317131581,1.290000000000001,0.03232230726384442,1.290000000000001,0.03036563508483392,1.290000000000001,0.1567108233433946
1.300000000000001,0.1386431534873751,1.300000000000001,0.112918046521607,1.300000000000001,0.09566821444640879,1.300000000000001,0.0833052966405721,1.300000000000001,0.07401510996008132,1.300000000000001,0.06678192485375221,1.300000000000001,0.0609928711305779,1.300000000000001,0.05231029236460791,1.300000000000001,0.0461144878896983,1.300000000000001,0.04147499523665037,1.300000000000001,0.03787353543618618,1.300000000000001,0.03499864604100227,1.300000000000001,0.03265193968046249,1.300000000000001,0.03070109513697033,1.300000000000001,0.1568991512991561
1.310000000000001,0.1388495265276779,1.310000000000001,0.1131456222030078,1.310000000000001,0.09591208290916277,1.310000000000001,0.08356230435790632,1.310000000000001,0.07428310553715221,1.310000000000001,0.06705936280930544,1.310000000000001,0.06127859218892006,1.310000000000001,0.05261005575827064,1.310000000000001,0.04642589446028122,1.310000000000001,0.04179634711728281,1.310000000000001,0.03820356090414864,1.310000000000001,0.0353363532767437,1.310000000000001,0.03299653163327615,1.310000000000001,0.03105191635866476,1.310000000000001,0.1570921576789475
1.320000000000001,0.1390619230416468,1.320000000000001,0.113380755192102,1.320000000000001,0.09616468162018582,1.320000000000001,0.08382898314595313,1.320000000000001,0.07456155442650401,1.320000000000001,0.0673479224143177,1.320000000000001,0.06157601795952696,1.320000000000001,0.0529225052229657,1.320000000000001,0.04675079421828045,1.320000000000001,0.04213187732089291,1.320000000000001,0.03854835940747768,1.320000000000001,0.03568935838294557,1.320000000000001,0.03335689057455854,1.320000000000001,0.03141892816835206,1.320000000000001,0.1572902169920467
1.330000000000001,0.1392807528905619,1.330000000000001,0.1136239113530137,1.330000000000001,0.09642652244785799,1.330000000000001,0.08410588377155427,1.330000000000001,0.07485104113974608,1.330000000000001,0.06764821805565015,1.330000000000001,0.06188578969712664,1.330000000000001,0.05324832894854321,1.330000000000001,0.04708991555839416,1.330000000000001,0.04248234947871718,1.330000000000001,0.03890872595923932,1.330000000000001,0.03605848465712964,1.330000000000001,0.03373386553261117,1.330000000000001,0.03180300317798081,1.330000000000001,0.1574937062535255
1.340000000000001,0.1395064333711548,1.340000000000001,0.113875569517104,1.340000000000001,0.09669813452393065,1.340000000000001,0.08439357774681869,1.340000000000001,0.07515217385234244,1.340000000000001,0.06796089029492304,1.340000000000001,0.06220857703530485,1.340000000000001,0.05358824724378028,1.340000000000001,0.0474440221008318,1.340000000000001,0.04284856510776526,1.340000000000001,0.03928549578555299,1.340000000000001,0.03644459767815884,1.340000000000001,0.03412834967752008,1.340000000000001,0.03220505983085236,1.340000000000001,0.157703006476604
1.350000000000001,0.1397393907274248,1.350000000000001,0.1141362231015704,1.350000000000001,0.09698006596135847,1.350000000000001,0.08469265913792286,1.350000000000001,0.07546558629619442,1.350000000000001,0.06828660783882404,1.350000000000001,0.06254508002939013,1.350000000000001,0.05394301471162469,1.350000000000001,0.04781391498496352,1.350000000000001,0.04323136601154755,1.350000000000001,0.03967954682394337,1.350000000000001,0.03684860789417271,1.350000000000001,0.03454128299174305,1.350000000000001,0.03262606514881825,1.350000000000001,0.1579185041308067
1.360000000000001,0.1399800616469561,1.360000000000001,0.1144063817340496,1.360000000000001,0.0972728855942734,1.360000000000001,0.08500374640872811,1.360000000000001,0.07579193969735645,1.360000000000001,0.06862606956317986,1.360000000000001,0.06289603126048351,1.360000000000001,0.05431342249766141,1.360000000000001,0.0482004352457837,1.360000000000001,0.04363163677150135,1.360000000000001,0.04009180231903347,1.360000000000001,0.03727147331356499,1.360000000000001,0.0349736550487004,1.360000000000001,0.03306703759185109,1.360000000000001,0.1581405925709016
1.370000000000001,0.1402288947467574,1.370000000000001,0.1146865728880027,1.370000000000001,0.0975771847446998,1.370000000000001,0.08532748430365666,1.370000000000001,0.0761319247631826,1.370000000000001,0.06898000659495844,1.370000000000001,0.06326219800467023,1.370000000000001,0.05470030061560381,1.370000000000001,0.04860446627676066,1.370000000000001,0.04405030733246274,1.370000000000001,0.04052323351870332,1.370000000000001,0.03771420230190715,1.370000000000001,0.03542650790205824,1.370000000000001,0.03352905003246243,1.370000000000001,0.1583696734418076
1.380000000000001,0.1404863520537136,1.380000000000001,0.1149773435336996,1.380000000000001,0.09789357902059596,1.380000000000001,0.08566454577421162,1.380000000000001,0.07648626372310609,1.380000000000001,0.06934918445622802,1.380000000000001,0.06364438447127792,1.380000000000001,0.05510452035335052,1.380000000000001,0.04902693638230669,1.380000000000001,0.04448835568511435,1.380000000000001,0.04097486247334958,1.380000000000001,0.03817785648716313,1.380000000000001,0.03590093908776085,1.380000000000001,0.03401323284674392,1.380000000000001,0.1586061580647321
1.390000000000001,0.1407529104847097,1.390000000000001,0.1152792618095549,1.390000000000001,0.09822271014971339,1.390000000000001,0.08601563395338664,1.390000000000001,0.0768557124270678,1.390000000000001,0.06973440527386912,1.390000000000001,0.0640434341137619,1.390000000000001,0.05552699676278165,1.390000000000001,0.04946882142264285,1.390000000000001,0.04494681064780137,1.390000000000001,0.04144776494025735,1.390000000000001,0.03866355377483308,1.390000000000001,0.03639810474008677,1.390000000000001,0.03452077712294665,1.390000000000001,0.1588504688097857
1.400000000000001,0.14102906333139,1.400000000000001,0.1155929187184423,1.400000000000001,0.09856524785358819,1.400000000000001,0.08638148418199085,1.400000000000001,0.07724106250533863,1.400000000000001,0.07013651005851737,1.400000000000001,0.06446023201643275,1.400000000000001,0.05596869123599629,1.400000000000001,0.04993114755326451,1.400000000000001,0.04542675474943007,1.400000000000001,0.04194307339432578,1.400000000000001,0.03917247147380441,1.400000000000001,0.03691922282205003,1.400000000000001,0.03505293798747795,1.400000000000001,0.1591030404602283
1.410000000000001,0.1413153217543592,1.410000000000001,0.1159189298534227,1.410000000000001,0.09892189176574476,1.410000000000001,0.08676286609062003,1.410000000000001,0.07764314359313208,1.410000000000001,0.07055638105580017,1.410000000000001,0.06489570735976632,1.410000000000001,0.05643061417010036,1.410000000000001,0.05041499406050377,1.410000000000001,0.04592932721435061,1.410000000000001,0.04246198014546129,1.410000000000001,0.03970584953265115,1.410000000000001,0.03746557646933228,1.410000000000001,0.03561103804695398,1.410000000000001,0.1593643215733483
1.420000000000001,0.1416122162914294,1.420000000000001,0.1162579371570719,1.420000000000001,0.09929337339788438,1.420000000000001,0.08716058574063867,1.420000000000001,0.07806282562296465,1.420000000000001,0.07099494417243048,1.420000000000001,0.06535083596646833,1.420000000000001,0.05691382772195163,1.420000000000001,0.05092149629384706,1.420000000000001,0.04645572704915096,1.420000000000001,0.04300574056185644,1.420000000000001,0.0402649938849056,1.420000000000001,0.0380385174455904,1.420000000000001,0.03619647094349598,1.420000000000001,0.1596347758427911
1.430000000000001,0.1419202983842734,1.430000000000001,0.1166106107183049,1.430000000000001,0.0996804581574658,1.430000000000001,0.08757548782709186,1.430000000000001,0.07850102118720409,1.430000000000001,0.07145317147911689,1.430000000000001,0.06582664292978156,1.430000000000001,0.05741944865342398,1.430000000000001,0.05145184869466853,1.430000000000001,0.0470072162301442,1.430000000000001,0.04357567639707721,1.430000000000001,0.04085127990039227,1.430000000000001,0.03863946970541927,1.430000000000001,0.03681070501875793,1.430000000000001,0.1599148834669207
1.440000000000001,0.1422401419275722,1.440000000000001,0.1169776506102388,1.440000000000001,0.1000839474196574,1.440000000000001,0.08800845794594891,1.440000000000001,0.07895868797262559,1.440000000000001,0.07193208379154425,1.440000000000001,0.06632420532472255,1.440000000000001,0.05794865126677151,1.440000000000001,0.05200730791987948,1.440000000000001,0.0475851229889978,1.440000000000001,0.04417317921738689,1.440000000000001,0.04146615593805557,1.440000000000001,0.03926993305943511,1.440000000000001,0.03745528708021378,1.440000000000001,0.1602051425275472
1.450000000000001,0.142572344844433,1.450000000000001,0.1173597887722497,1.450000000000001,0.1005046806561389,1.450000000000001,0.08846042492747226,1.450000000000001,0.07943683126808958,1.450000000000001,0.07243275332985208,1.450000000000001,0.06684465500200815,1.450000000000001,0.05850267042852884,1.450000000000001,0.05258919605764827,1.450000000000001,0.04819084519241044,1.450000000000001,0.04479971392399885,1.450000000000001,0.04211114699379961,1.450000000000001,0.03993148693385575,1.450000000000001,0.03813184626097591,1.450000000000001,0.160506070383077
1.460000000000001,0.1429175306915179,1.460000000000001,0.1177577909389309,1.460000000000001,0.1009435376226674,1.460000000000001,0.08893236323681222,1.460000000000001,0.07993650654562419,1.460000000000001,0.07295630645609136,1.460000000000001,0.06738918146334975,1.460000000000001,0.05908280467906963,1.460000000000001,0.05319890393079316,1.460000000000001,0.04882585380997003,1.460000000000001,0.04545682236296681,1.460000000000001,0.04278785843466688,1.460000000000001,0.04062579421456933,1.460000000000001,0.03884209796183788,1.460000000000001,0.1608182050798414
1.470000000000001,0.143276350296953,1.470000000000001,0.1181724586181518,1.470000000000001,0.1014014406066685,1.470000000000001,0.08942529544212779,1.470000000000001,0.08045882211425376,1.470000000000001,0.07350392648805001,1.470000000000001,0.06795903481556807,1.470000000000001,0.05969041942343414,1.470000000000001,0.05383789448167991,1.470000000000001,0.04949169646229923,1.470000000000001,0.04614612701315159,1.470000000000001,0.04349797980818396,1.470000000000001,0.04135460516296154,1.470000000000001,0.03958784786131125,1.470000000000001,0.1611421067850475
1.480000000000001,0.1436494834336815,1.480000000000001,0.1186046311198646,1.480000000000001,0.1018793567353854,1.480000000000001,0.08994029474963211,1.480000000000001,0.08100494184484064,1.480000000000001,0.07407685658658952,1.480000000000001,0.06855552879956966,1.480000000000001,0.06032695019731545,1.480000000000001,0.05450770623043524,1.480000000000001,0.05019000103929417,1.480000000000001,0.04686933474013506,1.480000000000001,0.04424328871287637,1.480000000000001,0.04211976138769934,1.480000000000001,0.04037099597611209,1.480000000000001,0.1614783592444494
1.490000000000001,0.1440376405304834,1.490000000000001,0.1190551876366633,1.490000000000001,0.1023783003442835,1.490000000000001,0.09047848760392593,1.490000000000001,0.08157608796297441,1.490000000000001,0.07467640271222517,1.490000000000001,0.06918004388862747,1.490000000000001,0.060993906000144,1.490000000000001,0.05520995679600162,1.490000000000001,0.05092247937565759,1.490000000000001,0.04762824060104418,1.490000000000001,0.04502565471276197,1.490000000000001,0.04292319985321073,1.490000000000001,0.04119354075083722,1.490000000000001,0.1618275712674838
1.5,0.1444415644224002,1.5,0.1195250493764036,1.5,0.1028993354044721,1.5,0.09104105635082077,1.5,0.08217354390556474,1.5,0.07530393664507626,1.5,0.0698340304485988,1.5,0.06169287268499914,1.5,0.05594634646697721,1.5,0.05169093096799781,1.5,0.04842473168198955,1.5,0.04584704327506128,1.5,0.04376695690172196,1.5,0.04205758315141688,1.5,0.1621903782422232
