pch18_Cgd_Cgg (ll=3.5e-07) X,pch18_Cgd_Cgg (ll=3.5e-07) Y,pch18_Cgd_Cgg (ll=4e-07) X,pch18_Cgd_Cgg (ll=4e-07) Y,pch18_Cgd_Cgg (ll=5e-07) X,pch18_Cgd_Cgg (ll=5e-07) Y,pch18_Cgd_Cgg (ll=6e-07) X,pch18_Cgd_Cgg (ll=6e-07) Y,pch18_Cgd_Cgg (ll=7e-07) X,pch18_Cgd_Cgg (ll=7e-07) Y,pch18_Cgd_Cgg (ll=8e-07) X,pch18_Cgd_Cgg (ll=8e-07) Y,pch18_Cgd_Cgg (ll=9e-07) X,pch18_Cgd_Cgg (ll=9e-07) Y,pch18_Cgd_Cgg (ll=1e-06) X,pch18_Cgd_Cgg (ll=1e-06) Y,pch18_Cgd_Cgg (ll=1.2e-06) X,pch18_Cgd_Cgg (ll=1.2e-06) Y,pch18_Cgd_Cgg (ll=1.4e-06) X,pch18_Cgd_Cgg (ll=1.4e-06) Y,pch18_Cgd_Cgg (ll=1.6e-06) X,pch18_Cgd_Cgg (ll=1.6e-06) Y,pch18_Cgd_Cgg (ll=1.8e-06) X,pch18_Cgd_Cgg (ll=1.8e-06) Y,pch18_Cgd_Cgg (ll=2e-06) X,pch18_Cgd_Cgg (ll=2e-06) Y,pch18_Cgd_Cgg (ll=2.2e-06) X,pch18_Cgd_Cgg (ll=2.2e-06) Y,pch18_Cgd_Cgg (ll=2.4e-06) X,pch18_Cgd_Cgg (ll=2.4e-06) Y
0,-0.2183098734145156,0,-0.198325476461903,0,-0.1677000818971733,0,-0.1453054903695342,0,-0.1282036286336122,0,-0.1147114212962001,0,-0.1037929401490156,0,-0.09477481084532859,0,-0.08074750125598069,0,-0.07033955070874992,0,-0.06230951744727945,0,-0.05592570198287677,0,-0.05072877839325576,0,-0.04641580899767864,0,-0.04277889127104009
0.01,-0.2188285637830915,0.01,-0.1988602418426418,0.01,-0.1682334317838234,0.01,-0.1458183659601798,0.01,-0.128690050748191,0.01,-0.1151704549621121,0.01,-0.1042256409051458,0.01,-0.09518296875862714,0.01,-0.08111249325214309,0.01,-0.07066861091153515,0.01,-0.06260859457416781,0.01,-0.0561995430879359,0.01,-0.05098116241798729,0.01,-0.04664976466945952,0.01,-0.04299687014398133
0.02,-0.219346839931318,0.02,-0.1993935445451044,0.02,-0.1687642316971116,0.02,-0.1463282610689289,0.02,-0.1291733544143218,0.02,-0.1156263705548749,0.02,-0.1046552906846159,0.02,-0.09558817412378653,0.02,-0.08147475934913742,0.02,-0.07099516826793575,0.02,-0.06290537117938029,0.02,-0.05647126246325901,0.02,-0.05123158154699399,0.02,-0.04688189303060838,0.02,-0.04321314280004052
0.03,-0.2198649037270912,0.03,-0.1999255045983134,0.03,-0.169292492205066,0.03,-0.1468351220687735,0.03,-0.1296534476816325,0.03,-0.1160790531317639,0.03,-0.1050817609482693,0.03,-0.09599029072317165,0.03,-0.08183415806720896,0.03,-0.07131908286342978,0.03,-0.06319971185014382,0.03,-0.05674073036843006,0.03,-0.0514799120477072,0.03,-0.04711207629165481,0.03,-0.04342759714065689
0.04,-0.2203828685596616,0.04,-0.2004561703941131,0.04,-0.1698181735060468,0.04,-0.1473388576323859,0.04,-0.1301302091320584,0.04,-0.1165283639601489,0.04,-0.1055049034617978,0.04,-0.09638916570283779,0.04,-0.08219053549195131,0.04,-0.07164020504794762,0.04,-0.06349147328774936,0.04,-0.05700781050784744,0.04,-0.05172602462683733,0.04,-0.04734019186844387,0.04,-0.04364011687744452
0.05,-0.2209007517483312,0.05,-0.2009855120773499,0.05,-0.1703411798394559,0.05,-0.1478393336821212,0.05,-0.1306034831959102,0.05,-0.1169741361214865,0.05,-0.1059245461439036,0.05,-0.09678462563565728,0.05,-0.08254372170569284,0.05,-0.07195837217481402,0.05,-0.06378050130814333,0.05,-0.05727235725657287,0.05,-0.05196978185196596,0.05,-0.04756610997518757,0.05,-0.04385057927650191
0.06,-0.2214184647656161,0.06,-0.2015134124821295,0.06,-0.1708613511282387,0.06,-0.1483363654393757,0.06,-0.1310730725383341,0.06,-0.1174161672153663,0.06,-0.1063404860766567,0.06,-0.09717646982596249,0.06,-0.08289352463816708,0.06,-0.07227340293682996,0.06,-0.06406662560541021,0.06,-0.05753421079941611,0.06,-0.05221103362133771,0.06,-0.04778968938651879,0.06,-0.04405885117992244
0.07000000000000001,-0.221935800293505,0.07000000000000001,-0.2020396546480326,0.07000000000000001,-0.1713784509291818,0.07000000000000001,-0.1488297057000611,0.07000000000000001,-0.1315387266945338,0.07000000000000001,-0.1178542083910781,0.07000000000000001,-0.1067524789509458,0.07000000000000001,-0.09756446017011035,0.07000000000000001,-0.08323972072296369,0.07000000000000001,-0.0725850887456186,0.07000000000000001,-0.06434965177399603,0.07000000000000001,-0.05779318972100619,0.07000000000000001,-0.05244961025530154,0.07000000000000001,-0.0480107709727253,0.07000000000000001,-0.04426478293537223
0.08,-0.2224524150547217,0.08,-0.2025639049013296,0.08,-0.1718921497440583,0.08,-0.149319028451303,0.08,-0.1320001261262746,0.08,-0.1182879489315674,0.08,-0.1071602242191911,0.08,-0.09794830688777818,0.08,-0.08358204174766141,0.08,-0.07289318160203402,0.08,-0.0646293500871629,0.08,-0.05804908058610994,0.08,-0.0526853127841917,0.08,-0.04822916861350818,0.08,-0.04446819986561856
0.09,-0.2229678072374172,0.09,-0.2030856903955413,0.09,-0.1724020026839978,0.09,-0.1498039068960289,0.09,-0.1324568608297579,0.09,-0.1187169955756062,0.09,-0.1075633451906576,0.09,-0.09832764940353536,0.09,-0.08392015725261362,0.09,-0.07319737787434215,0.09,-0.06490544049969875,0.09,-0.05830162402145793,0.09,-0.05291789998079627,0.09,-0.04844465707022402,0.09,-0.04466889088567048
0.09999999999999999,-0.2234812871261062,0.09999999999999999,-0.203604369833335,0.09999999999999999,-0.1729074203386278,0.09999999999999999,-0.1502837848248549,0.09999999999999999,-0.1329084025052914,0.09999999999999999,-0.119140845649713,0.09999999999999999,-0.1079613631948002,0.09999999999999999,-0.09870203155226295,0.09999999999999999,-0.08425365173445565,0.09999999999999999,-0.07349729730832803,0.09999999999999999,-0.06517757325610668,0.09999999999999999,-0.05855049672876148,0.09999999999999999,-0.05314707160870873,0.09999999999999999,-0.04865695632400031,0.09999999999999999,-0.04486659380649827
0.11,-0.2239919392388572,0.11,-0.2041190958072673,0.11,-0.1734076314461125,0.11,-0.1507579400340348,0.11,-0.1333540690689445,0.11,-0.1195588528600701,0.11,-0.1083536647251492,0.11,-0.09907087007703656,0.11,-0.08458199572033268,0.11,-0.0737924564169192,0.11,-0.06544530432103775,0.11,-0.05879528870495524,0.11,-0.05337244721385731,0.11,-0.04886571175173025,0.11,-0.04506097673664754
0.12,-0.2244985738415514,0.12,-0.2046287667857727,0.12,-0.1739016355714607,0.12,-0.151225438114868,0.12,-0.1337929799269811,0.12,-0.1199701842490449,0.12,-0.1087394601441696,0.12,-0.09943341506923924,0.12,-0.08490450948489701,0.12,-0.0740822351253267,0.12,-0.0657080645969888,0.12,-0.05903547471147151,0.12,-0.05359353956775679,0.12,-0.04907046930692564,0.12,-0.04525161480024414
0.13,-0.2249996651735157,0.13,-0.2051319662380451,0.13,-0.1743881434798017,0.13,-0.1516850744346642,0.13,-0.1342239999463625,0.13,-0.1203737663524876,0.13,-0.1091177320804711,0.13,-0.09978870057062948,0.13,-0.0852203177877244,0.13,-0.0743658351850524,0.13,-0.06596512155946922,0.13,-0.05927037872389607,0.13,-0.05380972158192536,0.13,-0.04927064460209469,0.13,-0.0454379611361973
0.14,-0.225493273103802,0.14,-0.2056268857629458,0.14,-0.1748655022622899,0.14,-0.1521353015150436,0.14,-0.1346456694618,0.14,-0.1207682180255031,0.14,-0.1094871711062558,0.14,-0.1001354830381367,0.14,-0.08552829353551727,0.14,-0.07464222843701175,0.14,-0.06621553154163527,0.14,-0.0594991297253917,0.14,-0.05402018517123995,0.14,-0.04946548447064699,0.14,-0.04561931084497667
0.15,-0.225976944294941,0.15,-0.2061112284118117,0.15,-0.1753316015824118,0.15,-0.1525741383371254,0.15,-0.1350561170084162,0.15,-0.121151766781875,0.15,-0.1098460956901439,0.15,-0.1004721648084349,0.15,-0.08582698776317185,0.15,-0.07491009254003346,0.15,-0.06645808047605638,0.15,-0.05972060681692073,0.15,-0.05422389018293508,0.15,-0.04965401925064342,0.15,-0.04579475623583745
0.16,-0.2264475883615804,0.16,-0.2065820877508126,0.16,-0.1757837567363684,0.16,-0.1529990574413218,0.16,-0.1354529508345746,0.16,-0.1215221448901509,0.16,-0.1101923528513242,0.16,-0.1007966991619254,0.16,-0.08611454284767509,0.16,-0.07516773134936053,0.16,-0.06669121051031027,0.16,-0.05993337126057983,0.16,-0.05441950118027283,0.16,-0.04983500372990127,0.16,-0.04596313144603034
0.17,-0.226901324098129,0.17,-0.2070357977143161,0.17,-0.1762185636800403,0.17,-0.1534068451587015,0.17,-0.1358331247475743,0.17,-0.1218764610014895,0.17,-0.1105231955069371,0.17,-0.1011064731835048,0.17,-0.08638858552181611,0.17,-0.07541297682745737,0.17,-0.06691292964672609,0.17,-0.06013558283512868,0.17,-0.05460530965660336,0.17,-0.05000684449851429,0.17,-0.04612294432676239
0.18,-0.2273332907986106,0.18,-0.2074677481365715,0.18,-0.176631720944126,0.18,-0.1537934300878999,0.18,-0.1361927736508345,0.18,-0.1222110429232387,0.18,-0.1108351323747001,0.18,-0.1013981645153408,0.18,-0.08664609619685633,0.18,-0.07564306934331615,0.18,-0.06712070155300093,0.18,-0.06032489789518418,0.18,-0.05477913927927834,0.18,-0.05016751148665791,0.18,-0.0462722935282033
0.19,-0.2277374202789462,0.19,-0.2078721612829518,0.19,-0.1770178137032626,0.19,-0.1541536752804955,0.19,-0.1365270145067917,0.19,-0.1225212475556968,0.19,-0.1111237467194946,0.19,-0.1016675685410418,0.19,-0.08688325156719559,0.19,-0.07585451368541686,0.19,-0.06731131315533048,0.19,-0.0604983469810687,0.19,-0.05493823220602324,0.19,-0.05031443189480975,0.19,-0.04640876913058629
0.2,-0.2281061668290275,0.2,-0.2082418261198181,0.2,-0.1773700565687237,0.2,-0.1544811309025342,0.2,-0.1368297097853699,0.2,-0.1228012353515968,0.2,-0.1113834815816096,0.2,-0.1019093938872537,0.2,-0.08709523879130766,0.2,-0.07604290939248715,0.2,-0.0674807188545999,0.2,-0.06065219100248093,0.2,-0.05507911564006773,0.2,-0.05044436579649011,0.2,-0.04652933619323783
0.21,-0.2284301954966298,0.21,-0.2085677899913436,0.21,-0.1776799944691831,0.21,-0.154767746932137,0.21,-0.1370931932597,0.21,-0.1230437094547874,0.21,-0.1116073918990662,0.21,-0.1021170268669372,0.21,-0.0872760421805102,0.21,-0.07620275652413931,0.21,-0.06762386260010668,0.21,-0.0607817572915809,0.21,-0.05519744994716732,0.21,-0.05055326474219142,0.21,-0.04663020254135686
0.2200000000000001,-0.2286980344928771,0.2200000000000001,-0.2088390124825659,0.2200000000000001,-0.1779371659553565,0.2200000000000001,-0.1550035504192799,0.2200000000000001,-0.13730796296612,0.2200000000000001,-0.1232396245882389,0.2200000000000001,-0.1117868687796971,0.2200000000000001,-0.1022822702402502,0.2200000000000001,-0.08741820785929183,0.2200000000000001,-0.0763272422879413,0.2200000000000001,-0.06773448311419621,0.2200000000000001,-0.06088126065584775,0.2200000000000001,-0.05528786328344365,0.2200000000000001,-0.05063611812612737,0.2200000000000001,-0.04670667536623398
0.2300000000000001,-0.2288957058318549,0.2300000000000001,-0.2090419943039881,0.2300000000000001,-0.1781287412081345,0.2300000000000001,-0.1551762997710191,0.2300000000000001,-0.1374623540363384,0.2300000000000001,-0.1233778785501137,0.2300000000000001,-0.1119113488208404,0.2300000000000001,-0.1023950691351946,0.2300000000000001,-0.08751259893127979,0.2300000000000001,-0.07640802060080168,0.2300000000000001,-0.06780491382827031,0.2300000000000001,-0.06094362046008014,0.2300000000000001,-0.05534378324351127,0.2300000000000001,-0.05068679732884999,0.2300000000000001,-0.0467530161844438
0.2400000000000001,-0.2290063602104586,0.2400000000000001,-0.2091604057502469,0.2400000000000001,-0.1782391587172107,0.2400000000000001,-0.1552711402020374,0.2400000000000001,-0.1375422156781546,0.2400000000000001,-0.1234450105465219,0.2400000000000001,-0.1119680324829719,0.2400000000000001,-0.1024432477794455,0.2400000000000001,-0.08754816384994311,0.2400000000000001,-0.07643500618535573,0.2400000000000001,-0.06782589800859287,0.2400000000000001,-0.06096029312929865,0.2400000000000001,-0.05535728389606294,0.2400000000000001,-0.05069791504999713,0.2400000000000001,-0.04676231069014491
0.2500000000000001,-0.2290099578574508,0.2500000000000001,-0.2091747550518443,0.2500000000000001,-0.1782498004914454,0.2500000000000001,-0.1552703003538935,0.2500000000000001,-0.1375306322297532,0.2500000000000001,-0.1234249458904325,0.2500000000000001,-0.1119416503961992,0.2500000000000001,-0.1024122950972589,0.2500000000000001,-0.08751175412322458,0.2500000000000001,-0.07639621729630519,0.2500000000000001,-0.06778645118397909,0.2500000000000001,-0.06092115032128822,0.2500000000000001,-0.05531897673507841,0.2500000000000001,-0.05066072678370365,0.2500000000000001,-0.04672637901505489
0.2600000000000001,-0.2288830560591123,0.2600000000000001,-0.2090621563544152,0.2600000000000001,-0.1781387654395897,0.2600000000000001,-0.1551528897668067,0.2600000000000001,-0.1374077474966807,0.2600000000000001,-0.1232988453098597,0.2600000000000001,-0.1118143345336816,0.2600000000000001,-0.1022852545880445,0.2600000000000001,-0.08738804347319219,0.2600000000000001,-0.07627771589694943,0.2600000000000001,-0.06767381658136484,0.2600000000000001,-0.06081444561281905,0.2600000000000001,-0.05521798579100159,0.2600000000000001,-0.05056511233020366,0.2600000000000001,-0.04663576216563957
0.2700000000000001,-0.2285987842965148,0.2700000000000001,-0.2087962783011241,0.2700000000000001,-0.1778808224292958,0.2700000000000001,-0.1548948784913786,0.2700000000000001,-0.1371507724921548,0.2700000000000001,-0.1230451371338834,0.2700000000000001,-0.1115656702568982,0.2700000000000001,-0.1020427920182607,0.2700000000000001,-0.08715961689264458,0.2700000000000001,-0.0760637088546571,0.2700000000000001,-0.06747357267474852,0.2700000000000001,-0.06062692479033954,0.2700000000000001,-0.05504205840511875,0.2700000000000001,-0.05039968564461487,0.2700000000000001,-0.046479830075743
0.2800000000000001,-0.2281271053525015,0.2800000000000001,-0.208347573318334,0.2800000000000001,-0.1774476444605085,0.2800000000000001,-0.1544693594358689,0.2800000000000001,-0.1367342748690172,0.2800000000000001,-0.1226398274952121,0.2800000000000001,-0.1111730208140897,0.2800000000000001,-0.1016635288142794,0.2800000000000001,-0.08680731026111388,0.2800000000000001,-0.07573688421288681,0.2800000000000001,-0.0671699610498054,0.2800000000000001,-0.06034414280894731,0.2800000000000001,-0.05477787022804078,0.2800000000000001,-0.05015208762817724,0.2800000000000001,-0.04624706239042594
0.2900000000000001,-0.2274354689272577,0.2900000000000001,-0.2076838981835196,0.2900000000000001,-0.1768084365357642,0.2900000000000001,-0.153847203943919,0.2900000000000001,-0.1361308564835089,0.2900000000000001,-0.1220571900803865,0.2900000000000001,-0.1106122206644594,0.2900000000000001,-0.1011247324397825,0.2900000000000001,-0.08631088238293894,0.2900000000000001,-0.07527905624874544,0.2900000000000001,-0.06674650135709104,0.2900000000000001,-0.0599510483031462,0.2900000000000001,-0.05441158030374522,0.2900000000000001,-0.04980951341238135,0.2900000000000001,-0.04592554980317415
0.3000000000000001,-0.2264899548230614,0.3000000000000001,-0.2067716294240401,0.3000000000000001,-0.1759310627156578,0.3000000000000001,-0.1529982118285006,0.3000000000000001,-0.1353123138378205,0.3000000000000001,-0.1212709231348371,0.3000000000000001,-0.1098587184616157,0.3000000000000001,-0.1004034381858114,0.3000000000000001,-0.08565008278677361,0.3000000000000001,-0.07467217373941185,0.3000000000000001,-0.06618694064204647,0.3000000000000001,-0.05943287719091114,0.3000000000000001,-0.05392967310432056,0.3000000000000001,-0.04935950715214836,0.3000000000000001,-0.04550374575868778
0.3100000000000001,-0.2252569668895476,0.3100000000000001,-0.2055773429342875,0.3100000000000001,-0.1747837420810882,0.3100000000000001,-0.1518928180665085,0.3100000000000001,-0.1342513342222653,0.3100000000000001,-0.120255817380618,0.3100000000000001,-0.1088892051154977,0.3100000000000001,-0.09947803064498259,0.3100000000000001,-0.08480613229916795,0.3100000000000001,-0.0738997004282541,0.3100000000000001,-0.06547654033988889,0.3100000000000001,-0.05877635458657536,0.3100000000000001,-0.05332008380669857,0.3100000000000001,-0.04879101851150131,0.3100000000000001,-0.04497146118379899
0.3200000000000001,-0.2237054708080794,0.3200000000000001,-0.204070058831876,0.3200000000000001,-0.1733373111038866,0.3200000000000001,-0.150504342113276,0.3200000000000001,-0.132923701445042,0.3200000000000001,-0.118989898273903,0.3200000000000001,-0.1076836819230684,0.3200000000000001,-0.09833023330500082,0.3200000000000001,-0.08376355618964799,0.3200000000000001,-0.07294830301278955,0.3200000000000001,-0.06460363437087209,0.3200000000000001,-0.05797113815752698,0.3200000000000001,-0.05257354060845731,0.3200000000000001,-0.04809565587540596,0.3200000000000001,-0.04432103884801485
0.3300000000000001,-0.2218096697748655,0.3300000000000001,-0.2022239502094336,0.3300000000000001,-0.1715679414624579,0.3300000000000001,-0.1488116536722941,0.3300000000000001,-0.1313108718182512,0.3300000000000001,-0.1174568936306977,0.3300000000000001,-0.1062278134366435,0.3300000000000001,-0.09694734721079304,0.3300000000000001,-0.0825122088970518,0.3300000000000001,-0.07180968813799189,0.3300000000000001,-0.06356130452434042,0.3300000000000001,-0.05701135484122372,0.3300000000000001,-0.05168498209056845,0.3300000000000001,-0.04726900039350625,0.3300000000000001,-0.04354857737543824
0.3400000000000001,-0.2195518947119836,0.3400000000000001,-0.2000212902555722,0.3400000000000001,-0.1694600712093113,0.3400000000000001,-0.1468019964646415,0.3400000000000001,-0.1294026512101206,0.3400000000000001,-0.1156487522308591,0.3400000000000001,-0.104515289737857,0.3400000000000001,-0.09532446541793212,0.3400000000000001,-0.08104922647825068,0.3400000000000001,-0.07048233725970626,0.3400000000000001,-0.06234893559499186,0.3400000000000001,-0.05589700673671334,0.3400000000000001,-0.05065483805751211,0.3400000000000001,-0.04631178098892673,0.3400000000000001,-0.04265501579897471
0.3500000000000001,-0.2169253746994647,0.3500000000000001,-0.1974552923402614,0.3500000000000001,-0.1670091826314213,0.3500000000000001,-0.1444735910333261,0.3500000000000001,-0.1271995912568001,0.3500000000000001,-0.1135678353507753,0.3500000000000001,-0.1025498282329787,0.3500000000000001,-0.09346630400801884,0.3500000000000001,-0.07938057192449591,0.3500000000000001,-0.06897282919443162,0.3500000000000001,-0.06097336311271837,0.3500000000000001,-0.05463497982070811,0.3500000000000001,-0.04948992607157501,0.3500000000000001,-0.04523067904944947,0.3500000000000001,-0.04164686204248007
0.3600000000000002,-0.2139364823783392,0.3600000000000002,-0.1945324185338138,0.3600000000000002,-0.1642239826924491,0.3600000000000002,-0.1418375715129663,0.3600000000000002,-0.1247146703752933,0.3600000000000002,-0.1112283638472867,0.3600000000000002,-0.1003464173742743,0.3600000000000002,-0.09138827262739634,0.3600000000000002,-0.07752183582064168,0.3600000000000002,-0.06729644778891733,0.3600000000000002,-0.05944934103850494,0.3600000000000002,-0.05323940828448795,0.3600000000000002,-0.04820373809160347,0.3600000000000002,-0.04403855568157768,0.3600000000000002,-0.04053637410231425
0.3700000000000002,-0.2106060505868802,0.3700000000000002,-0.1912737299958163,0.3700000000000002,-0.1611275510920286,0.3700000000000002,-0.1389188387077226,0.3700000000000002,-0.1219738699927822,0.3700000000000002,-0.1086567624529178,0.3700000000000002,-0.09793147473029114,0.3700000000000002,-0.0891164856556837,0.3700000000000002,-0.0754980428027946,0.3700000000000002,-0.06547686431140839,0.3700000000000002,-0.05779914986981446,0.3700000000000002,-0.05173123938626673,0.3700000000000002,-0.04681598170699432,0.3700000000000002,-0.0427539819153018,0.3700000000000002,-0.03934108736939534
0.3800000000000002,-0.2069694487693947,0.3800000000000002,-0.1877149490702133,0.3800000000000002,-0.1577571377156534,0.3800000000000002,-0.1357555495783421,0.3800000000000002,-0.1190154100111175,0.3800000000000002,-0.1058907068554219,0.3800000000000002,-0.09534176156737371,0.3800000000000002,-0.08668658737318637,0.3800000000000002,-0.07334238531902794,0.3800000000000002,-0.06354484955858281,0.3800000000000002,-0.056051323514854,0.3800000000000002,-0.05013699362529836,0.3800000000000002,-0.04535138245762198,0.3800000000000002,-0.04140008671287265,0.3800000000000002,-0.03808270895689759
0.3900000000000002,-0.2030752836957784,0.3900000000000002,-0.1839050909427601,0.3900000000000002,-0.1541625034446891,0.3900000000000002,-0.1323971916890337,0.3900000000000002,-0.1158876434148918,0.3900000000000002,-0.102976915899579,0.3900000000000002,-0.09262212949000045,0.3900000000000002,-0.08414149195903887,0.3900000000000002,-0.07109401835825947,0.3900000000000002,-0.06153616652671178,0.3900000000000002,-0.05423865371527791,0.3900000000000002,-0.04848688149318435,0.3900000000000002,-0.04383790775624232,0.3900000000000002,-0.04000288068069202,0.3900000000000002,-0.03678553324524023
0.4000000000000002,-0.1989828134009021,0.4000000000000002,-0.17990376357326,0.4000000000000002,-0.1504029580291914,0.4000000000000002,-0.128901454374279,0.4000000000000002,-0.1126458667698579,0.4000000000000002,-0.09996797651926743,0.4000000000000002,-0.08982240615965197,0.4000000000000002,-0.0815283562840579,0.4000000000000002,-0.06879523875191659,0.4000000000000002,-0.05948896097111777,0.4000000000000002,-0.0523957777006318,0.4000000000000002,-0.04681256875722687,0.4000000000000002,-0.04230469017474753,0.4000000000000002,-0.03858931937854253,0.4000000000000002,-0.03547462936457212
0.4100000000000002,-0.1947583811617483,0.4100000000000002,-0.1757774674656263,0.4100000000000002,-0.1465434861760751,0.4100000000000002,-0.1253303322322317,0.4100000000000002,-0.109348506445506,0.4100000000000002,-0.09691866984965468,0.4100000000000002,-0.08699388678427548,0.4100000000000002,-0.07889524401741009,0.4100000000000002,-0.06648848173224023,0.4100000000000002,-0.05744105263813172,0.4100000000000002,-0.05055672254355292,0.4100000000000002,-0.04514493666564107,0.4100000000000002,-0.04077997207139258,0.4100000000000002,-0.03718540640375793,0.4100000000000002,-0.03417408137720188
0.4200000000000002,-0.1904713317897499,0.4200000000000002,-0.1715953898386428,0.4200000000000002,-0.1426505023081822,0.4200000000000002,-0.1217460176089994,0.4200000000000002,-0.1060532318212316,0.4200000000000002,-0.09388233201798396,0.4200000000000002,-0.08418594110295401,0.4200000000000002,-0.07628796474279118,0.4200000000000002,-0.06421356694945773,0.4200000000000002,-0.05542751330866038,0.4200000000000002,-0.04875275291472218,0.4200000000000002,-0.04351215040525361,0.4200000000000002,-0.03928935665261516,0.4200000000000002,-0.03581459732610894,0.4200000000000002,-0.03290552166169169
0.4300000000000002,-0.1861899283842677,0.4300000000000002,-0.1674252409106246,0.4300000000000002,-0.1387877991550442,0.4300000000000002,-0.1182071293347705,0.4300000000000002,-0.1028135083915333,0.4300000000000002,-0.09090772286267854,0.4300000000000002,-0.08144316964170022,0.4300000000000002,-0.07374748498125601,0.4300000000000002,-0.06200552753654023,0.4300000000000002,-0.05347881523557315,0.4300000000000002,-0.04701076652913828,0.4300000000000002,-0.04193824897071629,0.4300000000000002,-0.03785455364251329,0.4300000000000002,-0.03449667231657799,0.4300000000000002,-0.03168710857862077
0.4400000000000002,-0.1819777379920767,0.4400000000000002,-0.1633296187576996,0.4400000000000002,-0.1350131605634539,0.4400000000000002,-0.1147657014348458,0.4400000000000002,-0.09967596114696799,0.4400000000000002,-0.08803672257761283,0.4400000000000002,-0.0788033849150253,0.4400000000000002,-0.07130814894020655,0.4400000000000002,-0.05989320121346343,0.4400000000000002,-0.05161968721767212,0.4400000000000002,-0.04535234447589754,0.4400000000000002,-0.04044234157673339,0.4400000000000002,-0.03649268816799188,0.4400000000000002,-0.03324713346747436,0.4400000000000002,-0.03053299462609116
0.4500000000000002,-0.1778908237857209,0.4500000000000002,-0.1593632427178391,0.4500000000000002,-0.1313759349947929,0.4500000000000002,-0.1114651667224697,0.4500000000000002,-0.0966787256019859,0.4500000000000002,-0.08530298578273894,0.4500000000000002,-0.07629650892039166,0.4500000000000002,-0.06899677040811832,0.4500000000000002,-0.05789860323603792,0.4500000000000002,-0.04986867261202902,0.4500000000000002,-0.04379343493296713,0.4500000000000002,-0.03903837926462755,0.4500000000000002,-0.03521613539579562,0.4500000000000002,-0.03207708562198756,0.4500000000000002,-0.02945324175238295
0.4600000000000002,-0.1739759120362142,0.4600000000000002,-0.1555712117878165,0.4600000000000002,-0.1279156689840284,0.4600000000000002,-0.1083393745095267,0.4600000000000002,-0.09385077781142383,0.4600000000000002,-0.08273150939187204,0.4600000000000002,-0.07394431871421789,0.4600000000000002,-0.0668325106899863,0.4600000000000002,-0.05603697729543065,0.4600000000000002,-0.04823827815186786,0.4600000000000002,-0.04234455776959003,0.4600000000000002,-0.03773539083005333,0.4600000000000002,-0.03403277315962049,0.4600000000000002,-0.03099349675039915,0.4600000000000002,-0.02845408391715101
0.4700000000000003,-0.170269538396913,0.4700000000000003,-0.1519882719737116,0.4700000000000003,-0.1246617290968532,0.4700000000000003,-0.1054125254646506,0.4700000000000003,-0.09121209664117164,0.4700000000000003,-0.0803389502406134,0.4700000000000003,-0.07176086722729315,0.4700000000000003,-0.06482736643443897,0.4700000000000003,-0.0543173506936489,0.4700000000000003,-0.04673554784830985,0.4700000000000003,-0.04101137395172168,0.4700000000000003,-0.03653803674094475,0.4700000000000003,-0.03294651549164478,0.4700000000000003,-0.02999970930609552,0.4700000000000003,-0.02753841608547844
0.4800000000000003,-0.1667980519201142,0.4800000000000003,-0.1486389484357858,0.4800000000000003,-0.1216337262602696,0.4800000000000003,-0.1026998128133266,0.4800000000000003,-0.08877443768031813,0.4800000000000003,-0.07813447136248255,0.4800000000000003,-0.06975336290545188,0.4800000000000003,-0.06298705830330623,0.4800000000000003,-0.05274340224652105,0.4800000000000003,-0.04536288780359487,0.4800000000000003,-0.03979546124571002,0.4800000000000003,-0.03544733622886324,0.4800000000000003,-0.03195799409079676,0.4800000000000003,-0.02909607984990751,0.4800000000000003,-0.02670639585426759
0.4900000000000003,-0.1635782810856304,0.4900000000000003,-0.1455383276054354,0.4900000000000003,-0.1188425045395788,0.4900000000000003,-0.1002085276538426,0.4900000000000003,-0.08654248326702257,0.4900000000000003,-0.07612089312123499,0.4900000000000003,-0.06792329785376494,0.4900000000000003,-0.06131212372666676,0.4900000000000003,-0.05131447101235354,0.4900000000000003,-0.0441189908378466,0.4900000000000003,-0.03869516217333584,0.4900000000000003,-0.03446144749486503,0.4900000000000003,-0.03106527923966601,0.4900000000000003,-0.02828064812771144,0.4900000000000003,-0.02595606707094017
0.5000000000000002,-0.1606186421079109,0.5000000000000002,-0.1426932569580829,0.5000000000000002,-0.1162914572227443,0.5000000000000002,-0.09793940236864951,0.5000000000000002,-0.08451515973707088,0.5000000000000002,-0.07429595847808002,0.5000000000000002,-0.06626765092166308,0.5000000000000002,-0.05979905563948698,0.5000000000000002,-0.05002657335251467,0.5000000000000002,-0.04299974806379251,0.5000000000000002,-0.03770640651825256,0.5000000000000002,-0.03357641524218944,0.5000000000000002,-0.0302645639077353,0.5000000000000002,-0.02754976708627806,0.5000000000000002,-0.02528394332881609
0.5100000000000002,-0.1579204839555502,0.5100000000000002,-0.1401037513617855,0.5100000000000002,-0.1139779681495415,0.5100000000000002,-0.09588800996435944,0.5100000000000002,-0.08268696108076039,0.5100000000000002,-0.07265357106795468,0.5100000000000002,-0.06478004121662916,0.5100000000000002,-0.05844137690444431,0.5100000000000002,-0.0488733400669663,0.5100000000000002,-0.04199907495525382,0.5100000000000002,-0.03682344754786934,0.5100000000000002,-0.03278683347143548,0.5100000000000002,-0.02955076576376525,0.5100000000000002,-0.02689865391761095,0.5100000000000002,-0.02468551575591329
0.5200000000000002,-0.1554795014382865,0.5200000000000002,-0.1377644377186189,0.5200000000000002,-0.1118948270447696,0.5200000000000002,-0.09404609069860889,0.5200000000000002,-0.08104917114579044,0.5200000000000002,-0.07118491554937428,0.5200000000000002,-0.06345175552819052,0.5200000000000002,-0.05723058517224607,0.5200000000000002,-0.04784682483661841,0.5200000000000002,-0.04110961421387806,0.5200000000000002,-0.03603948196931016,0.5200000000000002,-0.03208639911522634,0.5200000000000002,-0.02891802679914954,0.5200000000000002,-0.02632184497344434,0.5200000000000002,-0.02415567038193635
0.5300000000000002,-0.1532870934130717,0.5300000000000002,-0.1356659192076197,0.5300000000000002,-0.1100315199290523,0.5300000000000002,-0.09240272803314456,0.5300000000000002,-0.07959092376427807,0.5300000000000002,-0.06987941303227595,0.5300000000000002,-0.06227261270235693,0.5300000000000002,-0.0561569390378641,0.5300000000000002,-0.0469381655405582,0.5300000000000002,-0.04032330362473098,0.5300000000000002,-0.03534714607570508,0.5300000000000002,-0.03146835181333877,0.5300000000000002,-0.02836010781532394,0.5300000000000002,-0.02581355317385071,0.5300000000000002,-0.02368901468795669
0.5400000000000003,-0.1513315875617844,0.5400000000000003,-0.1337959867358464,0.5400000000000003,-0.1083753408790559,0.5400000000000003,-0.09094533714107146,0.5400000000000003,-0.0783000767902774,0.5400000000000003,-0.06872549672112209,0.5400000000000003,-0.06123165661050933,0.5400000000000003,-0.05521008178186516,0.5400000000000003,-0.04613810049980699,0.5400000000000003,-0.03963181400787287,0.5400000000000003,-0.0347388948211999,0.5400000000000003,-0.03092580741429957,0.5400000000000003,-0.02787068576193118,0.5400000000000003,-0.02536793603592916,0.5400000000000003,-0.02328012144886369
0.5500000000000003,-0.1495992905507234,0.5500000000000003,-0.1321406428836146,0.5500000000000003,-0.1069123058287548,0.5500000000000003,-0.08966045883838751,0.5500000000000003,-0.07716390116386247,0.5500000000000003,-0.06771121422903176,0.5500000000000003,-0.06031768756657607,0.5500000000000003,-0.05437951468015644,0.5500000000000003,-0.04543735368360895,0.5500000000000003,-0.03902687183697165,0.5500000000000003,-0.03420727825113999,0.5500000000000003,-0.03045199918306663,0.5500000000000003,-0.02744356733411884,0.5500000000000003,-0.02497928712155585,0.5500000000000003,-0.02292370206216984
0.5600000000000003,-0.1480753504959134,0.5600000000000003,-0.1306849310565993,0.5600000000000003,-0.1056278724864424,0.5600000000000003,-0.08853437070179959,0.5600000000000003,-0.07616960122476073,0.5600000000000003,-0.06682467515616949,0.5600000000000003,-0.05951965189328506,0.5600000000000003,-0.05365493994227162,0.5600000000000003,-0.04482690852251717,0.5600000000000003,-0.03850048513530131,0.5600000000000003,-0.03374513271089283,0.5600000000000003,-0.03004044297188211,0.5600000000000003,-0.02707283400164697,0.5600000000000003,-0.02464216509130795,0.5600000000000003,-0.02261472266266051
0.5700000000000003,-0.146744437687448,0.5700000000000003,-0.1294135804051741,0.5700000000000003,-0.1045074843851581,0.5700000000000003,-0.08755353740832768,0.5700000000000003,-0.07530468994956847,0.5700000000000003,-0.06605436790875995,0.5700000000000003,-0.05882691321639778,0.5700000000000003,-0.05302649611320143,0.5700000000000003,-0.04429819131521759,0.5700000000000003,-0.03804509177766924,0.5700000000000003,-0.03334570428103935,0.5700000000000003,-0.02968504233107327,0.5700000000000003,-0.02675293317099892,0.5700000000000003,-0.02435147395947622,0.5700000000000003,-0.02234847565457274
0.5800000000000003,-0.1455912608823543,0.5800000000000003,-0.1283114871296383,0.5800000000000003,-0.1035369638689521,0.5800000000000003,-0.08670492642629168,0.5800000000000003,-0.07455724498993695,0.5800000000000003,-0.06538937065811763,0.5800000000000003,-0.05822942912585087,0.5800000000000003,-0.05248490824974509,0.5800000000000003,-0.0438431840250551,0.5800000000000003,-0.03765364783153367,0.5800000000000003,-0.0330027202646233,0.5800000000000003,-0.02938014787827517,0.5800000000000003,-0.02647872853430515,0.5800000000000003,-0.0241025065331969,0.5800000000000003,-0.02212061772895376
0.5900000000000003,-0.1446009420095752,0.5900000000000003,-0.1273640571396995,0.5900000000000003,-0.1027027806958336,0.5900000000000003,-0.08597621528557783,0.5900000000000003,-0.07391607036783776,0.5900000000000003,-0.06481947964385575,0.5900000000000003,-0.05771785475326605,0.5900000000000003,-0.05202157287209735,0.5900000000000003,-0.04345448379430159,0.5900000000000003,-0.0373196711250245,0.5900000000000003,-0.03271042219924929,0.5900000000000003,-0.02912058300878123,0.5900000000000003,-0.02624552054496666,0.5900000000000003,-0.02389096102283896,0.5900000000000003,-0.02192718354871462
0.6000000000000003,-0.143759273637963,0.6000000000000003,-0.1265574355819117,0.6000000000000003,-0.1019922217871951,0.6000000000000003,-0.0853559144628997,0.6000000000000003,-0.07337078594481752,0.6000000000000003,-0.06433527503486525,0.6000000000000003,-0.05728359174068335,0.6000000000000003,-0.05162859462575019,0.6000000000000003,-0.04312532358443548,0.6000000000000003,-0.03703725251238366,0.6000000000000003,-0.03246357135452628,0.6000000000000003,-0.02890164570725886,0.6000000000000003,-0.02604904580777262,0.6000000000000003,-0.02371293880989797,0.6000000000000003,-0.02176458241685286
0.6100000000000003,-0.1430528825388541,0.6100000000000003,-0.1258786470165685,0.6100000000000003,-0.1013934848740864,0.6100000000000003,-0.08483342664016778,0.6100000000000003,-0.07291186334507964,0.6100000000000003,-0.06392814114058513,0.6100000000000003,-0.05691879775474579,0.6100000000000003,-0.05129878840561979,0.6100000000000003,-0.04284956546861556,0.6100000000000003,-0.03680104470769356,0.6100000000000003,-0.03225743532223552,0.6100000000000003,-0.02871909407891774,0.6100000000000003,-0.0258854622092699,0.6100000000000003,-0.02356492955101379,0.6100000000000003,-0.02162958356891707
0.6200000000000003,-0.1424693202624327,0.6200000000000003,-0.1253156671286933,0.6200000000000003,-0.1008957153394148,0.6200000000000003,-0.08439905951017435,0.6200000000000003,-0.0725306235068649,0.6200000000000003,-0.06359025442597588,0.6200000000000003,-0.05661636855610912,0.6200000000000003,-0.05102565774607856,0.6200000000000003,-0.04262167551277098,0.6200000000000003,-0.03660623626750824,0.6200000000000003,-0.03208776226218233,0.6200000000000003,-0.02856912137622918,0.6200000000000003,-0.02575132494041898,0.6200000000000003,-0.02344378826444453,0.6200000000000003,-0.02151929431870496
0.6300000000000003,-0.1419970986306484,0.6300000000000003,-0.1248574435432955,0.6300000000000003,-0.1004890020304865,0.6300000000000003,-0.08404400587040985,0.6300000000000003,-0.07221920781011759,0.6300000000000003,-0.06331454979277643,0.6300000000000003,-0.05636990187238077,0.6300000000000003,-0.05080335772982791,0.6300000000000003,-0.04243668698807597,0.6300000000000003,-0.03644851639053862,0.6300000000000003,-0.03195074767698847,0.6300000000000003,-0.02844832478664859,0.6300000000000003,-0.02564355719920601,0.6300000000000003,-0.02334670780230365,0.6300000000000003,-0.02143113414522885
0.6400000000000003,-0.1416256849355989,0.6400000000000003,-0.1244938800430026,0.6400000000000003,-0.1001643445552246,0.6400000000000003,-0.08376030169645234,0.6400000000000003,-0.07197053194015975,0.6400000000000003,-0.06309467305477545,0.6400000000000003,-0.05617365001620712,0.6400000000000003,-0.05062664856173272,0.6400000000000003,-0.04229015687500812,0.6400000000000003,-0.03632403466588494,0.6400000000000003,-0.03184299724253949,0.6400000000000003,-0.02835367105050107,0.6400000000000003,-0.0255594182857681,0.6400000000000003,-0.02327118913628663,0.6400000000000003,-0.02136280691644792
0.6500000000000004,-0.1413454687169216,0.6500000000000004,-0.1242157955098511,0.6500000000000004,-0.09991360173799622,0.6500000000000004,-0.0835407703111216,0.6500000000000004,-0.07177822934080412,0.6500000000000004,-0.0629249254698506,0.6500000000000004,-0.05602246633268111,0.6500000000000004,-0.05049084427268751,0.6500000000000004,-0.04217811921594217,0.6500000000000004,-0.03622935870306607,0.6500000000000004,-0.03176148817818847,0.6500000000000004,-0.02828246105692882,0.6500000000000004,-0.02549647097822062,0.6500000000000004,-0.02321501113918353,0.6500000000000004,-0.02131227276527917
0.6600000000000004,-0.1411477094243149,0.6600000000000004,-0.1240148663472317,0.6600000000000004,-0.09972942854654439,0.6600000000000004,-0.08337895866980789,0.6600000000000004,-0.07163658926510216,0.6600000000000004,-0.0628002045602592,0.6600000000000004,-0.05591174910738229,0.6600000000000004,-0.05039175971404809,0.6600000000000004,-0.04209703779712366,0.6600000000000004,-0.03616143166598169,0.6600000000000004,-0.03170353085308758,0.6600000000000004,-0.02823229487322214,0.6600000000000004,-0.02545254946010641,0.6600000000000004,-0.02317620098813703,0.6600000000000004,-0.02127772062728284
0.6700000000000004,-0.1410244721063642,0.6700000000000004,-0.1238835590111344,0.6700000000000004,-0.09960520689537174,0.6700000000000004,-0.08326907012636195,0.6700000000000004,-0.07154049299526986,0.6700000000000004,-0.06271594419689172,0.6700000000000004,-0.05583738545786229,0.6700000000000004,-0.05032565801502244,0.6700000000000004,-0.04204375983471781,0.6700000000000004,-0.03611753105588326,0.6700000000000004,-0.03166673174324601,0.6700000000000004,-0.0282010381538296,0.6700000000000004,-0.02542572861849295,0.6700000000000004,-0.02315300590963826,0.6700000000000004,-0.02125754208110486
0.6800000000000004,-0.1409685565017094,0.6800000000000004,-0.1238150575708749,0.6800000000000004,-0.09953497423590561,0.6800000000000004,-0.08320589676818925,0.6800000000000004,-0.07148535071151614,0.6800000000000004,-0.062668055978925,0.6800000000000004,-0.05579569690495768,0.6800000000000004,-0.05028919994388206,0.6800000000000004,-0.04201547174934425,0.6800000000000004,-0.03609522959670371,0.6800000000000004,-0.03164895843405739,0.6800000000000004,-0.02818679050985437,0.6800000000000004,-0.02541429520862003,0.6800000000000004,-0.02314386669697147,0.6800000000000004,-0.02125030687107142
0.6900000000000004,-0.1409734235095184,0.6900000000000004,-0.123803189882419,0.6900000000000004,-0.09951335269970479,0.6900000000000004,-0.08318475344936677,0.6900000000000004,-0.07146704067885175,0.6900000000000004,-0.06265287324661475,0.6900000000000004,-0.05578338771846338,0.6900000000000004,-0.05027939608501428,0.6900000000000004,-0.04200965769172264,0.6900000000000004,-0.03609235872785437,0.6900000000000004,-0.03164830706779653,0.6900000000000004,-0.02818785616429297,0.6900000000000004,-0.02541672115614056,0.6900000000000004,-0.02314739323030983,0.6900000000000004,-0.02125474031056888
0.7000000000000004,-0.1410331219351106,0.7000000000000004,-0.1238423549367356,0.7000000000000004,-0.09953548070607528,0.7000000000000004,-0.0832014149454979,0.7000000000000004,-0.07148185183359557,0.7000000000000004,-0.06266709856802585,0.7000000000000004,-0.05579749670466982,0.7000000000000004,-0.0502935623716772,0.7000000000000004,-0.04202406118920773,0.7000000000000004,-0.0361069749703615,0.7000000000000004,-0.03166307243448235,0.7000000000000004,-0.02820271704544214,0.7000000000000004,-0.02543163911682775,0.7000000000000004,-0.02316234209555344,0.7000000000000004,-0.02126970264446431
0.7100000000000004,-0.1411422175912513,0.7100000000000004,-0.1239274531850107,0.7100000000000004,-0.09959694832219472,0.7100000000000004,-0.08325205714931899,0.7100000000000004,-0.07152643043729091,0.7100000000000004,-0.06270775519482152,0.7100000000000004,-0.05583535280961477,0.7100000000000004,-0.05032927926097374,0.7100000000000004,-0.04205665008700022,0.7100000000000004,-0.03613732927430734,0.7100000000000004,-0.03169172077329489,0.7100000000000004,-0.02823000835922905,0.7100000000000004,-0.02545782031676371,0.7100000000000004,-0.02318759631268911,0.7100000000000004,-0.02129417037273302
0.7200000000000004,-0.1412957262354487,0.7200000000000004,-0.1240538210896094,0.7200000000000004,-0.09969373722150522,0.7200000000000004,-0.08333320287539978,0.7200000000000004,-0.07159773118345034,0.7200000000000004,-0.06277214275043581,0.7200000000000004,-0.05589453471791899,0.7200000000000004,-0.05038435467247651,0.7200000000000004,-0.04210558483313447,0.7200000000000004,-0.03618183935711217,0.7200000000000004,-0.03173286527137444,0.7200000000000004,-0.02826849661387177,0.7200000000000004,-0.02549415463839066,0.7200000000000004,-0.02322214713429617,0.7200000000000004,-0.02132721949319946
0.7300000000000004,-0.1414890513921479,0.7300000000000004,-0.1242171707577668,0.7300000000000004,-0.09982216578134771,0.7300000000000004,-0.0834416726070196,0.7300000000000004,-0.0716929729577948,0.7300000000000004,-0.06285779726572757,0.7300000000000004,-0.055972834505724,0.7300000000000004,-0.05045679071076836,0.7300000000000004,-0.04216919008279253,0.7300000000000004,-0.03623906498610566,0.7300000000000004,-0.03178524420246086,0.7300000000000004,-0.02831706003415022,0.7300000000000004,-0.02553963288770308,0.7300000000000004,-0.02326507784925626,0.7300000000000004,-0.02136801059924233
0.7400000000000004,-0.1417179278048678,0.7400000000000004,-0.124413535243603,0.7400000000000004,-0.09997883965714278,0.7400000000000004,-0.0835745403665968,0.7400000000000004,-0.07180959933767374,0.7400000000000004,-0.06296245558817541,0.7400000000000004,-0.05606822533587136,0.7400000000000004,-0.05054475413553205,0.7400000000000004,-0.04224592955915211,0.7400000000000004,-0.03630768613163224,0.7400000000000004,-0.03184770162782977,0.7400000000000004,-0.02837467128745088,0.7400000000000004,-0.02559333116618288,0.7400000000000004,-0.02331554951755055,0.7400000000000004,-0.02141577576100252
0.7500000000000004,-0.1419783710511421,0.7500000000000004,-0.124639219918578,0.7500000000000004,-0.1001606080374313,0.7500000000000004,-0.08372909479673023,0.7500000000000004,-0.07194524384854695,0.7500000000000004,-0.06308402414109936,0.7500000000000004,-0.056178833146691,0.7500000000000004,-0.05064655051523874,0.7500000000000004,-0.0423343840921839,0.7500000000000004,-0.03638648390795297,0.7500000000000004,-0.0319191705771656,0.7500000000000004,-0.02844038244158683,0.7500000000000004,-0.02565439727066488,0.7500000000000004,-0.02337278856278898,0.7500000000000004,-0.02146980712019989
0.7600000000000005,-0.1422666337015873,0.7600000000000005,-0.1248907601814165,0.7600000000000005,-0.1003645256964253,0.7600000000000005,-0.08390280548044696,0.7600000000000005,-0.07209769995634868,0.7600000000000005,-0.06322055198330977,0.7600000000000005,-0.0563029122685397,0.7600000000000005,-0.05076060198945036,0.7600000000000005,-0.04243323275339775,0.7600000000000005,-0.03647432421990942,0.7600000000000005,-0.03199865863003344,0.7600000000000005,-0.02851331207875283,0.7600000000000005,-0.02572203904944609,0.7600000000000005,-0.02343607615466896,0.7600000000000005,-0.02152944713443335
0.7700000000000005,-0.1425791682870418,0.7700000000000005,-0.125164885681013,0.7700000000000005,-0.1005878208973451,0.7700000000000005,-0.08409329448894083,0.7700000000000005,-0.07226489574916008,0.7700000000000005,-0.06337020810395748,0.7700000000000005,-0.05643882489314533,0.7700000000000005,-0.05088542856014273,0.7700000000000005,-0.04254123700527659,0.7700000000000005,-0.03657014403679771,0.7700000000000005,-0.03208523582354025,0.7700000000000005,-0.02859263449565591,0.7700000000000005,-0.02579551464899812,0.7700000000000005,-0.0235047393197484,0.7700000000000005,-0.02159408041303539
0.7800000000000005,-0.1429125972323826,0.7800000000000005,-0.125458491139309,0.7800000000000005,-0.1008278691435737,0.7800000000000005,-0.08429831310858379,0.7800000000000005,-0.07244487323773785,0.7800000000000005,-0.06353126287171441,0.7800000000000005,-0.05658502431069103,0.7800000000000005,-0.05101963282614286,0.7800000000000005,-0.04265722778242809,0.7800000000000005,-0.0366729402156339,0.7800000000000005,-0.03217802481385767,0.7800000000000005,-0.02867757092270293,0.7800000000000005,-0.0258741245889064,0.7800000000000005,-0.02357814372240737,0.7800000000000005,-0.02166312709014671
0.7900000000000005,-0.1432636898047808,0.7900000000000005,-0.1257686137694248,0.7900000000000005,-0.1010821727121073,0.7900000000000005,-0.08451572365514975,0.7900000000000005,-0.07263577217266018,0.7900000000000005,-0.06370207353365576,0.7900000000000005,-0.05674004181135606,0.7900000000000005,-0.05116188806049785,0.7900000000000005,-0.04278009541226823,0.7900000000000005,-0.03678176078972838,0.7900000000000005,-0.03227619321486512,0.7900000000000005,-0.02876738269193341,0.7900000000000005,-0.0259572056003056,0.7900000000000005,-0.0236556880561138,0.7900000000000005,-0.02173603767935025
0.8000000000000005,-0.1436293459952301,0.8000000000000005,-0.126092417175844,0.8000000000000005,-0.1013483458254276,0.8000000000000005,-0.08474348622417835,0.8000000000000005,-0.07283581822959256,0.8000000000000005,-0.06388107362172979,0.8000000000000005,-0.05690247711682292,0.8000000000000005,-0.05131092950404721,0.8000000000000005,-0.04290878226284742,0.8000000000000005,-0.0368956986223354,0.8000000000000005,-0.03237894802378756,0.8000000000000005,-0.02886136627199567,0.8000000000000005,-0.02604412615318701,0.8000000000000005,-0.02373679997637481,0.8000000000000005,-0.02181228934639535
0.8100000000000005,-0.1440065870982819,0.8100000000000005,-0.1264271814918391,0.8100000000000005,-0.101624105218616,0.8100000000000005,-0.08497965014805635,0.8100000000000005,-0.07304331535001578,0.8100000000000005,-0.06406676607060904,0.8100000000000005,-0.05707099216061665,0.8100000000000005,-0.05146554870751921,0.8100000000000005,-0.04304227797257654,0.8100000000000005,-0.03701388729773354,0.8100000000000005,-0.03248553202019677,0.8100000000000005,-0.02895885006788879,0.8100000000000005,-0.02613428357965617,0.8100000000000005,-0.02382093349027982,0.8100000000000005,-0.02189138352155414
0.8200000000000005,-0.1443925525754756,0.8200000000000005,-0.1267702993539387,0.8200000000000005,-0.101907265737832,0.8200000000000005,-0.08522234983253149,0.8200000000000005,-0.07325664194270984,0.8200000000000005,-0.0642577197801585,0.8200000000000005,-0.05724430797426844,0.8200000000000005,-0.05162459069938704,0.8200000000000005,-0.04317961707141929,0.8200000000000005,-0.03713549908376904,0.8200000000000005,-0.03259522199145685,0.8200000000000005,-0.02905919285376069,0.8200000000000005,-0.02622710267383473,0.8200000000000005,-0.02390756769362706,0.8200000000000005,-0.02197284475128378
0.8300000000000005,-0.1447845025889944,0.8300000000000005,-0.1271192771394461,0.8300000000000005,-0.1021957404687716,0.8300000000000005,-0.08546980453206125,0.8300000000000005,-0.07347425055501439,0.8300000000000005,-0.06445256927207006,0.8300000000000005,-0.05742120436227481,0.8300000000000005,-0.05178695369034077,0.8300000000000005,-0.04331987874806451,0.8300000000000005,-0.0372597447528291,0.8300000000000005,-0.03270732859657651,0.8300000000000005,-0.02916178367053288,0.8300000000000005,-0.0263220356162442,0.8300000000000005,-0.02399620671675817,0.8300000000000005,-0.02205622066148447
0.8400000000000005,-0.1451798253860862,0.8400000000000005,-0.1274717407119722,0.8400000000000005,-0.1024875447487453,0.8400000000000005,-0.08572032150273215,0.8400000000000005,-0.07369467051955521,0.8400000000000005,-0.06465001699983533,0.8400000000000005,-0.05760052196847839,0.8400000000000005,-0.05195159095289337,0.8400000000000005,-0.04346218845723026,0.8400000000000005,-0.0373858749963896,0.8400000000000005,-0.03282119763500566,0.8400000000000005,-0.02926604297967436,0.8400000000000005,-0.0264185630340474,0.8400000000000005,-0.02408638070702833,0.8400000000000005,-0.02214108287417196
0.8500000000000005,-0.1455760485194533,0.8500000000000005,-0.1278254447475698,0.8500000000000005,-0.1027808032769085,0.8500000000000005,-0.08597230185496371,0.8500000000000005,-0.07391651298184926,0.8500000000000005,-0.06484883778317375,0.8500000000000005,-0.0577811662579787,0.8500000000000005,-0.05211751444376731,0.8500000000000005,-0.04360572100188731,0.8500000000000005,-0.03751318311717546,0.8500000000000005,-0.03293621244203034,0.8500000000000005,-0.02937142482442442,0.8500000000000005,-0.02651619597240174,0.8500000000000005,-0.02417764764292029,0.8500000000000005,-0.02222702868913999
0.8600000000000005,-0.1459708527250993,0.8600000000000005,-0.1281782845692051,0.8600000000000005,-0.1030737594197045,0.8600000000000005,-0.08622424832942253,0.8600000000000005,-0.07413847762890383,0.8600000000000005,-0.06504788476294217,0.8600000000000005,-0.05796211287157845,0.8600000000000005,-0.05228379967603487,0.8600000000000005,-0.0437497046742349,0.8600000000000005,-0.03764100863902231,0.8600000000000005,-0.033051797093763,0.8600000000000005,-0.02947741971525021,0.8600000000000005,-0.02661447852100031,0.8600000000000005,-0.02426959574637568,0.8600000000000005,-0.02231368331604945
0.8700000000000006,-0.1463620871682536,0.8700000000000006,-0.1285283093191663,0.8700000000000006,-0.1033647857288521,0.8700000000000006,-0.08647477415236089,0.8700000000000006,-0.07435936038077411,0.8700000000000006,-0.06524609622125691,0.8700000000000006,-0.05814241376385603,0.8700000000000006,-0.05244959130640773,0.8700000000000006,-0.04389342600425883,0.8700000000000006,-0.03776874144427843,0.8700000000000006,-0.03316742007808104,0.8700000000000006,-0.02958355793251032,0.8700000000000006,-0.02671299081834161,0.8700000000000006,-0.02436184624025976,0.8700000000000006,-0.02240070242429861
0.8800000000000006,-0.146747784728147,0.8800000000000006,-0.1288737352640304,0.8800000000000006,-0.1036523946610553,0.8800000000000006,-0.08672261210293854,0.8800000000000006,-0.07457806128656234,0.8800000000000006,-0.06544250259345862,0.8800000000000006,-0.05832120351970909,0.8800000000000006,-0.05261410888831972,0.8800000000000006,-0.04403623465221144,0.8800000000000006,-0.03789582603773953,0.8800000000000006,-0.03328259807826927,0.8800000000000006,-0.02968941293068502,0.8800000000000006,-0.02681135214845938,0.8800000000000006,-0.02445405619072892,0.8800000000000006,-0.02248777477143931
0.8900000000000006,-0.1471261760353457,0.8900000000000006,-0.1292129580657483,0.8900000000000006,-0.1039352485212182,0.8900000000000006,-0.08696662295294234,0.8900000000000006,-0.07479359189057268,0.8900000000000006,-0.06563623301994061,0.8900000000000006,-0.05849770526333699,0.8900000000000006,-0.05277665225871969,0.8900000000000006,-0.0441775479958085,0.8900000000000006,-0.03802176554852153,0.8900000000000006,-0.03339689952699358,0.8900000000000006,-0.02979460453820092,0.8900000000000006,-0.02690922385354391,0.8900000000000006,-0.02454592118217866,0.8900000000000006,-0.02257462467815264
0.9000000000000006,-0.1474957011038927,0.9000000000000006,-0.1295445629679861,0.9000000000000006,-0.1042121677467865,0.9000000000000006,-0.08720580252097537,0.9000000000000006,-0.07500508140536405,0.9000000000000006,-0.06582652084866751,0.9000000000000006,-0.05867123562989329,0.9000000000000006,-0.0529366060774354,0.9000000000000006,-0.04431685500576324,0.9000000000000006,-0.0381461251182082,0.9000000000000006,-0.03350994762069389,0.9000000000000006,-0.0298988016758336,0.9000000000000006,-0.02700631181202186,0.9000000000000006,-0.02463717759626594,0.9000000000000006,-0.02266101413967301
0.9100000000000006,-0.147855017607302,0.9100000000000006,-0.1298673320326586,0.9100000000000006,-0.1044821368048642,0.9100000000000006,-0.08743928671445261,0.9100000000000006,-0.07521178114271204,0.9100000000000006,-0.06601270760032607,0.9100000000000006,-0.05884120836069797,0.9100000000000006,-0.05309344312012038,0.9100000000000006,-0.04445371907243587,0.9100000000000006,-0.0382685343833213,0.9100000000000006,-0.03362142253701992,0.9100000000000006,-0.03000172436357369,0.9100000000000006,-0.02710236827402239,0.9100000000000006,-0.02472760430512422,0.9100000000000006,-0.02274674439904538
0.9200000000000006,-0.1482030051154894,0.9200000000000006,-0.1301802478025044,0.9200000000000006,-0.1047443071735881,0.9200000000000006,-0.08766635410319808,0.9200000000000006,-0.07541306680197542,0.9200000000000006,-0.06619424503954022,0.9200000000000006,-0.05900713620086009,0.9200000000000006,-0.0532467260327426,0.9200000000000006,-0.0445877795364887,0.9200000000000006,-0.03838868883801686,0.9200000000000006,-0.03373106266647264,0.9200000000000006,-0.03010314484705961,0.9200000000000006,-0.02719719290147143,0.9200000000000006,-0.02481702363934036,0.9200000000000006,-0.0228316568539769
0.9300000000000006,-0.1485387649145224,0.9300000000000006,-0.1304824930396884,0.9300000000000006,-0.1049979971069179,0.9300000000000006,-0.08788642576279601,0.9300000000000006,-0.07560843838480562,0.9300000000000006,-0.06637069514571491,0.9300000000000006,-0.05916863091291803,0.9300000000000006,-0.05339610737780229,0.9300000000000006,-0.04471875177949678,0.9300000000000006,-0.03850634995200224,0.9300000000000006,-0.03383866474787609,0.9300000000000006,-0.03020288774478464,0.9300000000000006,-0.02729063292341643,0.9300000000000006,-0.02490530154906713,0.9300000000000006,-0.02291563322219088
0.9400000000000006,-0.1488616153441674,0.9400000000000006,-0.1307734464722858,0.9400000000000006,-0.1052426881164015,0.9400000000000006,-0.08809906232616715,0.9400000000000006,-0.07579751767989773,0.9400000000000006,-0.06654172793201671,0.9400000000000006,-0.05932540135924565,0.9400000000000006,-0.0535413279287231,0.9400000000000006,-0.04484642583698692,0.9400000000000006,-0.03862134401079727,0.9400000000000006,-0.03394408287847185,0.9400000000000006,-0.03030082918982866,0.9400000000000006,-0.02738258238276272,0.9400000000000006,-0.02499234693648424,0.9400000000000006,-0.02299859494521835
0.9500000000000006,-0.1491710828812652,0.9500000000000006,-0.1310526747446488,0.9500000000000006,-0.1054780183235224,0.9500000000000006,-0.08830395837009962,0.9500000000000006,-0.07598004342586778,0.9500000000000006,-0.06670711720683729,0.9500000000000006,-0.05947724973700622,0.9500000000000006,-0.05368221328780957,0.9500000000000006,-0.04497066359680021,0.9500000000000006,-0.03873355973235511,0.9500000000000006,-0.03404722644600901,0.9500000000000006,-0.0303968950083279,0.9500000000000006,-0.02747298051250976,0.9500000000000006,-0.02507811019432044,0.9500000000000006,-0.02308050186252689
0.9600000000000006,-0.1494668894456682,0.9600000000000006,-0.1313199209921856,0.9600000000000006,-0.1057037730237006,0.9600000000000006,-0.08850093442408864,0.9600000000000006,-0.07615586440074182,0.9600000000000006,-0.06686673449674495,0.9600000000000006,-0.05962406616150622,0.9600000000000006,-0.05381866900494985,0.9600000000000006,-0.04509139473167117,0.9600000000000006,-0.03884294478850921,0.9600000000000006,-0.03414805709584658,0.9600000000000006,-0.03049105803560007,0.9600000000000006,-0.02756180933266956,0.9600000000000006,-0.02516258103361751,0.9600000000000006,-0.02316135023247129
0.9700000000000006,-0.1497489365924516,0.9700000000000006,-0.1315750906303388,0.9700000000000006,-0.1059198729448175,0.9700000000000006,-0.08868992701060281,0.9700000000000006,-0.07632493079313815,0.9700000000000006,-0.06702054144467755,0.9700000000000006,-0.05976582187906057,0.9700000000000006,-0.05395067445173007,0.9700000000000006,-0.04520861158044769,0.9700000000000006,-0.03894950141648842,0.9700000000000006,-0.03424658489617035,0.9700000000000006,-0.03058333471565139,0.9700000000000006,-0.02764909059959297,0.9700000000000006,-0.0252457857209356,0.9700000000000006,-0.02324117021061335
0.9800000000000006,-0.150017287370547,0.9800000000000006,-0.1318182350534836,0.9800000000000006,-0.1061263607724941,0.9800000000000006,-0.08887097720294651,0.9800000000000006,-0.07648728427787038,0.9800000000000006,-0.06716858105738367,0.9800000000000006,-0.05990256144477814,0.9800000000000006,-0.0540782757550364,0.9800000000000006,-0.04532236323424344,0.9800000000000006,-0.03905328134206049,0.9800000000000006,-0.03434286389649606,0.9800000000000006,-0.03067378115850619,0.9800000000000006,-0.02773488226542361,0.9800000000000006,-0.02532778386894984,0.9800000000000006,-0.02332002291781965
0.9900000000000007,-0.1502721466735736,0.9900000000000007,-0.1320495339817725,0.9900000000000007,-0.1063233865508758,0.9900000000000007,-0.08904421821883438,0.9900000000000007,-0.07664304724700934,0.9900000000000007,-0.06731096820150709,0.9900000000000007,-0.0600343942236759,0.9900000000000007,-0.05420157811523151,0.9900000000000007,-0.04543274910171694,0.9900000000000007,-0.03915438025145661,0.9900000000000007,-0.03443698728844218,0.9900000000000007,-0.03076248884219328,0.9900000000000007,-0.02781927461664202,0.9900000000000007,-0.02540866493467235,0.9900000000000007,-0.02339799724002635
1.000000000000001,-0.1505138408905036,1.000000000000001,-0.132269277178858,1.000000000000001,-0.1065111925564764,1.000000000000001,-0.08920986255892896,1.000000000000001,-0.0767924116401313,1.000000000000001,-0.06744787974149546,1.000000000000001,-0.06016148556813217,1.000000000000001,-0.05432073782922673,1.000000000000001,-0.04553991222381366,1.000000000000001,-0.03925293204599438,1.000000000000001,-0.03452908237496834,1.000000000000001,-0.03084958014377997,1.000000000000001,-0.02790238625848609,1.000000000000001,-0.02548854457757613,1.000000000000001,-0.02347520649977955
1.010000000000001,-0.1507427975941686,1.010000000000001,-0.1324778462019117,1.010000000000001,-0.1066900981927194,1.010000000000001,-0.08936818915758507,1.010000000000001,-0.076935627781202,1.010000000000001,-0.06757954468058819,1.010000000000001,-0.06028404799617835,1.010000000000001,-0.05443595431300933,1.010000000000001,-0.04564403258671199,1.010000000000001,-0.03934910309472,1.010000000000001,-0.03461930553794908,1.010000000000001,-0.03093520386928919,1.010000000000001,-0.02798436009890555,1.010000000000001,-0.02556756101793765,1.010000000000001,-0.02355178512867968
1.020000000000001,-0.1509595258995037,1.020000000000001,-0.1326756967508703,1.020000000000001,-0.1068604853753228,1.020000000000001,-0.08951953094736444,1.020000000000001,-0.0770729935725548,1.020000000000001,-0.0677062346158005,1.020000000000001,-0.06040233265004949,1.020000000000001,-0.05454746237737093,1.020000000000001,-0.04574532064738176,1.020000000000001,-0.03944308667076361,1.020000000000001,-0.03470783736788949,1.020000000000001,-0.03101953092907288,1.020000000000001,-0.02806535946469802,1.020000000000001,-0.02564587151656223,1.020000000000001,-0.02362788545225867
1.030000000000001,-0.1511645979963099,1.030000000000001,-0.1328633420702824,1.030000000000001,-0.1070227847851268,1.030000000000001,-0.08966426315937499,1.030000000000001,-0.07720484432728726,1.030000000000001,-0.06782825475666651,1.030000000000001,-0.06051662125958808,1.030000000000001,-0.0546555249608917,1.030000000000001,-0.04584401124431581,1.030000000000001,-0.03953509772094897,1.030000000000001,-0.03479487808776738,1.030000000000001,-0.0311027502767922,1.030000000000001,-0.02814556445679733,1.030000000000001,-0.02572364907363624,1.030000000000001,-0.0237036746772929
1.040000000000001,-0.151358632227274,1.040000000000001,-0.1330413377371531,1.040000000000001,-0.1071774632658714,1.040000000000001,-0.08980279259711653,1.040000000000001,-0.07733154344795291,1.040000000000001,-0.06794593569248096,1.040000000000001,-0.06062721877675966,1.040000000000001,-0.05476042647134181,1.040000000000001,-0.04594035802140854,1.040000000000001,-0.03962536807966258,1.040000000000001,-0.03488064336905118,1.040000000000001,-0.03118506519983697,1.040000000000001,-0.02822516862428322,1.040000000000001,-0.02580107941945582,1.040000000000001,-0.02377933214857596
1.050000000000001,-0.1515422779524841,1.050000000000001,-0.1332102680521145,1.050000000000001,-0.10732501254839,1.050000000000001,-0.08993554803965248,1.050000000000001,-0.07745347408810485,1.050000000000001,-0.06805962602959381,1.050000000000001,-0.06073444679082579,1.050000000000001,-0.05486246683521542,1.050000000000001,-0.04603462844956754,1.050000000000001,-0.03971414220047072,1.050000000000001,-0.03496536060489377,1.050000000000001,-0.0312666900194851,1.050000000000001,-0.0283043760099889,1.050000000000001,-0.02587835834542849,1.050000000000001,-0.02385504691978458
1.060000000000001,-0.1517162023250283,1.060000000000001,-0.1333707341466039,1.060000000000001,-0.1074659393959672,1.060000000000001,-0.09006297185592774,1.060000000000001,-0.07757103186872631,1.060000000000001,-0.06816968596312821,1.060000000000001,-0.06083863778237286,1.060000000000001,-0.05496195630851988,1.060000000000001,-0.04612709949133071,1.060000000000001,-0.03980167344496766,1.060000000000001,-0.03504926567554208,1.060000000000001,-0.03134784723232276,1.060000000000001,-0.02838339859637522,1.060000000000001,-0.0259556894016548,1.060000000000001,-0.02393101566276036
1.070000000000001,-0.1518810790035868,1.070000000000001,-0.1335233438301076,1.070000000000001,-0.1076007571920759,1.070000000000001,-0.09018551284925967,1.070000000000001,-0.07768461866680489,1.070000000000001,-0.06827648179891081,1.070000000000001,-0.06094013023075529,1.070000000000001,-0.05505921106233402,1.070000000000001,-0.04621805392032448,1.070000000000001,-0.03988822093940796,1.070000000000001,-0.03513260021550676,1.070000000000001,-0.03142876510165762,1.070000000000001,-0.02846245415973375,1.070000000000001,-0.02603328196859586,1.070000000000001,-0.02400744092224009
1.080000000000001,-0.1520375787495127,1.080000000000001,-0.133668703131057,1.080000000000001,-0.1077299789331559,1.080000000000001,-0.09030362030097019,1.080000000000001,-0.07779463744960328,1.080000000000001,-0.068380381402632,1.080000000000001,-0.06103926455467133,1.080000000000001,-0.05515454952501426,1.080000000000001,-0.04630777728068265,1.080000000000001,-0.03997404698655459,1.080000000000001,-0.03521560937165517,1.080000000000001,-0.03150967568943405,1.080000000000001,-0.02854176452430704,1.080000000000001,-0.02611134969529626,1.080000000000001,-0.02408452970924128
1.090000000000001,-0.1521863617978039,1.090000000000001,-0.1338074094326887,1.090000000000001,-0.1078541115455952,1.090000000000001,-0.09041773914490764,1.090000000000001,-0.07790148809566069,1.090000000000001,-0.06848175052438241,1.090000000000001,-0.06113637983963288,1.090000000000001,-0.0552482894393532,1.090000000000001,-0.04639655545162553,1.090000000000001,-0.04005941500292753,1.090000000000001,-0.03529854002618468,1.090000000000001,-0.0315908133055641,1.090000000000001,-0.02862155419561864,1.090000000000001,-0.02619010928541307,1.090000000000001,-0.0241624924159926
1.100000000000001,-0.1523280718520514,1.100000000000001,-0.1339400460697639,1.100000000000001,-0.1079736514165429,1.100000000000001,-0.09052830617929104,1.100000000000001,-0.07800556412141628,1.100000000000001,-0.06858094992703921,1.100000000000001,-0.06123181128839257,1.100000000000001,-0.05534074557691131,1.100000000000001,-0.04648467276879872,1.100000000000001,-0.04014458793985699,1.100000000000001,-0.03538163944804633,1.100000000000001,-0.03167241334229778,1.100000000000001,-0.02870204934390415,1.100000000000001,-0.02626977960463356,1.100000000000001,-0.02424154202824677
1.110000000000001,-0.152463331530406,1.110000000000001,-0.1340671782312248,1.110000000000001,-0.1080890810107591,1.110000000000001,-0.09063574720734092,1.110000000000001,-0.0781072502192264,1.110000000000001,-0.06867833323530073,1.110000000000001,-0.0613258883198772,1.110000000000001,-0.05543222804217828,1.110000000000001,-0.04657241064587428,1.110000000000001,-0.04022982713972884,1.110000000000001,-0.0354651543301949,1.110000000000001,-0.03175471145571647,1.110000000000001,-0.02878347710352563,1.110000000000001,-0.02635058107849321,1.110000000000001,-0.02432189360661311
1.120000000000001,-0.1525927390798538,1.120000000000001,-0.134189350005011,1.120000000000001,-0.1082008664382166,1.120000000000001,-0.09074047499167071,1.120000000000001,-0.07820692050682938,1.120000000000001,-0.06877424541705869,1.120000000000001,-0.06141893323755836,1.120000000000001,-0.05552304109501287,1.120000000000001,-0.04666004663634146,1.120000000000001,-0.04031539157570244,1.120000000000001,-0.03554933016730052,1.120000000000001,-0.03183794305397987,1.120000000000001,-0.02886606515203231,1.120000000000001,-0.02643273534758211,1.120000000000001,-0.02440376400668541
1.130000000000001,-0.1527168661766154,1.130000000000001,-0.1343070824016266,1.130000000000001,-0.1083094558373507,1.130000000000001,-0.09084288790749187,1.130000000000001,-0.07830493738832572,1.130000000000001,-0.06886902180877502,1.130000000000001,-0.06151126038814922,1.130000000000001,-0.05561348241975191,1.130000000000001,-0.04674785387534781,1.130000000000001,-0.04040153742311556,1.130000000000001,-0.03563441092849184,1.130000000000001,-0.03192234305189865,1.130000000000001,-0.02895004153247826,1.130000000000001,-0.0265164651470811,1.130000000000001,-0.02448737180770241
1.140000000000001,-0.1528362566384466,1.140000000000001,-0.13442087220013,1.140000000000001,-0.1084152784446208,1.140000000000001,-0.09094336918453978,1.140000000000001,-0.07840165093093387,1.140000000000001,-0.06896298760021793,1.140000000000001,-0.061603175734807,1.140000000000001,-0.05570384277235348,1.140000000000001,-0.04683610084394361,1.140000000000001,-0.04048851791293873,1.140000000000001,-0.03572063898159362,1.140000000000001,-0.03200814585309523,1.140000000000001,-0.02903563468413862,1.140000000000001,-0.02660199437896902,1.140000000000001,-0.02457293742076736
1.150000000000001,-0.1529514258875627,1.150000000000001,-0.1345311914717845,1.150000000000001,-0.1085187442305592,1.150000000000001,-0.09104228663569397,1.150000000000001,-0.07849739866877928,1.150000000000001,-0.06905645770009086,1.150000000000001,-0.06169497677455404,1.150000000000001,-0.05579440594195009,1.150000000000001,-0.04692505140230274,1.150000000000001,-0.04057658342128874,1.150000000000001,-0.03580825522853223,1.150000000000001,-0.03209558552388866,1.150000000000001,-0.02912307364936538,1.150000000000001,-0.0266895483476182,1.150000000000001,-0.02466068334984284
1.160000000000001,-0.1530628610188055,1.160000000000001,-0.1346384876508329,1.160000000000001,-0.1086202439942221,1.160000000000001,-0.09113999278024784,1.160000000000001,-0.07859250575365408,1.160000000000001,-0.06914973691176592,1.160000000000001,-0.0617869527365148,1.160000000000001,-0.05588544896942691,1.160000000000001,-0.04701496504374929,1.160000000000001,-0.04066598175355599,1.160000000000001,-0.03589749941559121,1.160000000000001,-0.03218489612662379,1.160000000000001,-0.02921258842756932,1.160000000000001,-0.02677935413246041,1.160000000000001,-0.02475083458146757
1.170000000000001,-0.1531710213449225,1.170000000000001,-0.1347431840373316,1.170000000000001,-0.108720149820741,1.170000000000001,-0.09123682528066558,1.170000000000001,-0.07868728538215509,1.170000000000001,-0.06924312035671686,1.170000000000001,-0.0618793850050864,1.170000000000001,-0.05597724257246064,1.170000000000001,-0.04710609732717295,1.170000000000001,-0.04075695858667794,1.170000000000001,-0.03598861058658618,1.170000000000001,-0.03227631218409139,1.170000000000001,-0.0293044104508676,1.170000000000001,-0.02687164107465414,1.170000000000001,-0.02484361908213466
1.180000000000001,-0.1532763393082573,1.180000000000001,-0.1348456806326064,1.180000000000001,-0.1088188158196143,1.180000000000001,-0.09133310762268979,1.180000000000001,-0.07878203943821023,1.180000000000001,-0.06933689409174948,1.180000000000001,-0.06197254771979157,1.180000000000001,-0.05607005173337713,1.180000000000001,-0.04719870045125721,1.180000000000001,-0.04084975803814657,1.180000000000001,-0.03608182765148853,1.180000000000001,-0.03237006925067695,1.180000000000001,-0.02939877315955149,1.180000000000001,-0.02696664135798562,1.180000000000001,-0.02493926838531216
1.190000000000001,-0.153379221664925,1.190000000000001,-0.1349463552229521,1.190000000000001,-0.1089165790738448,1.190000000000001,-0.09142914997929558,1.190000000000001,-0.07887705929926879,1.190000000000001,-0.06943133587433883,1.190000000000001,-0.06206670851093588,1.190000000000001,-0.05616413641287648,1.190000000000001,-0.04729302393959172,1.190000000000001,-0.04094462333522752,1.190000000000001,-0.03617739004733985,1.190000000000001,-0.0324664045697363,1.190000000000001,-0.02949591265902327,1.190000000000001,-0.02706459066743316,1.190000000000001,-0.02503801825303145
1.200000000000001,-0.1534800508631268,1.200000000000001,-0.1350455646411897,1.200000000000001,-0.1090137607416347,1.200000000000001,-0.0915252502088854,1.200000000000001,-0.07897262676305895,1.200000000000001,-0.06952671603802811,1.200000000000001,-0.06216212933705579,1.200000000000001,-0.05625975235890465,1.200000000000001,-0.047389315411004,1.200000000000001,-0.04104179756242578,1.200000000000001,-0.03627553847232198,1.200000000000001,-0.03256555780029753,1.200000000000001,-0.0295960684431137,1.200000000000001,-0.0271657289118042,1.200000000000001,-0.02514010939971625
1.210000000000001,-0.1535791865513405,1.210000000000001,-0.1351436461483418,1.210000000000001,-0.1091106672628381,1.210000000000001,-0.09162169494707367,1.210000000000001,-0.07906901505962535,1.210000000000001,-0.06962329844676898,1.210000000000001,-0.06225906739636666,1.210000000000001,-0.05635715198560004,1.210000000000001,-0.04748782141421631,1.210000000000001,-0.04114152446936768,1.210000000000001,-0.03637651567749507,1.210000000000001,-0.03266777179945577,1.210000000000001,-0.02969948417165016,1.210000000000001,-0.02727030099956241,1.210000000000001,-0.02524578826841834
1.220000000000001,-0.1536769671645612,1.220000000000001,-0.1352409188888727,1.220000000000001,-0.1092075916316524,1.220000000000001,-0.0917187607593344,1.220000000000001,-0.07916648992027329,1.220000000000001,-0.06972134150321495,1.220000000000001,-0.06235777608992669,1.220000000000001,-0.05645658530224434,1.220000000000001,-0.04758878831016143,1.220000000000001,-0.0412440493249309,1.220000000000001,-0.03648056730395165,1.220000000000001,-0.03277329344972428,1.220000000000001,-0.02980640849277144,1.220000000000001,-0.02737855765936142,1.220000000000001,-0.02535530785183921
1.230000000000001,-0.1537737115475524,1.230000000000001,-0.1353376853826262,1.230000000000001,-0.1093048147050829,1.230000000000001,-0.09181671532866603,1.230000000000001,-0.07926531068104993,1.230000000000001,-0.06982109919130411,1.230000000000001,-0.06245850601902161,1.230000000000001,-0.05655830087649582,1.230000000000001,-0.04769246318896758,1.230000000000001,-0.04134961980664199,1.230000000000001,-0.03658794275594741,1.230000000000001,-0.03288237452312605,1.230000000000001,-0.02991709590276772,1.230000000000001,-0.02749075629889085,1.230000000000001,-0.02546892855244084
1.240000000000001,-0.1538697205832589,1.240000000000001,-0.1354342330248733,1.240000000000001,-0.1094026065235853,1.240000000000001,-0.09191581865829951,1.240000000000001,-0.07936573140351909,1.240000000000001,-0.06992282213801952,1.240000000000001,-0.06256150600336399,1.240000000000001,-0.05666254681989773,1.240000000000001,-0.04779909481176498,1.240000000000001,-0.04145848691708529,1.240000000000001,-0.03669889610297661,1.240000000000001,-0.03299527257596663,1.240000000000001,-0.03003180763817958,1.240000000000001,-0.02760716189742725,1.240000000000001,-0.02558691907759656
1.250000000000001,-0.1539652788022575,1.250000000000001,-0.1355308355728217,1.250000000000001,-0.10950122762607,1.250000000000001,-0.0920163242744173,1.250000000000001,-0.07946800199990367,1.250000000000001,-0.07002675868304438,1.250000000000001,-0.06266702411014617,1.250000000000001,-0.05676957178678627,1.250000000000001,-0.04790893457011419,1.250000000000001,-0.04157090592136306,1.250000000000001,-0.03681368700578867,1.250000000000001,-0.03311225187004525,1.250000000000001,-0.03015081259653518,1.250000000000001,-0.02772804792898826,1.250000000000001,-0.02570955736711941
1.260000000000001,-0.1540606559555174,1.260000000000001,-0.1356277546027039,1.260000000000001,-0.1096009303462447,1.260000000000001,-0.09211848041795122,1.260000000000001,-0.07957236935324882,1.260000000000001,-0.0701331559482103,1.260000000000001,-0.06277530868684561,1.260000000000001,-0.05687962598031964,1.260000000000001,-0.04802223745805683,1.260000000000001,-0.0416871373015546,1.260000000000001,-0.03693258166302563,1.260000000000001,-0.03323358431757068,1.260000000000001,-0.03027438828347093,1.260000000000001,-0.02785369731423588,1.260000000000001,-0.02583713155165444
1.270000000000001,-0.1541561085379693,1.270000000000001,-0.1357252409262678,1.270000000000001,-0.1097019600811908,1.270000000000001,-0.09222253121788211,1.270000000000001,-0.0796790784261952,1.270000000000001,-0.07024226090124229,1.270000000000001,-0.06288660939302583,1.270000000000001,-0.05699296216148191,1.270000000000001,-0.04813926305359092,1.270000000000001,-0.04180744772568452,1.270000000000001,-0.03705585377654155,1.270000000000001,-0.03335955044828232,1.270000000000001,-0.03040282178509916,1.270000000000001,-0.02798440340029516,1.270000000000001,-0.02596994094135948
1.280000000000001,-0.1542518812546056,1.280000000000001,-0.1358235359592941,1.280000000000001,-0.1098045565262412,1.280000000000001,-0.09232871784118045,1.280000000000001,-0.07978837335432186,1.280000000000001,-0.07035432141041201,1.280000000000001,-0.06300117822827196,1.280000000000001,-0.05710983665863756,1.280000000000001,-0.04826027650783121,1.280000000000001,-0.04193211102997304,1.280000000000001,-0.03718378553457582,1.280000000000001,-0.03349044039827195,1.280000000000001,-0.03053641076538294,1.280000000000001,-0.02812047096847175,1.280000000000001,-0.0261082970450479
1.290000000000001,-0.1543482084241829,1.290000000000001,-0.1359228730377952,1.290000000000001,-0.1099089548727486,1.290000000000001,-0.09243727961668768,1.290000000000001,-0.07990049852191138,1.290000000000001,-0.0704695872883904,1.290000000000001,-0.06311927055491101,1.290000000000001,-0.05723051037658568,1.290000000000001,-0.04838554954127431,1.290000000000001,-0.04206140921414442,1.290000000000001,-0.037316668612837,1.290000000000001,-0.03362655492078722,1.290000000000001,-0.03067546448898627,1.290000000000001,-0.02826221727049441,1.290000000000001,-0.02625252462055358
1.300000000000001,-0.1544453153182375,1.300000000000001,-0.1360234786799208,1.300000000000001,-0.1100153869673186,1.300000000000001,-0.09254845513193946,1.300000000000001,-0.0800156996194767,1.300000000000001,-0.07058831132491242,1.300000000000001,-0.06324114611535468,1.300000000000001,-0.05735524980514166,1.300000000000001,-0.04851536144749817,1.300000000000001,-0.04219563345035241,1.300000000000001,-0.03745480519423723,1.300000000000001,-0.03376820641990618,1.300000000000001,-0.03082030487061151,1.300000000000001,-0.02840997309439616,1.300000000000001,-0.02640296275752023
1.310000000000001,-0.1545434194351489,1.310000000000001,-0.1361255737934344,1.310000000000001,-0.1101240824326138,1.310000000000001,-0.0926624833032472,1.310000000000001,-0.08013422468353734,1.310000000000001,-0.07071075030888571,1.310000000000001,-0.06336707004481833,1.310000000000001,-0.05748432802810239,1.310000000000001,-0.0486500001053191,1.310000000000001,-0.04233508510687747,1.310000000000001,-0.03759850900853681,1.310000000000001,-0.03391572000842619,1.310000000000001,-0.03097126755223681,1.310000000000001,-0.02856408386150622,1.310000000000001,-0.02655996599413552
1.320000000000001,-0.1546427317105255,1.320000000000001,-0.1362293748300095,1.320000000000001,-0.1102352697509969,1.320000000000001,-0.09277960442034747,1.320000000000001,-0.08025632512000283,1.320000000000001,-0.07083716604134491,1.320000000000001,-0.06349731388085754,1.320000000000001,-0.05761802573407454,1.320000000000001,-0.04878976300095014,1.320000000000001,-0.04248007678818873,1.320000000000001,-0.03774810639353166,1.320000000000001,-0.03406943459163268,1.320000000000001,-0.03112870300994533,1.320000000000001,-0.02872491075626422,1.320000000000001,-0.02672390546953737
1.330000000000001,-0.1547434576663189,1.330000000000001,-0.1363350948886222,1.330000000000001,-0.1103491773131405,1.330000000000001,-0.09290006116766708,1.330000000000001,-0.08038225671316142,1.330000000000001,-0.07096782634121905,1.330000000000001,-0.06363215657166943,1.330000000000001,-0.05775663223109724,1.330000000000001,-0.04893495826207101,1.330000000000001,-0.04263093339326891,1.330000000000001,-0.0379039373796716,1.330000000000001,-0.0342297039788244,1.330000000000001,-0.03129297769221091,1.330000000000001,-0.02889283189070859,1.330000000000001,-0.02689517011373085
1.340000000000001,-0.1548457985018825,1.340000000000001,-0.136442944771053,1.340000000000001,-0.1104660344343447,1.340000000000001,-0.0930240996247744,1.340000000000001,-0.08051228062272681,1.340000000000001,-0.07110300604627637,1.340000000000001,-0.06377188548545475,1.340000000000001,-0.05790044646730062,1.340000000000001,-0.04908590570596664,1.340000000000001,-0.04278799319429288,1.340000000000001,-0.03806635680014431,1.340000000000001,-0.03439689802458206,1.340000000000001,-0.03146447519158208,1.340000000000001,-0.02906824350553895,1.340000000000001,-0.02707416787687389
1.350000000000001,-0.1549499521307458,1.350000000000001,-0.136553133993009,1.350000000000001,-0.110586072341724,1.350000000000001,-0.09315197024894427,1.350000000000001,-0.08064666437169968,1.350000000000001,-0.07124298801187257,1.350000000000001,-0.06391679742336173,1.350000000000001,-0.05804977806003399,1.350000000000001,-0.04924293790403023,1.350000000000001,-0.04295160893784627,1.350000000000001,-0.03823573542851934,1.350000000000001,-0.03457140380179149,1.350000000000001,-0.03164359745170061,1.350000000000001,-0.02925156120961773,1.350000000000001,-0.02726132699973037
1.360000000000001,-0.1550561141672225,1.360000000000001,-0.1366658717547,1.360000000000001,-0.1107095251356901,1.360000000000001,-0.09328392884298101,1.360000000000001,-0.08078568282798067,1.360000000000001,-0.07138806411027787,1.360000000000001,-0.06406719963865463,1.360000000000001,-0.05820494833599621,1.360000000000001,-0.04940640126497884,1.360000000000001,-0.04312214897088362,1.360000000000001,-0.03841246114602326,1.360000000000001,-0.03475362680837862,1.360000000000001,-0.03183076601150564,1.360000000000001,-0.02944322125966289,1.360000000000001,-0.02745709732694855
1.370000000000001,-0.1551644788671663,1.370000000000001,-0.1367813678748749,1.370000000000001,-0.1108366307292934,1.370000000000001,-0.09342023751155747,1.370000000000001,-0.08092961918275869,1.370000000000001,-0.07153853623341694,1.370000000000001,-0.0642234108647856,1.370000000000001,-0.05836629138491065,1.370000000000001,-0.04957665713910376,1.370000000000001,-0.04329999839356281,1.370000000000001,-0.0385969401404208,1.370000000000001,-0.03494399220958345,1.370000000000001,-0.03202642328831524,1.370000000000001,-0.02964368188169627,1.370000000000001,-0.02766195166460706
1.380000000000001,-0.155275240027258,1.380000000000001,-0.1368998336923885,1.380000000000001,-0.1109676317690397,1.380000000000001,-0.09356116560935082,1.380000000000001,-0.0810787659286992,1.380000000000001,-0.0716947173018405,1.380000000000001,-0.06438576235501241,1.380000000000001,-0.05853415512923719,1.380000000000001,-0.04975408294578457,1.380000000000001,-0.04348556024096385,1.380000000000001,-0.03878959813831222,1.380000000000001,-0.03514294611740346,1.380000000000001,-0.03223103390124654,1.380000000000001,-0.02985342463554803,1.380000000000001,-0.02787638718317704
1.390000000000001,-0.1553885918471848,1.390000000000001,-0.1370214829393513,1.390000000000001,-0.1111027765407626,1.390000000000001,-0.09370699068421519,1.390000000000001,-0.08123342584089951,1.390000000000001,-0.07185693228266837,1.390000000000001,-0.0645545989361067,1.390000000000001,-0.05870890241229152,1.390000000000001,-0.04993907332634048,1.390000000000001,-0.04367925669550482,1.390000000000001,-0.03899088167242648,1.390000000000001,-0.03535095690856728,1.390000000000001,-0.03244508603613019,1.390000000000001,-0.03007295582337864,1.390000000000001,-0.02810092686667406
1.400000000000001,-0.1555047297589898,1.400000000000001,-0.1371465325898245,1.400000000000001,-0.111242319864046,1.400000000000001,-0.09385799941852845,1.400000000000001,-0.08139391296346203,1.400000000000001,-0.07202551921911081,1.400000000000001,-0.06473028007854713,1.400000000000001,-0.05889091210697504,1.400000000000001,-0.05013204132408048,1.400000000000001,-0.04388153033161472,1.400000000000001,-0.03920125938519071,1.400000000000001,-0.03556851658206119,1.400000000000001,-0.03266909285269628,1.400000000000001,-0.03030280794275969,1.400000000000001,-0.02833612100831643
1.410000000000001,-0.1556238512277213,1.410000000000001,-0.1372752036878977,1.410000000000001,-0.111386523978563,1.410000000000001,-0.0940144885717115,1.410000000000001,-0.08156055360437736,1.410000000000001,-0.07220083027399682,1.410000000000001,-0.06491318098538953,1.410000000000001,-0.05908058024709154,1.410000000000001,-0.05033341959314072,1.410000000000001,-0.04409284539390255,1.410000000000001,-0.0394212233694923,1.410000000000001,-0.03579614215681676,1.410000000000001,-0.03290359393434786,1.410000000000001,-0.0305435411843507,1.410000000000001,-0.02858254875245588
1.420000000000001,-0.155746156527345,1.420000000000001,-0.1374077221588119,1.420000000000001,-0.1115356594255211,1.420000000000001,-0.09417676592673314,1.420000000000001,-0.08173368734120814,1.420000000000001,-0.07238323278951383,1.420000000000001,-0.06510369370175931,1.420000000000001,-0.05927832118295645,1.420000000000001,-0.05054366163737412,1.420000000000001,-0.04431368910968169,1.420000000000001,-0.03965129054711235,1.420000000000001,-0.03603437710967941,1.420000000000001,-0.03314915678029587,1.420000000000001,-0.03079574497361212,1.420000000000001,-0.02884081968190132
1.430000000000001,-0.1558718494956761,1.430000000000001,-0.1375443196066012,1.430000000000001,-0.1116900059272147,1.430000000000001,-0.094345151243201,1.430000000000001,-0.08191366803982712,1.430000000000001,-0.07257311036510028,1.430000000000001,-0.06530222824661765,1.430000000000001,-0.0594845687626783,1.430000000000001,-0.05076324308016754,1.430000000000001,-0.0445445730362572,1.430000000000001,-0.03989200408479561,1.430000000000001,-0.03628379285319837,1.430000000000001,-0.03340637833919119,1.430000000000001,-0.03106003955529946,1.430000000000001,-0.02911157544900077
1.440000000000001,-0.1560011382718719,1.440000000000001,-0.1376852341015115,1.440000000000001,-0.1118498532674545,1.440000000000001,-0.09451997721939556,1.440000000000001,-0.08210086488819088,1.440000000000001,-0.07277086395512464,1.440000000000001,-0.06550921376811382,1.440000000000001,-0.05969977754011706,1.440000000000001,-0.05099266296561464,1.440000000000001,-0.04478603444286199,1.440000000000001,-0.04014393484732681,1.440000000000001,-0.03654499025211519,1.440000000000001,-0.03367588658265288,1.440000000000001,-0.03133707761867778,1.440000000000001,-0.02939549144797705
1.450000000000001,-0.1561342360197991,1.450000000000001,-0.1378307109602289,1.450000000000001,-0.1120155021754097,1.450000000000001,-0.09470159046532993,1.450000000000001,-0.08229566344682042,1.450000000000001,-0.07297691298764065,1.450000000000001,-0.0657250997234458,1.450000000000001,-0.05992442401009491,1.450000000000001,-0.05123244509095475,1.450000000000001,-0.04503863772652569,1.450000000000001,-0.04040768288629765,1.450000000000001,-0.03681860117665771,1.450000000000001,-0.03395834211624556,1.450000000000001,-0.03162754596047212,1.450000000000001,-0.02969327852501362
1.460000000000001,-0.1562713616403512,1.460000000000001,-0.1379810035217091,1.460000000000001,-0.1121872652151284,1.460000000000001,-0.09489035248861928,1.460000000000001,-0.08249846671731752,1.460000000000001,-0.07319169650511272,1.460000000000001,-0.06595035708371107,1.460000000000001,-0.06015900787094027,1.460000000000001,-0.05148313936960022,1.460000000000001,-0.04530297586047212,1.460000000000001,-0.04068387896246577,1.460000000000001,-0.03710529008987185,1.460000000000001,-0.03425443982449165,1.460000000000001,-0.03193216718151636,1.460000000000001,-0.03000568472144809
1.470000000000001,-0.1564127404755534,1.470000000000001,-0.1381363739211541,1.470000000000001,-0.1123654676827212,1.470000000000001,-0.0950866406946107,1.470000000000001,-0.08270969622985799,1.470000000000001,-0.07341567432756589,1.470000000000001,-0.06618547956373304,1.470000000000001,-0.06040405331389511,1.470000000000001,-0.05174532322340296,1.470000000000001,-0.04557967187286037,1.470000000000001,-0.0409731860987157,1.470000000000001,-0.03740575566522637,1.470000000000001,-0.03456491054540621,1.470000000000001,-0.03225170141186553,1.470000000000001,-0.03033349704414206
1.480000000000001,-0.1565586050070461,1.480000000000001,-0.1382970938644222,1.480000000000001,-0.1125504485128902,1.480000000000001,-0.09529084940186291,1.480000000000001,-0.08292979315017984,1.480000000000001,-0.07364932823812471,1.480000000000001,-0.0664309848762859,1.480000000000001,-0.06066011033828725,1.480000000000001,-0.05201960300205555,1.480000000000001,-0.04586938035279944,1.480000000000001,-0.04127630115962503,1.480000000000001,-0.03772073242960094,1.480000000000001,-0.03489052276880274,1.480000000000001,-0.03258694805778767,1.480000000000001,-0.03067754325563859
1.490000000000001,-0.1567091955512941,1.490000000000001,-0.1384634454048909,1.490000000000001,-0.1127425611961567,1.490000000000001,-0.09550339087366766,1.490000000000001,-0.08315921940610728,1.490000000000001,-0.07389316319034975,1.490000000000001,-0.06668741600951704,1.490000000000001,-0.06092775609066586,1.490000000000001,-0.05230661542666928,1.490000000000001,-0.04617278897957054,1.490000000000001,-0.04159395645250404,1.490000000000001,-0.03805099242549919,1.490000000000001,-0.03523208435122315,1.490000000000001,-0.03293874756253595,1.490000000000001,-0.03103869367508712
1.5,-0.1568647609536166,1.5,-0.1386357217245172,1.5,-0.1129421747077904,1.5,-0.09572469636586578,1.5,-0.0833984588331292,1.5,-0.07414770853617079,1.5,-0.06695534252566054,1.5,-0.06120759622531004,1.5,-0.05260702905361282,1.5,-0.04649062006987147,1.5,-0.04192692134350445,1.5,-0.03839734688491019,1.5,-0.03559044423878633,1.5,-0.03330798317110603,1.5,-0.03141786297909436
