pch18_gm_Id (ll=3.5e-07) X,pch18_gm_Id (ll=3.5e-07) Y,pch18_gm_Id (ll=4e-07) X,pch18_gm_Id (ll=4e-07) Y,pch18_gm_Id (ll=5e-07) X,pch18_gm_Id (ll=5e-07) Y,pch18_gm_Id (ll=6e-07) X,pch18_gm_Id (ll=6e-07) Y,pch18_gm_Id (ll=7e-07) X,pch18_gm_Id (ll=7e-07) Y,pch18_gm_Id (ll=8e-07) X,pch18_gm_Id (ll=8e-07) Y,pch18_gm_Id (ll=9e-07) X,pch18_gm_Id (ll=9e-07) Y,pch18_gm_Id (ll=1e-06) X,pch18_gm_Id (ll=1e-06) Y,pch18_gm_Id (ll=1.2e-06) X,pch18_gm_Id (ll=1.2e-06) Y,pch18_gm_Id (ll=1.4e-06) X,pch18_gm_Id (ll=1.4e-06) Y,pch18_gm_Id (ll=1.6e-06) X,pch18_gm_Id (ll=1.6e-06) Y,pch18_gm_Id (ll=1.8e-06) X,pch18_gm_Id (ll=1.8e-06) Y,pch18_gm_Id (ll=2e-06) X,pch18_gm_Id (ll=2e-06) Y,pch18_gm_Id (ll=2.2e-06) X,pch18_gm_Id (ll=2.2e-06) Y,pch18_gm_Id (ll=2.4e-06) X,pch18_gm_Id (ll=2.4e-06) Y
0,27.91262971390455,0,28.0429529741459,0,28.2090248368061,0,28.31042113270171,0,28.37896122245346,0,28.42850840965854,0,28.46604462459243,0,28.49548045430846,0,28.53868701092689,0,28.56887249802347,0,28.59114931596644,0,28.60826403533659,0,28.62182397263918,0,28.63283218956033,0,28.64194694746916
0.01,27.88772736801046,0.01,28.01777528235785,0.01,28.18340773806737,0.01,28.28447324458264,0.01,28.35275696126505,0.01,28.40210012491792,0.01,28.43947025713433,0.01,28.46876828947645,0.01,28.51175940922248,0.01,28.54178419924984,0.01,28.5639365805381,0.01,28.58095213852366,0.01,28.59443124035873,0.01,28.60537233232071,0.01,28.61443048861151
0.02,27.86243245986798,0.02,27.99218146439745,0.02,28.15733161410722,0.02,28.2580309589711,0.02,28.32602952428584,0.02,28.375145057852,0.02,28.41232948412843,0.02,28.44147318380603,0.02,28.48422258726609,0.02,28.51406676176501,0.02,28.53607910940459,0.02,28.55298297511516,0.02,28.5663709629774,0.02,28.57723635359543,0.02,28.58623064869737
0.03,27.83667890445446,0.03,27.96610174592115,0.03,28.13071991362503,0.03,28.23101209500977,0.03,28.29869212812805,0.03,28.34755263613211,0.03,28.38452857494804,0.03,28.41349873955202,0.03,28.45597589815774,0.03,28.48561631010057,0.03,28.50747049452589,0.03,28.52424809966686,0.03,28.53753302215339,0.03,28.54831273804155,0.03,28.55723472909998
0.04,27.810390035801,0.04,27.93945514741731,0.04,28.10348373088306,0.04,28.20332116110749,0.04,28.27064389621211,0.04,28.31921754980085,0.04,28.3559585240056,0.04,28.38473283015834,0.04,28.4269022430396,0.04,28.45631196735637,0.04,28.47798689543316,0.04,28.49462128761014,0.04,28.5077892357785,0.04,28.51847166887693,0.04,28.52731152845753
0.05,27.78347684208708,0.05,27.9121476114186,0.05,28.07551973549414,0.05,28.17484712155421,0.05,28.24176749263883,0.05,28.29001727633047,0.05,28.32649248543154,0.05,28.35504495884648,0.05,28.39686530891114,0.05,28.42601300163104,0.05,28.44748411421497,0.05,28.46395555291534,0.05,28.47699032868192,0.05,28.48756195943907,0.05,28.49630824113014
0.06,27.75583591137366,0.06,27.88406982311843,0.06,28.04670776450293,0.06,28.1454608002251,0.06,28.21192637301776,0.06,28.25980920639029,0.06,28.29598279514583,0.06,28.32428319351049,0.06,28.36570636538467,0.06,28.39455551845271,0.06,28.41579420650028,0.06,28.4320796938076,0.06,28.44496242492237,0.06,28.45540750098437,0.06,28.46404686739569
0.07000000000000001,27.7273470453517,0.07000000000000001,27.85509467978961,0.07000000000000001,28.01690802870923,0.07000000000000001,28.11501187072263,0.07000000000000001,28.18096159969442,0.07000000000000001,28.22842731634457,0.07000000000000001,28.26425752526117,0.07000000000000001,28.29227062201162,0.07000000000000001,28.33324056328283,0.07000000000000001,28.36174864130488,0.07000000000000001,28.38272156997782,0.07000000000000001,28.39879430765886,0.07000000000000001,28.41150300249064,0.07000000000000001,28.4218031673087,0.07000000000000001,28.43032007578132
0.08,27.69787049427186,0.08,27.82507436028354,0.08,27.98595788132499,0.08,28.08332537878144,0.08,28.14868816562887,0.08,28.1956783306506,0.08,28.23111651322152,0.08,28.25880126974016,0.08,28.29925267625029,0.08,28.32737012105948,0.08,28.34803845106476,0.08,28.3638672155766,0.08,28.37637625089952,0.08,28.38651011666231,0.08,28.39488645801292
0.09,27.66724376244269,0.09,27.7938369424393,0.09,27.95366809422378,0.09,28.05019774055987,0.09,28.11489076962661,0.09,28.16133731636372,0.09,28.19632680767327,0.09,28.22363542138766,0.09,28.26349222751842,0.09,28.29116131680102,0.09,28.3114798126095,0.09,28.32702823997482,0.09,28.33930777532689,0.09,28.34925043497757,0.09,28.35746512093448
0.09999999999999999,27.63527793085295,0.09999999999999999,27.76118251396346,0.09999999999999999,27.91981858594614,0.09999999999999999,28.01539216049211,0.09999999999999999,28.0793189867205,0.09999999999999999,28.12514265403834,0.09999999999999999,28.15961747601694,0.09999999999999999,28.1864942926247,0.09999999999999999,28.22566794903595,0.09999999999999999,28.25282149669665,0.09999999999999999,28.27273751258105,0.09999999999999999,28.28796328622496,0.09999999999999999,28.29997859942937,0.09999999999999999,28.30970107342361,0.09999999999999999,28.31772956919732
0.11,27.60175344224115,0.11,27.72687872210737,0.11,27.88415354729063,0.11,27.97863341583469,0.11,28.04168178262716,0.11,28.0867903359153,0.11,28.12067372652053,0.11,28.1470540064902,0.11,28.18544153129507,0.11,28.21200142028209,0.11,28.23145375772102,0.11,28.2463076946068,0.11,28.25801843497167,0.11,28.267487050111,0.11,28.27530085001301
0.12,27.56641529526272,0.12,27.69065571034438,0.12,27.84637591615776,0.12,27.93960196361982,0.12,28.00164133222667,0.12,28.04592755549769,0.12,28.07913031301041,0.12,28.10493884612333,0.12,28.14242064184615,0.12,28.16829618547581,0.12,28.18721381992984,0.12,28.20163885409317,0.12,28.21299821302062,0.12,28.22217391345703,0.12,28.22973995987518
0.13,27.52896759958076,0.13,27.65220039773632,0.13,27.80614116518106,0.13,27.89792734154225,0.13,27.95880612135737,0.13,28.00214557503998,0.13,28.03456421528131,0.13,28.0597137829855,0.13,28.09615122196157,0.13,28.12123735822781,0.13,28.139538040281,0.13,28.15346810871446,0.13,28.16442191240519,0.13,28.17325950715276,0.13,28.18053955686121
0.14,27.48906745445395,0.14,27.61115007077096,0.14,27.76305038600756,0.14,27.85318086022158,0.14,27.9127233419995,0.14,27.95497189251505,0.14,27.98648662709929,0.14,28.01087632165693,0.14,28.04610911816567,0.14,28.07028445415238,0.14,28.08787320036927,0.14,28.10123204481849,0.14,28.1117177810055,0.14,28.12016513847986,0.14,28.12711508557753
0.15,27.44631813195971,0.15,27.567085280687,0.15,27.71664268597549,0.15,27.80486762376357,0.15,27.8628706370042,0.15,27.9038617813599,0.15,27.93433434029582,0.15,27.95784776316438,0.15,27.9916911731546,0.15,28.01481591472116,0.15,28.03158341825066,0.15,28.04428332862081,0.15,28.0542291294481,0.15,28.06222633819111,0.15,28.06879551039028
0.16,27.40026157522945,0.16,27.51952207489591,0.16,27.66638696016706,0.16,27.7524179728618,0.16,27.80864731643508,0.16,27.84818934955343,0.16,27.87746069296493,0.16,27.89996407368873,0.16,27.93220599426579,0.16,27.95411982097039,0.16,27.96994083196138,0.16,27.981881373501,0.16,27.99120499041201,0.16,27.99868351679924,0.16,28.00481397174525
0.17,27.35037026549069,0.17,27.4679036429338,0.17,27.61167316883725,0.17,27.69517852462316,0.17,27.74936525840254,0.17,27.78723836450446,0.17,27.8151263574014,0.17,27.83646665968618,0.17,27.86686474234124,0.17,27.88738472036802,0.17,27.90211647255737,0.17,27.91318326048084,0.17,27.92179108484195,0.17,27.92867297362637,0.17,27.93429883477697
0.18,27.29603857345084,0.18,27.41159152989608,0.18,27.55180334189373,0.18,27.63240309091316,0.18,27.68423982798602,0.18,27.7201932217492,0.18,27.74649038390946,0.18,27.76649349846964,0.18,27.79477244367388,0.18,27.81369111113306,0.18,27.82717190403729,0.18,27.83723551609179,0.18,27.84502172145766,0.18,27.85121890360615,0.18,27.85626579101584
0.19,27.23657379519414,0.19,27.34985666824241,0.19,27.48598265317132,0.19,27.56324389670007,0.19,27.6123813023784,0.19,27.64613060189162,0.19,27.67060209266566,0.19,27.68907125722269,0.19,27.71492052362315,0.19,27.7320043327651,0.19,27.74405241833027,0.19,27.75296756750988,0.19,27.75981347542276,0.19,27.76522726936123,0.19,27.7696118990135
0.2,27.17118718485913,0.2,27.2818706065826,0.2,27.41331106122048,0.2,27.48674369396983,0.2,27.53278747971179,0.2,27.5640125611201,0.2,27.58639461560411,0.2,27.60310925010413,0.2,27.62618148690365,0.2,27.64116984420825,0.2,27.65158281035296,0.2,27.65918793450372,0.2,27.66496173368735,0.2,27.66948264912938,0.2,27.67311269377091
0.21,27.09898543958146,0.21,27.20669747430914,0.21,27.33277620064625,0.21,27.4018295729779,0.21,27.44433836801524,0.21,27.47268202814921,0.21,27.49268112337677,0.21,27.50739631971141,0.21,27.52730690939582,0.21,27.53991211129263,0.21,27.54846699731413,0.21,27.55458445518637,0.21,27.55914142993873,0.21,27.56264940441064,0.21,27.56542372603838
0.2200000000000001,27.01896326768293,0.2200000000000001,27.12328741281694,0.2200000000000001,27.24324842297173,0.2200000000000001,27.30730950009142,0.2200000000000001,27.34579408358082,0.2200000000000001,27.37086191399149,0.2200000000000001,27.38815500388548,0.2200000000000001,27.40060195680493,0.2200000000000001,27.41693012384696,0.2200000000000001,27.42683853146197,0.2200000000000001,27.43329294188547,0.2200000000000001,27.43773002778375,0.2200000000000001,27.44091346795222,0.2200000000000001,27.44327867856841,0.2200000000000001,27.44508805223224
0.2300000000000001,26.92999787501821,0.2300000000000001,27.03047241970024,0.2300000000000001,27.14347911215695,0.2300000000000001,27.2018728352031,0.2300000000000001,27.23579730146979,0.2300000000000001,27.25715923991261,0.2300000000000001,27.27139544134223,0.2300000000000001,27.28128313749768,0.2300000000000001,27.29357511350785,0.2300000000000001,27.30044992461676,0.2300000000000001,27.30454441220244,0.2300000000000001,27.30709539976391,0.2300000000000001,27.30873835996773,0.2300000000000001,27.30982274667643,0.2300000000000001,27.3105511881629
0.2400000000000001,26.83084642403847,0.2400000000000001,26.9269657722449,0.2400000000000001,27.03210360384565,0.2400000000000001,27.08409625491704,0.2400000000000001,27.11288173609349,0.2400000000000001,27.13007578362079,0.2400000000000001,27.14087989919254,0.2400000000000001,27.14789837272999,0.2400000000000001,27.15567307260157,0.2400000000000001,27.15915900257458,0.2400000000000001,27.16062094287208,0.2400000000000001,27.16107032184494,0.2400000000000001,27.16099835402836,0.2400000000000001,27.16065795047238,0.2400000000000001,27.16018472384691
0.2500000000000001,26.72014772866683,0.2500000000000001,26.81136638326566,0.2500000000000001,26.9076501609026,0.2500000000000001,26.95245655333037,0.2500000000000001,26.9754880933118,0.2500000000000001,26.98802662680508,0.2500000000000001,26.99500481735064,0.2500000000000001,26.99883020158867,0.2500000000000001,27.00158770559013,0.2500000000000001,27.00131773953163,0.2500000000000001,26.99986678473648,0.2500000000000001,26.99799373522757,0.2500000000000001,26.99602861318166,0.2500000000000001,26.99411668814359,0.2500000000000001,26.99231898656477
0.2600000000000001,26.5964295979338,0.2600000000000001,26.68216953304222,0.2600000000000001,26.76855640985113,0.2600000000000001,26.80535159555384,0.2600000000000001,26.82198859336904,0.2600000000000001,26.82936750933681,0.2600000000000001,26.83211523272906,0.2600000000000001,26.8324166470194,0.2600000000000001,26.82964943397744,0.2600000000000001,26.82525350877382,0.2600000000000001,26.82060844819771,0.2600000000000001,26.81619237331939,0.2600000000000001,26.81215663507944,0.2600000000000001,26.8085274802913,0.2600000000000001,26.80528362751201
0.2700000000000001,26.45812325739669,0.2700000000000001,26.53778532086526,0.2700000000000001,26.61319429504246,0.2700000000000001,26.64113010697277,0.2700000000000001,26.65072034584503,0.2700000000000001,26.65243087500941,0.2700000000000001,26.65054283312654,0.2700000000000001,26.64699079686572,0.2700000000000001,26.63819706506386,0.2700000000000001,26.62931203455028,0.2700000000000001,26.62119846807076,0.2700000000000001,26.61402505259951,0.2700000000000001,26.60774688724614,0.2700000000000001,26.6022598312272,0.2700000000000001,26.59745263009211
0.2800000000000001,26.30358605260861,0.2800000000000001,26.37656575950583,0.2800000000000001,26.43990379968016,0.2800000000000001,26.45812981772809,0.2800000000000001,26.4600263832554,0.2800000000000001,26.45556875347798,0.2800000000000001,26.44864998925945,0.2800000000000001,26.44092551728542,0.2800000000000001,26.4256230207837,0.2800000000000001,26.41190252982512,0.2800000000000001,26.40006017171136,0.2800000000000001,26.3899269508444,0.2800000000000001,26.38124455383772,0.2800000000000001,26.37376744229767,0.2800000000000001,26.3672870074686
0.2900000000000001,26.13113303774505,0.2900000000000001,26.19684054285231,0.2900000000000001,26.24703425094692,0.2900000000000001,26.25472159544879,0.2900000000000001,26.24830090529915,0.2900000000000001,26.23719807564213,0.2900000000000001,26.2248745308097,0.2900000000000001,26.21267734351457,0.2900000000000001,26.19041500107106,0.2900000000000001,26.17153699865356,0.2900000000000001,26.15572472989893,0.2900000000000001,26.14244459536962,0.2900000000000001,26.13120866505586,0.2900000000000001,26.12161967638805,0.2900000000000001,26.11336477762046
0.3000000000000001,25.93907693114921,0.3000000000000001,25.99696000849281,0.3000000000000001,26.03298986802709,0.3000000000000001,26.02935456056787,0.3000000000000001,26.0140323108221,0.3000000000000001,25.99584081918781,0.3000000000000001,25.97776668730167,0.3000000000000001,25.96082016145292,0.3000000000000001,25.93118346351198,0.3000000000000001,25.90685221259659,0.3000000000000001,25.8868483649618,0.3000000000000001,25.8702489617695,0.3000000000000001,25.85632164774252,0.3000000000000001,25.84450803017912,0.3000000000000001,25.83438474897076
0.3100000000000001,25.72577417592605,0.3100000000000001,25.7753416345976,0.3100000000000001,25.79627340729228,0.3100000000000001,25.78059404286534,0.3100000000000001,25.75583433764584,0.3100000000000001,25.73014814239382,0.3100000000000001,25.70600648231666,0.3100000000000001,25.68405632054227,0.3100000000000001,25.64666172168262,0.3100000000000001,25.61660071066385,0.3100000000000001,25.59219583480458,0.3100000000000001,25.5721127015531,0.3100000000000001,25.55536129313118,0.3100000000000001,25.54121363433831,0.3100000000000001,25.52913018868317
0.3200000000000001,25.48967251015548,0.3200000000000001,25.53051370497231,0.3200000000000001,25.53551875213419,0.3200000000000001,25.50714136079998,0.3200000000000001,25.47245314082316,0.3200000000000001,25.43889569840564,0.3200000000000001,25.40838848743959,0.3200000000000001,25.38119203544931,0.3200000000000001,25.33566583712588,0.3200000000000001,25.29959858514038,0.3200000000000001,25.27057863531027,0.3200000000000001,25.24684063200728,0.3200000000000001,25.22712493960891,0.3200000000000001,25.21052620222526,0.3200000000000001,25.19638337017494
0.3300000000000001,25.22935283467532,0.3300000000000001,25.26114708075906,0.3300000000000001,25.24950109833177,0.3300000000000001,25.20782323868478,0.3300000000000001,25.16273823461632,0.3300000000000001,25.12093873432109,0.3300000000000001,25.08376353739638,0.3300000000000001,25.05106783567894,0.3300000000000001,24.9970075157529,0.3300000000000001,24.95462562589269,0.3300000000000001,24.9207456433564,0.3300000000000001,24.89315312503223,0.3300000000000001,24.87030719954738,0.3300000000000001,24.85111725043166,0.3300000000000001,24.83479514515439
0.3400000000000001,24.94355601180538,0.3400000000000001,24.96606441888679,0.3400000000000001,24.93711369963959,0.3400000000000001,24.88154136990056,0.3400000000000001,24.82557033478687,0.3400000000000001,24.77512295189999,0.3400000000000001,24.73093641505622,0.3400000000000001,24.69244602836019,0.3400000000000001,24.62936738736572,0.3400000000000001,24.58028984276592,0.3400000000000001,24.54124214388891,0.3400000000000001,24.50954165593866,0.3400000000000001,24.48335331106856,0.3400000000000001,24.46139208636541,0.3400000000000001,24.44273611869489
0.3500000000000001,24.63118482740929,0.3500000000000001,24.64421736206235,0.3500000000000001,24.59730516735937,0.3500000000000001,24.52718155210573,0.3500000000000001,24.4597515233464,0.3500000000000001,24.40016242011054,0.3500000000000001,24.3485362415941,0.3500000000000001,24.30387683657692,0.3500000000000001,24.23115866028033,0.3500000000000001,24.17489295448274,0.3500000000000001,24.13027908658302,0.3500000000000001,24.0941425998243,0.3500000000000001,24.06433767279414,0.3500000000000001,24.03937299833798,0.3500000000000001,24.0181842783708
0.3600000000000002,24.29127443442209,0.3600000000000002,24.29462818257839,0.3600000000000002,24.22898299898354,0.3600000000000002,24.1434982900084,0.3600000000000002,24.06388323621831,0.3600000000000002,23.99451847642635,0.3600000000000002,23.93490070722797,0.3600000000000002,23.8835904217804,0.3600000000000002,23.80043777674312,0.3600000000000002,23.73636021317319,0.3600000000000002,23.68568086875085,0.3600000000000002,23.64470125264384,0.3600000000000002,23.6109423455359,0.3600000000000002,23.58269061365232,0.3600000000000002,23.55872776753727
0.3700000000000002,23.92293280948536,0.3700000000000002,23.91630450855048,0.3700000000000002,23.83090747500653,0.3700000000000002,23.72901305655576,0.3700000000000002,23.63628164886524,0.3700000000000002,23.5563379810099,0.3700000000000002,23.4880391431469,0.3700000000000002,23.42948474746949,0.3700000000000002,23.33493841500936,0.3700000000000002,23.26231432581507,0.3700000000000002,23.20499311757947,0.3700000000000002,23.15870827195023,0.3700000000000002,23.12061785617492,0.3700000000000002,23.08876555763804,0.3700000000000002,23.06176453387799
0.3800000000000002,23.52526653017156,0.3800000000000002,23.50815341789617,0.3800000000000002,23.40162163101743,0.3800000000000002,23.28198574647002,0.3800000000000002,23.17499865812581,0.3800000000000002,23.08352393152278,0.3800000000000002,23.00574959629553,0.3800000000000002,22.93928483972988,0.3800000000000002,22.83230218657941,0.3800000000000002,22.75036276640358,0.3800000000000002,22.68581515484562,0.3800000000000002,22.63376861784503,0.3800000000000002,22.59098202569159,0.3800000000000002,22.55523210707126,0.3800000000000002,22.52494686556004
0.3900000000000002,23.09732422062991,0.3900000000000002,23.06893988000389,0.3900000000000002,22.9394789086069,0.3900000000000002,22.80052724418106,0.3900000000000002,22.67801586885775,0.3900000000000002,22.57400141232002,0.3900000000000002,22.48594642547698,0.3900000000000002,22.41092262296846,0.3900000000000002,22.29054017531363,0.3900000000000002,22.19861872963887,0.3900000000000002,22.12636519140084,0.3900000000000002,22.06820049973673,0.3900000000000002,22.0204452491059,0.3900000000000002,21.98058442863834,0.3900000000000002,21.94684460611169
0.4000000000000002,22.63810414144652,0.4000000000000002,22.59734537115415,0.4000000000000002,22.44282783553102,0.4000000000000002,22.28290305733603,0.4000000000000002,22.14364635894751,0.4000000000000002,22.02619675421275,0.4000000000000002,21.92719965622728,0.4000000000000002,21.84312304065411,0.4000000000000002,21.70868421385321,0.4000000000000002,21.60639315534914,0.4000000000000002,21.52619854613489,0.4000000000000002,21.4617708255698,0.4000000000000002,21.40895747460399,0.4000000000000002,21.36493135886015,0.4000000000000002,21.3277052354292
0.4100000000000002,22.14667420790932,0.4100000000000002,22.09217437879964,0.4100000000000002,21.9103821183411,0.4100000000000002,21.72802712494541,0.4100000000000002,21.57111347262265,0.4100000000000002,21.43967223099337,0.4100000000000002,21.32940530099093,0.4100000000000002,21.23609619806621,0.4100000000000002,21.08749769923763,0.4100000000000002,20.97490649249089,0.4100000000000002,20.88691232638642,0.4100000000000002,20.81638934916262,0.4100000000000002,20.75869059094296,0.4100000000000002,20.71066689418858,0.4100000000000002,20.67011285135334
0.4200000000000002,21.622433298744,0.4200000000000002,21.55272196743809,0.4200000000000002,21.34174487737314,0.4200000000000002,21.13607068984458,0.4200000000000002,20.96119567000175,0.4200000000000002,20.81577790026301,0.4200000000000002,20.69442783535766,0.4200000000000002,20.59216167126671,0.4200000000000002,20.43005296024548,0.4200000000000002,20.30781703489123,0.4200000000000002,20.21262817388942,0.4200000000000002,20.13655069184586,0.4200000000000002,20.07444458434667,0.4200000000000002,20.02284487573903,0.4200000000000002,19.97933520377731
0.4300000000000002,21.06550002437341,0.4300000000000002,20.97925831900136,0.4300000000000002,20.73798447632071,0.4300000000000002,20.50904141705053,0.4300000000000002,20.31676640290663,0.4300000000000002,20.15813495967752,0.4300000000000002,20.02652223356982,0.4300000000000002,19.91611024225832,0.4300000000000002,19.7419839273663,0.4300000000000002,19.61138257661376,0.4300000000000002,19.51007904830006,0.4300000000000002,19.42935934681558,0.4300000000000002,19.36362112116918,0.4300000000000002,19.30910932810775,0.4300000000000002,19.26321728866992
0.4400000000000002,20.47715959097979,0.4400000000000002,20.3735250032071,0.4400000000000002,20.10210764403732,0.4400000000000002,19.85115854604484,0.4400000000000002,19.6430531545104,0.4400000000000002,19.47278265978964,0.4400000000000002,19.3323799195369,0.4400000000000002,19.21516136843807,0.4400000000000002,19.03130022884909,0.4400000000000002,18.89416625260337,0.4400000000000002,18.78823191758071,0.4400000000000002,18.70408716996743,0.4400000000000002,18.63572888911579,0.4400000000000002,18.5791573338615,0.4400000000000002,18.53160908770342
0.4500000000000002,19.86025343046368,0.4500000000000002,19.73910124512201,0.4500000000000002,19.43927373144639,0.4500000000000002,19.16888400501374,0.4500000000000002,18.94750308948571,0.4500000000000002,18.76790587351633,0.4500000000000002,18.62074376135114,0.4500000000000002,18.49848667617629,0.4500000000000002,18.30777437344219,0.4500000000000002,18.1663295913703,0.4500000000000002,18.05751337254017,0.4500000000000002,17.97134904562449,0.4500000000000002,17.90152119045872,0.4500000000000002,17.84384688595178,0.4500000000000002,17.79544969527639
0.4600000000000002,19.21938470835132,0.4600000000000002,19.08151018883879,0.4600000000000002,18.756652276577,0.4600000000000002,18.4705605502216,0.4600000000000002,18.23925312694022,0.4600000000000002,18.05318068231347,0.4600000000000002,17.90166159194276,0.4600000000000002,17.77639475807825,0.4600000000000002,17.58203479031762,0.4600000000000002,17.43867043444132,0.4600000000000002,17.328812918016,0.4600000000000002,17.24208362290072,0.4600000000000002,17.17196156444696,0.4600000000000002,17.11415215890379,0.4600000000000002,17.06571538510828
0.4700000000000003,18.56084826198839,0.4700000000000003,18.40799791401459,0.4700000000000003,18.06292508211274,0.4700000000000003,17.76572016520463,0.4700000000000003,17.52831419287191,0.4700000000000003,17.33888077506544,0.4700000000000003,17.18554418744612,0.4700000000000003,17.05935939845053,0.4700000000000003,16.86456622904552,0.4700000000000003,16.72161681577433,0.4700000000000003,16.6124796303175,0.4700000000000003,16.52655676141597,0.4700000000000003,16.45723558471738,0.4700000000000003,16.40018405633462,0.4700000000000003,16.35244874993153
0.4800000000000003,17.8922663981294,0.4800000000000003,17.72700908395738,0.4800000000000003,17.367533428649,0.4800000000000003,17.06421326381978,0.4800000000000003,16.82464846067422,0.4800000000000003,16.6349381197948,0.4800000000000003,16.48222778068988,0.4800000000000003,16.35709326750495,0.4800000000000003,16.16481664622037,0.4800000000000003,16.0243694799249,0.4800000000000003,15.91749768361964,0.4800000000000003,15.83356627719804,0.4800000000000003,15.7659810966971,0.4800000000000003,15.71044262616544,0.4800000000000003,15.66403045460317
0.4900000000000003,17.22199381217415,0.4900000000000003,17.04746577657467,0.4900000000000003,16.67983192887548,0.4900000000000003,16.37534081262665,0.4900000000000003,16.13732411553174,0.4900000000000003,15.95013661896179,0.4900000000000003,15.80021070130536,0.4900000000000003,15.67782659511625,0.4900000000000003,15.49055069349163,0.4900000000000003,15.35431653544224,0.4900000000000003,15.25095051619625,0.4900000000000003,15.16994646780736,0.4900000000000003,15.10482602416049,0.4900000000000003,15.05138265493202,0.4900000000000003,15.00676830868748
0.5000000000000002,16.55841346471247,0.5000000000000002,16.37799928625753,0.5000000000000002,16.00831517283464,0.5000000000000002,15.70714481463186,0.5000000000000002,15.47388413106831,0.5000000000000002,15.2915554848469,0.5000000000000002,15.14616279251896,0.5000000000000002,15.02787364350787,0.5000000000000002,14.8475072801475,0.5000000000000002,14.71675894970042,0.5000000000000002,14.61779818596638,0.5000000000000002,14.54038603477851,0.5000000000000002,14.4782387311702,0.5000000000000002,14.42729047345617,0.5000000000000002,14.38479598932072
0.5100000000000002,15.90926132060069,0.5100000000000002,15.72627817901468,0.5100000000000002,15.36004023652555,0.5100000000000002,15.0659488961587,0.5100000000000002,14.83999192956495,0.5100000000000002,14.66430145704628,0.5100000000000002,14.52472775794,0.5100000000000002,14.41149202045515,0.5100000000000002,14.23934429153863,0.5100000000000002,14.11491520310772,0.5100000000000002,14.02092586037121,0.5100000000000002,13.9475097738243,0.5100000000000002,13.88863559611812,0.5100000000000002,13.84041220148525,0.5100000000000002,13.80021812883967
0.5200000000000002,15.28109254568756,0.5200000000000002,15.09853115203641,0.5200000000000002,14.7403021784678,0.5200000000000002,14.45616939840317,0.5200000000000002,14.23934703960836,0.5200000000000002,14.07150336399063,0.5200000000000002,13.93857778136425,0.5200000000000002,13.83098379207189,0.5200000000000002,13.66780576539522,0.5200000000000002,13.55013225635258,0.5200000000000002,13.46138543962186,0.5200000000000002,13.39214261358199,0.5200000000000002,13.33666202379128,0.5200000000000002,13.29124798367267,0.5200000000000002,13.2534150991836
0.5300000000000002,14.67895183748363,0.5300000000000002,14.49930333797937,0.5300000000000002,14.15255686485826,0.5300000000000002,13.88036134351441,0.5300000000000002,13.67381644051239,0.5300000000000002,13.51450312491786,0.5300000000000002,13.38864722909346,0.5300000000000002,13.28696056270947,0.5300000000000002,13.13302879857313,0.5300000000000002,13.02221814434954,0.5300000000000002,12.93874498759516,0.5300000000000002,12.87367065822952,0.5300000000000002,12.82156182720322,0.5300000000000002,12.77892756092842,0.5300000000000002,12.7434233041598
0.5400000000000003,14.10625725489331,0.5400000000000003,13.93143131566543,0.5400000000000003,13.59854237474216,0.5400000000000003,13.33943294001845,0.5400000000000003,13.143706903346,0.5400000000000003,12.9931648770077,0.5400000000000003,12.87446590606504,0.5400000000000003,12.77869301689328,0.5400000000000003,12.63391229467222,0.5400000000000003,12.52982054041001,0.5400000000000003,12.45147252438416,0.5400000000000003,12.39042779587249,0.5400000000000003,12.34156531330115,0.5400000000000003,12.30159906163718,0.5400000000000003,12.26832421941555
0.5500000000000003,13.56486609558524,0.5500000000000003,13.39618769878302,0.5500000000000003,13.07853128274843,0.5500000000000003,12.83295548631228,0.5500000000000003,12.64810520573959,0.5500000000000003,12.50623117201773,0.5500000000000003,12.39452352722465,0.5500000000000003,12.30447938457009,0.5500000000000003,12.16848711692539,0.5500000000000003,12.07079505448392,0.5500000000000003,11.9973013360163,0.5500000000000003,11.94005778096256,0.5500000000000003,11.89424824061773,0.5500000000000003,11.85678505969862,0.5500000000000003,11.82559780860715
0.5600000000000003,13.05526960280084,0.5600000000000003,12.89353294259737,0.5600000000000003,12.59164698618862,0.5600000000000003,12.35950504546873,0.5600000000000003,12.18522761360384,0.5600000000000003,12.05167261193178,0.5600000000000003,11.94661620768466,0.5600000000000003,11.86198745471188,0.5600000000000003,11.73424832696434,0.5600000000000003,11.6425284152218,0.5600000000000003,11.57354533326951,0.5600000000000003,11.51982295003395,0.5600000000000003,11.47683489760669,0.5600000000000003,11.44168084389764,0.5600000000000003,11.41241666074291
0.5700000000000003,12.5768591238975,0.5700000000000003,12.42241525187843,0.5700000000000003,12.13619001877424,0.5700000000000003,11.91698946708587,0.5700000000000003,11.75273909579859,0.5700000000000003,11.6269970324576,0.5700000000000003,11.52814561260406,0.5700000000000003,11.44854443001259,0.5700000000000003,11.32842922659206,0.5700000000000003,11.24220002555159,0.5700000000000003,11.17735069265273,0.5700000000000003,11.12684787405598,0.5700000000000003,11.08643521526805,0.5700000000000003,11.05338609636083,0.5700000000000003,11.02587309193693
0.5800000000000003,12.12821412846312,0.5800000000000003,11.98107207491278,0.5800000000000003,11.7099374592065,0.5800000000000003,11.50293253301374,0.5800000000000003,11.34802067189329,0.5800000000000003,11.22950158639871,0.5800000000000003,11.13635786372976,0.5800000000000003,11.06136460759559,0.5800000000000003,10.94821128324586,0.5800000000000003,10.86697869102236,0.5800000000000003,10.80588248978014,0.5800000000000003,10.758298062536,0.5800000000000003,10.72021709939934,0.5800000000000003,10.68907200435663,0.5800000000000003,10.66314190907283
0.5900000000000003,11.707375895283,0.5900000000000003,11.56730226493578,0.5900000000000003,11.31039490462903,0.5900000000000003,11.11470233900532,0.5900000000000003,10.96837728153234,0.5900000000000003,10.85646380715114,0.5900000000000003,10.76852094095864,0.5900000000000003,10.69771559558887,0.5900000000000003,10.59087332330082,0.5900000000000003,10.51415959506568,0.5900000000000003,10.45645254203635,0.5900000000000003,10.41150074998543,0.5900000000000003,10.37552161643766,0.5900000000000003,10.34609190150218,0.5900000000000003,10.32158729483427
0.6000000000000003,11.31208478480676,0.6000000000000003,11.17869236109006,0.6000000000000003,10.93499340163056,0.6000000000000003,10.74968204301301,0.6000000000000003,10.61118794339423,0.6000000000000003,10.50527580612048,0.6000000000000003,10.42204636117738,0.6000000000000003,10.35503000066509,0.6000000000000003,10.25388840292761,0.6000000000000003,10.18125079716761,0.6000000000000003,10.12659828537437,0.6000000000000003,10.08401795783959,0.6000000000000003,10.04993148437936,0.6000000000000003,10.02204607780999,0.6000000000000003,9.998824594325068
0.6100000000000003,10.93997095798858,0.6100000000000003,10.81279155642201,0.6100000000000003,10.58123251641097,0.6100000000000003,10.40538790935918,0.6100000000000003,10.27400529105437,0.6100000000000003,10.17352999054505,0.6100000000000003,10.09456433732087,0.6100000000000003,10.03097232141855,0.6100000000000003,9.934978692706165,0.6100000000000003,9.866019881062678,0.6100000000000003,9.81412345855907,0.6100000000000003,9.773682678192946,0.6100000000000003,9.741303749062396,0.6100000000000003,9.714811651047391,0.6100000000000003,9.692747895601396
0.6200000000000003,10.58869707331941,0.6200000000000003,10.46723734896131,0.6200000000000003,10.24677581048538,0.6200000000000003,10.07954299202796,0.6200000000000003,9.954613853599056,0.6200000000000003,9.859066183933052,0.6200000000000003,9.783962554786944,0.6200000000000003,9.723471301721396,0.6200000000000003,9.632138669994099,0.6200000000000003,9.566510983217581,0.6200000000000003,9.5171107311683,0.6200000000000003,9.478608217297751,0.6200000000000003,9.447776590217742,0.6200000000000003,9.42254735808393,0.6200000000000003,9.401533185394523
0.6300000000000003,10.25605692856488,0.6300000000000003,10.13983807777576,0.6300000000000003,9.929507259120685,0.6300000000000003,9.770115851906533,0.6300000000000003,9.651056733600898,0.6300000000000003,9.559989814109583,0.6300000000000003,9.488398141959012,0.6300000000000003,9.430727193935319,0.6300000000000003,9.343635794276363,0.6300000000000003,9.281041125660792,0.6300000000000003,9.233914984744079,0.6300000000000003,9.197179227433708,0.6300000000000003,9.167758633476568,0.6300000000000003,9.143681513062313,0.6300000000000003,9.123625216190245
0.6400000000000003,9.940036815078537,0.6400000000000003,9.828620338689397,0.6400000000000003,9.627557542460011,0.6400000000000003,9.475333305123469,0.6400000000000003,9.361639479047918,0.6400000000000003,9.274669698013279,0.6400000000000003,9.206291096372473,0.6400000000000003,9.151201946829572,0.6400000000000003,9.067996264058715,0.6400000000000003,9.008183126048451,0.6400000000000003,8.963144263205386,0.6400000000000003,8.92803123747839,0.6400000000000003,8.899907410909066,0.6400000000000003,8.876889636041897,0.6400000000000003,8.85771447162417
0.6500000000000004,9.638847282319093,0.6500000000000004,9.531849474038507,0.6500000000000004,9.339308435500477,0.6500000000000004,9.193675046251402,0.6500000000000004,9.084918560672849,0.6500000000000004,9.001722442376423,0.6500000000000004,8.936305848696167,0.6500000000000004,8.883598714769292,0.6500000000000004,8.803981802933398,0.6500000000000004,8.746740701052314,0.6500000000000004,8.703633756161503,0.6500000000000004,8.670023848192754,0.6500000000000004,8.643101977705088,0.6500000000000004,8.621066630198372,0.6500000000000004,8.602709000560688
0.6600000000000004,9.350932764233301,0.6600000000000004,9.248030611166913,0.6600000000000004,9.063382291041322,0.6600000000000004,8.923856549360584,0.6600000000000004,8.819680343419622,0.6600000000000004,8.739988929442923,0.6600000000000004,8.677326094002142,0.6600000000000004,8.626835540493373,0.6600000000000004,8.550561906854883,0.6600000000000004,8.495719894489449,0.6600000000000004,8.454416722326892,0.6600000000000004,8.422211326427462,0.6600000000000004,8.39641328201834,0.6600000000000004,8.375296993354009,0.6600000000000004,8.357704513724338
0.6700000000000004,9.074965637479664,0.6700000000000004,8.975896570958673,0.6700000000000004,8.798622219537233,0.6700000000000004,8.664805205148106,0.6700000000000004,8.564915003524341,0.6700000000000004,8.488506947308688,0.6700000000000004,8.428426643086109,0.6700000000000004,8.380016719634853,0.6700000000000004,8.306884698296763,0.6700000000000004,8.254299722133716,0.6700000000000004,8.214695058465448,0.6700000000000004,8.183813161273392,0.6700000000000004,8.159074738972373,0.6700000000000004,8.138825424556885,0.6700000000000004,8.121955029392078
0.6800000000000004,8.809830137409692,0.6800000000000004,8.714387695125739,0.6800000000000004,8.544067237044882,0.6800000000000004,8.41563335379201,0.6800000000000004,8.319788598458723,0.6800000000000004,8.246482834102721,0.6800000000000004,8.188844904416596,0.6800000000000004,8.142404254759738,0.6800000000000004,8.072248499652726,0.6800000000000004,8.021803942212621,0.6800000000000004,7.983811275107638,0.6800000000000004,7.954186231555422,0.6800000000000004,7.930454570818617,0.6800000000000004,7.911029317627206,0.6800000000000004,7.894845502709164
0.6900000000000004,8.554600384023288,0.6900000000000004,8.462627431514477,0.6900000000000004,8.298925485006617,0.6900000000000004,8.175610783890452,0.6900000000000004,8.083615481347232,0.6900000000000004,8.013264051799172,0.6900000000000004,7.957953705222401,0.6900000000000004,7.913390947075043,0.6900000000000004,7.846075443769761,0.6900000000000004,7.79767511324166,0.6900000000000004,7.761222928343398,0.6900000000000004,7.732799549586606,0.6900000000000004,7.71003081262037,0.6900000000000004,7.691393988758156,0.6900000000000004,7.675867243096646
0.7000000000000004,8.308515695452808,0.7000000000000004,8.219896460933034,0.7000000000000004,8.062547662963063,0.7000000000000004,7.944138399067945,0.7000000000000004,7.855832459297194,0.7000000000000004,7.788313873744825,0.7000000000000004,7.735236476481938,0.7000000000000004,7.692476028801216,0.7000000000000004,7.627887852076981,0.7000000000000004,7.581451554204547,0.7000000000000004,7.546480040518147,0.7000000000000004,7.519212052772809,0.7000000000000004,7.497369407784969,0.7000000000000004,7.479491024983083,0.7000000000000004,7.464596476112292
0.7100000000000004,8.07095544974446,0.7100000000000004,7.985607279306014,0.7100000000000004,7.83440205735778,0.7100000000000004,7.720724089131257,0.7100000000000004,7.635975501152512,0.7100000000000004,7.571188829766722,0.7100000000000004,7.520265327897538,0.7100000000000004,7.479243773355846,0.7100000000000004,7.417287693162654,0.7100000000000004,7.372747437979,0.7100000000000004,7.339205683049657,0.7100000000000004,7.313053573683889,0.7100000000000004,7.292105491415944,0.7100000000000004,7.274959825726433,0.7100000000000004,7.260676101186283
0.7200000000000004,7.841415012579897,0.7200000000000004,7.759280464047985,0.7200000000000004,7.614051976098428,0.7200000000000004,7.504961353254863,0.7200000000000004,7.423659371762127,0.7200000000000004,7.36151916933269,0.7200000000000004,7.312682189727325,0.7200000000000004,7.273345197942044,0.7200000000000004,7.213939150721711,0.7200000000000004,7.171235991430606,0.7200000000000004,7.13907965626666,0.7200000000000004,7.114008895361099,0.7200000000000004,7.093927746899807,0.7200000000000004,7.077492206141653,0.7200000000000004,7.063800500528432
0.7300000000000004,7.619483670839059,0.7300000000000004,7.54052333488758,0.7300000000000004,7.401135980913862,0.7300000000000004,7.296510876463484,0.7300000000000004,7.218560273698921,0.7300000000000004,7.158992343258638,0.7300000000000004,7.112182965425982,0.7300000000000004,7.074482761073443,0.7300000000000004,7.017554147587011,0.7300000000000004,6.976635613586434,0.7300000000000004,6.945825053657166,0.7300000000000004,6.921804661994678,0.7300000000000004,6.902565592948419,0.7300000000000004,6.886819809473952,0.7300000000000004,6.873703138525548
0.7400000000000004,7.404825079577368,0.7400000000000004,7.329011341389672,0.7400000000000004,7.195351017850103,0.7400000000000004,7.095085027012834,0.7400000000000004,7.020401383262652,0.7400000000000004,6.963339338423322,0.7400000000000004,6.918504493714057,0.7400000000000004,6.88239782803108,0.7400000000000004,6.827880565369127,0.7400000000000004,6.788698631049878,0.7400000000000004,6.759197416291236,0.7400000000000004,6.736198841400867,0.7400000000000004,6.717778890725972,0.7400000000000004,6.702704012947014,0.7400000000000004,6.690146632144319
0.7500000000000004,7.197160418950321,0.7500000000000004,7.124472245360908,0.7500000000000004,6.996438352709136,0.7500000000000004,6.9004350942195,0.7500000000000004,6.828941049790846,0.7500000000000004,6.774323603221906,0.7500000000000004,6.73141403731429,0.7500000000000004,6.69686060744989,0.7500000000000004,6.644692845620001,0.7500000000000004,6.607202366888899,0.7500000000000004,6.578976147780869,0.7500000000000004,6.556972405888846,0.7500000000000004,6.539349835117219,0.7500000000000004,6.524927989468511,0.7500000000000004,6.512914953376603
0.7600000000000005,6.996254243812568,0.7600000000000005,6.926672991328,0.7600000000000005,6.804172098813396,0.7600000000000005,6.71234100137414,0.7600000000000005,6.643963364768867,0.7600000000000005,6.591732254273161,0.7600000000000005,6.55070097936524,0.7600000000000005,6.517662234202345,0.7600000000000005,6.467784641709352,0.7600000000000005,6.431942189850632,0.7600000000000005,6.404957855872957,0.7600000000000005,6.383922897586245,0.7600000000000005,6.367076696522565,0.7600000000000005,6.353290592014321,0.7600000000000005,6.341807431124511
0.7700000000000005,6.801902870322939,0.7700000000000005,6.735409050750162,0.7700000000000005,6.618350059307614,0.7700000000000005,6.530603188513577,0.7700000000000005,6.46527078335479,0.7700000000000005,6.415369241743449,0.7700000000000005,6.376170402934363,0.7700000000000005,6.344608673719265,0.7700000000000005,6.296963198110646,0.7700000000000005,6.262726223061642,0.7700000000000005,6.23695130236567,0.7700000000000005,6.216859562261856,0.7700000000000005,6.200769099322547,0.7700000000000005,6.187601748696457,0.7700000000000005,6.176634242173699
0.7800000000000005,6.613925062177965,0.7800000000000005,6.550495967635759,0.7800000000000005,6.438786579405413,0.7800000000000005,6.355036350906587,0.7800000000000005,6.292678482969199,0.7800000000000005,6.245050159836905,0.7800000000000005,6.207638243176779,0.7800000000000005,6.177516140573533,0.7800000000000005,6.132045156183059,0.7800000000000005,6.099371416674309,0.7800000000000005,6.074773670284272,0.7800000000000005,6.055599764303498,0.7800000000000005,6.040244552787211,0.7800000000000005,6.027679086926724,0.7800000000000005,6.017213111920178
0.7900000000000005,6.432154738655063,0.7900000000000005,6.37176281036781,0.7900000000000005,6.265307103216677,0.7900000000000005,6.18546473039949,0.7900000000000005,6.126010161978473,0.7900000000000005,6.080598411851653,0.7900000000000005,6.044927727518725,0.7900000000000005,6.016207752066724,0.7900000000000005,5.972853516096281,0.7900000000000005,5.941700721025216,0.7900000000000005,5.918247890338881,0.7900000000000005,5.899966429258148,0.7900000000000005,5.885325984423666,0.7900000000000005,5.8733455396492,0.7900000000000005,5.863366980332846
0.8000000000000005,6.256435415149799,0.8000000000000005,6.199047235558813,0.8000000000000005,6.097744145706789,0.8000000000000005,6.021718680306742,0.8000000000000005,5.965095009256165,0.8000000000000005,5.921842469456478,0.8000000000000005,5.887866851066761,0.8000000000000005,5.860511170412185,0.8000000000000005,5.819215518578566,0.8000000000000005,5.789541131504161,0.8000000000000005,5.767200803639949,0.8000000000000005,5.749786295470572,0.8000000000000005,5.735840060980322,0.8000000000000005,5.724427721891262,0.8000000000000005,5.714922423937995
0.8100000000000005,6.08661609475293,0.8100000000000005,6.032191886085026,0.8100000000000005,5.935934416093703,0.8100000000000005,5.863632254620295,0.8100000000000005,5.809765607629669,0.8100000000000005,5.768613999166289,0.8100000000000005,5.736286668348813,0.8100000000000005,5.710257021308434,0.8100000000000005,5.670961244563371,0.8100000000000005,5.642722410685979,0.8100000000000005,5.621461971882253,0.8100000000000005,5.604888790449791,0.8100000000000005,5.591616116277671,0.8100000000000005,5.580754899697783,0.8100000000000005,5.571708658299211
0.8200000000000005,5.922548349422913,0.8200000000000005,5.871041870789333,0.8200000000000005,5.779716859570818,0.8200000000000005,5.711041604884542,0.8200000000000005,5.659856567486616,0.8200000000000005,5.620746662419185,0.8200000000000005,5.590020215836698,0.8200000000000005,5.565277909865792,0.8200000000000005,5.52792276353356,0.8200000000000005,5.501076325568069,0.8200000000000005,5.480862978111934,0.8200000000000005,5.465105379164513,0.8200000000000005,5.452485536320819,0.8200000000000005,5.442158404555391,0.8200000000000005,5.43355697629829
0.8300000000000005,5.764084356021898,0.8300000000000005,5.715443103050572,0.8300000000000005,5.628931416375273,0.8300000000000005,5.563784000573412,0.8300000000000005,5.515203719026832,0.8300000000000005,5.478075427399714,0.8300000000000005,5.448901910948277,0.8300000000000005,5.42540788562024,0.8300000000000005,5.389933691306434,0.8300000000000005,5.364436267031493,0.8300000000000005,5.345237089931201,0.8300000000000005,5.330269259771988,0.8300000000000005,5.318281480093558,0.8300000000000005,5.30847137405458,0.8300000000000005,5.300300504907582
0.8400000000000005,5.611075682248653,0.8400000000000005,5.565241306460624,0.8400000000000005,5.483418328519628,0.8400000000000005,5.421697319413914,0.8400000000000005,5.375643721385096,0.8400000000000005,5.340436259673575,0.8400000000000005,5.312767301415363,0.8400000000000005,5.29048223592588,0.8400000000000005,5.256829044543053,0.8400000000000005,5.232637144414766,0.8400000000000005,5.214419182166797,0.8400000000000005,5.200215306979376,0.8400000000000005,5.188838838740486,0.8400000000000005,5.179528723527083,0.8400000000000005,5.171774186866486
0.8500000000000005,5.463372647533975,0.8500000000000005,5.420281525998513,0.8500000000000005,5.343017853673277,0.8500000000000005,5.28461988193546,0.8500000000000005,5.241013973480227,0.8500000000000005,5.207666084310935,0.8500000000000005,5.181453063677383,0.8500000000000005,5.160337511092642,0.8500000000000005,5.128445302253581,0.8500000000000005,5.105515470278957,0.8500000000000005,5.08824583761145,0.8500000000000005,5.074780184345601,0.8500000000000005,5.063994356571905,0.8500000000000005,5.055167273809543,0.8500000000000005,5.047814913827095
0.8600000000000005,5.320824112678741,0.8600000000000005,5.280408011142775,0.8600000000000005,5.207570271908275,0.8600000000000005,5.152390529087622,0.8600000000000005,5.111152734657912,0.8600000000000005,5.079602934316769,0.8600000000000005,5.054797170239571,0.8600000000000005,5.034811705210989,0.8600000000000005,5.004620604078561,0.8600000000000005,4.982909569183189,0.8600000000000005,4.966555562610014,0.8600000000000005,4.953802564543813,0.8600000000000005,4.943586854678589,0.8600000000000005,4.9352259773447,0.8600000000000005,4.928261754351363
0.8700000000000006,5.183277578333848,0.8700000000000006,5.145464362557938,0.8700000000000006,5.076916093996656,0.8700000000000006,5.024848862951351,0.8700000000000006,4.985899383010879,0.8700000000000006,4.956086218945916,0.8700000000000006,4.932639163863548,0.8700000000000006,4.9137445338693,0.8700000000000006,4.88519503139214,0.8700000000000006,4.864659859845903,0.8700000000000006,4.849189069290362,0.8700000000000006,4.837123411225909,0.8700000000000006,4.827457512242136,0.8700000000000006,4.819546198867696,0.8700000000000006,4.812956233960635
0.8800000000000006,5.050579495830515,0.8800000000000006,5.015293856037429,0.8800000000000006,4.950896399621774,0.8800000000000006,4.901835588478957,0.8800000000000006,4.865094755864229,0.8800000000000006,4.836957061100974,0.8800000000000006,4.814820491315619,0.8800000000000006,4.796977764220903,0.8800000000000006,4.770010930624475,0.8800000000000006,4.750609172786341,0.8800000000000006,4.735989588490476,0.8800000000000006,4.724586288022323,0.8800000000000006,4.715450172233282,0.8800000000000006,4.707972018299944,0.8800000000000006,4.701742635623373
0.8900000000000006,4.922575714177323,0.8900000000000006,4.88973987625225,0.8900000000000006,4.829353250403391,0.8900000000000006,4.783192909075951,0.8900000000000006,4.74858153059894,0.8900000000000006,4.722058665809366,0.8900000000000006,4.701184861516986,0.8900000000000006,4.684355564439558,0.8900000000000006,4.658913248994973,0.8900000000000006,4.640603075784967,0.8900000000000006,4.626803187272404,0.8900000000000006,4.616037669740042,0.8900000000000006,4.607411647476173,0.8900000000000006,4.600350532562704,0.8900000000000006,4.59446829799358
0.9000000000000006,4.799112004294181,0.9000000000000006,4.768646408694234,0.9000000000000006,4.712130136294471,0.9000000000000006,4.668764941000057,0.9000000000000006,4.63620461509086,0.9000000000000006,4.611236692104563,0.9000000000000006,4.591578602677592,0.9000000000000006,4.57572484887914,0.9000000000000006,4.551749861448873,0.9000000000000006,4.534490187634486,0.9000000000000006,4.521479072704387,0.9000000000000006,4.511327238350892,0.9000000000000006,4.503192010380889,0.9000000000000006,4.496532140180055,0.9000000000000006,4.490983895733638
0.9100000000000006,4.68003461593943,0.9100000000000006,4.651858551269427,0.9100000000000006,4.599072425011628,0.9100000000000006,4.558398121340713,0.9100000000000006,4.527811525917547,0.9100000000000006,4.504339608846736,0.9100000000000006,4.485851000705584,0.9100000000000006,4.470935602571099,0.9100000000000006,4.448371874340988,0.9100000000000006,4.432122467012936,0.9100000000000006,4.419869869666999,0.9100000000000006,4.410308152220406,0.9100000000000006,4.402644855333332,0.9100000000000006,4.396370798091368,0.9100000000000006,4.391143691693169
0.9200000000000006,4.565190834576577,0.9200000000000006,4.539223017601961,0.9200000000000006,4.490027793044178,0.9200000000000006,4.45194159210152,0.9200000000000006,4.423252739469177,0.9200000000000006,4.401219021445815,0.9200000000000006,4.383854607192847,0.9200000000000006,4.369841174379134,0.9200000000000006,4.348633896626723,0.9200000000000006,4.333355468205996,0.9200000000000006,4.321831865101236,0.9200000000000006,4.312837281511793,0.9200000000000006,4.30562752707804,0.9200000000000006,4.29972424432797,0.9200000000000006,4.294805754859189
0.9300000000000006,4.454429514931638,0.9300000000000006,4.430588612575762,0.9300000000000006,4.384846623784323,0.9300000000000006,4.349247548957472,0.9300000000000006,4.322382006509013,0.9300000000000006,4.301729961398816,0.9300000000000006,4.285445509883962,0.9300000000000006,4.272298532471535,0.9300000000000006,4.252394273281482,0.9300000000000006,4.238048559105586,0.9300000000000006,4.227225214627952,0.9300000000000006,4.218775406069279,0.9300000000000006,4.212001311687811,0.9300000000000006,4.206454183378134,0.9300000000000006,4.201832141087709
0.9400000000000006,4.347601575526706,0.9400000000000006,4.325806667291225,0.9400000000000006,4.283382363737934,0.9400000000000006,4.250171547897938,0.9400000000000006,4.225056624841732,0.9400000000000006,4.205731134293885,0.9400000000000006,4.190483561999455,0.9400000000000006,4.1781684790232,0.9400000000000006,4.159515278615404,0.9400000000000006,4.146065099651507,0.9400000000000006,4.135914110058232,0.9400000000000006,4.127987374561974,0.9400000000000006,4.121631589102454,0.9400000000000006,4.116426433381633,0.9400000000000006,4.11208903588814
0.9500000000000006,4.244560444344813,0.9500000000000006,4.224731425744904,0.9500000000000006,4.185491831894073,0.9500000000000006,4.154572766451206,0.9500000000000006,4.131137667812321,0.9500000000000006,4.113085124700894,0.9500000000000006,4.098832569332398,0.9500000000000006,4.087315823438289,0.9500000000000006,4.069863269289247,0.9500000000000006,4.057272580857918,0.9500000000000006,4.047766908172251,0.9500000000000006,4.040342225439352,0.9500000000000006,4.034387947920092,0.9500000000000006,4.029511035942324,0.9500000000000006,4.0254468601324
0.9600000000000006,4.145162450267623,0.9600000000000006,4.127220379420691,0.9600000000000006,4.091035480393298,0.9600000000000006,4.062314218745561,0.9600000000000006,4.040490168583903,0.9600000000000006,4.023658558360097,0.9600000000000006,4.010360435855792,0.9600000000000006,3.999609515072347,0.9600000000000006,3.983308798338908,0.9600000000000006,3.971542725943303,0.9600000000000006,3.962656222430656,0.9600000000000006,3.955713271468087,0.9600000000000006,3.950144264291398,0.9600000000000006,3.94558233047113,0.9600000000000006,3.941780340651716
0.9700000000000006,4.049267158282449,0.9700000000000006,4.033134548847889,0.9700000000000006,3.999877606852332,0.9700000000000006,3.973262925483766,0.9700000000000006,3.952983261706409,0.9700000000000006,3.937322223463231,0.9700000000000006,3.924939269831462,0.9700000000000006,3.914922737584765,0.9700000000000006,3.89972669252519,0.9700000000000006,3.888751555995899,0.9700000000000006,3.880458980127663,0.9700000000000006,3.873978150414281,0.9700000000000006,3.868778747520844,0.9700000000000006,3.864518995694627,0.9700000000000006,3.860968548379934
0.9800000000000006,3.956737648895554,0.9800000000000006,3.942338713237878,0.9800000000000006,3.911886520253297,0.9800000000000006,3.887290041154971,0.9800000000000006,3.868490284537285,0.9800000000000006,3.853951153734572,0.9800000000000006,3.842445453221861,0.9800000000000006,3.833132967788691,0.9800000000000006,3.818996095956121,0.9800000000000006,3.808779423166437,0.9800000000000006,3.801056448004798,0.9800000000000006,3.795018844907067,0.9800000000000006,3.79017395542218,0.9800000000000006,3.786204061384241,0.9800000000000006,3.782894907104321
0.9900000000000007,3.867440743905596,0.9900000000000007,3.854701590729252,0.9900000000000007,3.826934663337052,0.9900000000000007,3.804270941609642,0.9900000000000007,3.786888841729771,0.9900000000000007,3.773424676572247,0.9900000000000007,3.762759677688102,0.9900000000000007,3.754122002290805,0.9900000000000007,3.741000483276734,0.9900000000000007,3.73151101467626,0.9900000000000007,3.724334229603645,0.9900000000000007,3.718721674751728,0.9900000000000007,3.71421678268716,0.9900000000000007,3.710524893555866,0.9900000000000007,3.7074471760652
1.000000000000001,3.78124718183907,1.000000000000001,3.770095972693567,1.000000000000001,3.744898695072869,1.000000000000001,3.724085275588058,1.000000000000001,3.708060836362161,1.000000000000001,3.69562642979453,1.000000000000001,3.685766950687519,1.000000000000001,3.677775955405635,1.000000000000001,3.665627645858611,1.000000000000001,3.656835331030448,1.000000000000001,3.650182237712148,1.000000000000001,3.644977265018515,1.000000000000001,3.640798425569137,1.000000000000001,3.637373156421702,1.000000000000001,3.634517409669142
1.010000000000001,3.698031747059827,1.010000000000001,3.688398816097272,1.010000000000001,3.665659537111744,1.010000000000001,3.646616984006675,1.010000000000001,3.631892471419361,1.010000000000001,3.620444350623373,1.010000000000001,3.611356575236843,1.010000000000001,3.60398523185299,1.010000000000001,3.592769654408676,1.010000000000001,3.584645641788529,1.010000000000001,3.57849464520544,1.010000000000001,3.573680493166704,1.010000000000001,3.56981432610812,1.010000000000001,3.566644754293132,1.010000000000001,3.564001897491191
1.020000000000001,3.617673356944821,1.020000000000001,3.609491298176229,1.020000000000001,3.589102388242843,1.020000000000001,3.571754290837183,1.020000000000001,3.558274225317946,1.020000000000001,3.547770640483554,1.020000000000001,3.539422106828471,1.020000000000001,3.532644477653236,1.020000000000001,3.522322801298849,1.020000000000001,3.514839422112204,1.020000000000001,3.509169817438987,1.020000000000001,3.504730418313169,1.020000000000001,3.501164098967413,1.020000000000001,3.49823975647244,1.020000000000001,3.49580108757742
1.030000000000001,3.540055111652124,1.030000000000001,3.533258837731354,1.030000000000001,3.515116710827833,1.030000000000001,3.499389669314856,1.030000000000001,3.48710080503642,1.030000000000001,3.477501709045527,1.030000000000001,3.469861290823867,1.030000000000001,3.463652512459778,1.030000000000001,3.454187525730567,1.030000000000001,3.447318273114665,1.030000000000001,3.442110229150149,1.030000000000001,3.438030195549359,1.030000000000001,3.434751443743813,1.030000000000001,3.432062307961928,1.030000000000001,3.429819495847664
1.040000000000001,3.465064310964018,1.040000000000001,3.459591087258864,1.040000000000001,3.443596193032267,1.040000000000001,3.429419787026998,1.040000000000001,3.418271080208394,1.040000000000001,3.409538100726406,1.040000000000001,3.402575983426907,1.040000000000001,3.39691224634381,1.040000000000001,3.388268324617006,1.040000000000001,3.381987828800673,1.040000000000001,3.377222368589322,1.040000000000001,3.373486977974171,1.040000000000001,3.370484045376438,1.040000000000001,3.368020528579945,1.040000000000001,3.365965604159527
1.050000000000001,3.392592442521815,1.050000000000001,3.388381899932264,1.050000000000001,3.374438690445743,1.050000000000001,3.361745433190152,1.050000000000001,3.351688001289035,1.050000000000001,3.343784406611478,1.050000000000001,3.337472059087326,1.050000000000001,3.332330583791985,1.050000000000001,3.324473651812313,1.050000000000001,3.318757652134542,1.050000000000001,3.31441663134834,1.050000000000001,3.311011808857663,1.050000000000001,3.308273465027239,1.050000000000001,3.306026402823803,1.050000000000001,3.304151749345335
1.060000000000001,3.3225351455198,1.060000000000001,3.319529275191503,1.060000000000001,3.307546150410331,1.060000000000001,3.296271431151619,1.060000000000001,3.287258504631256,1.060000000000001,3.280149164488578,1.060000000000001,3.274459306915367,1.060000000000001,3.269818317411116,1.060000000000001,3.262715808054156,1.060000000000001,3.257541122512719,1.060000000000001,3.253607206097135,1.060000000000001,3.250519506096078,1.060000000000001,3.248035023553545,1.060000000000001,3.245995662566694,1.060000000000001,3.244294005282396
1.070000000000001,3.254792153626631,1.070000000000001,3.252935286395055,1.070000000000001,3.242824522082232,1.070000000000001,3.232906538862491,1.070000000000001,3.224893407027994,1.070000000000001,3.218544749411127,1.070000000000001,3.213451318417915,1.070000000000001,3.20929001356734,1.070000000000001,3.202910823724924,1.070000000000001,3.198255316661538,1.070000000000001,3.194711954187094,1.070000000000001,3.191928540868677,1.070000000000001,3.18968767944542,1.070000000000001,3.187847664431475,1.070000000000001,3.186312059814032
1.080000000000001,3.189267220576913,1.080000000000001,3.188505993673009,1.080000000000001,3.180183654949843,1.080000000000001,3.171563339780416,1.080000000000001,3.164507291996523,1.080000000000001,3.15888725693472,1.080000000000001,3.154365368601022,1.080000000000001,3.150663891926619,1.080000000000001,3.144978336285148,1.080000000000001,3.14082088473489,1.080000000000001,3.137652284837588,1.080000000000001,3.135160912168579,1.080000000000001,3.133153902865194,1.080000000000001,3.131505263449779,1.080000000000001,3.130129088106886
1.090000000000001,3.125868031539758,1.090000000000001,3.126151344798301,1.090000000000001,3.119537188232652,1.090000000000001,3.112158126378412,1.090000000000001,3.106018389811767,1.090000000000001,3.101096380911201,1.090000000000001,3.097122292230925,1.090000000000001,3.093861700616619,1.090000000000001,3.088841463994072,1.090000000000001,3.085161923154101,1.090000000000001,3.082353027394795,1.090000000000001,3.080142018656346,1.090000000000001,3.078359547205693,1.090000000000001,3.076894684397809,1.090000000000001,3.075671623814139
1.100000000000001,3.064506103040054,1.100000000000001,3.065785066579458,1.100000000000001,3.060802433299145,1.100000000000001,3.054610778167752,1.100000000000001,3.049348453040284,1.100000000000001,3.04509528748002,1.100000000000001,3.041646356808061,1.100000000000001,3.038808588499017,1.100000000000001,3.034426677310834,1.100000000000001,3.031205845517207,1.100000000000001,3.02874230194201,1.100000000000001,3.026800529078222,1.100000000000001,3.025233719380286,1.100000000000001,3.023945391997913,1.100000000000001,3.022869429214782
1.110000000000001,3.005096673887736,1.110000000000001,3.007324548978747,1.110000000000001,3.003900250970971,1.110000000000001,2.998844635892033,1.110000000000001,2.994422629089879,1.110000000000001,2.9908104866689,1.110000000000001,2.987865133590158,1.110000000000001,2.985432975828095,1.110000000000001,2.981663669165623,1.110000000000001,2.978883252707574,1.110000000000001,2.976751389347388,1.110000000000001,2.975068252302257,1.110000000000001,2.973708649871688,1.110000000000001,2.972589960992261,1.110000000000001,2.97165536531777
1.120000000000001,2.947558589268552,1.120000000000001,2.950690723878096,1.120000000000001,2.9487549253298,1.120000000000001,2.944786373318056,1.120000000000001,2.941169331071303,1.120000000000001,2.938171702808852,1.120000000000001,2.935709367799553,1.120000000000001,2.933666424377741,1.120000000000001,2.930485225105198,1.120000000000001,2.928127803152761,1.120000000000001,2.92631460166137,1.120000000000001,2.924880007854586,1.120000000000001,2.923719563398739,1.120000000000001,2.922763946928972,1.120000000000001,2.921965262756066
1.130000000000001,2.891814179868553,1.130000000000001,2.895807940156322,1.130000000000001,2.895294035413163,1.130000000000001,2.892365867838095,1.130000000000001,2.889520108071574,1.130000000000001,2.887111744779575,1.130000000000001,2.885112848969717,1.130000000000001,2.883443507943544,1.130000000000001,2.880827094150364,1.130000000000001,2.878876084023648,1.130000000000001,2.877369153619067,1.130000000000001,2.876173497685187,1.130000000000001,2.875204550909666,1.130000000000001,2.874405758352457,1.130000000000001,2.873737794148743
1.140000000000001,2.837789137647129,1.140000000000001,2.84260383650333,1.140000000000001,2.843448325976557,1.140000000000001,2.841516070907521,1.140000000000001,2.839409515759242,1.140000000000001,2.837566376932824,1.140000000000001,2.83601228222307,1.140000000000001,2.834701683969763,1.140000000000001,2.832627861053816,1.140000000000001,2.831067484020114,1.140000000000001,2.829855035863421,1.140000000000001,2.828889179755316,1.140000000000001,2.828104443475977,1.140000000000001,2.827456530957801,1.140000000000001,2.826914348478803
1.150000000000001,2.785412389638764,1.150000000000001,2.79100921318289,1.150000000000001,2.793151578311773,1.150000000000001,2.792172879170937,1.150000000000001,2.790774988083686,1.150000000000001,2.789474191390028,1.150000000000001,2.788347161127865,1.150000000000001,2.787381166911388,1.150000000000001,2.785828820514153,1.150000000000001,2.784644068262199,1.150000000000001,2.783714890380999,1.150000000000001,2.782970143918461,1.150000000000001,2.782362688542768,1.150000000000001,2.781860004151726,1.150000000000001,2.781438907918883
1.160000000000001,2.734615970953445,1.160000000000001,2.740957903763265,1.160000000000001,2.744340481943816,1.160000000000001,2.744275006978338,1.160000000000001,2.743556710688625,1.160000000000001,2.742776482276915,1.160000000000001,2.742059642654291,1.160000000000001,2.741424803817978,1.160000000000001,2.740373853785352,1.160000000000001,2.739550455693113,1.160000000000001,2.73889388853329,1.160000000000001,2.738361990459579,1.160000000000001,2.737925228886191,1.160000000000001,2.737562400360029,1.160000000000001,2.737257927435374
1.170000000000001,2.68533489795731,1.170000000000001,2.692386647664053,1.170000000000001,2.696954507880385,1.170000000000001,2.69776386085848,1.170000000000001,2.697697496535881,1.170000000000001,2.697417122340463,1.170000000000001,2.697094424636721,1.170000000000001,2.696777952517536,1.170000000000001,2.69620930801776,1.170000000000001,2.695733699301879,1.170000000000001,2.695339611970512,1.170000000000001,2.695012711564007,1.170000000000001,2.694740384537378,1.170000000000001,2.694512307330703,1.170000000000001,2.694320217412317
1.180000000000001,2.637507042448763,1.180000000000001,2.645234964216266,1.180000000000001,2.650935783957819,1.180000000000001,2.652583416399183,1.180000000000001,2.653142664126007,1.180000000000001,2.653342442290083,1.180000000000001,2.653398626051253,1.180000000000001,2.65338836268343,1.180000000000001,2.653283878577095,1.180000000000001,2.653143169386948,1.180000000000001,2.653001936631243,1.180000000000001,2.652872575905847,1.180000000000001,2.652758737851836,1.180000000000001,2.652660563603495,1.180000000000001,2.652576829458679
1.190000000000001,2.591073007498187,1.190000000000001,2.59944502880043,1.190000000000001,2.606228972712957,1.190000000000001,2.608680097881362,1.190000000000001,2.609839918607427,1.190000000000001,2.610501113115204,1.190000000000001,2.610921670331354,1.190000000000001,2.61120605998512,1.190000000000001,2.611548494509747,1.190000000000001,2.611730440006987,1.190000000000001,2.611832919958282,1.190000000000001,2.611894016474177,1.190000000000001,2.611933021833507,1.190000000000001,2.611960147247433,1.190000000000001,2.61198094549463
1.200000000000001,2.545976005491765,1.200000000000001,2.554961551511736,1.200000000000001,2.562781152111412,1.200000000000001,2.566002660924402,1.200000000000001,2.567739235982913,1.200000000000001,2.568844031553711,1.200000000000001,2.569615171870183,1.200000000000001,2.570183233451075,1.200000000000001,2.570956207254463,1.200000000000001,2.571449178699987,1.200000000000001,2.571786691397954,1.200000000000001,2.572031521693906,1.200000000000001,2.572218011762147,1.200000000000001,2.572366067908649,1.200000000000001,2.572487770153777
1.210000000000001,2.502161738807897,1.210000000000001,2.511731658700993,1.210000000000001,2.520541699376968,1.210000000000001,2.524502078323702,1.210000000000001,2.526792750551211,1.210000000000001,2.52832420881824,1.210000000000001,2.529432825793884,1.210000000000001,2.530274126110899,1.210000000000001,2.53146208264215,1.210000000000001,2.532255039495098,1.210000000000001,2.532819346195008,1.210000000000001,2.533241529844325,1.210000000000001,2.533570420119913,1.210000000000001,2.533835262158638,1.210000000000001,2.534054426486865
1.220000000000001,2.459578283458875,1.220000000000001,2.469704777654083,1.220000000000001,2.47946217809359,1.220000000000001,2.484131429195144,1.220000000000001,2.48695464566056,1.220000000000001,2.488896662629876,1.220000000000001,2.490330301035157,1.220000000000001,2.491434928930012,1.220000000000001,2.493023096174932,1.220000000000001,2.494105559193219,1.220000000000001,2.49488884244834,1.220000000000001,2.495482326732242,1.220000000000001,2.495948794767775,1.220000000000001,2.496326492088627,1.220000000000001,2.496639854908591
1.230000000000001,2.418175975947929,1.230000000000001,2.428832524598942,1.230000000000001,2.439496228688728,1.230000000000001,2.444845791485331,1.230000000000001,2.448181047798865,1.230000000000001,2.450518312559641,1.230000000000001,2.452265136689073,1.230000000000001,2.4536236780051,1.230000000000001,2.455598031532209,1.230000000000001,2.456960056850461,1.230000000000001,2.457954901351719,1.230000000000001,2.458713946536721,1.230000000000001,2.459313420283083,1.230000000000001,2.459800247056685,1.230000000000001,2.460204715290366
1.240000000000001,2.377907303521588,1.240000000000001,2.389068596166915,1.240000000000001,2.400599462354231,1.240000000000001,2.406602137859287,1.240000000000001,2.410429924001739,1.240000000000001,2.413147878636957,1.240000000000001,2.415196641593885,1.240000000000001,2.416800154949835,1.240000000000001,2.419147382214851,1.240000000000001,2.420779536363003,1.240000000000001,2.421978910509131,1.240000000000001,2.422898075708149,1.240000000000001,2.423626222335726,1.240000000000001,2.424218648461061,1.240000000000001,2.424711292069397
1.250000000000001,2.338726797938634,1.250000000000001,2.350368664382918,1.250000000000001,2.362729358417436,1.250000000000001,2.369359234938211,1.250000000000001,2.373660982523262,1.250000000000001,2.376745783149531,1.250000000000001,2.379085797045866,1.250000000000001,2.380925790368324,1.250000000000001,2.38363325620765,1.250000000000001,2.385526592021689,1.250000000000001,2.386923830184544,1.250000000000001,2.387997959775198,1.250000000000001,2.388850674951678,1.250000000000001,2.389545357384637,1.250000000000001,2.390123402215512
1.260000000000001,2.300590932827576,1.260000000000001,2.312690275216315,1.260000000000001,2.325845165139086,1.260000000000001,2.333077545828097,1.260000000000001,2.337835576684884,1.260000000000001,2.341274055531487,1.260000000000001,2.343895162530543,1.260000000000001,2.345963570287057,1.260000000000001,2.349019283514476,1.260000000000001,2.351165316879511,1.260000000000001,2.352754102321198,1.260000000000001,2.353978312888708,1.260000000000001,2.354951710488186,1.260000000000001,2.355745484930892,1.260000000000001,2.356406305873426
1.270000000000001,2.263458024664792,1.270000000000001,2.275992750689579,1.270000000000001,2.289907803886948,1.270000000000001,2.297719135855262,1.270000000000001,2.302916611794748,1.270000000000001,2.306696240213966,1.270000000000001,2.30958878433092,1.270000000000001,2.311877945395251,1.270000000000001,2.315270526399764,1.270000000000001,2.317661213754749,1.270000000000001,2.319435562145098,1.270000000000001,2.320805229911038,1.270000000000001,2.321895632124482,1.270000000000001,2.32278550505167,1.270000000000001,2.323526619477465
1.280000000000001,2.227288137373435,1.280000000000001,2.240237094514772,1.280000000000001,2.254879776612363,1.280000000000001,2.263247581406115,1.280000000000001,2.268868455012621,1.280000000000001,2.272977307296541,1.280000000000001,2.276132106857537,1.280000000000001,2.278634742927559,1.280000000000001,2.282353392154667,1.280000000000001,2.284981108676535,1.280000000000001,2.286935352151401,1.280000000000001,2.288446100843476,1.280000000000001,2.289650028655743,1.280000000000001,2.290633169650623,1.280000000000001,2.291452231119609
1.290000000000001,2.192042990518862,1.290000000000001,2.205385901208195,1.290000000000001,2.220725076542592,1.290000000000001,2.229627881756606,1.290000000000001,2.235656848024749,1.290000000000001,2.240083565887042,1.290000000000001,2.243491886534641,1.290000000000001,2.24620108101271,1.290000000000001,2.250235548194787,1.290000000000001,2.253093066568638,1.290000000000001,2.255221838260828,1.290000000000001,2.256869527372329,1.290000000000001,2.258183691365903,1.290000000000001,2.259257425733713,1.290000000000001,2.260152217939
1.300000000000001,2.157685871058507,1.300000000000001,2.17140326862023,1.300000000000001,2.187409101993533,1.300000000000001,2.196826373770832,1.300000000000001,2.20324882238791,1.300000000000001,2.207982579952708,1.300000000000001,2.211636108072158,1.300000000000001,2.214545285306722,1.300000000000001,2.218885839291581,1.300000000000001,2.22196630896102,1.300000000000001,2.224264527926671,1.300000000000001,2.226045241307253,1.300000000000001,2.227466532747279,1.300000000000001,2.228628334370505,1.300000000000001,2.22959676529266
1.310000000000001,2.124181548593168,1.310000000000001,2.138254713810603,1.310000000000001,2.154898573205894,1.310000000000001,2.164810649349027,1.310000000000001,2.171612617403742,1.310000000000001,2.176643086527796,1.310000000000001,2.180533902954972,1.310000000000001,2.183636807730923,1.310000000000001,2.188274206739641,1.310000000000001,2.191571133518525,1.310000000000001,2.194033989971902,1.310000000000001,2.195944024683496,1.310000000000001,2.197469506832654,1.310000000000001,2.198716991226688,1.310000000000001,2.199757087464201
1.320000000000001,2.091496194061533,1.320000000000001,2.105907092199207,1.320000000000001,2.123161452113388,1.320000000000001,2.133549475513349,1.320000000000001,2.140717600393566,1.320000000000001,2.146034916131709,1.320000000000001,2.150155469989975,1.320000000000001,2.15344614714335,1.320000000000001,2.158371609269804,1.320000000000001,2.161878835182516,1.320000000000001,2.164501775941051,1.320000000000001,2.166537631304549,1.320000000000001,2.168164530909318,1.320000000000001,2.169495448431912,1.320000000000001,2.170605349669597
1.330000000000001,2.059597301820926,1.330000000000001,2.07432851992857,1.330000000000001,2.092166864963834,1.330000000000001,2.103012717035501,1.330000000000001,2.110534189260826,1.330000000000001,2.116128915269508,1.330000000000001,2.120471997768844,1.330000000000001,2.123944771789406,1.330000000000001,2.129149945533951,1.330000000000001,2.132861628735714,1.330000000000001,2.13564034276557,1.330000000000001,2.137798709513862,1.330000000000001,2.13952440839614,1.330000000000001,2.14093663755751,1.330000000000001,2.142114591129376
1.340000000000001,2.028453615064345,1.340000000000001,2.043488299387279,1.340000000000001,2.061885027735229,1.340000000000001,2.073171261535171,1.340000000000001,2.081033777255465,1.340000000000001,2.086896870914124,1.340000000000001,2.091455588932001,1.340000000000001,2.095105043404724,1.340000000000001,2.100581978013087,1.340000000000001,2.104492572625523,1.340000000000001,2.107422976564175,1.340000000000001,2.109700726006826,1.340000000000001,2.111522752685876,1.340000000000001,2.113014293499041,1.340000000000001,2.114258648996113
1.350000000000001,1.998035054537188,1.350000000000001,2.013356847863824,1.350000000000001,2.032287174318229,1.350000000000001,2.043996947013517,1.350000000000001,2.052188659892249,1.350000000000001,2.058311436908896,1.350000000000001,2.063079186159064,1.350000000000001,2.066900142882757,1.350000000000001,2.072641258239444,1.350000000000001,2.076745493918064,1.350000000000001,2.079823717436045,1.350000000000001,2.082217890528568,1.350000000000001,2.084133911788524,1.350000000000001,2.085702879091063,1.350000000000001,2.087012082957278
1.360000000000001,1.968312650537048,1.360000000000001,1.983905629328236,1.360000000000001,2.003345487476835,1.360000000000001,2.015462491832962,1.360000000000001,2.023971964026403,1.360000000000001,2.030346062282353,1.360000000000001,2.035316499865173,1.360000000000001,2.039303997474256,1.360000000000001,2.045302053276641,1.360000000000001,2.049594914308037,1.360000000000001,2.052817285155813,1.360000000000001,2.055325081353293,1.360000000000001,2.057332893659962,1.360000000000001,2.058977510328981,1.360000000000001,2.060350100380484
1.370000000000001,1.939258478206269,1.370000000000001,1.955107089375786,1.370000000000001,1.975033032650224,1.370000000000001,1.987541427215691,1.370000000000001,1.996357579156759,1.370000000000001,2.002974921537472,1.370000000000001,2.008141937654716,1.370000000000001,2.012291209558443,1.370000000000001,2.018539273475284,1.370000000000001,2.023015977181432,1.370000000000001,2.02637900575002,1.370000000000001,2.028997771510075,1.370000000000001,2.031095292168599,1.370000000000001,2.032813882139815,1.370000000000001,2.034248481933446
1.380000000000001,1.910845596161186,1.380000000000001,1.926934593412311,1.380000000000001,1.947323694723542,1.380000000000001,1.960208032410319,1.380000000000001,1.969320091111633,1.380000000000001,1.976172847067404,1.380000000000001,1.981530535676752,1.380000000000001,1.985836987120377,1.380000000000001,1.992328401616837,1.380000000000001,1.996984375823372,1.380000000000001,2.000484739029304,1.380000000000001,2.003211955813498,1.380000000000001,2.005397213744378,1.380000000000001,2.007188194734489,1.380000000000001,2.008683507701068
1.390000000000001,1.883047988543033,1.390000000000001,1.899362368217093,1.390000000000001,1.920192117974415,1.390000000000001,1.933437272771489,1.390000000000001,1.942834718378714,1.390000000000001,1.949915263962963,1.390000000000001,1.95545789214433,1.390000000000001,1.959917076189565,1.390000000000001,1.966645423681998,1.390000000000001,1.971476282987489,1.390000000000001,1.97511080727367,1.390000000000001,1.977944078879855,1.390000000000001,1.980215204876261,1.390000000000001,1.982077080694625,1.390000000000001,1.983631883941069
1.400000000000001,1.855840510625393,1.400000000000001,1.872365447085456,1.400000000000001,1.893613649497199,1.400000000000001,1.907204741113049,1.400000000000001,1.916877251470467,1.400000000000001,1.924178127616962,1.400000000000001,1.929900103425926,1.400000000000001,1.934507695645486,1.400000000000001,1.941466761635291,1.400000000000001,1.946468282200399,1.400000000000001,1.950233925426617,1.400000000000001,1.953170964467408,1.400000000000001,1.95552618078114,1.400000000000001,1.957457533102982,1.400000000000001,1.959070670774924
1.410000000000001,1.829198838170416,1.410000000000001,1.845919618831227,1.410000000000001,1.867564286519273,1.410000000000001,1.881486602833395,1.410000000000001,1.891423995872809,1.410000000000001,1.89893786469987,1.410000000000001,1.904833703296275,1.410000000000001,1.909585474981152,1.410000000000001,1.916769208810798,1.410000000000001,1.921937301372019,1.410000000000001,1.92583113335197,1.410000000000001,1.928869746678374,1.410000000000001,1.931307355766327,1.410000000000001,1.933306835225325,1.410000000000001,1.934977211308849
1.420000000000001,1.803099420792002,1.420000000000001,1.820001381018346,1.420000000000001,1.842020628153632,1.420000000000001,1.856259545473002,1.420000000000001,1.866451719309735,1.420000000000001,1.874171318283078,1.420000000000001,1.880235606147711,1.420000000000001,1.885127395838739,1.420000000000001,1.892529868718655,1.420000000000001,1.897860549523524,1.420000000000001,1.90187973095255,1.420000000000001,1.905017803806945,1.420000000000001,1.907536176055283,1.420000000000001,1.909602492499495,1.420000000000001,1.911329062927574
1.430000000000001,1.777519439657431,1.430000000000001,1.794587897890241,1.430000000000001,1.816959832278849,1.430000000000001,1.831500733549005,1.430000000000001,1.841937604269893,1.430000000000001,1.849855698121082,1.430000000000001,1.856083055214628,1.430000000000001,1.861110738395138,1.430000000000001,1.868726098372121,1.430000000000001,1.874215457734955,1.430000000000001,1.878357217245597,1.430000000000001,1.881592695917527,1.430000000000001,1.884190256148496,1.430000000000001,1.886322167890915,1.430000000000001,1.888103931807834
1.440000000000001,1.752436769938383,1.440000000000001,1.769656963574501,1.440000000000001,1.792359578399526,1.440000000000001,1.807187769717097,1.440000000000001,1.817859206981266,1.440000000000001,1.825968537370716,1.440000000000001,1.832353577150947,1.440000000000001,1.837513033978697,1.440000000000001,1.845335457561123,1.440000000000001,1.850979625754665,1.440000000000001,1.855241234839585,1.440000000000001,1.858572107593262,1.440000000000001,1.861247320151486,1.440000000000001,1.863443622036961,1.440000000000001,1.86527961206396
1.450000000000001,1.727829948506144,1.450000000000001,1.745186971254271,1.450000000000001,1.768198037512367,1.450000000000001,1.783298663532851,1.450000000000001,1.794194424281873,1.450000000000001,1.802487657319404,1.450000000000001,1.80902494462018,1.450000000000001,1.814312025638287,1.450000000000001,1.822335665867622,1.450000000000001,1.828130776102033,1.450000000000001,1.83250952165988,1.450000000000001,1.835933797707182,1.450000000000001,1.838685149921236,1.450000000000001,1.840944660027013,1.450000000000001,1.842833931365828
1.460000000000001,1.703678147449629,1.460000000000001,1.721156889112768,1.460000000000001,1.744453850177832,1.460000000000001,1.759811809312683,1.460000000000001,1.77092147010787,1.460000000000001,1.779391142005272,1.460000000000001,1.786075148898661,1.460000000000001,1.79148563875208,1.460000000000001,1.799704569621966,1.460000000000001,1.805646717924887,1.460000000000001,1.810139872219158,1.460000000000001,1.813655558530652,1.460000000000001,1.816481542354834,1.460000000000001,1.818803087145357,1.460000000000001,1.820744705356469
1.470000000000001,1.679961154074293,1.470000000000001,1.697546243965349,1.470000000000001,1.721106114163514,1.470000000000001,1.736705974815415,1.470000000000001,1.7480188635895,1.470000000000001,1.756657324922218,1.470000000000001,1.763482384838299,1.470000000000001,1.76901196413871,1.470000000000001,1.777420121420883,1.470000000000001,1.783505323327875,1.470000000000001,1.788110111208307,1.470000000000001,1.791715186992223,1.470000000000001,1.794614278657209,1.470000000000001,1.796996676428664,1.470000000000001,1.79898970372993
1.480000000000001,1.656659358107399,1.480000000000001,1.674335113583755,1.480000000000001,1.69813438316568,1.480000000000001,1.713960302657139,1.480000000000001,1.72546543098552,1.480000000000001,1.734264790287666,1.480000000000001,1.741225050858455,1.480000000000001,1.746869256490394,1.480000000000001,1.755460375239216,1.480000000000001,1.761684519340565,1.480000000000001,1.766398082667335,1.480000000000001,1.770090471408397,1.480000000000001,1.773061108952596,1.480000000000001,1.775503151433485,1.480000000000001,1.77754663138687
1.490000000000001,1.633753746880853,1.490000000000001,1.651504128776168,1.490000000000001,1.675518678208207,1.490000000000001,1.691554326506601,1.490000000000001,1.703240323865947,1.490000000000001,1.712192391572744,1.490000000000001,1.719281766898462,1.490000000000001,1.725035951246082,1.490000000000001,1.733803500527401,1.490000000000001,1.740162299102518,1.490000000000001,1.744981658442772,1.490000000000001,1.748759197485527,1.490000000000001,1.751799756107329,1.490000000000001,1.75430018813237,1.490000000000001,1.756393128625837
1.5,1.611225909275028,1.5,1.629034486296306,1.5,1.653239513335254,1.5,1.669468004148907,1.5,1.681323056026724,1.5,1.690419290106144,1.5,1.697631413412408,1.5,1.703490703209113,1.5,1.712427818938467,1.5,1.718916756148793,1.5,1.723838769989049,1.5,1.727699177780089,1.5,1.730807943049951,1.5,1.733365440301927,1.5,1.735506794794437
